date,file_name,product,version,file_size_mb,status
2015-01-01,3B-DAY.MS.MRG.3IMERG.20150101-S000000-E235959.V07B.nc4,GPM_3IMERGDF,07,28.04,Downloaded_and_Subsetted
2015-01-02,3B-DAY.MS.MRG.3IMERG.20150102-S000000-E235959.V07B.nc4,GPM_3IMERGDF,07,28.88,Downloaded_and_Subsetted
2015-01-03,3B-DAY.MS.MRG.3IMERG.20150103-S000000-E235959.V07B.nc4,GPM_3IMERGDF,07,28.75,Downloaded_and_Subsetted
2015-01-04,3B-DAY.MS.MRG.3IMERG.20150104-S000000-E235959.V07B.nc4,GPM_3IMERGDF,07,27.93,Downloaded_and_Subsetted
2015-01-05,3B-DAY.MS.MRG.3IMERG.20150105-S000000-E235959.V07B.nc4,GPM_3IMERGDF,07,27.81,Downloaded_and_Subsetted
2015-01-06,3B-DAY.MS.MRG.3IMERG.20150106-S000000-E235959.V07B.nc4,GPM_3IMERGDF,07,27.4,Downloaded_and_Subsetted
2015-01-07,3B-DAY.MS.MRG.3IMERG.20150107-S000000-E235959.V07B.nc4,GPM_3IMERGDF,07,27.98,Downloaded_and_Subsetted
2015-01-08,3B-DAY.MS.MRG.3IMERG.20150108-S000000-E235959.V07B.nc4,GPM_3IMERGDF,07,28.33,Downloaded_and_Subsetted
2015-01-09,3B-DAY.MS.MRG.3IMERG.20150109-S000000-E235959.V07B.nc4,GPM_3IMERGDF,07,28.48,Downloaded_and_Subsetted
2015-01-10,3B-DAY.MS.MRG.3IMERG.20150110-S000000-E235959.V07B.nc4,GPM_3IMERGDF,07,28.06,Downloaded_and_Subsetted
2015-01-11,3B-DAY.MS.MRG.3IMERG.20150111-S000000-E235959.V07B.nc4,GPM_3IMERGDF,07,27.22,Downloaded_and_Subsetted
2015-01-12,3B-DAY.MS.MRG.3IMERG.20150112-S000000-E235959.V07B.nc4,GPM_3IMERGDF,07,27.08,Downloaded_and_Subsetted
2015-01-13,3B-DAY.MS.MRG.3IMERG.20150113-S000000-E235959.V07B.nc4,GPM_3IMERGDF,07,26.72,Downloaded_and_Subsetted
2015-01-14,3B-DAY.MS.MRG.3IMERG.20150114-S000000-E235959.V07B.nc4,GPM_3IMERGDF,07,26.34,Downloaded_and_Subsetted
2015-01-15,3B-DAY.MS.MRG.3IMERG.20150115-S000000-E235959.V07B.nc4,GPM_3IMERGDF,07,26.01,Downloaded_and_Subsetted
2015-01-16,3B-DAY.MS.MRG.3IMERG.20150116-S000000-E235959.V07B.nc4,GPM_3IMERGDF,07,26.19,Downloaded_and_Subsetted
2015-01-17,3B-DAY.MS.MRG.3IMERG.20150117-S000000-E235959.V07B.nc4,GPM_3IMERGDF,07,26.35,Downloaded_and_Subsetted
2015-01-18,3B-DAY.MS.MRG.3IMERG.20150118-S000000-E235959.V07B.nc4,GPM_3IMERGDF,07,27.31,Downloaded_and_Subsetted
2015-01-19,3B-DAY.MS.MRG.3IMERG.20150119-S000000-E235959.V07B.nc4,GPM_3IMERGDF,07,27.11,Downloaded_and_Subsetted
2015-01-20,3B-DAY.MS.MRG.3IMERG.20150120-S000000-E235959.V07B.nc4,GPM_3IMERGDF,07,26.96,Downloaded_and_Subsetted
2015-01-21,3B-DAY.MS.MRG.3IMERG.20150121-S000000-E235959.V07B.nc4,GPM_3IMERGDF,07,27.1,Downloaded_and_Subsetted
2015-01-22,3B-DAY.MS.MRG.3IMERG.20150122-S000000-E235959.V07B.nc4,GPM_3IMERGDF,07,27.17,Downloaded_and_Subsetted
2015-01-23,3B-DAY.MS.MRG.3IMERG.20150123-S000000-E235959.V07B.nc4,GPM_3IMERGDF,07,27.2,Downloaded_and_Subsetted
2015-01-24,3B-DAY.MS.MRG.3IMERG.20150124-S000000-E235959.V07B.nc4,GPM_3IMERGDF,07,27.25,Downloaded_and_Subsetted
2015-01-25,3B-DAY.MS.MRG.3IMERG.20150125-S000000-E235959.V07B.nc4,GPM_3IMERGDF,07,27.76,Downloaded_and_Subsetted
2015-01-26,3B-DAY.MS.MRG.3IMERG.20150126-S000000-E235959.V07B.nc4,GPM_3IMERGDF,07,27.02,Downloaded_and_Subsetted
2015-01-27,3B-DAY.MS.MRG.3IMERG.20150127-S000000-E235959.V07B.nc4,GPM_3IMERGDF,07,27.31,Downloaded_and_Subsetted
2015-01-28,3B-DAY.MS.MRG.3IMERG.20150128-S000000-E235959.V07B.nc4,GPM_3IMERGDF,07,27.81,Downloaded_and_Subsetted
2015-01-29,3B-DAY.MS.MRG.3IMERG.20150129-S000000-E235959.V07B.nc4,GPM_3IMERGDF,07,27.41,Downloaded_and_Subsetted
2015-01-30,3B-DAY.MS.MRG.3IMERG.20150130-S000000-E235959.V07B.nc4,GPM_3IMERGDF,07,26.77,Downloaded_and_Subsetted
2015-01-31,3B-DAY.MS.MRG.3IMERG.20150131-S000000-E235959.V07B.nc4,GPM_3IMERGDF,07,27.06,Downloaded_and_Subsetted
2015-02-01,3B-DAY.MS.MRG.3IMERG.20150201-S000000-E235959.V07B.nc4,GPM_3IMERGDF,07,26.98,Downloaded_and_Subsetted
2015-02-02,3B-DAY.MS.MRG.3IMERG.20150202-S000000-E235959.V07B.nc4,GPM_3IMERGDF,07,26.94,Downloaded_and_Subsetted
2015-02-03,3B-DAY.MS.MRG.3IMERG.20150203-S000000-E235959.V07B.nc4,GPM_3IMERGDF,07,26.72,Downloaded_and_Subsetted
2015-02-04,3B-DAY.MS.MRG.3IMERG.20150204-S000000-E235959.V07B.nc4,GPM_3IMERGDF,07,27.14,Downloaded_and_Subsetted
2015-02-05,3B-DAY.MS.MRG.3IMERG.20150205-S000000-E235959.V07B.nc4,GPM_3IMERGDF,07,28.81,Downloaded_and_Subsetted
2015-02-06,3B-DAY.MS.MRG.3IMERG.20150206-S000000-E235959.V07B.nc4,GPM_3IMERGDF,07,27.54,Downloaded_and_Subsetted
2015-02-07,3B-DAY.MS.MRG.3IMERG.20150207-S000000-E235959.V07B.nc4,GPM_3IMERGDF,07,26.97,Downloaded_and_Subsetted
2015-02-08,3B-DAY.MS.MRG.3IMERG.20150208-S000000-E235959.V07B.nc4,GPM_3IMERGDF,07,27.6,Downloaded_and_Subsetted
2015-02-09,3B-DAY.MS.MRG.3IMERG.20150209-S000000-E235959.V07B.nc4,GPM_3IMERGDF,07,28.4,Downloaded_and_Subsetted
2015-02-10,3B-DAY.MS.MRG.3IMERG.20150210-S000000-E235959.V07B.nc4,GPM_3IMERGDF,07,28.13,Downloaded_and_Subsetted
2015-02-11,3B-DAY.MS.MRG.3IMERG.20150211-S000000-E235959.V07B.nc4,GPM_3IMERGDF,07,27.04,Downloaded_and_Subsetted
2015-02-12,3B-DAY.MS.MRG.3IMERG.20150212-S000000-E235959.V07B.nc4,GPM_3IMERGDF,07,27.06,Downloaded_and_Subsetted
2015-02-13,3B-DAY.MS.MRG.3IMERG.20150213-S000000-E235959.V07B.nc4,GPM_3IMERGDF,07,27.35,Downloaded_and_Subsetted
2015-02-14,3B-DAY.MS.MRG.3IMERG.20150214-S000000-E235959.V07B.nc4,GPM_3IMERGDF,07,27.73,Downloaded_and_Subsetted
2015-02-15,3B-DAY.MS.MRG.3IMERG.20150215-S000000-E235959.V07B.nc4,GPM_3IMERGDF,07,28.11,Downloaded_and_Subsetted
2015-02-16,3B-DAY.MS.MRG.3IMERG.20150216-S000000-E235959.V07B.nc4,GPM_3IMERGDF,07,28.17,Downloaded_and_Subsetted
2015-02-17,3B-DAY.MS.MRG.3IMERG.20150217-S000000-E235959.V07B.nc4,GPM_3IMERGDF,07,27.69,Downloaded_and_Subsetted
2015-02-18,3B-DAY.MS.MRG.3IMERG.20150218-S000000-E235959.V07B.nc4,GPM_3IMERGDF,07,28.37,Downloaded_and_Subsetted
2015-02-19,3B-DAY.MS.MRG.3IMERG.20150219-S000000-E235959.V07B.nc4,GPM_3IMERGDF,07,28.58,Downloaded_and_Subsetted
2015-02-20,3B-DAY.MS.MRG.3IMERG.20150220-S000000-E235959.V07B.nc4,GPM_3IMERGDF,07,28.74,Downloaded_and_Subsetted
2015-02-21,3B-DAY.MS.MRG.3IMERG.20150221-S000000-E235959.V07B.nc4,GPM_3IMERGDF,07,29.22,Downloaded_and_Subsetted
2015-02-22,3B-DAY.MS.MRG.3IMERG.20150222-S000000-E235959.V07B.nc4,GPM_3IMERGDF,07,29.53,Downloaded_and_Subsetted
2015-02-23,3B-DAY.MS.MRG.3IMERG.20150223-S000000-E235959.V07B.nc4,GPM_3IMERGDF,07,28.75,Downloaded_and_Subsetted
2015-02-24,3B-DAY.MS.MRG.3IMERG.20150224-S000000-E235959.V07B.nc4,GPM_3IMERGDF,07,28.17,Downloaded_and_Subsetted
2015-02-25,3B-DAY.MS.MRG.3IMERG.20150225-S000000-E235959.V07B.nc4,GPM_3IMERGDF,07,27.81,Downloaded_and_Subsetted
2015-02-26,3B-DAY.MS.MRG.3IMERG.20150226-S000000-E235959.V07B.nc4,GPM_3IMERGDF,07,27.42,Downloaded_and_Subsetted
2015-02-27,3B-DAY.MS.MRG.3IMERG.20150227-S000000-E235959.V07B.nc4,GPM_3IMERGDF,07,27.96,Downloaded_and_Subsetted
2015-02-28,3B-DAY.MS.MRG.3IMERG.20150228-S000000-E235959.V07B.nc4,GPM_3IMERGDF,07,28.35,Downloaded_and_Subsetted
2015-03-01,3B-DAY.MS.MRG.3IMERG.20150301-S000000-E235959.V07B.nc4,GPM_3IMERGDF,07,28.81,Downloaded_and_Subsetted
2015-03-02,3B-DAY.MS.MRG.3IMERG.20150302-S000000-E235959.V07B.nc4,GPM_3IMERGDF,07,28.73,Downloaded_and_Subsetted
2015-03-03,3B-DAY.MS.MRG.3IMERG.20150303-S000000-E235959.V07B.nc4,GPM_3IMERGDF,07,28.82,Downloaded_and_Subsetted
2015-03-04,3B-DAY.MS.MRG.3IMERG.20150304-S000000-E235959.V07B.nc4,GPM_3IMERGDF,07,29.3,Downloaded_and_Subsetted
2015-03-05,3B-DAY.MS.MRG.3IMERG.20150305-S000000-E235959.V07B.nc4,GPM_3IMERGDF,07,29.23,Downloaded_and_Subsetted
2015-03-06,3B-DAY.MS.MRG.3IMERG.20150306-S000000-E235959.V07B.nc4,GPM_3IMERGDF,07,29.3,Downloaded_and_Subsetted
2015-03-07,3B-DAY.MS.MRG.3IMERG.20150307-S000000-E235959.V07B.nc4,GPM_3IMERGDF,07,29.31,Downloaded_and_Subsetted
2015-03-08,3B-DAY.MS.MRG.3IMERG.20150308-S000000-E235959.V07B.nc4,GPM_3IMERGDF,07,28.89,Downloaded_and_Subsetted
2015-03-09,3B-DAY.MS.MRG.3IMERG.20150309-S000000-E235959.V07B.nc4,GPM_3IMERGDF,07,28.21,Downloaded_and_Subsetted
2015-03-10,3B-DAY.MS.MRG.3IMERG.20150310-S000000-E235959.V07B.nc4,GPM_3IMERGDF,07,28.07,Downloaded_and_Subsetted
2015-03-11,3B-DAY.MS.MRG.3IMERG.20150311-S000000-E235959.V07B.nc4,GPM_3IMERGDF,07,27.82,Downloaded_and_Subsetted
2015-03-12,3B-DAY.MS.MRG.3IMERG.20150312-S000000-E235959.V07B.nc4,GPM_3IMERGDF,07,28.25,Downloaded_and_Subsetted
2015-03-13,3B-DAY.MS.MRG.3IMERG.20150313-S000000-E235959.V07B.nc4,GPM_3IMERGDF,07,27.74,Downloaded_and_Subsetted
2015-03-14,3B-DAY.MS.MRG.3IMERG.20150314-S000000-E235959.V07B.nc4,GPM_3IMERGDF,07,28.04,Downloaded_and_Subsetted
2015-03-15,3B-DAY.MS.MRG.3IMERG.20150315-S000000-E235959.V07B.nc4,GPM_3IMERGDF,07,28.67,Downloaded_and_Subsetted
2015-03-16,3B-DAY.MS.MRG.3IMERG.20150316-S000000-E235959.V07B.nc4,GPM_3IMERGDF,07,27.97,Downloaded_and_Subsetted
2015-03-17,3B-DAY.MS.MRG.3IMERG.20150317-S000000-E235959.V07B.nc4,GPM_3IMERGDF,07,27.12,Downloaded_and_Subsetted
2015-03-18,3B-DAY.MS.MRG.3IMERG.20150318-S000000-E235959.V07B.nc4,GPM_3IMERGDF,07,27.12,Downloaded_and_Subsetted
2015-03-19,3B-DAY.MS.MRG.3IMERG.20150319-S000000-E235959.V07B.nc4,GPM_3IMERGDF,07,27.54,Downloaded_and_Subsetted
2015-03-20,3B-DAY.MS.MRG.3IMERG.20150320-S000000-E235959.V07B.nc4,GPM_3IMERGDF,07,27.37,Downloaded_and_Subsetted
2015-03-21,3B-DAY.MS.MRG.3IMERG.20150321-S000000-E235959.V07B.nc4,GPM_3IMERGDF,07,27.43,Downloaded_and_Subsetted
2015-03-22,3B-DAY.MS.MRG.3IMERG.20150322-S000000-E235959.V07B.nc4,GPM_3IMERGDF,07,27.63,Downloaded_and_Subsetted
2015-03-23,3B-DAY.MS.MRG.3IMERG.20150323-S000000-E235959.V07B.nc4,GPM_3IMERGDF,07,27.96,Downloaded_and_Subsetted
2015-03-24,3B-DAY.MS.MRG.3IMERG.20150324-S000000-E235959.V07B.nc4,GPM_3IMERGDF,07,28.02,Downloaded_and_Subsetted
2015-03-25,3B-DAY.MS.MRG.3IMERG.20150325-S000000-E235959.V07B.nc4,GPM_3IMERGDF,07,27.92,Downloaded_and_Subsetted
2015-03-26,3B-DAY.MS.MRG.3IMERG.20150326-S000000-E235959.V07B.nc4,GPM_3IMERGDF,07,28.33,Downloaded_and_Subsetted
2015-03-27,3B-DAY.MS.MRG.3IMERG.20150327-S000000-E235959.V07B.nc4,GPM_3IMERGDF,07,27.8,Downloaded_and_Subsetted
2015-03-28,3B-DAY.MS.MRG.3IMERG.20150328-S000000-E235959.V07B.nc4,GPM_3IMERGDF,07,27.76,Downloaded_and_Subsetted
2015-03-29,3B-DAY.MS.MRG.3IMERG.20150329-S000000-E235959.V07B.nc4,GPM_3IMERGDF,07,27.83,Downloaded_and_Subsetted
2015-03-30,3B-DAY.MS.MRG.3IMERG.20150330-S000000-E235959.V07B.nc4,GPM_3IMERGDF,07,28.6,Downloaded_and_Subsetted
2015-03-31,3B-DAY.MS.MRG.3IMERG.20150331-S000000-E235959.V07B.nc4,GPM_3IMERGDF,07,28.92,Downloaded_and_Subsetted
2015-04-01,3B-DAY.MS.MRG.3IMERG.20150401-S000000-E235959.V07B.nc4,GPM_3IMERGDF,07,29.33,Downloaded_and_Subsetted
2015-04-02,3B-DAY.MS.MRG.3IMERG.20150402-S000000-E235959.V07B.nc4,GPM_3IMERGDF,07,29.16,Downloaded_and_Subsetted
2015-04-03,3B-DAY.MS.MRG.3IMERG.20150403-S000000-E235959.V07B.nc4,GPM_3IMERGDF,07,28.5,Downloaded_and_Subsetted
2015-04-04,3B-DAY.MS.MRG.3IMERG.20150404-S000000-E235959.V07B.nc4,GPM_3IMERGDF,07,28.29,Downloaded_and_Subsetted
2015-04-05,3B-DAY.MS.MRG.3IMERG.20150405-S000000-E235959.V07B.nc4,GPM_3IMERGDF,07,28.58,Downloaded_and_Subsetted
2015-04-06,3B-DAY.MS.MRG.3IMERG.20150406-S000000-E235959.V07B.nc4,GPM_3IMERGDF,07,28.94,Downloaded_and_Subsetted
2015-04-07,3B-DAY.MS.MRG.3IMERG.20150407-S000000-E235959.V07B.nc4,GPM_3IMERGDF,07,28.74,Downloaded_and_Subsetted
2015-04-08,3B-DAY.MS.MRG.3IMERG.20150408-S000000-E235959.V07B.nc4,GPM_3IMERGDF,07,28.52,Downloaded_and_Subsetted
2015-04-09,3B-DAY.MS.MRG.3IMERG.20150409-S000000-E235959.V07B.nc4,GPM_3IMERGDF,07,28.6,Downloaded_and_Subsetted
2015-04-10,3B-DAY.MS.MRG.3IMERG.20150410-S000000-E235959.V07B.nc4,GPM_3IMERGDF,07,29.12,Downloaded_and_Subsetted
2015-04-11,3B-DAY.MS.MRG.3IMERG.20150411-S000000-E235959.V07B.nc4,GPM_3IMERGDF,07,29.91,Downloaded_and_Subsetted
2015-04-12,3B-DAY.MS.MRG.3IMERG.20150412-S000000-E235959.V07B.nc4,GPM_3IMERGDF,07,30.5,Downloaded_and_Subsetted
2015-04-13,3B-DAY.MS.MRG.3IMERG.20150413-S000000-E235959.V07B.nc4,GPM_3IMERGDF,07,30.72,Downloaded_and_Subsetted
2015-04-14,3B-DAY.MS.MRG.3IMERG.20150414-S000000-E235959.V07B.nc4,GPM_3IMERGDF,07,31.2,Downloaded_and_Subsetted
2015-04-15,3B-DAY.MS.MRG.3IMERG.20150415-S000000-E235959.V07B.nc4,GPM_3IMERGDF,07,31.86,Downloaded_and_Subsetted
2015-04-16,3B-DAY.MS.MRG.3IMERG.20150416-S000000-E235959.V07B.nc4,GPM_3IMERGDF,07,31.83,Downloaded_and_Subsetted
2015-04-17,3B-DAY.MS.MRG.3IMERG.20150417-S000000-E235959.V07B.nc4,GPM_3IMERGDF,07,32.27,Downloaded_and_Subsetted
2015-04-18,3B-DAY.MS.MRG.3IMERG.20150418-S000000-E235959.V07B.nc4,GPM_3IMERGDF,07,31.57,Downloaded_and_Subsetted
2015-04-19,3B-DAY.MS.MRG.3IMERG.20150419-S000000-E235959.V07B.nc4,GPM_3IMERGDF,07,29.73,Downloaded_and_Subsetted
2015-04-20,3B-DAY.MS.MRG.3IMERG.20150420-S000000-E235959.V07B.nc4,GPM_3IMERGDF,07,29.38,Downloaded_and_Subsetted
2015-04-21,3B-DAY.MS.MRG.3IMERG.20150421-S000000-E235959.V07B.nc4,GPM_3IMERGDF,07,29.88,Downloaded_and_Subsetted
2015-04-22,3B-DAY.MS.MRG.3IMERG.20150422-S000000-E235959.V07B.nc4,GPM_3IMERGDF,07,30.54,Downloaded_and_Subsetted
2015-04-23,3B-DAY.MS.MRG.3IMERG.20150423-S000000-E235959.V07B.nc4,GPM_3IMERGDF,07,30.89,Downloaded_and_Subsetted
2015-04-24,3B-DAY.MS.MRG.3IMERG.20150424-S000000-E235959.V07B.nc4,GPM_3IMERGDF,07,30.82,Downloaded_and_Subsetted
2015-04-25,3B-DAY.MS.MRG.3IMERG.20150425-S000000-E235959.V07B.nc4,GPM_3IMERGDF,07,30.47,Downloaded_and_Subsetted
2015-04-26,3B-DAY.MS.MRG.3IMERG.20150426-S000000-E235959.V07B.nc4,GPM_3IMERGDF,07,29.83,Downloaded_and_Subsetted
2015-04-27,3B-DAY.MS.MRG.3IMERG.20150427-S000000-E235959.V07B.nc4,GPM_3IMERGDF,07,29.14,Downloaded_and_Subsetted
2015-04-28,3B-DAY.MS.MRG.3IMERG.20150428-S000000-E235959.V07B.nc4,GPM_3IMERGDF,07,29.56,Downloaded_and_Subsetted
2015-04-29,3B-DAY.MS.MRG.3IMERG.20150429-S000000-E235959.V07B.nc4,GPM_3IMERGDF,07,29.82,Downloaded_and_Subsetted
2015-04-30,3B-DAY.MS.MRG.3IMERG.20150430-S000000-E235959.V07B.nc4,GPM_3IMERGDF,07,29.8,Downloaded_and_Subsetted
2015-05-01,3B-DAY.MS.MRG.3IMERG.20150501-S000000-E235959.V07B.nc4,GPM_3IMERGDF,07,29.65,Downloaded_and_Subsetted
2015-05-02,3B-DAY.MS.MRG.3IMERG.20150502-S000000-E235959.V07B.nc4,GPM_3IMERGDF,07,29.88,Downloaded_and_Subsetted
2015-05-03,3B-DAY.MS.MRG.3IMERG.20150503-S000000-E235959.V07B.nc4,GPM_3IMERGDF,07,29.95,Downloaded_and_Subsetted
2015-05-04,3B-DAY.MS.MRG.3IMERG.20150504-S000000-E235959.V07B.nc4,GPM_3IMERGDF,07,30.9,Downloaded_and_Subsetted
2015-05-05,3B-DAY.MS.MRG.3IMERG.20150505-S000000-E235959.V07B.nc4,GPM_3IMERGDF,07,30.32,Downloaded_and_Subsetted
2015-05-06,3B-DAY.MS.MRG.3IMERG.20150506-S000000-E235959.V07B.nc4,GPM_3IMERGDF,07,29.56,Downloaded_and_Subsetted
2015-05-07,3B-DAY.MS.MRG.3IMERG.20150507-S000000-E235959.V07B.nc4,GPM_3IMERGDF,07,29.82,Downloaded_and_Subsetted
2015-05-08,3B-DAY.MS.MRG.3IMERG.20150508-S000000-E235959.V07B.nc4,GPM_3IMERGDF,07,29.22,Downloaded_and_Subsetted
2015-05-09,3B-DAY.MS.MRG.3IMERG.20150509-S000000-E235959.V07B.nc4,GPM_3IMERGDF,07,29.66,Downloaded_and_Subsetted
2015-05-10,3B-DAY.MS.MRG.3IMERG.20150510-S000000-E235959.V07B.nc4,GPM_3IMERGDF,07,29.91,Downloaded_and_Subsetted
2015-05-11,3B-DAY.MS.MRG.3IMERG.20150511-S000000-E235959.V07B.nc4,GPM_3IMERGDF,07,29.96,Downloaded_and_Subsetted
2015-05-12,3B-DAY.MS.MRG.3IMERG.20150512-S000000-E235959.V07B.nc4,GPM_3IMERGDF,07,30.84,Downloaded_and_Subsetted
2015-05-13,3B-DAY.MS.MRG.3IMERG.20150513-S000000-E235959.V07B.nc4,GPM_3IMERGDF,07,30.84,Downloaded_and_Subsetted
2015-05-14,3B-DAY.MS.MRG.3IMERG.20150514-S000000-E235959.V07B.nc4,GPM_3IMERGDF,07,30.92,Downloaded_and_Subsetted
2015-05-15,3B-DAY.MS.MRG.3IMERG.20150515-S000000-E235959.V07B.nc4,GPM_3IMERGDF,07,31.49,Downloaded_and_Subsetted
2015-05-16,3B-DAY.MS.MRG.3IMERG.20150516-S000000-E235959.V07B.nc4,GPM_3IMERGDF,07,32.27,Downloaded_and_Subsetted
2015-05-17,3B-DAY.MS.MRG.3IMERG.20150517-S000000-E235959.V07B.nc4,GPM_3IMERGDF,07,31.93,Downloaded_and_Subsetted
2015-05-18,3B-DAY.MS.MRG.3IMERG.20150518-S000000-E235959.V07B.nc4,GPM_3IMERGDF,07,31.49,Downloaded_and_Subsetted
2015-05-19,3B-DAY.MS.MRG.3IMERG.20150519-S000000-E235959.V07B.nc4,GPM_3IMERGDF,07,30.94,Downloaded_and_Subsetted
2015-05-20,3B-DAY.MS.MRG.3IMERG.20150520-S000000-E235959.V07B.nc4,GPM_3IMERGDF,07,31.79,Downloaded_and_Subsetted
2015-05-21,3B-DAY.MS.MRG.3IMERG.20150521-S000000-E235959.V07B.nc4,GPM_3IMERGDF,07,31.53,Downloaded_and_Subsetted
2015-05-22,3B-DAY.MS.MRG.3IMERG.20150522-S000000-E235959.V07B.nc4,GPM_3IMERGDF,07,32.39,Downloaded_and_Subsetted
2015-05-23,3B-DAY.MS.MRG.3IMERG.20150523-S000000-E235959.V07B.nc4,GPM_3IMERGDF,07,32.88,Downloaded_and_Subsetted
2015-05-24,3B-DAY.MS.MRG.3IMERG.20150524-S000000-E235959.V07B.nc4,GPM_3IMERGDF,07,32.32,Downloaded_and_Subsetted
2015-05-25,3B-DAY.MS.MRG.3IMERG.20150525-S000000-E235959.V07B.nc4,GPM_3IMERGDF,07,32.49,Downloaded_and_Subsetted
2015-05-26,3B-DAY.MS.MRG.3IMERG.20150526-S000000-E235959.V07B.nc4,GPM_3IMERGDF,07,32.54,Downloaded_and_Subsetted
2015-05-27,3B-DAY.MS.MRG.3IMERG.20150527-S000000-E235959.V07B.nc4,GPM_3IMERGDF,07,32.59,Downloaded_and_Subsetted
2015-05-28,3B-DAY.MS.MRG.3IMERG.20150528-S000000-E235959.V07B.nc4,GPM_3IMERGDF,07,32.75,Downloaded_and_Subsetted
2015-05-29,3B-DAY.MS.MRG.3IMERG.20150529-S000000-E235959.V07B.nc4,GPM_3IMERGDF,07,32.89,Downloaded_and_Subsetted
2015-05-30,3B-DAY.MS.MRG.3IMERG.20150530-S000000-E235959.V07B.nc4,GPM_3IMERGDF,07,32.91,Downloaded_and_Subsetted
2015-05-31,3B-DAY.MS.MRG.3IMERG.20150531-S000000-E235959.V07B.nc4,GPM_3IMERGDF,07,32.25,Downloaded_and_Subsetted
2015-06-01,3B-DAY.MS.MRG.3IMERG.20150601-S000000-E235959.V07B.nc4,GPM_3IMERGDF,07,32.1,Downloaded_and_Subsetted
2015-06-02,3B-DAY.MS.MRG.3IMERG.20150602-S000000-E235959.V07B.nc4,GPM_3IMERGDF,07,31.88,Downloaded_and_Subsetted
2015-06-03,3B-DAY.MS.MRG.3IMERG.20150603-S000000-E235959.V07B.nc4,GPM_3IMERGDF,07,30.18,Downloaded_and_Subsetted
2015-06-04,3B-DAY.MS.MRG.3IMERG.20150604-S000000-E235959.V07B.nc4,GPM_3IMERGDF,07,29.79,Downloaded_and_Subsetted
2015-06-05,3B-DAY.MS.MRG.3IMERG.20150605-S000000-E235959.V07B.nc4,GPM_3IMERGDF,07,30.77,Downloaded_and_Subsetted
2015-06-06,3B-DAY.MS.MRG.3IMERG.20150606-S000000-E235959.V07B.nc4,GPM_3IMERGDF,07,30.8,Downloaded_and_Subsetted
2015-06-07,3B-DAY.MS.MRG.3IMERG.20150607-S000000-E235959.V07B.nc4,GPM_3IMERGDF,07,30.44,Downloaded_and_Subsetted
2015-06-08,3B-DAY.MS.MRG.3IMERG.20150608-S000000-E235959.V07B.nc4,GPM_3IMERGDF,07,30.49,Downloaded_and_Subsetted
2015-06-09,3B-DAY.MS.MRG.3IMERG.20150609-S000000-E235959.V07B.nc4,GPM_3IMERGDF,07,30.54,Downloaded_and_Subsetted
2015-06-10,3B-DAY.MS.MRG.3IMERG.20150610-S000000-E235959.V07B.nc4,GPM_3IMERGDF,07,30.64,Downloaded_and_Subsetted
2015-06-11,3B-DAY.MS.MRG.3IMERG.20150611-S000000-E235959.V07B.nc4,GPM_3IMERGDF,07,30.82,Downloaded_and_Subsetted
2015-06-12,3B-DAY.MS.MRG.3IMERG.20150612-S000000-E235959.V07B.nc4,GPM_3IMERGDF,07,30.84,Downloaded_and_Subsetted
2015-06-13,3B-DAY.MS.MRG.3IMERG.20150613-S000000-E235959.V07B.nc4,GPM_3IMERGDF,07,31.04,Downloaded_and_Subsetted
2015-06-14,3B-DAY.MS.MRG.3IMERG.20150614-S000000-E235959.V07B.nc4,GPM_3IMERGDF,07,31.34,Downloaded_and_Subsetted
2015-06-15,3B-DAY.MS.MRG.3IMERG.20150615-S000000-E235959.V07B.nc4,GPM_3IMERGDF,07,31.03,Downloaded_and_Subsetted
2015-06-16,3B-DAY.MS.MRG.3IMERG.20150616-S000000-E235959.V07B.nc4,GPM_3IMERGDF,07,31.1,Downloaded_and_Subsetted
2015-06-17,3B-DAY.MS.MRG.3IMERG.20150617-S000000-E235959.V07B.nc4,GPM_3IMERGDF,07,30.64,Downloaded_and_Subsetted
2015-06-18,3B-DAY.MS.MRG.3IMERG.20150618-S000000-E235959.V07B.nc4,GPM_3IMERGDF,07,30.2,Downloaded_and_Subsetted
2015-06-19,3B-DAY.MS.MRG.3IMERG.20150619-S000000-E235959.V07B.nc4,GPM_3IMERGDF,07,30.38,Downloaded_and_Subsetted
2015-06-20,3B-DAY.MS.MRG.3IMERG.20150620-S000000-E235959.V07B.nc4,GPM_3IMERGDF,07,30.3,Downloaded_and_Subsetted
2015-06-21,3B-DAY.MS.MRG.3IMERG.20150621-S000000-E235959.V07B.nc4,GPM_3IMERGDF,07,30.68,Downloaded_and_Subsetted
2015-06-22,3B-DAY.MS.MRG.3IMERG.20150622-S000000-E235959.V07B.nc4,GPM_3IMERGDF,07,30.96,Downloaded_and_Subsetted
2015-06-23,3B-DAY.MS.MRG.3IMERG.20150623-S000000-E235959.V07B.nc4,GPM_3IMERGDF,07,31.19,Downloaded_and_Subsetted
2015-06-24,3B-DAY.MS.MRG.3IMERG.20150624-S000000-E235959.V07B.nc4,GPM_3IMERGDF,07,30.54,Downloaded_and_Subsetted
2015-06-25,3B-DAY.MS.MRG.3IMERG.20150625-S000000-E235959.V07B.nc4,GPM_3IMERGDF,07,29.89,Downloaded_and_Subsetted
2015-06-26,3B-DAY.MS.MRG.3IMERG.20150626-S000000-E235959.V07B.nc4,GPM_3IMERGDF,07,29.78,Downloaded_and_Subsetted
2015-06-27,3B-DAY.MS.MRG.3IMERG.20150627-S000000-E235959.V07B.nc4,GPM_3IMERGDF,07,29.36,Downloaded_and_Subsetted
2015-06-28,3B-DAY.MS.MRG.3IMERG.20150628-S000000-E235959.V07B.nc4,GPM_3IMERGDF,07,29.55,Downloaded_and_Subsetted
2015-06-29,3B-DAY.MS.MRG.3IMERG.20150629-S000000-E235959.V07B.nc4,GPM_3IMERGDF,07,29.6,Downloaded_and_Subsetted
2015-06-30,3B-DAY.MS.MRG.3IMERG.20150630-S000000-E235959.V07B.nc4,GPM_3IMERGDF,07,29.41,Downloaded_and_Subsetted
2015-07-01,3B-DAY.MS.MRG.3IMERG.20150701-S000000-E235959.V07B.nc4,GPM_3IMERGDF,07,29.69,Downloaded_and_Subsetted
2015-07-02,3B-DAY.MS.MRG.3IMERG.20150702-S000000-E235959.V07B.nc4,GPM_3IMERGDF,07,29.56,Downloaded_and_Subsetted
2015-07-03,3B-DAY.MS.MRG.3IMERG.20150703-S000000-E235959.V07B.nc4,GPM_3IMERGDF,07,29.86,Downloaded_and_Subsetted
2015-07-04,3B-DAY.MS.MRG.3IMERG.20150704-S000000-E235959.V07B.nc4,GPM_3IMERGDF,07,30.12,Downloaded_and_Subsetted
2015-07-05,3B-DAY.MS.MRG.3IMERG.20150705-S000000-E235959.V07B.nc4,GPM_3IMERGDF,07,30.55,Downloaded_and_Subsetted
2015-07-06,3B-DAY.MS.MRG.3IMERG.20150706-S000000-E235959.V07B.nc4,GPM_3IMERGDF,07,30.62,Downloaded_and_Subsetted
2015-07-07,3B-DAY.MS.MRG.3IMERG.20150707-S000000-E235959.V07B.nc4,GPM_3IMERGDF,07,31.3,Downloaded_and_Subsetted
2015-07-08,3B-DAY.MS.MRG.3IMERG.20150708-S000000-E235959.V07B.nc4,GPM_3IMERGDF,07,31.58,Downloaded_and_Subsetted
2015-07-09,3B-DAY.MS.MRG.3IMERG.20150709-S000000-E235959.V07B.nc4,GPM_3IMERGDF,07,31.1,Downloaded_and_Subsetted
2015-07-10,3B-DAY.MS.MRG.3IMERG.20150710-S000000-E235959.V07B.nc4,GPM_3IMERGDF,07,31.45,Downloaded_and_Subsetted
2015-07-11,3B-DAY.MS.MRG.3IMERG.20150711-S000000-E235959.V07B.nc4,GPM_3IMERGDF,07,32.01,Downloaded_and_Subsetted
2015-07-12,3B-DAY.MS.MRG.3IMERG.20150712-S000000-E235959.V07B.nc4,GPM_3IMERGDF,07,31.91,Downloaded_and_Subsetted
2015-07-13,3B-DAY.MS.MRG.3IMERG.20150713-S000000-E235959.V07B.nc4,GPM_3IMERGDF,07,31.46,Downloaded_and_Subsetted
2015-07-14,3B-DAY.MS.MRG.3IMERG.20150714-S000000-E235959.V07B.nc4,GPM_3IMERGDF,07,31.58,Downloaded_and_Subsetted
2015-07-15,3B-DAY.MS.MRG.3IMERG.20150715-S000000-E235959.V07B.nc4,GPM_3IMERGDF,07,31.31,Downloaded_and_Subsetted
2015-07-16,3B-DAY.MS.MRG.3IMERG.20150716-S000000-E235959.V07B.nc4,GPM_3IMERGDF,07,31.42,Downloaded_and_Subsetted
2015-07-17,3B-DAY.MS.MRG.3IMERG.20150717-S000000-E235959.V07B.nc4,GPM_3IMERGDF,07,31.7,Downloaded_and_Subsetted
2015-07-18,3B-DAY.MS.MRG.3IMERG.20150718-S000000-E235959.V07B.nc4,GPM_3IMERGDF,07,31.92,Downloaded_and_Subsetted
2015-07-19,3B-DAY.MS.MRG.3IMERG.20150719-S000000-E235959.V07B.nc4,GPM_3IMERGDF,07,32.41,Downloaded_and_Subsetted
2015-07-20,3B-DAY.MS.MRG.3IMERG.20150720-S000000-E235959.V07B.nc4,GPM_3IMERGDF,07,32.32,Downloaded_and_Subsetted
2015-07-21,3B-DAY.MS.MRG.3IMERG.20150721-S000000-E235959.V07B.nc4,GPM_3IMERGDF,07,32.21,Downloaded_and_Subsetted
2015-07-22,3B-DAY.MS.MRG.3IMERG.20150722-S000000-E235959.V07B.nc4,GPM_3IMERGDF,07,31.7,Downloaded_and_Subsetted
2015-07-23,3B-DAY.MS.MRG.3IMERG.20150723-S000000-E235959.V07B.nc4,GPM_3IMERGDF,07,31.29,Downloaded_and_Subsetted
2015-07-24,3B-DAY.MS.MRG.3IMERG.20150724-S000000-E235959.V07B.nc4,GPM_3IMERGDF,07,31.19,Downloaded_and_Subsetted
2015-07-25,3B-DAY.MS.MRG.3IMERG.20150725-S000000-E235959.V07B.nc4,GPM_3IMERGDF,07,30.96,Downloaded_and_Subsetted
2015-07-26,3B-DAY.MS.MRG.3IMERG.20150726-S000000-E235959.V07B.nc4,GPM_3IMERGDF,07,30.72,Downloaded_and_Subsetted
2015-07-27,3B-DAY.MS.MRG.3IMERG.20150727-S000000-E235959.V07B.nc4,GPM_3IMERGDF,07,30.11,Downloaded_and_Subsetted
2015-07-28,3B-DAY.MS.MRG.3IMERG.20150728-S000000-E235959.V07B.nc4,GPM_3IMERGDF,07,30.15,Downloaded_and_Subsetted
2015-07-29,3B-DAY.MS.MRG.3IMERG.20150729-S000000-E235959.V07B.nc4,GPM_3IMERGDF,07,30.18,Downloaded_and_Subsetted
2015-07-30,3B-DAY.MS.MRG.3IMERG.20150730-S000000-E235959.V07B.nc4,GPM_3IMERGDF,07,30.56,Downloaded_and_Subsetted
2015-07-31,3B-DAY.MS.MRG.3IMERG.20150731-S000000-E235959.V07B.nc4,GPM_3IMERGDF,07,31.57,Downloaded_and_Subsetted
2015-08-01,3B-DAY.MS.MRG.3IMERG.20150801-S000000-E235959.V07B.nc4,GPM_3IMERGDF,07,31.05,Downloaded_and_Subsetted
2015-08-02,3B-DAY.MS.MRG.3IMERG.20150802-S000000-E235959.V07B.nc4,GPM_3IMERGDF,07,30.38,Downloaded_and_Subsetted
2015-08-03,3B-DAY.MS.MRG.3IMERG.20150803-S000000-E235959.V07B.nc4,GPM_3IMERGDF,07,29.98,Downloaded_and_Subsetted
2015-08-04,3B-DAY.MS.MRG.3IMERG.20150804-S000000-E235959.V07B.nc4,GPM_3IMERGDF,07,29.95,Downloaded_and_Subsetted
2015-08-05,3B-DAY.MS.MRG.3IMERG.20150805-S000000-E235959.V07B.nc4,GPM_3IMERGDF,07,30.74,Downloaded_and_Subsetted
2015-08-06,3B-DAY.MS.MRG.3IMERG.20150806-S000000-E235959.V07B.nc4,GPM_3IMERGDF,07,30.75,Downloaded_and_Subsetted
2015-08-07,3B-DAY.MS.MRG.3IMERG.20150807-S000000-E235959.V07B.nc4,GPM_3IMERGDF,07,31.57,Downloaded_and_Subsetted
2015-08-08,3B-DAY.MS.MRG.3IMERG.20150808-S000000-E235959.V07B.nc4,GPM_3IMERGDF,07,32.58,Downloaded_and_Subsetted
2015-08-09,3B-DAY.MS.MRG.3IMERG.20150809-S000000-E235959.V07B.nc4,GPM_3IMERGDF,07,31.61,Downloaded_and_Subsetted
2015-08-10,3B-DAY.MS.MRG.3IMERG.20150810-S000000-E235959.V07B.nc4,GPM_3IMERGDF,07,31.55,Downloaded_and_Subsetted
2015-08-11,3B-DAY.MS.MRG.3IMERG.20150811-S000000-E235959.V07B.nc4,GPM_3IMERGDF,07,32.06,Downloaded_and_Subsetted
2015-08-12,3B-DAY.MS.MRG.3IMERG.20150812-S000000-E235959.V07B.nc4,GPM_3IMERGDF,07,31.76,Downloaded_and_Subsetted
2015-08-13,3B-DAY.MS.MRG.3IMERG.20150813-S000000-E235959.V07B.nc4,GPM_3IMERGDF,07,31.12,Downloaded_and_Subsetted
2015-08-14,3B-DAY.MS.MRG.3IMERG.20150814-S000000-E235959.V07B.nc4,GPM_3IMERGDF,07,31.68,Downloaded_and_Subsetted
2015-08-15,3B-DAY.MS.MRG.3IMERG.20150815-S000000-E235959.V07B.nc4,GPM_3IMERGDF,07,31.6,Downloaded_and_Subsetted
2015-08-16,3B-DAY.MS.MRG.3IMERG.20150816-S000000-E235959.V07B.nc4,GPM_3IMERGDF,07,30.91,Downloaded_and_Subsetted
2015-08-17,3B-DAY.MS.MRG.3IMERG.20150817-S000000-E235959.V07B.nc4,GPM_3IMERGDF,07,30.99,Downloaded_and_Subsetted
2015-08-18,3B-DAY.MS.MRG.3IMERG.20150818-S000000-E235959.V07B.nc4,GPM_3IMERGDF,07,31.17,Downloaded_and_Subsetted
2015-08-19,3B-DAY.MS.MRG.3IMERG.20150819-S000000-E235959.V07B.nc4,GPM_3IMERGDF,07,30.4,Downloaded_and_Subsetted
2015-08-20,3B-DAY.MS.MRG.3IMERG.20150820-S000000-E235959.V07B.nc4,GPM_3IMERGDF,07,30.06,Downloaded_and_Subsetted
2015-08-21,3B-DAY.MS.MRG.3IMERG.20150821-S000000-E235959.V07B.nc4,GPM_3IMERGDF,07,29.59,Downloaded_and_Subsetted
2015-08-22,3B-DAY.MS.MRG.3IMERG.20150822-S000000-E235959.V07B.nc4,GPM_3IMERGDF,07,29.08,Downloaded_and_Subsetted
2015-08-23,3B-DAY.MS.MRG.3IMERG.20150823-S000000-E235959.V07B.nc4,GPM_3IMERGDF,07,29.14,Downloaded_and_Subsetted
2015-08-24,3B-DAY.MS.MRG.3IMERG.20150824-S000000-E235959.V07B.nc4,GPM_3IMERGDF,07,29.24,Downloaded_and_Subsetted
2015-08-25,3B-DAY.MS.MRG.3IMERG.20150825-S000000-E235959.V07B.nc4,GPM_3IMERGDF,07,29.47,Downloaded_and_Subsetted
2015-08-26,3B-DAY.MS.MRG.3IMERG.20150826-S000000-E235959.V07B.nc4,GPM_3IMERGDF,07,30.77,Downloaded_and_Subsetted
2015-08-27,3B-DAY.MS.MRG.3IMERG.20150827-S000000-E235959.V07B.nc4,GPM_3IMERGDF,07,31.22,Downloaded_and_Subsetted
2015-08-28,3B-DAY.MS.MRG.3IMERG.20150828-S000000-E235959.V07B.nc4,GPM_3IMERGDF,07,30.43,Downloaded_and_Subsetted
2015-08-29,3B-DAY.MS.MRG.3IMERG.20150829-S000000-E235959.V07B.nc4,GPM_3IMERGDF,07,29.54,Downloaded_and_Subsetted
2015-08-30,3B-DAY.MS.MRG.3IMERG.20150830-S000000-E235959.V07B.nc4,GPM_3IMERGDF,07,29.88,Downloaded_and_Subsetted
2015-08-31,3B-DAY.MS.MRG.3IMERG.20150831-S000000-E235959.V07B.nc4,GPM_3IMERGDF,07,30.35,Downloaded_and_Subsetted
2015-09-01,3B-DAY.MS.MRG.3IMERG.20150901-S000000-E235959.V07B.nc4,GPM_3IMERGDF,07,30.89,Downloaded_and_Subsetted
2015-09-02,3B-DAY.MS.MRG.3IMERG.20150902-S000000-E235959.V07B.nc4,GPM_3IMERGDF,07,31.14,Downloaded_and_Subsetted
2015-09-03,3B-DAY.MS.MRG.3IMERG.20150903-S000000-E235959.V07B.nc4,GPM_3IMERGDF,07,31.46,Downloaded_and_Subsetted
2015-09-04,3B-DAY.MS.MRG.3IMERG.20150904-S000000-E235959.V07B.nc4,GPM_3IMERGDF,07,31.03,Downloaded_and_Subsetted
2015-09-05,3B-DAY.MS.MRG.3IMERG.20150905-S000000-E235959.V07B.nc4,GPM_3IMERGDF,07,30.5,Downloaded_and_Subsetted
2015-09-06,3B-DAY.MS.MRG.3IMERG.20150906-S000000-E235959.V07B.nc4,GPM_3IMERGDF,07,30.28,Downloaded_and_Subsetted
2015-09-07,3B-DAY.MS.MRG.3IMERG.20150907-S000000-E235959.V07B.nc4,GPM_3IMERGDF,07,30.45,Downloaded_and_Subsetted
2015-09-08,3B-DAY.MS.MRG.3IMERG.20150908-S000000-E235959.V07B.nc4,GPM_3IMERGDF,07,31.36,Downloaded_and_Subsetted
2015-09-09,3B-DAY.MS.MRG.3IMERG.20150909-S000000-E235959.V07B.nc4,GPM_3IMERGDF,07,31.22,Downloaded_and_Subsetted
2015-09-10,3B-DAY.MS.MRG.3IMERG.20150910-S000000-E235959.V07B.nc4,GPM_3IMERGDF,07,32.28,Downloaded_and_Subsetted
2015-09-11,3B-DAY.MS.MRG.3IMERG.20150911-S000000-E235959.V07B.nc4,GPM_3IMERGDF,07,32.65,Downloaded_and_Subsetted
2015-09-12,3B-DAY.MS.MRG.3IMERG.20150912-S000000-E235959.V07B.nc4,GPM_3IMERGDF,07,32.62,Downloaded_and_Subsetted
2015-09-13,3B-DAY.MS.MRG.3IMERG.20150913-S000000-E235959.V07B.nc4,GPM_3IMERGDF,07,32.51,Downloaded_and_Subsetted
2015-09-14,3B-DAY.MS.MRG.3IMERG.20150914-S000000-E235959.V07B.nc4,GPM_3IMERGDF,07,31.66,Downloaded_and_Subsetted
2015-09-15,3B-DAY.MS.MRG.3IMERG.20150915-S000000-E235959.V07B.nc4,GPM_3IMERGDF,07,30.46,Downloaded_and_Subsetted
2015-09-16,3B-DAY.MS.MRG.3IMERG.20150916-S000000-E235959.V07B.nc4,GPM_3IMERGDF,07,30.33,Downloaded_and_Subsetted
2015-09-17,3B-DAY.MS.MRG.3IMERG.20150917-S000000-E235959.V07B.nc4,GPM_3IMERGDF,07,30.85,Downloaded_and_Subsetted
2015-09-18,3B-DAY.MS.MRG.3IMERG.20150918-S000000-E235959.V07B.nc4,GPM_3IMERGDF,07,30.01,Downloaded_and_Subsetted
2015-09-19,3B-DAY.MS.MRG.3IMERG.20150919-S000000-E235959.V07B.nc4,GPM_3IMERGDF,07,29.38,Downloaded_and_Subsetted
2015-09-20,3B-DAY.MS.MRG.3IMERG.20150920-S000000-E235959.V07B.nc4,GPM_3IMERGDF,07,29.42,Downloaded_and_Subsetted
2015-09-21,3B-DAY.MS.MRG.3IMERG.20150921-S000000-E235959.V07B.nc4,GPM_3IMERGDF,07,29.88,Downloaded_and_Subsetted
2015-09-22,3B-DAY.MS.MRG.3IMERG.20150922-S000000-E235959.V07B.nc4,GPM_3IMERGDF,07,30.1,Downloaded_and_Subsetted
2015-09-23,3B-DAY.MS.MRG.3IMERG.20150923-S000000-E235959.V07B.nc4,GPM_3IMERGDF,07,29.72,Downloaded_and_Subsetted
2015-09-24,3B-DAY.MS.MRG.3IMERG.20150924-S000000-E235959.V07B.nc4,GPM_3IMERGDF,07,28.73,Downloaded_and_Subsetted
2015-09-25,3B-DAY.MS.MRG.3IMERG.20150925-S000000-E235959.V07B.nc4,GPM_3IMERGDF,07,28.33,Downloaded_and_Subsetted
2015-09-26,3B-DAY.MS.MRG.3IMERG.20150926-S000000-E235959.V07B.nc4,GPM_3IMERGDF,07,28.84,Downloaded_and_Subsetted
2015-09-27,3B-DAY.MS.MRG.3IMERG.20150927-S000000-E235959.V07B.nc4,GPM_3IMERGDF,07,28.99,Downloaded_and_Subsetted
2015-09-28,3B-DAY.MS.MRG.3IMERG.20150928-S000000-E235959.V07B.nc4,GPM_3IMERGDF,07,30.65,Downloaded_and_Subsetted
2015-09-29,3B-DAY.MS.MRG.3IMERG.20150929-S000000-E235959.V07B.nc4,GPM_3IMERGDF,07,30.88,Downloaded_and_Subsetted
2015-09-30,3B-DAY.MS.MRG.3IMERG.20150930-S000000-E235959.V07B.nc4,GPM_3IMERGDF,07,31.14,Downloaded_and_Subsetted
2015-10-01,3B-DAY.MS.MRG.3IMERG.20151001-S000000-E235959.V07B.nc4,GPM_3IMERGDF,07,30.1,Downloaded_and_Subsetted
2015-10-02,3B-DAY.MS.MRG.3IMERG.20151002-S000000-E235959.V07B.nc4,GPM_3IMERGDF,07,30.3,Downloaded_and_Subsetted
2015-10-03,3B-DAY.MS.MRG.3IMERG.20151003-S000000-E235959.V07B.nc4,GPM_3IMERGDF,07,29.86,Downloaded_and_Subsetted
2015-10-04,3B-DAY.MS.MRG.3IMERG.20151004-S000000-E235959.V07B.nc4,GPM_3IMERGDF,07,29.56,Downloaded_and_Subsetted
2015-10-05,3B-DAY.MS.MRG.3IMERG.20151005-S000000-E235959.V07B.nc4,GPM_3IMERGDF,07,29.17,Downloaded_and_Subsetted
2015-10-06,3B-DAY.MS.MRG.3IMERG.20151006-S000000-E235959.V07B.nc4,GPM_3IMERGDF,07,30.04,Downloaded_and_Subsetted
2015-10-07,3B-DAY.MS.MRG.3IMERG.20151007-S000000-E235959.V07B.nc4,GPM_3IMERGDF,07,29.94,Downloaded_and_Subsetted
2015-10-08,3B-DAY.MS.MRG.3IMERG.20151008-S000000-E235959.V07B.nc4,GPM_3IMERGDF,07,30.76,Downloaded_and_Subsetted
2015-10-09,3B-DAY.MS.MRG.3IMERG.20151009-S000000-E235959.V07B.nc4,GPM_3IMERGDF,07,30.44,Downloaded_and_Subsetted
2015-10-10,3B-DAY.MS.MRG.3IMERG.20151010-S000000-E235959.V07B.nc4,GPM_3IMERGDF,07,29.84,Downloaded_and_Subsetted
2015-10-11,3B-DAY.MS.MRG.3IMERG.20151011-S000000-E235959.V07B.nc4,GPM_3IMERGDF,07,28.63,Downloaded_and_Subsetted
2015-10-12,3B-DAY.MS.MRG.3IMERG.20151012-S000000-E235959.V07B.nc4,GPM_3IMERGDF,07,28.07,Downloaded_and_Subsetted
2015-10-13,3B-DAY.MS.MRG.3IMERG.20151013-S000000-E235959.V07B.nc4,GPM_3IMERGDF,07,28.09,Downloaded_and_Subsetted
2015-10-14,3B-DAY.MS.MRG.3IMERG.20151014-S000000-E235959.V07B.nc4,GPM_3IMERGDF,07,28.77,Downloaded_and_Subsetted
2015-10-15,3B-DAY.MS.MRG.3IMERG.20151015-S000000-E235959.V07B.nc4,GPM_3IMERGDF,07,30.1,Downloaded_and_Subsetted
2015-10-16,3B-DAY.MS.MRG.3IMERG.20151016-S000000-E235959.V07B.nc4,GPM_3IMERGDF,07,30.5,Downloaded_and_Subsetted
2015-10-17,3B-DAY.MS.MRG.3IMERG.20151017-S000000-E235959.V07B.nc4,GPM_3IMERGDF,07,30.52,Downloaded_and_Subsetted
2015-10-18,3B-DAY.MS.MRG.3IMERG.20151018-S000000-E235959.V07B.nc4,GPM_3IMERGDF,07,30.59,Downloaded_and_Subsetted
2015-10-19,3B-DAY.MS.MRG.3IMERG.20151019-S000000-E235959.V07B.nc4,GPM_3IMERGDF,07,30.06,Downloaded_and_Subsetted
2015-10-20,3B-DAY.MS.MRG.3IMERG.20151020-S000000-E235959.V07B.nc4,GPM_3IMERGDF,07,29.39,Downloaded_and_Subsetted
2015-10-21,3B-DAY.MS.MRG.3IMERG.20151021-S000000-E235959.V07B.nc4,GPM_3IMERGDF,07,28.79,Downloaded_and_Subsetted
2015-10-22,3B-DAY.MS.MRG.3IMERG.20151022-S000000-E235959.V07B.nc4,GPM_3IMERGDF,07,28.27,Downloaded_and_Subsetted
2015-10-23,3B-DAY.MS.MRG.3IMERG.20151023-S000000-E235959.V07B.nc4,GPM_3IMERGDF,07,28.56,Downloaded_and_Subsetted
2015-10-24,3B-DAY.MS.MRG.3IMERG.20151024-S000000-E235959.V07B.nc4,GPM_3IMERGDF,07,28.99,Downloaded_and_Subsetted
2015-10-25,3B-DAY.MS.MRG.3IMERG.20151025-S000000-E235959.V07B.nc4,GPM_3IMERGDF,07,29.28,Downloaded_and_Subsetted
2015-10-26,3B-DAY.MS.MRG.3IMERG.20151026-S000000-E235959.V07B.nc4,GPM_3IMERGDF,07,29.92,Downloaded_and_Subsetted
2015-10-27,3B-DAY.MS.MRG.3IMERG.20151027-S000000-E235959.V07B.nc4,GPM_3IMERGDF,07,29.54,Downloaded_and_Subsetted
2015-10-28,3B-DAY.MS.MRG.3IMERG.20151028-S000000-E235959.V07B.nc4,GPM_3IMERGDF,07,28.52,Downloaded_and_Subsetted
2015-10-29,3B-DAY.MS.MRG.3IMERG.20151029-S000000-E235959.V07B.nc4,GPM_3IMERGDF,07,28.81,Downloaded_and_Subsetted
2015-10-30,3B-DAY.MS.MRG.3IMERG.20151030-S000000-E235959.V07B.nc4,GPM_3IMERGDF,07,29.37,Downloaded_and_Subsetted
2015-10-31,3B-DAY.MS.MRG.3IMERG.20151031-S000000-E235959.V07B.nc4,GPM_3IMERGDF,07,30.13,Downloaded_and_Subsetted
2015-11-01,3B-DAY.MS.MRG.3IMERG.20151101-S000000-E235959.V07B.nc4,GPM_3IMERGDF,07,30.65,Downloaded_and_Subsetted
2015-11-02,3B-DAY.MS.MRG.3IMERG.20151102-S000000-E235959.V07B.nc4,GPM_3IMERGDF,07,29.88,Downloaded_and_Subsetted
2015-11-03,3B-DAY.MS.MRG.3IMERG.20151103-S000000-E235959.V07B.nc4,GPM_3IMERGDF,07,29.21,Downloaded_and_Subsetted
2015-11-04,3B-DAY.MS.MRG.3IMERG.20151104-S000000-E235959.V07B.nc4,GPM_3IMERGDF,07,28.85,Downloaded_and_Subsetted
2015-11-05,3B-DAY.MS.MRG.3IMERG.20151105-S000000-E235959.V07B.nc4,GPM_3IMERGDF,07,29.05,Downloaded_and_Subsetted
2015-11-06,3B-DAY.MS.MRG.3IMERG.20151106-S000000-E235959.V07B.nc4,GPM_3IMERGDF,07,28.72,Downloaded_and_Subsetted
2015-11-07,3B-DAY.MS.MRG.3IMERG.20151107-S000000-E235959.V07B.nc4,GPM_3IMERGDF,07,29.05,Downloaded_and_Subsetted
2015-11-08,3B-DAY.MS.MRG.3IMERG.20151108-S000000-E235959.V07B.nc4,GPM_3IMERGDF,07,29.12,Downloaded_and_Subsetted
2015-11-09,3B-DAY.MS.MRG.3IMERG.20151109-S000000-E235959.V07B.nc4,GPM_3IMERGDF,07,29.04,Downloaded_and_Subsetted
2015-11-10,3B-DAY.MS.MRG.3IMERG.20151110-S000000-E235959.V07B.nc4,GPM_3IMERGDF,07,28.99,Downloaded_and_Subsetted
2015-11-11,3B-DAY.MS.MRG.3IMERG.20151111-S000000-E235959.V07B.nc4,GPM_3IMERGDF,07,28.79,Downloaded_and_Subsetted
2015-11-12,3B-DAY.MS.MRG.3IMERG.20151112-S000000-E235959.V07B.nc4,GPM_3IMERGDF,07,28.29,Downloaded_and_Subsetted
2015-11-13,3B-DAY.MS.MRG.3IMERG.20151113-S000000-E235959.V07B.nc4,GPM_3IMERGDF,07,28.54,Downloaded_and_Subsetted
2015-11-14,3B-DAY.MS.MRG.3IMERG.20151114-S000000-E235959.V07B.nc4,GPM_3IMERGDF,07,28.25,Downloaded_and_Subsetted
2015-11-15,3B-DAY.MS.MRG.3IMERG.20151115-S000000-E235959.V07B.nc4,GPM_3IMERGDF,07,28.57,Downloaded_and_Subsetted
2015-11-16,3B-DAY.MS.MRG.3IMERG.20151116-S000000-E235959.V07B.nc4,GPM_3IMERGDF,07,28.92,Downloaded_and_Subsetted
2015-11-17,3B-DAY.MS.MRG.3IMERG.20151117-S000000-E235959.V07B.nc4,GPM_3IMERGDF,07,30.26,Downloaded_and_Subsetted
2015-11-18,3B-DAY.MS.MRG.3IMERG.20151118-S000000-E235959.V07B.nc4,GPM_3IMERGDF,07,30.45,Downloaded_and_Subsetted
2015-11-19,3B-DAY.MS.MRG.3IMERG.20151119-S000000-E235959.V07B.nc4,GPM_3IMERGDF,07,29.66,Downloaded_and_Subsetted
2015-11-20,3B-DAY.MS.MRG.3IMERG.20151120-S000000-E235959.V07B.nc4,GPM_3IMERGDF,07,29.56,Downloaded_and_Subsetted
2015-11-21,3B-DAY.MS.MRG.3IMERG.20151121-S000000-E235959.V07B.nc4,GPM_3IMERGDF,07,28.91,Downloaded_and_Subsetted
2015-11-22,3B-DAY.MS.MRG.3IMERG.20151122-S000000-E235959.V07B.nc4,GPM_3IMERGDF,07,28.54,Downloaded_and_Subsetted
2015-11-23,3B-DAY.MS.MRG.3IMERG.20151123-S000000-E235959.V07B.nc4,GPM_3IMERGDF,07,29.0,Downloaded_and_Subsetted
2015-11-24,3B-DAY.MS.MRG.3IMERG.20151124-S000000-E235959.V07B.nc4,GPM_3IMERGDF,07,28.46,Downloaded_and_Subsetted
2015-11-25,3B-DAY.MS.MRG.3IMERG.20151125-S000000-E235959.V07B.nc4,GPM_3IMERGDF,07,28.12,Downloaded_and_Subsetted
2015-11-26,3B-DAY.MS.MRG.3IMERG.20151126-S000000-E235959.V07B.nc4,GPM_3IMERGDF,07,28.71,Downloaded_and_Subsetted
2015-11-27,3B-DAY.MS.MRG.3IMERG.20151127-S000000-E235959.V07B.nc4,GPM_3IMERGDF,07,29.04,Downloaded_and_Subsetted
2015-11-28,3B-DAY.MS.MRG.3IMERG.20151128-S000000-E235959.V07B.nc4,GPM_3IMERGDF,07,28.32,Downloaded_and_Subsetted
2015-11-29,3B-DAY.MS.MRG.3IMERG.20151129-S000000-E235959.V07B.nc4,GPM_3IMERGDF,07,28.72,Downloaded_and_Subsetted
2015-11-30,3B-DAY.MS.MRG.3IMERG.20151130-S000000-E235959.V07B.nc4,GPM_3IMERGDF,07,27.85,Downloaded_and_Subsetted
2015-12-01,3B-DAY.MS.MRG.3IMERG.20151201-S000000-E235959.V07B.nc4,GPM_3IMERGDF,07,28.31,Downloaded_and_Subsetted
2015-12-02,3B-DAY.MS.MRG.3IMERG.20151202-S000000-E235959.V07B.nc4,GPM_3IMERGDF,07,29.23,Downloaded_and_Subsetted
2015-12-03,3B-DAY.MS.MRG.3IMERG.20151203-S000000-E235959.V07B.nc4,GPM_3IMERGDF,07,28.79,Downloaded_and_Subsetted
2015-12-04,3B-DAY.MS.MRG.3IMERG.20151204-S000000-E235959.V07B.nc4,GPM_3IMERGDF,07,28.96,Downloaded_and_Subsetted
2015-12-05,3B-DAY.MS.MRG.3IMERG.20151205-S000000-E235959.V07B.nc4,GPM_3IMERGDF,07,28.98,Downloaded_and_Subsetted
2015-12-06,3B-DAY.MS.MRG.3IMERG.20151206-S000000-E235959.V07B.nc4,GPM_3IMERGDF,07,28.08,Downloaded_and_Subsetted
2015-12-07,3B-DAY.MS.MRG.3IMERG.20151207-S000000-E235959.V07B.nc4,GPM_3IMERGDF,07,27.32,Downloaded_and_Subsetted
2015-12-08,3B-DAY.MS.MRG.3IMERG.20151208-S000000-E235959.V07B.nc4,GPM_3IMERGDF,07,27.51,Downloaded_and_Subsetted
2015-12-09,3B-DAY.MS.MRG.3IMERG.20151209-S000000-E235959.V07B.nc4,GPM_3IMERGDF,07,27.16,Downloaded_and_Subsetted
2015-12-10,3B-DAY.MS.MRG.3IMERG.20151210-S000000-E235959.V07B.nc4,GPM_3IMERGDF,07,26.95,Downloaded_and_Subsetted
2015-12-11,3B-DAY.MS.MRG.3IMERG.20151211-S000000-E235959.V07B.nc4,GPM_3IMERGDF,07,26.31,Downloaded_and_Subsetted
2015-12-12,3B-DAY.MS.MRG.3IMERG.20151212-S000000-E235959.V07B.nc4,GPM_3IMERGDF,07,26.25,Downloaded_and_Subsetted
2015-12-13,3B-DAY.MS.MRG.3IMERG.20151213-S000000-E235959.V07B.nc4,GPM_3IMERGDF,07,26.06,Downloaded_and_Subsetted
2015-12-14,3B-DAY.MS.MRG.3IMERG.20151214-S000000-E235959.V07B.nc4,GPM_3IMERGDF,07,26.51,Downloaded_and_Subsetted
2015-12-15,3B-DAY.MS.MRG.3IMERG.20151215-S000000-E235959.V07B.nc4,GPM_3IMERGDF,07,26.01,Downloaded_and_Subsetted
2015-12-16,3B-DAY.MS.MRG.3IMERG.20151216-S000000-E235959.V07B.nc4,GPM_3IMERGDF,07,25.85,Downloaded_and_Subsetted
2015-12-17,3B-DAY.MS.MRG.3IMERG.20151217-S000000-E235959.V07B.nc4,GPM_3IMERGDF,07,26.67,Downloaded_and_Subsetted
2015-12-18,3B-DAY.MS.MRG.3IMERG.20151218-S000000-E235959.V07B.nc4,GPM_3IMERGDF,07,26.84,Downloaded_and_Subsetted
2015-12-19,3B-DAY.MS.MRG.3IMERG.20151219-S000000-E235959.V07B.nc4,GPM_3IMERGDF,07,27.91,Downloaded_and_Subsetted
2015-12-20,3B-DAY.MS.MRG.3IMERG.20151220-S000000-E235959.V07B.nc4,GPM_3IMERGDF,07,27.96,Downloaded_and_Subsetted
2015-12-21,3B-DAY.MS.MRG.3IMERG.20151221-S000000-E235959.V07B.nc4,GPM_3IMERGDF,07,28.16,Downloaded_and_Subsetted
2015-12-22,3B-DAY.MS.MRG.3IMERG.20151222-S000000-E235959.V07B.nc4,GPM_3IMERGDF,07,28.33,Downloaded_and_Subsetted
2015-12-23,3B-DAY.MS.MRG.3IMERG.20151223-S000000-E235959.V07B.nc4,GPM_3IMERGDF,07,28.08,Downloaded_and_Subsetted
2015-12-24,3B-DAY.MS.MRG.3IMERG.20151224-S000000-E235959.V07B.nc4,GPM_3IMERGDF,07,28.07,Downloaded_and_Subsetted
2015-12-25,3B-DAY.MS.MRG.3IMERG.20151225-S000000-E235959.V07B.nc4,GPM_3IMERGDF,07,28.45,Downloaded_and_Subsetted
2015-12-26,3B-DAY.MS.MRG.3IMERG.20151226-S000000-E235959.V07B.nc4,GPM_3IMERGDF,07,28.51,Downloaded_and_Subsetted
2015-12-27,3B-DAY.MS.MRG.3IMERG.20151227-S000000-E235959.V07B.nc4,GPM_3IMERGDF,07,28.8,Downloaded_and_Subsetted
2015-12-28,3B-DAY.MS.MRG.3IMERG.20151228-S000000-E235959.V07B.nc4,GPM_3IMERGDF,07,28.45,Downloaded_and_Subsetted
2015-12-29,3B-DAY.MS.MRG.3IMERG.20151229-S000000-E235959.V07B.nc4,GPM_3IMERGDF,07,29.02,Downloaded_and_Subsetted
2015-12-30,3B-DAY.MS.MRG.3IMERG.20151230-S000000-E235959.V07B.nc4,GPM_3IMERGDF,07,29.98,Downloaded_and_Subsetted
2015-12-31,3B-DAY.MS.MRG.3IMERG.20151231-S000000-E235959.V07B.nc4,GPM_3IMERGDF,07,29.78,Downloaded_and_Subsetted
2016-01-01,3B-DAY.MS.MRG.3IMERG.20160101-S000000-E235959.V07B.nc4,GPM_3IMERGDF,07,29.14,Downloaded_and_Subsetted
2016-01-02,3B-DAY.MS.MRG.3IMERG.20160102-S000000-E235959.V07B.nc4,GPM_3IMERGDF,07,28.27,Downloaded_and_Subsetted
2016-01-03,3B-DAY.MS.MRG.3IMERG.20160103-S000000-E235959.V07B.nc4,GPM_3IMERGDF,07,28.31,Downloaded_and_Subsetted
2016-01-04,3B-DAY.MS.MRG.3IMERG.20160104-S000000-E235959.V07B.nc4,GPM_3IMERGDF,07,28.04,Downloaded_and_Subsetted
2016-01-05,3B-DAY.MS.MRG.3IMERG.20160105-S000000-E235959.V07B.nc4,GPM_3IMERGDF,07,27.41,Downloaded_and_Subsetted
2016-01-06,3B-DAY.MS.MRG.3IMERG.20160106-S000000-E235959.V07B.nc4,GPM_3IMERGDF,07,28.2,Downloaded_and_Subsetted
2016-01-07,3B-DAY.MS.MRG.3IMERG.20160107-S000000-E235959.V07B.nc4,GPM_3IMERGDF,07,28.28,Downloaded_and_Subsetted
2016-01-08,3B-DAY.MS.MRG.3IMERG.20160108-S000000-E235959.V07B.nc4,GPM_3IMERGDF,07,27.98,Downloaded_and_Subsetted
2016-01-09,3B-DAY.MS.MRG.3IMERG.20160109-S000000-E235959.V07B.nc4,GPM_3IMERGDF,07,27.67,Downloaded_and_Subsetted
2016-01-10,3B-DAY.MS.MRG.3IMERG.20160110-S000000-E235959.V07B.nc4,GPM_3IMERGDF,07,27.83,Downloaded_and_Subsetted
2016-01-11,3B-DAY.MS.MRG.3IMERG.20160111-S000000-E235959.V07B.nc4,GPM_3IMERGDF,07,27.88,Downloaded_and_Subsetted
2016-01-12,3B-DAY.MS.MRG.3IMERG.20160112-S000000-E235959.V07B.nc4,GPM_3IMERGDF,07,28.41,Downloaded_and_Subsetted
2016-01-13,3B-DAY.MS.MRG.3IMERG.20160113-S000000-E235959.V07B.nc4,GPM_3IMERGDF,07,28.7,Downloaded_and_Subsetted
2016-01-14,3B-DAY.MS.MRG.3IMERG.20160114-S000000-E235959.V07B.nc4,GPM_3IMERGDF,07,28.57,Downloaded_and_Subsetted
2016-01-15,3B-DAY.MS.MRG.3IMERG.20160115-S000000-E235959.V07B.nc4,GPM_3IMERGDF,07,28.09,Downloaded_and_Subsetted
2016-01-16,3B-DAY.MS.MRG.3IMERG.20160116-S000000-E235959.V07B.nc4,GPM_3IMERGDF,07,27.82,Downloaded_and_Subsetted
2016-01-17,3B-DAY.MS.MRG.3IMERG.20160117-S000000-E235959.V07B.nc4,GPM_3IMERGDF,07,28.09,Downloaded_and_Subsetted
2016-01-18,3B-DAY.MS.MRG.3IMERG.20160118-S000000-E235959.V07B.nc4,GPM_3IMERGDF,07,27.43,Downloaded_and_Subsetted
2016-01-19,3B-DAY.MS.MRG.3IMERG.20160119-S000000-E235959.V07B.nc4,GPM_3IMERGDF,07,27.9,Downloaded_and_Subsetted
2016-01-20,3B-DAY.MS.MRG.3IMERG.20160120-S000000-E235959.V07B.nc4,GPM_3IMERGDF,07,27.6,Downloaded_and_Subsetted
2016-01-21,3B-DAY.MS.MRG.3IMERG.20160121-S000000-E235959.V07B.nc4,GPM_3IMERGDF,07,27.07,Downloaded_and_Subsetted
2016-01-22,3B-DAY.MS.MRG.3IMERG.20160122-S000000-E235959.V07B.nc4,GPM_3IMERGDF,07,26.59,Downloaded_and_Subsetted
2016-01-23,3B-DAY.MS.MRG.3IMERG.20160123-S000000-E235959.V07B.nc4,GPM_3IMERGDF,07,26.86,Downloaded_and_Subsetted
2016-01-24,3B-DAY.MS.MRG.3IMERG.20160124-S000000-E235959.V07B.nc4,GPM_3IMERGDF,07,27.47,Downloaded_and_Subsetted
2016-01-25,3B-DAY.MS.MRG.3IMERG.20160125-S000000-E235959.V07B.nc4,GPM_3IMERGDF,07,28.44,Downloaded_and_Subsetted
2016-01-26,3B-DAY.MS.MRG.3IMERG.20160126-S000000-E235959.V07B.nc4,GPM_3IMERGDF,07,29.2,Downloaded_and_Subsetted
2016-01-27,3B-DAY.MS.MRG.3IMERG.20160127-S000000-E235959.V07B.nc4,GPM_3IMERGDF,07,29.67,Downloaded_and_Subsetted
2016-01-28,3B-DAY.MS.MRG.3IMERG.20160128-S000000-E235959.V07B.nc4,GPM_3IMERGDF,07,28.94,Downloaded_and_Subsetted
2016-01-29,3B-DAY.MS.MRG.3IMERG.20160129-S000000-E235959.V07B.nc4,GPM_3IMERGDF,07,28.64,Downloaded_and_Subsetted
2016-01-30,3B-DAY.MS.MRG.3IMERG.20160130-S000000-E235959.V07B.nc4,GPM_3IMERGDF,07,27.89,Downloaded_and_Subsetted
2016-01-31,3B-DAY.MS.MRG.3IMERG.20160131-S000000-E235959.V07B.nc4,GPM_3IMERGDF,07,28.05,Downloaded_and_Subsetted
2016-02-01,3B-DAY.MS.MRG.3IMERG.20160201-S000000-E235959.V07B.nc4,GPM_3IMERGDF,07,27.58,Downloaded_and_Subsetted
2016-02-02,3B-DAY.MS.MRG.3IMERG.20160202-S000000-E235959.V07B.nc4,GPM_3IMERGDF,07,27.55,Downloaded_and_Subsetted
2016-02-03,3B-DAY.MS.MRG.3IMERG.20160203-S000000-E235959.V07B.nc4,GPM_3IMERGDF,07,27.51,Downloaded_and_Subsetted
2016-02-04,3B-DAY.MS.MRG.3IMERG.20160204-S000000-E235959.V07B.nc4,GPM_3IMERGDF,07,26.86,Downloaded_and_Subsetted
2016-02-05,3B-DAY.MS.MRG.3IMERG.20160205-S000000-E235959.V07B.nc4,GPM_3IMERGDF,07,26.9,Downloaded_and_Subsetted
2016-02-06,3B-DAY.MS.MRG.3IMERG.20160206-S000000-E235959.V07B.nc4,GPM_3IMERGDF,07,27.18,Downloaded_and_Subsetted
2016-02-07,3B-DAY.MS.MRG.3IMERG.20160207-S000000-E235959.V07B.nc4,GPM_3IMERGDF,07,26.53,Downloaded_and_Subsetted
2016-02-08,3B-DAY.MS.MRG.3IMERG.20160208-S000000-E235959.V07B.nc4,GPM_3IMERGDF,07,26.9,Downloaded_and_Subsetted
2016-02-09,3B-DAY.MS.MRG.3IMERG.20160209-S000000-E235959.V07B.nc4,GPM_3IMERGDF,07,26.88,Downloaded_and_Subsetted
2016-02-10,3B-DAY.MS.MRG.3IMERG.20160210-S000000-E235959.V07B.nc4,GPM_3IMERGDF,07,27.15,Downloaded_and_Subsetted
2016-02-11,3B-DAY.MS.MRG.3IMERG.20160211-S000000-E235959.V07B.nc4,GPM_3IMERGDF,07,27.53,Downloaded_and_Subsetted
2016-02-12,3B-DAY.MS.MRG.3IMERG.20160212-S000000-E235959.V07B.nc4,GPM_3IMERGDF,07,27.12,Downloaded_and_Subsetted
2016-02-13,3B-DAY.MS.MRG.3IMERG.20160213-S000000-E235959.V07B.nc4,GPM_3IMERGDF,07,27.78,Downloaded_and_Subsetted
2016-02-14,3B-DAY.MS.MRG.3IMERG.20160214-S000000-E235959.V07B.nc4,GPM_3IMERGDF,07,27.65,Downloaded_and_Subsetted
2016-02-15,3B-DAY.MS.MRG.3IMERG.20160215-S000000-E235959.V07B.nc4,GPM_3IMERGDF,07,28.22,Downloaded_and_Subsetted
2016-02-16,3B-DAY.MS.MRG.3IMERG.20160216-S000000-E235959.V07B.nc4,GPM_3IMERGDF,07,28.94,Downloaded_and_Subsetted
2016-02-17,3B-DAY.MS.MRG.3IMERG.20160217-S000000-E235959.V07B.nc4,GPM_3IMERGDF,07,29.11,Downloaded_and_Subsetted
2016-02-18,3B-DAY.MS.MRG.3IMERG.20160218-S000000-E235959.V07B.nc4,GPM_3IMERGDF,07,28.34,Downloaded_and_Subsetted
2016-02-19,3B-DAY.MS.MRG.3IMERG.20160219-S000000-E235959.V07B.nc4,GPM_3IMERGDF,07,28.77,Downloaded_and_Subsetted
2016-02-20,3B-DAY.MS.MRG.3IMERG.20160220-S000000-E235959.V07B.nc4,GPM_3IMERGDF,07,28.97,Downloaded_and_Subsetted
2016-02-21,3B-DAY.MS.MRG.3IMERG.20160221-S000000-E235959.V07B.nc4,GPM_3IMERGDF,07,28.73,Downloaded_and_Subsetted
2016-02-22,3B-DAY.MS.MRG.3IMERG.20160222-S000000-E235959.V07B.nc4,GPM_3IMERGDF,07,28.33,Downloaded_and_Subsetted
2016-02-23,3B-DAY.MS.MRG.3IMERG.20160223-S000000-E235959.V07B.nc4,GPM_3IMERGDF,07,28.63,Downloaded_and_Subsetted
2016-02-24,3B-DAY.MS.MRG.3IMERG.20160224-S000000-E235959.V07B.nc4,GPM_3IMERGDF,07,28.8,Downloaded_and_Subsetted
2016-02-25,3B-DAY.MS.MRG.3IMERG.20160225-S000000-E235959.V07B.nc4,GPM_3IMERGDF,07,28.21,Downloaded_and_Subsetted
2016-02-26,3B-DAY.MS.MRG.3IMERG.20160226-S000000-E235959.V07B.nc4,GPM_3IMERGDF,07,28.2,Downloaded_and_Subsetted
2016-02-27,3B-DAY.MS.MRG.3IMERG.20160227-S000000-E235959.V07B.nc4,GPM_3IMERGDF,07,28.48,Downloaded_and_Subsetted
2016-02-28,3B-DAY.MS.MRG.3IMERG.20160228-S000000-E235959.V07B.nc4,GPM_3IMERGDF,07,28.39,Downloaded_and_Subsetted
2016-02-29,3B-DAY.MS.MRG.3IMERG.20160229-S000000-E235959.V07B.nc4,GPM_3IMERGDF,07,28.52,Downloaded_and_Subsetted
2016-03-01,3B-DAY.MS.MRG.3IMERG.20160301-S000000-E235959.V07B.nc4,GPM_3IMERGDF,07,28.41,Downloaded_and_Subsetted
2016-03-02,3B-DAY.MS.MRG.3IMERG.20160302-S000000-E235959.V07B.nc4,GPM_3IMERGDF,07,27.76,Downloaded_and_Subsetted
2016-03-03,3B-DAY.MS.MRG.3IMERG.20160303-S000000-E235959.V07B.nc4,GPM_3IMERGDF,07,27.52,Downloaded_and_Subsetted
2016-03-04,3B-DAY.MS.MRG.3IMERG.20160304-S000000-E235959.V07B.nc4,GPM_3IMERGDF,07,27.62,Downloaded_and_Subsetted
2016-03-05,3B-DAY.MS.MRG.3IMERG.20160305-S000000-E235959.V07B.nc4,GPM_3IMERGDF,07,27.28,Downloaded_and_Subsetted
2016-03-06,3B-DAY.MS.MRG.3IMERG.20160306-S000000-E235959.V07B.nc4,GPM_3IMERGDF,07,27.91,Downloaded_and_Subsetted
2016-03-07,3B-DAY.MS.MRG.3IMERG.20160307-S000000-E235959.V07B.nc4,GPM_3IMERGDF,07,27.99,Downloaded_and_Subsetted
2016-03-08,3B-DAY.MS.MRG.3IMERG.20160308-S000000-E235959.V07B.nc4,GPM_3IMERGDF,07,28.8,Downloaded_and_Subsetted
2016-03-09,3B-DAY.MS.MRG.3IMERG.20160309-S000000-E235959.V07B.nc4,GPM_3IMERGDF,07,29.05,Downloaded_and_Subsetted
2016-03-10,3B-DAY.MS.MRG.3IMERG.20160310-S000000-E235959.V07B.nc4,GPM_3IMERGDF,07,28.74,Downloaded_and_Subsetted
2016-03-11,3B-DAY.MS.MRG.3IMERG.20160311-S000000-E235959.V07B.nc4,GPM_3IMERGDF,07,29.78,Downloaded_and_Subsetted
2016-03-12,3B-DAY.MS.MRG.3IMERG.20160312-S000000-E235959.V07B.nc4,GPM_3IMERGDF,07,30.09,Downloaded_and_Subsetted
2016-03-13,3B-DAY.MS.MRG.3IMERG.20160313-S000000-E235959.V07B.nc4,GPM_3IMERGDF,07,29.02,Downloaded_and_Subsetted
2016-03-14,3B-DAY.MS.MRG.3IMERG.20160314-S000000-E235959.V07B.nc4,GPM_3IMERGDF,07,28.78,Downloaded_and_Subsetted
2016-03-15,3B-DAY.MS.MRG.3IMERG.20160315-S000000-E235959.V07B.nc4,GPM_3IMERGDF,07,28.51,Downloaded_and_Subsetted
2016-03-16,3B-DAY.MS.MRG.3IMERG.20160316-S000000-E235959.V07B.nc4,GPM_3IMERGDF,07,27.19,Downloaded_and_Subsetted
2016-03-17,3B-DAY.MS.MRG.3IMERG.20160317-S000000-E235959.V07B.nc4,GPM_3IMERGDF,07,26.87,Downloaded_and_Subsetted
2016-03-18,3B-DAY.MS.MRG.3IMERG.20160318-S000000-E235959.V07B.nc4,GPM_3IMERGDF,07,26.84,Downloaded_and_Subsetted
2016-03-19,3B-DAY.MS.MRG.3IMERG.20160319-S000000-E235959.V07B.nc4,GPM_3IMERGDF,07,27.98,Downloaded_and_Subsetted
2016-03-20,3B-DAY.MS.MRG.3IMERG.20160320-S000000-E235959.V07B.nc4,GPM_3IMERGDF,07,27.83,Downloaded_and_Subsetted
2016-03-21,3B-DAY.MS.MRG.3IMERG.20160321-S000000-E235959.V07B.nc4,GPM_3IMERGDF,07,28.62,Downloaded_and_Subsetted
2016-03-22,3B-DAY.MS.MRG.3IMERG.20160322-S000000-E235959.V07B.nc4,GPM_3IMERGDF,07,28.89,Downloaded_and_Subsetted
2016-03-23,3B-DAY.MS.MRG.3IMERG.20160323-S000000-E235959.V07B.nc4,GPM_3IMERGDF,07,29.05,Downloaded_and_Subsetted
2016-03-24,3B-DAY.MS.MRG.3IMERG.20160324-S000000-E235959.V07B.nc4,GPM_3IMERGDF,07,28.48,Downloaded_and_Subsetted
2016-03-25,3B-DAY.MS.MRG.3IMERG.20160325-S000000-E235959.V07B.nc4,GPM_3IMERGDF,07,28.14,Downloaded_and_Subsetted
2016-03-26,3B-DAY.MS.MRG.3IMERG.20160326-S000000-E235959.V07B.nc4,GPM_3IMERGDF,07,27.61,Downloaded_and_Subsetted
2016-03-27,3B-DAY.MS.MRG.3IMERG.20160327-S000000-E235959.V07B.nc4,GPM_3IMERGDF,07,27.59,Downloaded_and_Subsetted
2016-03-28,3B-DAY.MS.MRG.3IMERG.20160328-S000000-E235959.V07B.nc4,GPM_3IMERGDF,07,27.74,Downloaded_and_Subsetted
2016-03-29,3B-DAY.MS.MRG.3IMERG.20160329-S000000-E235959.V07B.nc4,GPM_3IMERGDF,07,27.43,Downloaded_and_Subsetted
2016-03-30,3B-DAY.MS.MRG.3IMERG.20160330-S000000-E235959.V07B.nc4,GPM_3IMERGDF,07,27.32,Downloaded_and_Subsetted
2016-03-31,3B-DAY.MS.MRG.3IMERG.20160331-S000000-E235959.V07B.nc4,GPM_3IMERGDF,07,27.69,Downloaded_and_Subsetted
2016-04-01,3B-DAY.MS.MRG.3IMERG.20160401-S000000-E235959.V07B.nc4,GPM_3IMERGDF,07,28.34,Downloaded_and_Subsetted
2016-04-02,3B-DAY.MS.MRG.3IMERG.20160402-S000000-E235959.V07B.nc4,GPM_3IMERGDF,07,28.23,Downloaded_and_Subsetted
2016-04-03,3B-DAY.MS.MRG.3IMERG.20160403-S000000-E235959.V07B.nc4,GPM_3IMERGDF,07,28.11,Downloaded_and_Subsetted
2016-04-04,3B-DAY.MS.MRG.3IMERG.20160404-S000000-E235959.V07B.nc4,GPM_3IMERGDF,07,28.64,Downloaded_and_Subsetted
2016-04-05,3B-DAY.MS.MRG.3IMERG.20160405-S000000-E235959.V07B.nc4,GPM_3IMERGDF,07,29.71,Downloaded_and_Subsetted
2016-04-06,3B-DAY.MS.MRG.3IMERG.20160406-S000000-E235959.V07B.nc4,GPM_3IMERGDF,07,30.11,Downloaded_and_Subsetted
2016-04-07,3B-DAY.MS.MRG.3IMERG.20160407-S000000-E235959.V07B.nc4,GPM_3IMERGDF,07,29.68,Downloaded_and_Subsetted
2016-04-08,3B-DAY.MS.MRG.3IMERG.20160408-S000000-E235959.V07B.nc4,GPM_3IMERGDF,07,29.37,Downloaded_and_Subsetted
2016-04-09,3B-DAY.MS.MRG.3IMERG.20160409-S000000-E235959.V07B.nc4,GPM_3IMERGDF,07,29.15,Downloaded_and_Subsetted
2016-04-10,3B-DAY.MS.MRG.3IMERG.20160410-S000000-E235959.V07B.nc4,GPM_3IMERGDF,07,29.14,Downloaded_and_Subsetted
2016-04-11,3B-DAY.MS.MRG.3IMERG.20160411-S000000-E235959.V07B.nc4,GPM_3IMERGDF,07,29.0,Downloaded_and_Subsetted
2016-04-12,3B-DAY.MS.MRG.3IMERG.20160412-S000000-E235959.V07B.nc4,GPM_3IMERGDF,07,29.37,Downloaded_and_Subsetted
2016-04-13,3B-DAY.MS.MRG.3IMERG.20160413-S000000-E235959.V07B.nc4,GPM_3IMERGDF,07,29.77,Downloaded_and_Subsetted
2016-04-14,3B-DAY.MS.MRG.3IMERG.20160414-S000000-E235959.V07B.nc4,GPM_3IMERGDF,07,29.45,Downloaded_and_Subsetted
2016-04-15,3B-DAY.MS.MRG.3IMERG.20160415-S000000-E235959.V07B.nc4,GPM_3IMERGDF,07,27.96,Downloaded_and_Subsetted
2016-04-16,3B-DAY.MS.MRG.3IMERG.20160416-S000000-E235959.V07B.nc4,GPM_3IMERGDF,07,28.05,Downloaded_and_Subsetted
2016-04-17,3B-DAY.MS.MRG.3IMERG.20160417-S000000-E235959.V07B.nc4,GPM_3IMERGDF,07,29.16,Downloaded_and_Subsetted
2016-04-18,3B-DAY.MS.MRG.3IMERG.20160418-S000000-E235959.V07B.nc4,GPM_3IMERGDF,07,29.2,Downloaded_and_Subsetted
2016-04-19,3B-DAY.MS.MRG.3IMERG.20160419-S000000-E235959.V07B.nc4,GPM_3IMERGDF,07,28.72,Downloaded_and_Subsetted
2016-04-20,3B-DAY.MS.MRG.3IMERG.20160420-S000000-E235959.V07B.nc4,GPM_3IMERGDF,07,28.19,Downloaded_and_Subsetted
2016-04-21,3B-DAY.MS.MRG.3IMERG.20160421-S000000-E235959.V07B.nc4,GPM_3IMERGDF,07,28.36,Downloaded_and_Subsetted
2016-04-22,3B-DAY.MS.MRG.3IMERG.20160422-S000000-E235959.V07B.nc4,GPM_3IMERGDF,07,28.63,Downloaded_and_Subsetted
2016-04-23,3B-DAY.MS.MRG.3IMERG.20160423-S000000-E235959.V07B.nc4,GPM_3IMERGDF,07,28.19,Downloaded_and_Subsetted
2016-04-24,3B-DAY.MS.MRG.3IMERG.20160424-S000000-E235959.V07B.nc4,GPM_3IMERGDF,07,29.25,Downloaded_and_Subsetted
2016-04-25,3B-DAY.MS.MRG.3IMERG.20160425-S000000-E235959.V07B.nc4,GPM_3IMERGDF,07,29.95,Downloaded_and_Subsetted
2016-04-26,3B-DAY.MS.MRG.3IMERG.20160426-S000000-E235959.V07B.nc4,GPM_3IMERGDF,07,30.16,Downloaded_and_Subsetted
2016-04-27,3B-DAY.MS.MRG.3IMERG.20160427-S000000-E235959.V07B.nc4,GPM_3IMERGDF,07,28.99,Downloaded_and_Subsetted
2016-04-28,3B-DAY.MS.MRG.3IMERG.20160428-S000000-E235959.V07B.nc4,GPM_3IMERGDF,07,29.33,Downloaded_and_Subsetted
2016-04-29,3B-DAY.MS.MRG.3IMERG.20160429-S000000-E235959.V07B.nc4,GPM_3IMERGDF,07,29.87,Downloaded_and_Subsetted
2016-04-30,3B-DAY.MS.MRG.3IMERG.20160430-S000000-E235959.V07B.nc4,GPM_3IMERGDF,07,29.45,Downloaded_and_Subsetted
2016-05-01,3B-DAY.MS.MRG.3IMERG.20160501-S000000-E235959.V07B.nc4,GPM_3IMERGDF,07,29.8,Downloaded_and_Subsetted
2016-05-02,3B-DAY.MS.MRG.3IMERG.20160502-S000000-E235959.V07B.nc4,GPM_3IMERGDF,07,29.55,Downloaded_and_Subsetted
2016-05-03,3B-DAY.MS.MRG.3IMERG.20160503-S000000-E235959.V07B.nc4,GPM_3IMERGDF,07,29.83,Downloaded_and_Subsetted
2016-05-04,3B-DAY.MS.MRG.3IMERG.20160504-S000000-E235959.V07B.nc4,GPM_3IMERGDF,07,30.45,Downloaded_and_Subsetted
2016-05-05,3B-DAY.MS.MRG.3IMERG.20160505-S000000-E235959.V07B.nc4,GPM_3IMERGDF,07,30.71,Downloaded_and_Subsetted
2016-05-06,3B-DAY.MS.MRG.3IMERG.20160506-S000000-E235959.V07B.nc4,GPM_3IMERGDF,07,31.11,Downloaded_and_Subsetted
2016-05-07,3B-DAY.MS.MRG.3IMERG.20160507-S000000-E235959.V07B.nc4,GPM_3IMERGDF,07,31.52,Downloaded_and_Subsetted
2016-05-08,3B-DAY.MS.MRG.3IMERG.20160508-S000000-E235959.V07B.nc4,GPM_3IMERGDF,07,31.68,Downloaded_and_Subsetted
2016-05-09,3B-DAY.MS.MRG.3IMERG.20160509-S000000-E235959.V07B.nc4,GPM_3IMERGDF,07,31.35,Downloaded_and_Subsetted
2016-05-10,3B-DAY.MS.MRG.3IMERG.20160510-S000000-E235959.V07B.nc4,GPM_3IMERGDF,07,31.15,Downloaded_and_Subsetted
2016-05-11,3B-DAY.MS.MRG.3IMERG.20160511-S000000-E235959.V07B.nc4,GPM_3IMERGDF,07,31.44,Downloaded_and_Subsetted
2016-05-12,3B-DAY.MS.MRG.3IMERG.20160512-S000000-E235959.V07B.nc4,GPM_3IMERGDF,07,30.82,Downloaded_and_Subsetted
2016-05-13,3B-DAY.MS.MRG.3IMERG.20160513-S000000-E235959.V07B.nc4,GPM_3IMERGDF,07,30.59,Downloaded_and_Subsetted
2016-05-14,3B-DAY.MS.MRG.3IMERG.20160514-S000000-E235959.V07B.nc4,GPM_3IMERGDF,07,30.08,Downloaded_and_Subsetted
2016-05-15,3B-DAY.MS.MRG.3IMERG.20160515-S000000-E235959.V07B.nc4,GPM_3IMERGDF,07,30.31,Downloaded_and_Subsetted
2016-05-16,3B-DAY.MS.MRG.3IMERG.20160516-S000000-E235959.V07B.nc4,GPM_3IMERGDF,07,31.89,Downloaded_and_Subsetted
2016-05-17,3B-DAY.MS.MRG.3IMERG.20160517-S000000-E235959.V07B.nc4,GPM_3IMERGDF,07,32.62,Downloaded_and_Subsetted
2016-05-18,3B-DAY.MS.MRG.3IMERG.20160518-S000000-E235959.V07B.nc4,GPM_3IMERGDF,07,33.2,Downloaded_and_Subsetted
2016-05-19,3B-DAY.MS.MRG.3IMERG.20160519-S000000-E235959.V07B.nc4,GPM_3IMERGDF,07,32.89,Downloaded_and_Subsetted
2016-05-20,3B-DAY.MS.MRG.3IMERG.20160520-S000000-E235959.V07B.nc4,GPM_3IMERGDF,07,33.3,Downloaded_and_Subsetted
2016-05-21,3B-DAY.MS.MRG.3IMERG.20160521-S000000-E235959.V07B.nc4,GPM_3IMERGDF,07,33.17,Downloaded_and_Subsetted
2016-05-22,3B-DAY.MS.MRG.3IMERG.20160522-S000000-E235959.V07B.nc4,GPM_3IMERGDF,07,33.67,Downloaded_and_Subsetted
2016-05-23,3B-DAY.MS.MRG.3IMERG.20160523-S000000-E235959.V07B.nc4,GPM_3IMERGDF,07,33.27,Downloaded_and_Subsetted
2016-05-24,3B-DAY.MS.MRG.3IMERG.20160524-S000000-E235959.V07B.nc4,GPM_3IMERGDF,07,32.89,Downloaded_and_Subsetted
2016-05-25,3B-DAY.MS.MRG.3IMERG.20160525-S000000-E235959.V07B.nc4,GPM_3IMERGDF,07,33.47,Downloaded_and_Subsetted
2016-05-26,3B-DAY.MS.MRG.3IMERG.20160526-S000000-E235959.V07B.nc4,GPM_3IMERGDF,07,32.65,Downloaded_and_Subsetted
2016-05-27,3B-DAY.MS.MRG.3IMERG.20160527-S000000-E235959.V07B.nc4,GPM_3IMERGDF,07,31.93,Downloaded_and_Subsetted
2016-05-28,3B-DAY.MS.MRG.3IMERG.20160528-S000000-E235959.V07B.nc4,GPM_3IMERGDF,07,30.99,Downloaded_and_Subsetted
2016-05-29,3B-DAY.MS.MRG.3IMERG.20160529-S000000-E235959.V07B.nc4,GPM_3IMERGDF,07,30.57,Downloaded_and_Subsetted
2016-05-30,3B-DAY.MS.MRG.3IMERG.20160530-S000000-E235959.V07B.nc4,GPM_3IMERGDF,07,30.9,Downloaded_and_Subsetted
2016-05-31,3B-DAY.MS.MRG.3IMERG.20160531-S000000-E235959.V07B.nc4,GPM_3IMERGDF,07,31.01,Downloaded_and_Subsetted
2016-06-01,3B-DAY.MS.MRG.3IMERG.20160601-S000000-E235959.V07B.nc4,GPM_3IMERGDF,07,30.81,Downloaded_and_Subsetted
2016-06-02,3B-DAY.MS.MRG.3IMERG.20160602-S000000-E235959.V07B.nc4,GPM_3IMERGDF,07,31.56,Downloaded_and_Subsetted
2016-06-03,3B-DAY.MS.MRG.3IMERG.20160603-S000000-E235959.V07B.nc4,GPM_3IMERGDF,07,31.07,Downloaded_and_Subsetted
2016-06-04,3B-DAY.MS.MRG.3IMERG.20160604-S000000-E235959.V07B.nc4,GPM_3IMERGDF,07,31.03,Downloaded_and_Subsetted
2016-06-05,3B-DAY.MS.MRG.3IMERG.20160605-S000000-E235959.V07B.nc4,GPM_3IMERGDF,07,30.9,Downloaded_and_Subsetted
2016-06-06,3B-DAY.MS.MRG.3IMERG.20160606-S000000-E235959.V07B.nc4,GPM_3IMERGDF,07,30.65,Downloaded_and_Subsetted
2016-06-07,3B-DAY.MS.MRG.3IMERG.20160607-S000000-E235959.V07B.nc4,GPM_3IMERGDF,07,30.88,Downloaded_and_Subsetted
2016-06-08,3B-DAY.MS.MRG.3IMERG.20160608-S000000-E235959.V07B.nc4,GPM_3IMERGDF,07,30.45,Downloaded_and_Subsetted
2016-06-09,3B-DAY.MS.MRG.3IMERG.20160609-S000000-E235959.V07B.nc4,GPM_3IMERGDF,07,31.41,Downloaded_and_Subsetted
2016-06-10,3B-DAY.MS.MRG.3IMERG.20160610-S000000-E235959.V07B.nc4,GPM_3IMERGDF,07,31.42,Downloaded_and_Subsetted
2016-06-11,3B-DAY.MS.MRG.3IMERG.20160611-S000000-E235959.V07B.nc4,GPM_3IMERGDF,07,31.86,Downloaded_and_Subsetted
2016-06-12,3B-DAY.MS.MRG.3IMERG.20160612-S000000-E235959.V07B.nc4,GPM_3IMERGDF,07,31.35,Downloaded_and_Subsetted
2016-06-13,3B-DAY.MS.MRG.3IMERG.20160613-S000000-E235959.V07B.nc4,GPM_3IMERGDF,07,30.46,Downloaded_and_Subsetted
2016-06-14,3B-DAY.MS.MRG.3IMERG.20160614-S000000-E235959.V07B.nc4,GPM_3IMERGDF,07,30.13,Downloaded_and_Subsetted
2016-06-15,3B-DAY.MS.MRG.3IMERG.20160615-S000000-E235959.V07B.nc4,GPM_3IMERGDF,07,30.55,Downloaded_and_Subsetted
2016-06-16,3B-DAY.MS.MRG.3IMERG.20160616-S000000-E235959.V07B.nc4,GPM_3IMERGDF,07,30.71,Downloaded_and_Subsetted
2016-06-17,3B-DAY.MS.MRG.3IMERG.20160617-S000000-E235959.V07B.nc4,GPM_3IMERGDF,07,31.01,Downloaded_and_Subsetted
2016-06-18,3B-DAY.MS.MRG.3IMERG.20160618-S000000-E235959.V07B.nc4,GPM_3IMERGDF,07,30.99,Downloaded_and_Subsetted
2016-06-19,3B-DAY.MS.MRG.3IMERG.20160619-S000000-E235959.V07B.nc4,GPM_3IMERGDF,07,31.02,Downloaded_and_Subsetted
2016-06-20,3B-DAY.MS.MRG.3IMERG.20160620-S000000-E235959.V07B.nc4,GPM_3IMERGDF,07,32.08,Downloaded_and_Subsetted
2016-06-21,3B-DAY.MS.MRG.3IMERG.20160621-S000000-E235959.V07B.nc4,GPM_3IMERGDF,07,32.04,Downloaded_and_Subsetted
2016-06-22,3B-DAY.MS.MRG.3IMERG.20160622-S000000-E235959.V07B.nc4,GPM_3IMERGDF,07,32.02,Downloaded_and_Subsetted
2016-06-23,3B-DAY.MS.MRG.3IMERG.20160623-S000000-E235959.V07B.nc4,GPM_3IMERGDF,07,32.45,Downloaded_and_Subsetted
2016-06-24,3B-DAY.MS.MRG.3IMERG.20160624-S000000-E235959.V07B.nc4,GPM_3IMERGDF,07,32.52,Downloaded_and_Subsetted
2016-06-25,3B-DAY.MS.MRG.3IMERG.20160625-S000000-E235959.V07B.nc4,GPM_3IMERGDF,07,32.47,Downloaded_and_Subsetted
2016-06-26,3B-DAY.MS.MRG.3IMERG.20160626-S000000-E235959.V07B.nc4,GPM_3IMERGDF,07,31.57,Downloaded_and_Subsetted
2016-06-27,3B-DAY.MS.MRG.3IMERG.20160627-S000000-E235959.V07B.nc4,GPM_3IMERGDF,07,30.91,Downloaded_and_Subsetted
2016-06-28,3B-DAY.MS.MRG.3IMERG.20160628-S000000-E235959.V07B.nc4,GPM_3IMERGDF,07,31.27,Downloaded_and_Subsetted
2016-06-29,3B-DAY.MS.MRG.3IMERG.20160629-S000000-E235959.V07B.nc4,GPM_3IMERGDF,07,30.34,Downloaded_and_Subsetted
2016-06-30,3B-DAY.MS.MRG.3IMERG.20160630-S000000-E235959.V07B.nc4,GPM_3IMERGDF,07,30.11,Downloaded_and_Subsetted
2016-07-01,3B-DAY.MS.MRG.3IMERG.20160701-S000000-E235959.V07B.nc4,GPM_3IMERGDF,07,31.0,Downloaded_and_Subsetted
2016-07-02,3B-DAY.MS.MRG.3IMERG.20160702-S000000-E235959.V07B.nc4,GPM_3IMERGDF,07,31.47,Downloaded_and_Subsetted
2016-07-03,3B-DAY.MS.MRG.3IMERG.20160703-S000000-E235959.V07B.nc4,GPM_3IMERGDF,07,30.79,Downloaded_and_Subsetted
2016-07-04,3B-DAY.MS.MRG.3IMERG.20160704-S000000-E235959.V07B.nc4,GPM_3IMERGDF,07,30.57,Downloaded_and_Subsetted
2016-07-05,3B-DAY.MS.MRG.3IMERG.20160705-S000000-E235959.V07B.nc4,GPM_3IMERGDF,07,30.82,Downloaded_and_Subsetted
2016-07-06,3B-DAY.MS.MRG.3IMERG.20160706-S000000-E235959.V07B.nc4,GPM_3IMERGDF,07,30.92,Downloaded_and_Subsetted
2016-07-07,3B-DAY.MS.MRG.3IMERG.20160707-S000000-E235959.V07B.nc4,GPM_3IMERGDF,07,31.0,Downloaded_and_Subsetted
2016-07-08,3B-DAY.MS.MRG.3IMERG.20160708-S000000-E235959.V07B.nc4,GPM_3IMERGDF,07,31.45,Downloaded_and_Subsetted
2016-07-09,3B-DAY.MS.MRG.3IMERG.20160709-S000000-E235959.V07B.nc4,GPM_3IMERGDF,07,31.23,Downloaded_and_Subsetted
2016-07-10,3B-DAY.MS.MRG.3IMERG.20160710-S000000-E235959.V07B.nc4,GPM_3IMERGDF,07,31.43,Downloaded_and_Subsetted
2016-07-11,3B-DAY.MS.MRG.3IMERG.20160711-S000000-E235959.V07B.nc4,GPM_3IMERGDF,07,31.71,Downloaded_and_Subsetted
2016-07-12,3B-DAY.MS.MRG.3IMERG.20160712-S000000-E235959.V07B.nc4,GPM_3IMERGDF,07,32.62,Downloaded_and_Subsetted
2016-07-13,3B-DAY.MS.MRG.3IMERG.20160713-S000000-E235959.V07B.nc4,GPM_3IMERGDF,07,33.08,Downloaded_and_Subsetted
2016-07-14,3B-DAY.MS.MRG.3IMERG.20160714-S000000-E235959.V07B.nc4,GPM_3IMERGDF,07,33.02,Downloaded_and_Subsetted
2016-07-15,3B-DAY.MS.MRG.3IMERG.20160715-S000000-E235959.V07B.nc4,GPM_3IMERGDF,07,32.79,Downloaded_and_Subsetted
2016-07-16,3B-DAY.MS.MRG.3IMERG.20160716-S000000-E235959.V07B.nc4,GPM_3IMERGDF,07,32.59,Downloaded_and_Subsetted
2016-07-17,3B-DAY.MS.MRG.3IMERG.20160717-S000000-E235959.V07B.nc4,GPM_3IMERGDF,07,32.43,Downloaded_and_Subsetted
2016-07-18,3B-DAY.MS.MRG.3IMERG.20160718-S000000-E235959.V07B.nc4,GPM_3IMERGDF,07,31.9,Downloaded_and_Subsetted
2016-07-19,3B-DAY.MS.MRG.3IMERG.20160719-S000000-E235959.V07B.nc4,GPM_3IMERGDF,07,31.44,Downloaded_and_Subsetted
2016-07-20,3B-DAY.MS.MRG.3IMERG.20160720-S000000-E235959.V07B.nc4,GPM_3IMERGDF,07,31.88,Downloaded_and_Subsetted
2016-07-21,3B-DAY.MS.MRG.3IMERG.20160721-S000000-E235959.V07B.nc4,GPM_3IMERGDF,07,31.79,Downloaded_and_Subsetted
2016-07-22,3B-DAY.MS.MRG.3IMERG.20160722-S000000-E235959.V07B.nc4,GPM_3IMERGDF,07,31.95,Downloaded_and_Subsetted
2016-07-23,3B-DAY.MS.MRG.3IMERG.20160723-S000000-E235959.V07B.nc4,GPM_3IMERGDF,07,31.87,Downloaded_and_Subsetted
2016-07-24,3B-DAY.MS.MRG.3IMERG.20160724-S000000-E235959.V07B.nc4,GPM_3IMERGDF,07,32.2,Downloaded_and_Subsetted
2016-07-25,3B-DAY.MS.MRG.3IMERG.20160725-S000000-E235959.V07B.nc4,GPM_3IMERGDF,07,32.53,Downloaded_and_Subsetted
2016-07-26,3B-DAY.MS.MRG.3IMERG.20160726-S000000-E235959.V07B.nc4,GPM_3IMERGDF,07,31.85,Downloaded_and_Subsetted
2016-07-27,3B-DAY.MS.MRG.3IMERG.20160727-S000000-E235959.V07B.nc4,GPM_3IMERGDF,07,30.87,Downloaded_and_Subsetted
2016-07-28,3B-DAY.MS.MRG.3IMERG.20160728-S000000-E235959.V07B.nc4,GPM_3IMERGDF,07,30.74,Downloaded_and_Subsetted
2016-07-29,3B-DAY.MS.MRG.3IMERG.20160729-S000000-E235959.V07B.nc4,GPM_3IMERGDF,07,31.24,Downloaded_and_Subsetted
2016-07-30,3B-DAY.MS.MRG.3IMERG.20160730-S000000-E235959.V07B.nc4,GPM_3IMERGDF,07,31.83,Downloaded_and_Subsetted
2016-07-31,3B-DAY.MS.MRG.3IMERG.20160731-S000000-E235959.V07B.nc4,GPM_3IMERGDF,07,31.91,Downloaded_and_Subsetted
2016-08-01,3B-DAY.MS.MRG.3IMERG.20160801-S000000-E235959.V07B.nc4,GPM_3IMERGDF,07,30.32,Downloaded_and_Subsetted
2016-08-02,3B-DAY.MS.MRG.3IMERG.20160802-S000000-E235959.V07B.nc4,GPM_3IMERGDF,07,30.19,Downloaded_and_Subsetted
2016-08-03,3B-DAY.MS.MRG.3IMERG.20160803-S000000-E235959.V07B.nc4,GPM_3IMERGDF,07,30.54,Downloaded_and_Subsetted
2016-08-04,3B-DAY.MS.MRG.3IMERG.20160804-S000000-E235959.V07B.nc4,GPM_3IMERGDF,07,31.31,Downloaded_and_Subsetted
2016-08-05,3B-DAY.MS.MRG.3IMERG.20160805-S000000-E235959.V07B.nc4,GPM_3IMERGDF,07,31.05,Downloaded_and_Subsetted
2016-08-06,3B-DAY.MS.MRG.3IMERG.20160806-S000000-E235959.V07B.nc4,GPM_3IMERGDF,07,31.37,Downloaded_and_Subsetted
2016-08-07,3B-DAY.MS.MRG.3IMERG.20160807-S000000-E235959.V07B.nc4,GPM_3IMERGDF,07,31.43,Downloaded_and_Subsetted
2016-08-08,3B-DAY.MS.MRG.3IMERG.20160808-S000000-E235959.V07B.nc4,GPM_3IMERGDF,07,31.68,Downloaded_and_Subsetted
2016-08-09,3B-DAY.MS.MRG.3IMERG.20160809-S000000-E235959.V07B.nc4,GPM_3IMERGDF,07,31.31,Downloaded_and_Subsetted
2016-08-10,3B-DAY.MS.MRG.3IMERG.20160810-S000000-E235959.V07B.nc4,GPM_3IMERGDF,07,30.91,Downloaded_and_Subsetted
2016-08-11,3B-DAY.MS.MRG.3IMERG.20160811-S000000-E235959.V07B.nc4,GPM_3IMERGDF,07,30.71,Downloaded_and_Subsetted
2016-08-12,3B-DAY.MS.MRG.3IMERG.20160812-S000000-E235959.V07B.nc4,GPM_3IMERGDF,07,30.57,Downloaded_and_Subsetted
2016-08-13,3B-DAY.MS.MRG.3IMERG.20160813-S000000-E235959.V07B.nc4,GPM_3IMERGDF,07,30.36,Downloaded_and_Subsetted
2016-08-14,3B-DAY.MS.MRG.3IMERG.20160814-S000000-E235959.V07B.nc4,GPM_3IMERGDF,07,30.78,Downloaded_and_Subsetted
2016-08-15,3B-DAY.MS.MRG.3IMERG.20160815-S000000-E235959.V07B.nc4,GPM_3IMERGDF,07,30.74,Downloaded_and_Subsetted
2016-08-16,3B-DAY.MS.MRG.3IMERG.20160816-S000000-E235959.V07B.nc4,GPM_3IMERGDF,07,30.96,Downloaded_and_Subsetted
2016-08-17,3B-DAY.MS.MRG.3IMERG.20160817-S000000-E235959.V07B.nc4,GPM_3IMERGDF,07,30.62,Downloaded_and_Subsetted
2016-08-18,3B-DAY.MS.MRG.3IMERG.20160818-S000000-E235959.V07B.nc4,GPM_3IMERGDF,07,30.76,Downloaded_and_Subsetted
2016-08-19,3B-DAY.MS.MRG.3IMERG.20160819-S000000-E235959.V07B.nc4,GPM_3IMERGDF,07,30.58,Downloaded_and_Subsetted
2016-08-20,3B-DAY.MS.MRG.3IMERG.20160820-S000000-E235959.V07B.nc4,GPM_3IMERGDF,07,30.95,Downloaded_and_Subsetted
2016-08-21,3B-DAY.MS.MRG.3IMERG.20160821-S000000-E235959.V07B.nc4,GPM_3IMERGDF,07,31.47,Downloaded_and_Subsetted
2016-08-22,3B-DAY.MS.MRG.3IMERG.20160822-S000000-E235959.V07B.nc4,GPM_3IMERGDF,07,31.25,Downloaded_and_Subsetted
2016-08-23,3B-DAY.MS.MRG.3IMERG.20160823-S000000-E235959.V07B.nc4,GPM_3IMERGDF,07,31.53,Downloaded_and_Subsetted
2016-08-24,3B-DAY.MS.MRG.3IMERG.20160824-S000000-E235959.V07B.nc4,GPM_3IMERGDF,07,31.73,Downloaded_and_Subsetted
2016-08-25,3B-DAY.MS.MRG.3IMERG.20160825-S000000-E235959.V07B.nc4,GPM_3IMERGDF,07,31.54,Downloaded_and_Subsetted
2016-08-26,3B-DAY.MS.MRG.3IMERG.20160826-S000000-E235959.V07B.nc4,GPM_3IMERGDF,07,32.3,Downloaded_and_Subsetted
2016-08-27,3B-DAY.MS.MRG.3IMERG.20160827-S000000-E235959.V07B.nc4,GPM_3IMERGDF,07,32.75,Downloaded_and_Subsetted
2016-08-28,3B-DAY.MS.MRG.3IMERG.20160828-S000000-E235959.V07B.nc4,GPM_3IMERGDF,07,32.91,Downloaded_and_Subsetted
2016-08-29,3B-DAY.MS.MRG.3IMERG.20160829-S000000-E235959.V07B.nc4,GPM_3IMERGDF,07,32.9,Downloaded_and_Subsetted
2016-08-30,3B-DAY.MS.MRG.3IMERG.20160830-S000000-E235959.V07B.nc4,GPM_3IMERGDF,07,33.49,Downloaded_and_Subsetted
2016-08-31,3B-DAY.MS.MRG.3IMERG.20160831-S000000-E235959.V07B.nc4,GPM_3IMERGDF,07,33.13,Downloaded_and_Subsetted
2016-09-01,3B-DAY.MS.MRG.3IMERG.20160901-S000000-E235959.V07B.nc4,GPM_3IMERGDF,07,33.18,Downloaded_and_Subsetted
2016-09-02,3B-DAY.MS.MRG.3IMERG.20160902-S000000-E235959.V07B.nc4,GPM_3IMERGDF,07,32.75,Downloaded_and_Subsetted
2016-09-03,3B-DAY.MS.MRG.3IMERG.20160903-S000000-E235959.V07B.nc4,GPM_3IMERGDF,07,32.04,Downloaded_and_Subsetted
2016-09-04,3B-DAY.MS.MRG.3IMERG.20160904-S000000-E235959.V07B.nc4,GPM_3IMERGDF,07,31.77,Downloaded_and_Subsetted
2016-09-05,3B-DAY.MS.MRG.3IMERG.20160905-S000000-E235959.V07B.nc4,GPM_3IMERGDF,07,31.75,Downloaded_and_Subsetted
2016-09-06,3B-DAY.MS.MRG.3IMERG.20160906-S000000-E235959.V07B.nc4,GPM_3IMERGDF,07,31.89,Downloaded_and_Subsetted
2016-09-07,3B-DAY.MS.MRG.3IMERG.20160907-S000000-E235959.V07B.nc4,GPM_3IMERGDF,07,32.25,Downloaded_and_Subsetted
2016-09-08,3B-DAY.MS.MRG.3IMERG.20160908-S000000-E235959.V07B.nc4,GPM_3IMERGDF,07,31.88,Downloaded_and_Subsetted
2016-09-09,3B-DAY.MS.MRG.3IMERG.20160909-S000000-E235959.V07B.nc4,GPM_3IMERGDF,07,31.49,Downloaded_and_Subsetted
2016-09-10,3B-DAY.MS.MRG.3IMERG.20160910-S000000-E235959.V07B.nc4,GPM_3IMERGDF,07,31.64,Downloaded_and_Subsetted
2016-09-11,3B-DAY.MS.MRG.3IMERG.20160911-S000000-E235959.V07B.nc4,GPM_3IMERGDF,07,32.08,Downloaded_and_Subsetted
2016-09-12,3B-DAY.MS.MRG.3IMERG.20160912-S000000-E235959.V07B.nc4,GPM_3IMERGDF,07,32.6,Downloaded_and_Subsetted
2016-09-13,3B-DAY.MS.MRG.3IMERG.20160913-S000000-E235959.V07B.nc4,GPM_3IMERGDF,07,32.51,Downloaded_and_Subsetted
2016-09-14,3B-DAY.MS.MRG.3IMERG.20160914-S000000-E235959.V07B.nc4,GPM_3IMERGDF,07,32.57,Downloaded_and_Subsetted
2016-09-15,3B-DAY.MS.MRG.3IMERG.20160915-S000000-E235959.V07B.nc4,GPM_3IMERGDF,07,32.09,Downloaded_and_Subsetted
2016-09-16,3B-DAY.MS.MRG.3IMERG.20160916-S000000-E235959.V07B.nc4,GPM_3IMERGDF,07,32.37,Downloaded_and_Subsetted
2016-09-17,3B-DAY.MS.MRG.3IMERG.20160917-S000000-E235959.V07B.nc4,GPM_3IMERGDF,07,32.99,Downloaded_and_Subsetted
2016-09-18,3B-DAY.MS.MRG.3IMERG.20160918-S000000-E235959.V07B.nc4,GPM_3IMERGDF,07,32.97,Downloaded_and_Subsetted
2016-09-19,3B-DAY.MS.MRG.3IMERG.20160919-S000000-E235959.V07B.nc4,GPM_3IMERGDF,07,32.68,Downloaded_and_Subsetted
2016-09-20,3B-DAY.MS.MRG.3IMERG.20160920-S000000-E235959.V07B.nc4,GPM_3IMERGDF,07,31.71,Downloaded_and_Subsetted
2016-09-21,3B-DAY.MS.MRG.3IMERG.20160921-S000000-E235959.V07B.nc4,GPM_3IMERGDF,07,31.24,Downloaded_and_Subsetted
2016-09-22,3B-DAY.MS.MRG.3IMERG.20160922-S000000-E235959.V07B.nc4,GPM_3IMERGDF,07,31.14,Downloaded_and_Subsetted
2016-09-23,3B-DAY.MS.MRG.3IMERG.20160923-S000000-E235959.V07B.nc4,GPM_3IMERGDF,07,30.74,Downloaded_and_Subsetted
2016-09-24,3B-DAY.MS.MRG.3IMERG.20160924-S000000-E235959.V07B.nc4,GPM_3IMERGDF,07,31.15,Downloaded_and_Subsetted
2016-09-25,3B-DAY.MS.MRG.3IMERG.20160925-S000000-E235959.V07B.nc4,GPM_3IMERGDF,07,31.72,Downloaded_and_Subsetted
2016-09-26,3B-DAY.MS.MRG.3IMERG.20160926-S000000-E235959.V07B.nc4,GPM_3IMERGDF,07,32.63,Downloaded_and_Subsetted
2016-09-27,3B-DAY.MS.MRG.3IMERG.20160927-S000000-E235959.V07B.nc4,GPM_3IMERGDF,07,32.96,Downloaded_and_Subsetted
2016-09-28,3B-DAY.MS.MRG.3IMERG.20160928-S000000-E235959.V07B.nc4,GPM_3IMERGDF,07,32.16,Downloaded_and_Subsetted
2016-09-29,3B-DAY.MS.MRG.3IMERG.20160929-S000000-E235959.V07B.nc4,GPM_3IMERGDF,07,31.72,Downloaded_and_Subsetted
2016-09-30,3B-DAY.MS.MRG.3IMERG.20160930-S000000-E235959.V07B.nc4,GPM_3IMERGDF,07,31.2,Downloaded_and_Subsetted
2016-10-01,3B-DAY.MS.MRG.3IMERG.20161001-S000000-E235959.V07B.nc4,GPM_3IMERGDF,07,31.31,Downloaded_and_Subsetted
2016-10-02,3B-DAY.MS.MRG.3IMERG.20161002-S000000-E235959.V07B.nc4,GPM_3IMERGDF,07,31.7,Downloaded_and_Subsetted
2016-10-03,3B-DAY.MS.MRG.3IMERG.20161003-S000000-E235959.V07B.nc4,GPM_3IMERGDF,07,32.32,Downloaded_and_Subsetted
2016-10-04,3B-DAY.MS.MRG.3IMERG.20161004-S000000-E235959.V07B.nc4,GPM_3IMERGDF,07,31.78,Downloaded_and_Subsetted
2016-10-05,3B-DAY.MS.MRG.3IMERG.20161005-S000000-E235959.V07B.nc4,GPM_3IMERGDF,07,31.36,Downloaded_and_Subsetted
2016-10-06,3B-DAY.MS.MRG.3IMERG.20161006-S000000-E235959.V07B.nc4,GPM_3IMERGDF,07,31.46,Downloaded_and_Subsetted
2016-10-07,3B-DAY.MS.MRG.3IMERG.20161007-S000000-E235959.V07B.nc4,GPM_3IMERGDF,07,32.22,Downloaded_and_Subsetted
2016-10-08,3B-DAY.MS.MRG.3IMERG.20161008-S000000-E235959.V07B.nc4,GPM_3IMERGDF,07,31.88,Downloaded_and_Subsetted
2016-10-09,3B-DAY.MS.MRG.3IMERG.20161009-S000000-E235959.V07B.nc4,GPM_3IMERGDF,07,31.46,Downloaded_and_Subsetted
2016-10-10,3B-DAY.MS.MRG.3IMERG.20161010-S000000-E235959.V07B.nc4,GPM_3IMERGDF,07,31.21,Downloaded_and_Subsetted
2016-10-11,3B-DAY.MS.MRG.3IMERG.20161011-S000000-E235959.V07B.nc4,GPM_3IMERGDF,07,31.03,Downloaded_and_Subsetted
2016-10-12,3B-DAY.MS.MRG.3IMERG.20161012-S000000-E235959.V07B.nc4,GPM_3IMERGDF,07,30.75,Downloaded_and_Subsetted
2016-10-13,3B-DAY.MS.MRG.3IMERG.20161013-S000000-E235959.V07B.nc4,GPM_3IMERGDF,07,30.99,Downloaded_and_Subsetted
2016-10-14,3B-DAY.MS.MRG.3IMERG.20161014-S000000-E235959.V07B.nc4,GPM_3IMERGDF,07,31.22,Downloaded_and_Subsetted
2016-10-15,3B-DAY.MS.MRG.3IMERG.20161015-S000000-E235959.V07B.nc4,GPM_3IMERGDF,07,30.91,Downloaded_and_Subsetted
2016-10-16,3B-DAY.MS.MRG.3IMERG.20161016-S000000-E235959.V07B.nc4,GPM_3IMERGDF,07,31.33,Downloaded_and_Subsetted
2016-10-17,3B-DAY.MS.MRG.3IMERG.20161017-S000000-E235959.V07B.nc4,GPM_3IMERGDF,07,30.65,Downloaded_and_Subsetted
2016-10-18,3B-DAY.MS.MRG.3IMERG.20161018-S000000-E235959.V07B.nc4,GPM_3IMERGDF,07,29.55,Downloaded_and_Subsetted
2016-10-19,3B-DAY.MS.MRG.3IMERG.20161019-S000000-E235959.V07B.nc4,GPM_3IMERGDF,07,29.54,Downloaded_and_Subsetted
2016-10-20,3B-DAY.MS.MRG.3IMERG.20161020-S000000-E235959.V07B.nc4,GPM_3IMERGDF,07,30.11,Downloaded_and_Subsetted
2016-10-21,3B-DAY.MS.MRG.3IMERG.20161021-S000000-E235959.V07B.nc4,GPM_3IMERGDF,07,31.29,Downloaded_and_Subsetted
2016-10-22,3B-DAY.MS.MRG.3IMERG.20161022-S000000-E235959.V07B.nc4,GPM_3IMERGDF,07,30.54,Downloaded_and_Subsetted
2016-10-23,3B-DAY.MS.MRG.3IMERG.20161023-S000000-E235959.V07B.nc4,GPM_3IMERGDF,07,30.79,Downloaded_and_Subsetted
2016-10-24,3B-DAY.MS.MRG.3IMERG.20161024-S000000-E235959.V07B.nc4,GPM_3IMERGDF,07,30.56,Downloaded_and_Subsetted
2016-10-25,3B-DAY.MS.MRG.3IMERG.20161025-S000000-E235959.V07B.nc4,GPM_3IMERGDF,07,30.87,Downloaded_and_Subsetted
2016-10-26,3B-DAY.MS.MRG.3IMERG.20161026-S000000-E235959.V07B.nc4,GPM_3IMERGDF,07,31.22,Downloaded_and_Subsetted
2016-10-27,3B-DAY.MS.MRG.3IMERG.20161027-S000000-E235959.V07B.nc4,GPM_3IMERGDF,07,30.93,Downloaded_and_Subsetted
2016-10-28,3B-DAY.MS.MRG.3IMERG.20161028-S000000-E235959.V07B.nc4,GPM_3IMERGDF,07,31.4,Downloaded_and_Subsetted
2016-10-29,3B-DAY.MS.MRG.3IMERG.20161029-S000000-E235959.V07B.nc4,GPM_3IMERGDF,07,31.39,Downloaded_and_Subsetted
2016-10-30,3B-DAY.MS.MRG.3IMERG.20161030-S000000-E235959.V07B.nc4,GPM_3IMERGDF,07,30.79,Downloaded_and_Subsetted
2016-10-31,3B-DAY.MS.MRG.3IMERG.20161031-S000000-E235959.V07B.nc4,GPM_3IMERGDF,07,30.56,Downloaded_and_Subsetted
2016-11-01,3B-DAY.MS.MRG.3IMERG.20161101-S000000-E235959.V07B.nc4,GPM_3IMERGDF,07,31.02,Downloaded_and_Subsetted
2016-11-02,3B-DAY.MS.MRG.3IMERG.20161102-S000000-E235959.V07B.nc4,GPM_3IMERGDF,07,30.85,Downloaded_and_Subsetted
2016-11-03,3B-DAY.MS.MRG.3IMERG.20161103-S000000-E235959.V07B.nc4,GPM_3IMERGDF,07,31.25,Downloaded_and_Subsetted
2016-11-04,3B-DAY.MS.MRG.3IMERG.20161104-S000000-E235959.V07B.nc4,GPM_3IMERGDF,07,29.89,Downloaded_and_Subsetted
2016-11-05,3B-DAY.MS.MRG.3IMERG.20161105-S000000-E235959.V07B.nc4,GPM_3IMERGDF,07,30.07,Downloaded_and_Subsetted
2016-11-06,3B-DAY.MS.MRG.3IMERG.20161106-S000000-E235959.V07B.nc4,GPM_3IMERGDF,07,30.3,Downloaded_and_Subsetted
2016-11-07,3B-DAY.MS.MRG.3IMERG.20161107-S000000-E235959.V07B.nc4,GPM_3IMERGDF,07,30.83,Downloaded_and_Subsetted
2016-11-08,3B-DAY.MS.MRG.3IMERG.20161108-S000000-E235959.V07B.nc4,GPM_3IMERGDF,07,30.82,Downloaded_and_Subsetted
2016-11-09,3B-DAY.MS.MRG.3IMERG.20161109-S000000-E235959.V07B.nc4,GPM_3IMERGDF,07,30.38,Downloaded_and_Subsetted
2016-11-10,3B-DAY.MS.MRG.3IMERG.20161110-S000000-E235959.V07B.nc4,GPM_3IMERGDF,07,29.37,Downloaded_and_Subsetted
2016-11-11,3B-DAY.MS.MRG.3IMERG.20161111-S000000-E235959.V07B.nc4,GPM_3IMERGDF,07,29.13,Downloaded_and_Subsetted
2016-11-12,3B-DAY.MS.MRG.3IMERG.20161112-S000000-E235959.V07B.nc4,GPM_3IMERGDF,07,29.87,Downloaded_and_Subsetted
2016-11-13,3B-DAY.MS.MRG.3IMERG.20161113-S000000-E235959.V07B.nc4,GPM_3IMERGDF,07,29.77,Downloaded_and_Subsetted
2016-11-14,3B-DAY.MS.MRG.3IMERG.20161114-S000000-E235959.V07B.nc4,GPM_3IMERGDF,07,30.77,Downloaded_and_Subsetted
2016-11-15,3B-DAY.MS.MRG.3IMERG.20161115-S000000-E235959.V07B.nc4,GPM_3IMERGDF,07,31.43,Downloaded_and_Subsetted
2016-11-16,3B-DAY.MS.MRG.3IMERG.20161116-S000000-E235959.V07B.nc4,GPM_3IMERGDF,07,32.21,Downloaded_and_Subsetted
2016-11-17,3B-DAY.MS.MRG.3IMERG.20161117-S000000-E235959.V07B.nc4,GPM_3IMERGDF,07,31.48,Downloaded_and_Subsetted
2016-11-18,3B-DAY.MS.MRG.3IMERG.20161118-S000000-E235959.V07B.nc4,GPM_3IMERGDF,07,30.21,Downloaded_and_Subsetted
2016-11-19,3B-DAY.MS.MRG.3IMERG.20161119-S000000-E235959.V07B.nc4,GPM_3IMERGDF,07,29.44,Downloaded_and_Subsetted
2016-11-20,3B-DAY.MS.MRG.3IMERG.20161120-S000000-E235959.V07B.nc4,GPM_3IMERGDF,07,29.32,Downloaded_and_Subsetted
2016-11-21,3B-DAY.MS.MRG.3IMERG.20161121-S000000-E235959.V07B.nc4,GPM_3IMERGDF,07,30.0,Downloaded_and_Subsetted
2016-11-22,3B-DAY.MS.MRG.3IMERG.20161122-S000000-E235959.V07B.nc4,GPM_3IMERGDF,07,29.67,Downloaded_and_Subsetted
2016-11-23,3B-DAY.MS.MRG.3IMERG.20161123-S000000-E235959.V07B.nc4,GPM_3IMERGDF,07,29.1,Downloaded_and_Subsetted
2016-11-24,3B-DAY.MS.MRG.3IMERG.20161124-S000000-E235959.V07B.nc4,GPM_3IMERGDF,07,28.14,Downloaded_and_Subsetted
2016-11-25,3B-DAY.MS.MRG.3IMERG.20161125-S000000-E235959.V07B.nc4,GPM_3IMERGDF,07,27.78,Downloaded_and_Subsetted
2016-11-26,3B-DAY.MS.MRG.3IMERG.20161126-S000000-E235959.V07B.nc4,GPM_3IMERGDF,07,27.98,Downloaded_and_Subsetted
2016-11-27,3B-DAY.MS.MRG.3IMERG.20161127-S000000-E235959.V07B.nc4,GPM_3IMERGDF,07,27.27,Downloaded_and_Subsetted
2016-11-28,3B-DAY.MS.MRG.3IMERG.20161128-S000000-E235959.V07B.nc4,GPM_3IMERGDF,07,27.18,Downloaded_and_Subsetted
2016-11-29,3B-DAY.MS.MRG.3IMERG.20161129-S000000-E235959.V07B.nc4,GPM_3IMERGDF,07,26.88,Downloaded_and_Subsetted
2016-11-30,3B-DAY.MS.MRG.3IMERG.20161130-S000000-E235959.V07B.nc4,GPM_3IMERGDF,07,27.06,Downloaded_and_Subsetted
2016-12-01,3B-DAY.MS.MRG.3IMERG.20161201-S000000-E235959.V07B.nc4,GPM_3IMERGDF,07,26.25,Downloaded_and_Subsetted
2016-12-02,3B-DAY.MS.MRG.3IMERG.20161202-S000000-E235959.V07B.nc4,GPM_3IMERGDF,07,26.86,Downloaded_and_Subsetted
2016-12-03,3B-DAY.MS.MRG.3IMERG.20161203-S000000-E235959.V07B.nc4,GPM_3IMERGDF,07,26.88,Downloaded_and_Subsetted
2016-12-04,3B-DAY.MS.MRG.3IMERG.20161204-S000000-E235959.V07B.nc4,GPM_3IMERGDF,07,26.63,Downloaded_and_Subsetted
2016-12-05,3B-DAY.MS.MRG.3IMERG.20161205-S000000-E235959.V07B.nc4,GPM_3IMERGDF,07,26.78,Downloaded_and_Subsetted
2016-12-06,3B-DAY.MS.MRG.3IMERG.20161206-S000000-E235959.V07B.nc4,GPM_3IMERGDF,07,26.45,Downloaded_and_Subsetted
2016-12-07,3B-DAY.MS.MRG.3IMERG.20161207-S000000-E235959.V07B.nc4,GPM_3IMERGDF,07,26.41,Downloaded_and_Subsetted
2016-12-08,3B-DAY.MS.MRG.3IMERG.20161208-S000000-E235959.V07B.nc4,GPM_3IMERGDF,07,27.12,Downloaded_and_Subsetted
2016-12-09,3B-DAY.MS.MRG.3IMERG.20161209-S000000-E235959.V07B.nc4,GPM_3IMERGDF,07,27.75,Downloaded_and_Subsetted
2016-12-10,3B-DAY.MS.MRG.3IMERG.20161210-S000000-E235959.V07B.nc4,GPM_3IMERGDF,07,27.25,Downloaded_and_Subsetted
2016-12-11,3B-DAY.MS.MRG.3IMERG.20161211-S000000-E235959.V07B.nc4,GPM_3IMERGDF,07,27.01,Downloaded_and_Subsetted
2016-12-12,3B-DAY.MS.MRG.3IMERG.20161212-S000000-E235959.V07B.nc4,GPM_3IMERGDF,07,27.01,Downloaded_and_Subsetted
2016-12-13,3B-DAY.MS.MRG.3IMERG.20161213-S000000-E235959.V07B.nc4,GPM_3IMERGDF,07,28.27,Downloaded_and_Subsetted
2016-12-14,3B-DAY.MS.MRG.3IMERG.20161214-S000000-E235959.V07B.nc4,GPM_3IMERGDF,07,28.33,Downloaded_and_Subsetted
2016-12-15,3B-DAY.MS.MRG.3IMERG.20161215-S000000-E235959.V07B.nc4,GPM_3IMERGDF,07,28.29,Downloaded_and_Subsetted
2016-12-16,3B-DAY.MS.MRG.3IMERG.20161216-S000000-E235959.V07B.nc4,GPM_3IMERGDF,07,28.76,Downloaded_and_Subsetted
2016-12-17,3B-DAY.MS.MRG.3IMERG.20161217-S000000-E235959.V07B.nc4,GPM_3IMERGDF,07,29.13,Downloaded_and_Subsetted
2016-12-18,3B-DAY.MS.MRG.3IMERG.20161218-S000000-E235959.V07B.nc4,GPM_3IMERGDF,07,29.16,Downloaded_and_Subsetted
2016-12-19,3B-DAY.MS.MRG.3IMERG.20161219-S000000-E235959.V07B.nc4,GPM_3IMERGDF,07,29.49,Downloaded_and_Subsetted
2016-12-20,3B-DAY.MS.MRG.3IMERG.20161220-S000000-E235959.V07B.nc4,GPM_3IMERGDF,07,29.3,Downloaded_and_Subsetted
2016-12-21,3B-DAY.MS.MRG.3IMERG.20161221-S000000-E235959.V07B.nc4,GPM_3IMERGDF,07,28.95,Downloaded_and_Subsetted
2016-12-22,3B-DAY.MS.MRG.3IMERG.20161222-S000000-E235959.V07B.nc4,GPM_3IMERGDF,07,28.78,Downloaded_and_Subsetted
2016-12-23,3B-DAY.MS.MRG.3IMERG.20161223-S000000-E235959.V07B.nc4,GPM_3IMERGDF,07,28.81,Downloaded_and_Subsetted
2016-12-24,3B-DAY.MS.MRG.3IMERG.20161224-S000000-E235959.V07B.nc4,GPM_3IMERGDF,07,28.4,Downloaded_and_Subsetted
2016-12-25,3B-DAY.MS.MRG.3IMERG.20161225-S000000-E235959.V07B.nc4,GPM_3IMERGDF,07,28.31,Downloaded_and_Subsetted
2016-12-26,3B-DAY.MS.MRG.3IMERG.20161226-S000000-E235959.V07B.nc4,GPM_3IMERGDF,07,27.88,Downloaded_and_Subsetted
2016-12-27,3B-DAY.MS.MRG.3IMERG.20161227-S000000-E235959.V07B.nc4,GPM_3IMERGDF,07,27.5,Downloaded_and_Subsetted
2016-12-28,3B-DAY.MS.MRG.3IMERG.20161228-S000000-E235959.V07B.nc4,GPM_3IMERGDF,07,27.16,Downloaded_and_Subsetted
2016-12-29,3B-DAY.MS.MRG.3IMERG.20161229-S000000-E235959.V07B.nc4,GPM_3IMERGDF,07,27.03,Downloaded_and_Subsetted
2016-12-30,3B-DAY.MS.MRG.3IMERG.20161230-S000000-E235959.V07B.nc4,GPM_3IMERGDF,07,27.02,Downloaded_and_Subsetted
2016-12-31,3B-DAY.MS.MRG.3IMERG.20161231-S000000-E235959.V07B.nc4,GPM_3IMERGDF,07,26.9,Downloaded_and_Subsetted
2017-01-01,3B-DAY.MS.MRG.3IMERG.20170101-S000000-E235959.V07B.nc4,GPM_3IMERGDF,07,26.94,Downloaded_and_Subsetted
2017-01-02,3B-DAY.MS.MRG.3IMERG.20170102-S000000-E235959.V07B.nc4,GPM_3IMERGDF,07,27.33,Downloaded_and_Subsetted
2017-01-03,3B-DAY.MS.MRG.3IMERG.20170103-S000000-E235959.V07B.nc4,GPM_3IMERGDF,07,27.76,Downloaded_and_Subsetted
2017-01-04,3B-DAY.MS.MRG.3IMERG.20170104-S000000-E235959.V07B.nc4,GPM_3IMERGDF,07,27.02,Downloaded_and_Subsetted
2017-01-05,3B-DAY.MS.MRG.3IMERG.20170105-S000000-E235959.V07B.nc4,GPM_3IMERGDF,07,26.86,Downloaded_and_Subsetted
2017-01-06,3B-DAY.MS.MRG.3IMERG.20170106-S000000-E235959.V07B.nc4,GPM_3IMERGDF,07,27.37,Downloaded_and_Subsetted
2017-01-07,3B-DAY.MS.MRG.3IMERG.20170107-S000000-E235959.V07B.nc4,GPM_3IMERGDF,07,27.09,Downloaded_and_Subsetted
2017-01-08,3B-DAY.MS.MRG.3IMERG.20170108-S000000-E235959.V07B.nc4,GPM_3IMERGDF,07,27.27,Downloaded_and_Subsetted
2017-01-09,3B-DAY.MS.MRG.3IMERG.20170109-S000000-E235959.V07B.nc4,GPM_3IMERGDF,07,28.0,Downloaded_and_Subsetted
2017-01-10,3B-DAY.MS.MRG.3IMERG.20170110-S000000-E235959.V07B.nc4,GPM_3IMERGDF,07,27.74,Downloaded_and_Subsetted
2017-01-11,3B-DAY.MS.MRG.3IMERG.20170111-S000000-E235959.V07B.nc4,GPM_3IMERGDF,07,27.25,Downloaded_and_Subsetted
2017-01-12,3B-DAY.MS.MRG.3IMERG.20170112-S000000-E235959.V07B.nc4,GPM_3IMERGDF,07,26.69,Downloaded_and_Subsetted
2017-01-13,3B-DAY.MS.MRG.3IMERG.20170113-S000000-E235959.V07B.nc4,GPM_3IMERGDF,07,27.5,Downloaded_and_Subsetted
2017-01-14,3B-DAY.MS.MRG.3IMERG.20170114-S000000-E235959.V07B.nc4,GPM_3IMERGDF,07,28.33,Downloaded_and_Subsetted
2017-01-15,3B-DAY.MS.MRG.3IMERG.20170115-S000000-E235959.V07B.nc4,GPM_3IMERGDF,07,28.19,Downloaded_and_Subsetted
2017-01-16,3B-DAY.MS.MRG.3IMERG.20170116-S000000-E235959.V07B.nc4,GPM_3IMERGDF,07,28.09,Downloaded_and_Subsetted
2017-01-17,3B-DAY.MS.MRG.3IMERG.20170117-S000000-E235959.V07B.nc4,GPM_3IMERGDF,07,28.93,Downloaded_and_Subsetted
2017-01-18,3B-DAY.MS.MRG.3IMERG.20170118-S000000-E235959.V07B.nc4,GPM_3IMERGDF,07,28.41,Downloaded_and_Subsetted
2017-01-19,3B-DAY.MS.MRG.3IMERG.20170119-S000000-E235959.V07B.nc4,GPM_3IMERGDF,07,28.23,Downloaded_and_Subsetted
2017-01-20,3B-DAY.MS.MRG.3IMERG.20170120-S000000-E235959.V07B.nc4,GPM_3IMERGDF,07,27.43,Downloaded_and_Subsetted
2017-01-21,3B-DAY.MS.MRG.3IMERG.20170121-S000000-E235959.V07B.nc4,GPM_3IMERGDF,07,27.08,Downloaded_and_Subsetted
2017-01-22,3B-DAY.MS.MRG.3IMERG.20170122-S000000-E235959.V07B.nc4,GPM_3IMERGDF,07,27.15,Downloaded_and_Subsetted
2017-01-23,3B-DAY.MS.MRG.3IMERG.20170123-S000000-E235959.V07B.nc4,GPM_3IMERGDF,07,27.25,Downloaded_and_Subsetted
2017-01-24,3B-DAY.MS.MRG.3IMERG.20170124-S000000-E235959.V07B.nc4,GPM_3IMERGDF,07,27.25,Downloaded_and_Subsetted
2017-01-25,3B-DAY.MS.MRG.3IMERG.20170125-S000000-E235959.V07B.nc4,GPM_3IMERGDF,07,27.87,Downloaded_and_Subsetted
2017-01-26,3B-DAY.MS.MRG.3IMERG.20170126-S000000-E235959.V07B.nc4,GPM_3IMERGDF,07,27.74,Downloaded_and_Subsetted
2017-01-27,3B-DAY.MS.MRG.3IMERG.20170127-S000000-E235959.V07B.nc4,GPM_3IMERGDF,07,27.72,Downloaded_and_Subsetted
2017-01-28,3B-DAY.MS.MRG.3IMERG.20170128-S000000-E235959.V07B.nc4,GPM_3IMERGDF,07,27.33,Downloaded_and_Subsetted
2017-01-29,3B-DAY.MS.MRG.3IMERG.20170129-S000000-E235959.V07B.nc4,GPM_3IMERGDF,07,27.08,Downloaded_and_Subsetted
2017-01-30,3B-DAY.MS.MRG.3IMERG.20170130-S000000-E235959.V07B.nc4,GPM_3IMERGDF,07,26.58,Downloaded_and_Subsetted
2017-01-31,3B-DAY.MS.MRG.3IMERG.20170131-S000000-E235959.V07B.nc4,GPM_3IMERGDF,07,26.81,Downloaded_and_Subsetted
2017-02-01,3B-DAY.MS.MRG.3IMERG.20170201-S000000-E235959.V07B.nc4,GPM_3IMERGDF,07,27.17,Downloaded_and_Subsetted
2017-02-02,3B-DAY.MS.MRG.3IMERG.20170202-S000000-E235959.V07B.nc4,GPM_3IMERGDF,07,27.2,Downloaded_and_Subsetted
2017-02-03,3B-DAY.MS.MRG.3IMERG.20170203-S000000-E235959.V07B.nc4,GPM_3IMERGDF,07,27.28,Downloaded_and_Subsetted
2017-02-04,3B-DAY.MS.MRG.3IMERG.20170204-S000000-E235959.V07B.nc4,GPM_3IMERGDF,07,27.45,Downloaded_and_Subsetted
2017-02-05,3B-DAY.MS.MRG.3IMERG.20170205-S000000-E235959.V07B.nc4,GPM_3IMERGDF,07,27.7,Downloaded_and_Subsetted
2017-02-06,3B-DAY.MS.MRG.3IMERG.20170206-S000000-E235959.V07B.nc4,GPM_3IMERGDF,07,27.92,Downloaded_and_Subsetted
2017-02-07,3B-DAY.MS.MRG.3IMERG.20170207-S000000-E235959.V07B.nc4,GPM_3IMERGDF,07,28.38,Downloaded_and_Subsetted
2017-02-08,3B-DAY.MS.MRG.3IMERG.20170208-S000000-E235959.V07B.nc4,GPM_3IMERGDF,07,28.02,Downloaded_and_Subsetted
2017-02-09,3B-DAY.MS.MRG.3IMERG.20170209-S000000-E235959.V07B.nc4,GPM_3IMERGDF,07,28.5,Downloaded_and_Subsetted
2017-02-10,3B-DAY.MS.MRG.3IMERG.20170210-S000000-E235959.V07B.nc4,GPM_3IMERGDF,07,29.38,Downloaded_and_Subsetted
2017-02-11,3B-DAY.MS.MRG.3IMERG.20170211-S000000-E235959.V07B.nc4,GPM_3IMERGDF,07,29.09,Downloaded_and_Subsetted
2017-02-12,3B-DAY.MS.MRG.3IMERG.20170212-S000000-E235959.V07B.nc4,GPM_3IMERGDF,07,28.17,Downloaded_and_Subsetted
2017-02-13,3B-DAY.MS.MRG.3IMERG.20170213-S000000-E235959.V07B.nc4,GPM_3IMERGDF,07,27.49,Downloaded_and_Subsetted
2017-02-14,3B-DAY.MS.MRG.3IMERG.20170214-S000000-E235959.V07B.nc4,GPM_3IMERGDF,07,27.11,Downloaded_and_Subsetted
2017-02-15,3B-DAY.MS.MRG.3IMERG.20170215-S000000-E235959.V07B.nc4,GPM_3IMERGDF,07,27.36,Downloaded_and_Subsetted
2017-02-16,3B-DAY.MS.MRG.3IMERG.20170216-S000000-E235959.V07B.nc4,GPM_3IMERGDF,07,27.92,Downloaded_and_Subsetted
2017-02-17,3B-DAY.MS.MRG.3IMERG.20170217-S000000-E235959.V07B.nc4,GPM_3IMERGDF,07,27.91,Downloaded_and_Subsetted
2017-02-18,3B-DAY.MS.MRG.3IMERG.20170218-S000000-E235959.V07B.nc4,GPM_3IMERGDF,07,28.53,Downloaded_and_Subsetted
2017-02-19,3B-DAY.MS.MRG.3IMERG.20170219-S000000-E235959.V07B.nc4,GPM_3IMERGDF,07,27.7,Downloaded_and_Subsetted
2017-02-20,3B-DAY.MS.MRG.3IMERG.20170220-S000000-E235959.V07B.nc4,GPM_3IMERGDF,07,27.58,Downloaded_and_Subsetted
2017-02-21,3B-DAY.MS.MRG.3IMERG.20170221-S000000-E235959.V07B.nc4,GPM_3IMERGDF,07,27.93,Downloaded_and_Subsetted
2017-02-22,3B-DAY.MS.MRG.3IMERG.20170222-S000000-E235959.V07B.nc4,GPM_3IMERGDF,07,27.91,Downloaded_and_Subsetted
2017-02-23,3B-DAY.MS.MRG.3IMERG.20170223-S000000-E235959.V07B.nc4,GPM_3IMERGDF,07,27.57,Downloaded_and_Subsetted
2017-02-24,3B-DAY.MS.MRG.3IMERG.20170224-S000000-E235959.V07B.nc4,GPM_3IMERGDF,07,27.66,Downloaded_and_Subsetted
2017-02-25,3B-DAY.MS.MRG.3IMERG.20170225-S000000-E235959.V07B.nc4,GPM_3IMERGDF,07,27.91,Downloaded_and_Subsetted
2017-02-26,3B-DAY.MS.MRG.3IMERG.20170226-S000000-E235959.V07B.nc4,GPM_3IMERGDF,07,27.76,Downloaded_and_Subsetted
2017-02-27,3B-DAY.MS.MRG.3IMERG.20170227-S000000-E235959.V07B.nc4,GPM_3IMERGDF,07,27.46,Downloaded_and_Subsetted
2017-02-28,3B-DAY.MS.MRG.3IMERG.20170228-S000000-E235959.V07B.nc4,GPM_3IMERGDF,07,27.69,Downloaded_and_Subsetted
2017-03-01,3B-DAY.MS.MRG.3IMERG.20170301-S000000-E235959.V07B.nc4,GPM_3IMERGDF,07,27.58,Downloaded_and_Subsetted
2017-03-02,3B-DAY.MS.MRG.3IMERG.20170302-S000000-E235959.V07B.nc4,GPM_3IMERGDF,07,27.55,Downloaded_and_Subsetted
2017-03-03,3B-DAY.MS.MRG.3IMERG.20170303-S000000-E235959.V07B.nc4,GPM_3IMERGDF,07,27.38,Downloaded_and_Subsetted
2017-03-04,3B-DAY.MS.MRG.3IMERG.20170304-S000000-E235959.V07B.nc4,GPM_3IMERGDF,07,28.03,Downloaded_and_Subsetted
2017-03-05,3B-DAY.MS.MRG.3IMERG.20170305-S000000-E235959.V07B.nc4,GPM_3IMERGDF,07,27.42,Downloaded_and_Subsetted
2017-03-06,3B-DAY.MS.MRG.3IMERG.20170306-S000000-E235959.V07B.nc4,GPM_3IMERGDF,07,27.58,Downloaded_and_Subsetted
2017-03-07,3B-DAY.MS.MRG.3IMERG.20170307-S000000-E235959.V07B.nc4,GPM_3IMERGDF,07,27.33,Downloaded_and_Subsetted
2017-03-08,3B-DAY.MS.MRG.3IMERG.20170308-S000000-E235959.V07B.nc4,GPM_3IMERGDF,07,26.97,Downloaded_and_Subsetted
2017-03-09,3B-DAY.MS.MRG.3IMERG.20170309-S000000-E235959.V07B.nc4,GPM_3IMERGDF,07,26.85,Downloaded_and_Subsetted
2017-03-10,3B-DAY.MS.MRG.3IMERG.20170310-S000000-E235959.V07B.nc4,GPM_3IMERGDF,07,27.56,Downloaded_and_Subsetted
2017-03-11,3B-DAY.MS.MRG.3IMERG.20170311-S000000-E235959.V07B.nc4,GPM_3IMERGDF,07,28.32,Downloaded_and_Subsetted
2017-03-12,3B-DAY.MS.MRG.3IMERG.20170312-S000000-E235959.V07B.nc4,GPM_3IMERGDF,07,27.61,Downloaded_and_Subsetted
2017-03-13,3B-DAY.MS.MRG.3IMERG.20170313-S000000-E235959.V07B.nc4,GPM_3IMERGDF,07,27.26,Downloaded_and_Subsetted
2017-03-14,3B-DAY.MS.MRG.3IMERG.20170314-S000000-E235959.V07B.nc4,GPM_3IMERGDF,07,28.12,Downloaded_and_Subsetted
2017-03-15,3B-DAY.MS.MRG.3IMERG.20170315-S000000-E235959.V07B.nc4,GPM_3IMERGDF,07,28.59,Downloaded_and_Subsetted
2017-03-16,3B-DAY.MS.MRG.3IMERG.20170316-S000000-E235959.V07B.nc4,GPM_3IMERGDF,07,28.52,Downloaded_and_Subsetted
2017-03-17,3B-DAY.MS.MRG.3IMERG.20170317-S000000-E235959.V07B.nc4,GPM_3IMERGDF,07,28.7,Downloaded_and_Subsetted
2017-03-18,3B-DAY.MS.MRG.3IMERG.20170318-S000000-E235959.V07B.nc4,GPM_3IMERGDF,07,28.73,Downloaded_and_Subsetted
2017-03-19,3B-DAY.MS.MRG.3IMERG.20170319-S000000-E235959.V07B.nc4,GPM_3IMERGDF,07,29.04,Downloaded_and_Subsetted
2017-03-20,3B-DAY.MS.MRG.3IMERG.20170320-S000000-E235959.V07B.nc4,GPM_3IMERGDF,07,28.67,Downloaded_and_Subsetted
2017-03-21,3B-DAY.MS.MRG.3IMERG.20170321-S000000-E235959.V07B.nc4,GPM_3IMERGDF,07,28.49,Downloaded_and_Subsetted
2017-03-22,3B-DAY.MS.MRG.3IMERG.20170322-S000000-E235959.V07B.nc4,GPM_3IMERGDF,07,28.6,Downloaded_and_Subsetted
2017-03-23,3B-DAY.MS.MRG.3IMERG.20170323-S000000-E235959.V07B.nc4,GPM_3IMERGDF,07,28.89,Downloaded_and_Subsetted
2017-03-24,3B-DAY.MS.MRG.3IMERG.20170324-S000000-E235959.V07B.nc4,GPM_3IMERGDF,07,29.21,Downloaded_and_Subsetted
2017-03-25,3B-DAY.MS.MRG.3IMERG.20170325-S000000-E235959.V07B.nc4,GPM_3IMERGDF,07,29.37,Downloaded_and_Subsetted
2017-03-26,3B-DAY.MS.MRG.3IMERG.20170326-S000000-E235959.V07B.nc4,GPM_3IMERGDF,07,29.5,Downloaded_and_Subsetted
2017-03-27,3B-DAY.MS.MRG.3IMERG.20170327-S000000-E235959.V07B.nc4,GPM_3IMERGDF,07,29.16,Downloaded_and_Subsetted
2017-03-28,3B-DAY.MS.MRG.3IMERG.20170328-S000000-E235959.V07B.nc4,GPM_3IMERGDF,07,29.16,Downloaded_and_Subsetted
2017-03-29,3B-DAY.MS.MRG.3IMERG.20170329-S000000-E235959.V07B.nc4,GPM_3IMERGDF,07,28.78,Downloaded_and_Subsetted
2017-03-30,3B-DAY.MS.MRG.3IMERG.20170330-S000000-E235959.V07B.nc4,GPM_3IMERGDF,07,28.78,Downloaded_and_Subsetted
2017-03-31,3B-DAY.MS.MRG.3IMERG.20170331-S000000-E235959.V07B.nc4,GPM_3IMERGDF,07,28.41,Downloaded_and_Subsetted
2017-04-01,3B-DAY.MS.MRG.3IMERG.20170401-S000000-E235959.V07B.nc4,GPM_3IMERGDF,07,27.7,Downloaded_and_Subsetted
2017-04-02,3B-DAY.MS.MRG.3IMERG.20170402-S000000-E235959.V07B.nc4,GPM_3IMERGDF,07,27.39,Downloaded_and_Subsetted
2017-04-03,3B-DAY.MS.MRG.3IMERG.20170403-S000000-E235959.V07B.nc4,GPM_3IMERGDF,07,27.44,Downloaded_and_Subsetted
2017-04-04,3B-DAY.MS.MRG.3IMERG.20170404-S000000-E235959.V07B.nc4,GPM_3IMERGDF,07,27.72,Downloaded_and_Subsetted
2017-04-05,3B-DAY.MS.MRG.3IMERG.20170405-S000000-E235959.V07B.nc4,GPM_3IMERGDF,07,27.15,Downloaded_and_Subsetted
2017-04-06,3B-DAY.MS.MRG.3IMERG.20170406-S000000-E235959.V07B.nc4,GPM_3IMERGDF,07,27.84,Downloaded_and_Subsetted
2017-04-07,3B-DAY.MS.MRG.3IMERG.20170407-S000000-E235959.V07B.nc4,GPM_3IMERGDF,07,28.27,Downloaded_and_Subsetted
2017-04-08,3B-DAY.MS.MRG.3IMERG.20170408-S000000-E235959.V07B.nc4,GPM_3IMERGDF,07,28.43,Downloaded_and_Subsetted
2017-04-09,3B-DAY.MS.MRG.3IMERG.20170409-S000000-E235959.V07B.nc4,GPM_3IMERGDF,07,28.11,Downloaded_and_Subsetted
2017-04-10,3B-DAY.MS.MRG.3IMERG.20170410-S000000-E235959.V07B.nc4,GPM_3IMERGDF,07,28.06,Downloaded_and_Subsetted
2017-04-11,3B-DAY.MS.MRG.3IMERG.20170411-S000000-E235959.V07B.nc4,GPM_3IMERGDF,07,28.11,Downloaded_and_Subsetted
2017-04-12,3B-DAY.MS.MRG.3IMERG.20170412-S000000-E235959.V07B.nc4,GPM_3IMERGDF,07,27.65,Downloaded_and_Subsetted
2017-04-13,3B-DAY.MS.MRG.3IMERG.20170413-S000000-E235959.V07B.nc4,GPM_3IMERGDF,07,27.53,Downloaded_and_Subsetted
2017-04-14,3B-DAY.MS.MRG.3IMERG.20170414-S000000-E235959.V07B.nc4,GPM_3IMERGDF,07,27.54,Downloaded_and_Subsetted
2017-04-15,3B-DAY.MS.MRG.3IMERG.20170415-S000000-E235959.V07B.nc4,GPM_3IMERGDF,07,28.62,Downloaded_and_Subsetted
2017-04-16,3B-DAY.MS.MRG.3IMERG.20170416-S000000-E235959.V07B.nc4,GPM_3IMERGDF,07,29.18,Downloaded_and_Subsetted
2017-04-17,3B-DAY.MS.MRG.3IMERG.20170417-S000000-E235959.V07B.nc4,GPM_3IMERGDF,07,28.98,Downloaded_and_Subsetted
2017-04-18,3B-DAY.MS.MRG.3IMERG.20170418-S000000-E235959.V07B.nc4,GPM_3IMERGDF,07,28.83,Downloaded_and_Subsetted
2017-04-19,3B-DAY.MS.MRG.3IMERG.20170419-S000000-E235959.V07B.nc4,GPM_3IMERGDF,07,28.62,Downloaded_and_Subsetted
2017-04-20,3B-DAY.MS.MRG.3IMERG.20170420-S000000-E235959.V07B.nc4,GPM_3IMERGDF,07,29.14,Downloaded_and_Subsetted
2017-04-21,3B-DAY.MS.MRG.3IMERG.20170421-S000000-E235959.V07B.nc4,GPM_3IMERGDF,07,29.4,Downloaded_and_Subsetted
2017-04-22,3B-DAY.MS.MRG.3IMERG.20170422-S000000-E235959.V07B.nc4,GPM_3IMERGDF,07,28.83,Downloaded_and_Subsetted
2017-04-23,3B-DAY.MS.MRG.3IMERG.20170423-S000000-E235959.V07B.nc4,GPM_3IMERGDF,07,28.54,Downloaded_and_Subsetted
2017-04-24,3B-DAY.MS.MRG.3IMERG.20170424-S000000-E235959.V07B.nc4,GPM_3IMERGDF,07,28.96,Downloaded_and_Subsetted
2017-04-25,3B-DAY.MS.MRG.3IMERG.20170425-S000000-E235959.V07B.nc4,GPM_3IMERGDF,07,28.94,Downloaded_and_Subsetted
2017-04-26,3B-DAY.MS.MRG.3IMERG.20170426-S000000-E235959.V07B.nc4,GPM_3IMERGDF,07,28.57,Downloaded_and_Subsetted
2017-04-27,3B-DAY.MS.MRG.3IMERG.20170427-S000000-E235959.V07B.nc4,GPM_3IMERGDF,07,29.24,Downloaded_and_Subsetted
2017-04-28,3B-DAY.MS.MRG.3IMERG.20170428-S000000-E235959.V07B.nc4,GPM_3IMERGDF,07,29.88,Downloaded_and_Subsetted
2017-04-29,3B-DAY.MS.MRG.3IMERG.20170429-S000000-E235959.V07B.nc4,GPM_3IMERGDF,07,29.55,Downloaded_and_Subsetted
2017-04-30,3B-DAY.MS.MRG.3IMERG.20170430-S000000-E235959.V07B.nc4,GPM_3IMERGDF,07,28.89,Downloaded_and_Subsetted
2017-05-01,3B-DAY.MS.MRG.3IMERG.20170501-S000000-E235959.V07B.nc4,GPM_3IMERGDF,07,29.62,Downloaded_and_Subsetted
2017-05-02,3B-DAY.MS.MRG.3IMERG.20170502-S000000-E235959.V07B.nc4,GPM_3IMERGDF,07,29.61,Downloaded_and_Subsetted
2017-05-03,3B-DAY.MS.MRG.3IMERG.20170503-S000000-E235959.V07B.nc4,GPM_3IMERGDF,07,30.63,Downloaded_and_Subsetted
2017-05-04,3B-DAY.MS.MRG.3IMERG.20170504-S000000-E235959.V07B.nc4,GPM_3IMERGDF,07,30.43,Downloaded_and_Subsetted
2017-05-05,3B-DAY.MS.MRG.3IMERG.20170505-S000000-E235959.V07B.nc4,GPM_3IMERGDF,07,30.34,Downloaded_and_Subsetted
2017-05-06,3B-DAY.MS.MRG.3IMERG.20170506-S000000-E235959.V07B.nc4,GPM_3IMERGDF,07,30.11,Downloaded_and_Subsetted
2017-05-07,3B-DAY.MS.MRG.3IMERG.20170507-S000000-E235959.V07B.nc4,GPM_3IMERGDF,07,30.28,Downloaded_and_Subsetted
2017-05-08,3B-DAY.MS.MRG.3IMERG.20170508-S000000-E235959.V07B.nc4,GPM_3IMERGDF,07,30.31,Downloaded_and_Subsetted
2017-05-09,3B-DAY.MS.MRG.3IMERG.20170509-S000000-E235959.V07B.nc4,GPM_3IMERGDF,07,31.16,Downloaded_and_Subsetted
2017-05-10,3B-DAY.MS.MRG.3IMERG.20170510-S000000-E235959.V07B.nc4,GPM_3IMERGDF,07,31.18,Downloaded_and_Subsetted
2017-05-11,3B-DAY.MS.MRG.3IMERG.20170511-S000000-E235959.V07B.nc4,GPM_3IMERGDF,07,30.86,Downloaded_and_Subsetted
2017-05-12,3B-DAY.MS.MRG.3IMERG.20170512-S000000-E235959.V07B.nc4,GPM_3IMERGDF,07,30.22,Downloaded_and_Subsetted
2017-05-13,3B-DAY.MS.MRG.3IMERG.20170513-S000000-E235959.V07B.nc4,GPM_3IMERGDF,07,30.28,Downloaded_and_Subsetted
2017-05-14,3B-DAY.MS.MRG.3IMERG.20170514-S000000-E235959.V07B.nc4,GPM_3IMERGDF,07,30.81,Downloaded_and_Subsetted
2017-05-15,3B-DAY.MS.MRG.3IMERG.20170515-S000000-E235959.V07B.nc4,GPM_3IMERGDF,07,30.74,Downloaded_and_Subsetted
2017-05-16,3B-DAY.MS.MRG.3IMERG.20170516-S000000-E235959.V07B.nc4,GPM_3IMERGDF,07,31.13,Downloaded_and_Subsetted
2017-05-17,3B-DAY.MS.MRG.3IMERG.20170517-S000000-E235959.V07B.nc4,GPM_3IMERGDF,07,31.68,Downloaded_and_Subsetted
2017-05-18,3B-DAY.MS.MRG.3IMERG.20170518-S000000-E235959.V07B.nc4,GPM_3IMERGDF,07,31.41,Downloaded_and_Subsetted
2017-05-19,3B-DAY.MS.MRG.3IMERG.20170519-S000000-E235959.V07B.nc4,GPM_3IMERGDF,07,32.03,Downloaded_and_Subsetted
2017-05-20,3B-DAY.MS.MRG.3IMERG.20170520-S000000-E235959.V07B.nc4,GPM_3IMERGDF,07,32.54,Downloaded_and_Subsetted
2017-05-21,3B-DAY.MS.MRG.3IMERG.20170521-S000000-E235959.V07B.nc4,GPM_3IMERGDF,07,32.09,Downloaded_and_Subsetted
2017-05-22,3B-DAY.MS.MRG.3IMERG.20170522-S000000-E235959.V07B.nc4,GPM_3IMERGDF,07,31.17,Downloaded_and_Subsetted
2017-05-23,3B-DAY.MS.MRG.3IMERG.20170523-S000000-E235959.V07B.nc4,GPM_3IMERGDF,07,31.45,Downloaded_and_Subsetted
2017-05-24,3B-DAY.MS.MRG.3IMERG.20170524-S000000-E235959.V07B.nc4,GPM_3IMERGDF,07,31.35,Downloaded_and_Subsetted
2017-05-25,3B-DAY.MS.MRG.3IMERG.20170525-S000000-E235959.V07B.nc4,GPM_3IMERGDF,07,31.55,Downloaded_and_Subsetted
2017-05-26,3B-DAY.MS.MRG.3IMERG.20170526-S000000-E235959.V07B.nc4,GPM_3IMERGDF,07,31.67,Downloaded_and_Subsetted
2017-05-27,3B-DAY.MS.MRG.3IMERG.20170527-S000000-E235959.V07B.nc4,GPM_3IMERGDF,07,31.62,Downloaded_and_Subsetted
2017-05-28,3B-DAY.MS.MRG.3IMERG.20170528-S000000-E235959.V07B.nc4,GPM_3IMERGDF,07,31.65,Downloaded_and_Subsetted
2017-05-29,3B-DAY.MS.MRG.3IMERG.20170529-S000000-E235959.V07B.nc4,GPM_3IMERGDF,07,31.41,Downloaded_and_Subsetted
2017-05-30,3B-DAY.MS.MRG.3IMERG.20170530-S000000-E235959.V07B.nc4,GPM_3IMERGDF,07,31.68,Downloaded_and_Subsetted
2017-05-31,3B-DAY.MS.MRG.3IMERG.20170531-S000000-E235959.V07B.nc4,GPM_3IMERGDF,07,31.87,Downloaded_and_Subsetted
2017-06-01,3B-DAY.MS.MRG.3IMERG.20170601-S000000-E235959.V07B.nc4,GPM_3IMERGDF,07,30.08,Downloaded_and_Subsetted
2017-06-02,3B-DAY.MS.MRG.3IMERG.20170602-S000000-E235959.V07B.nc4,GPM_3IMERGDF,07,29.53,Downloaded_and_Subsetted
2017-06-03,3B-DAY.MS.MRG.3IMERG.20170603-S000000-E235959.V07B.nc4,GPM_3IMERGDF,07,29.5,Downloaded_and_Subsetted
2017-06-04,3B-DAY.MS.MRG.3IMERG.20170604-S000000-E235959.V07B.nc4,GPM_3IMERGDF,07,29.02,Downloaded_and_Subsetted
2017-06-05,3B-DAY.MS.MRG.3IMERG.20170605-S000000-E235959.V07B.nc4,GPM_3IMERGDF,07,29.76,Downloaded_and_Subsetted
2017-06-06,3B-DAY.MS.MRG.3IMERG.20170606-S000000-E235959.V07B.nc4,GPM_3IMERGDF,07,29.36,Downloaded_and_Subsetted
2017-06-07,3B-DAY.MS.MRG.3IMERG.20170607-S000000-E235959.V07B.nc4,GPM_3IMERGDF,07,29.58,Downloaded_and_Subsetted
2017-06-08,3B-DAY.MS.MRG.3IMERG.20170608-S000000-E235959.V07B.nc4,GPM_3IMERGDF,07,29.9,Downloaded_and_Subsetted
2017-06-09,3B-DAY.MS.MRG.3IMERG.20170609-S000000-E235959.V07B.nc4,GPM_3IMERGDF,07,30.42,Downloaded_and_Subsetted
2017-06-10,3B-DAY.MS.MRG.3IMERG.20170610-S000000-E235959.V07B.nc4,GPM_3IMERGDF,07,30.75,Downloaded_and_Subsetted
2017-06-11,3B-DAY.MS.MRG.3IMERG.20170611-S000000-E235959.V07B.nc4,GPM_3IMERGDF,07,30.72,Downloaded_and_Subsetted
2017-06-12,3B-DAY.MS.MRG.3IMERG.20170612-S000000-E235959.V07B.nc4,GPM_3IMERGDF,07,30.38,Downloaded_and_Subsetted
2017-06-13,3B-DAY.MS.MRG.3IMERG.20170613-S000000-E235959.V07B.nc4,GPM_3IMERGDF,07,30.51,Downloaded_and_Subsetted
2017-06-14,3B-DAY.MS.MRG.3IMERG.20170614-S000000-E235959.V07B.nc4,GPM_3IMERGDF,07,31.43,Downloaded_and_Subsetted
2017-06-15,3B-DAY.MS.MRG.3IMERG.20170615-S000000-E235959.V07B.nc4,GPM_3IMERGDF,07,31.49,Downloaded_and_Subsetted
2017-06-16,3B-DAY.MS.MRG.3IMERG.20170616-S000000-E235959.V07B.nc4,GPM_3IMERGDF,07,30.59,Downloaded_and_Subsetted
2017-06-17,3B-DAY.MS.MRG.3IMERG.20170617-S000000-E235959.V07B.nc4,GPM_3IMERGDF,07,30.55,Downloaded_and_Subsetted
2017-06-18,3B-DAY.MS.MRG.3IMERG.20170618-S000000-E235959.V07B.nc4,GPM_3IMERGDF,07,30.81,Downloaded_and_Subsetted
2017-06-19,3B-DAY.MS.MRG.3IMERG.20170619-S000000-E235959.V07B.nc4,GPM_3IMERGDF,07,31.01,Downloaded_and_Subsetted
2017-06-20,3B-DAY.MS.MRG.3IMERG.20170620-S000000-E235959.V07B.nc4,GPM_3IMERGDF,07,30.78,Downloaded_and_Subsetted
2017-06-21,3B-DAY.MS.MRG.3IMERG.20170621-S000000-E235959.V07B.nc4,GPM_3IMERGDF,07,30.88,Downloaded_and_Subsetted
2017-06-22,3B-DAY.MS.MRG.3IMERG.20170622-S000000-E235959.V07B.nc4,GPM_3IMERGDF,07,30.47,Downloaded_and_Subsetted
2017-06-23,3B-DAY.MS.MRG.3IMERG.20170623-S000000-E235959.V07B.nc4,GPM_3IMERGDF,07,30.81,Downloaded_and_Subsetted
2017-06-24,3B-DAY.MS.MRG.3IMERG.20170624-S000000-E235959.V07B.nc4,GPM_3IMERGDF,07,31.29,Downloaded_and_Subsetted
2017-06-25,3B-DAY.MS.MRG.3IMERG.20170625-S000000-E235959.V07B.nc4,GPM_3IMERGDF,07,31.3,Downloaded_and_Subsetted
2017-06-26,3B-DAY.MS.MRG.3IMERG.20170626-S000000-E235959.V07B.nc4,GPM_3IMERGDF,07,30.99,Downloaded_and_Subsetted
2017-06-27,3B-DAY.MS.MRG.3IMERG.20170627-S000000-E235959.V07B.nc4,GPM_3IMERGDF,07,30.07,Downloaded_and_Subsetted
2017-06-28,3B-DAY.MS.MRG.3IMERG.20170628-S000000-E235959.V07B.nc4,GPM_3IMERGDF,07,30.33,Downloaded_and_Subsetted
2017-06-29,3B-DAY.MS.MRG.3IMERG.20170629-S000000-E235959.V07B.nc4,GPM_3IMERGDF,07,30.65,Downloaded_and_Subsetted
2017-06-30,3B-DAY.MS.MRG.3IMERG.20170630-S000000-E235959.V07B.nc4,GPM_3IMERGDF,07,31.5,Downloaded_and_Subsetted
2017-07-01,3B-DAY.MS.MRG.3IMERG.20170701-S000000-E235959.V07B.nc4,GPM_3IMERGDF,07,31.93,Downloaded_and_Subsetted
2017-07-02,3B-DAY.MS.MRG.3IMERG.20170702-S000000-E235959.V07B.nc4,GPM_3IMERGDF,07,31.94,Downloaded_and_Subsetted
2017-07-03,3B-DAY.MS.MRG.3IMERG.20170703-S000000-E235959.V07B.nc4,GPM_3IMERGDF,07,31.74,Downloaded_and_Subsetted
2017-07-04,3B-DAY.MS.MRG.3IMERG.20170704-S000000-E235959.V07B.nc4,GPM_3IMERGDF,07,31.23,Downloaded_and_Subsetted
2017-07-05,3B-DAY.MS.MRG.3IMERG.20170705-S000000-E235959.V07B.nc4,GPM_3IMERGDF,07,31.06,Downloaded_and_Subsetted
2017-07-06,3B-DAY.MS.MRG.3IMERG.20170706-S000000-E235959.V07B.nc4,GPM_3IMERGDF,07,30.77,Downloaded_and_Subsetted
2017-07-07,3B-DAY.MS.MRG.3IMERG.20170707-S000000-E235959.V07B.nc4,GPM_3IMERGDF,07,31.24,Downloaded_and_Subsetted
2017-07-08,3B-DAY.MS.MRG.3IMERG.20170708-S000000-E235959.V07B.nc4,GPM_3IMERGDF,07,31.91,Downloaded_and_Subsetted
2017-07-09,3B-DAY.MS.MRG.3IMERG.20170709-S000000-E235959.V07B.nc4,GPM_3IMERGDF,07,31.32,Downloaded_and_Subsetted
2017-07-10,3B-DAY.MS.MRG.3IMERG.20170710-S000000-E235959.V07B.nc4,GPM_3IMERGDF,07,30.96,Downloaded_and_Subsetted
2017-07-11,3B-DAY.MS.MRG.3IMERG.20170711-S000000-E235959.V07B.nc4,GPM_3IMERGDF,07,31.43,Downloaded_and_Subsetted
2017-07-12,3B-DAY.MS.MRG.3IMERG.20170712-S000000-E235959.V07B.nc4,GPM_3IMERGDF,07,31.12,Downloaded_and_Subsetted
2017-07-13,3B-DAY.MS.MRG.3IMERG.20170713-S000000-E235959.V07B.nc4,GPM_3IMERGDF,07,31.54,Downloaded_and_Subsetted
2017-07-14,3B-DAY.MS.MRG.3IMERG.20170714-S000000-E235959.V07B.nc4,GPM_3IMERGDF,07,32.29,Downloaded_and_Subsetted
2017-07-15,3B-DAY.MS.MRG.3IMERG.20170715-S000000-E235959.V07B.nc4,GPM_3IMERGDF,07,33.1,Downloaded_and_Subsetted
2017-07-16,3B-DAY.MS.MRG.3IMERG.20170716-S000000-E235959.V07B.nc4,GPM_3IMERGDF,07,32.47,Downloaded_and_Subsetted
2017-07-17,3B-DAY.MS.MRG.3IMERG.20170717-S000000-E235959.V07B.nc4,GPM_3IMERGDF,07,31.44,Downloaded_and_Subsetted
2017-07-18,3B-DAY.MS.MRG.3IMERG.20170718-S000000-E235959.V07B.nc4,GPM_3IMERGDF,07,30.78,Downloaded_and_Subsetted
2017-07-19,3B-DAY.MS.MRG.3IMERG.20170719-S000000-E235959.V07B.nc4,GPM_3IMERGDF,07,30.96,Downloaded_and_Subsetted
2017-07-20,3B-DAY.MS.MRG.3IMERG.20170720-S000000-E235959.V07B.nc4,GPM_3IMERGDF,07,31.66,Downloaded_and_Subsetted
2017-07-21,3B-DAY.MS.MRG.3IMERG.20170721-S000000-E235959.V07B.nc4,GPM_3IMERGDF,07,31.72,Downloaded_and_Subsetted
2017-07-22,3B-DAY.MS.MRG.3IMERG.20170722-S000000-E235959.V07B.nc4,GPM_3IMERGDF,07,31.12,Downloaded_and_Subsetted
2017-07-23,3B-DAY.MS.MRG.3IMERG.20170723-S000000-E235959.V07B.nc4,GPM_3IMERGDF,07,30.56,Downloaded_and_Subsetted
2017-07-24,3B-DAY.MS.MRG.3IMERG.20170724-S000000-E235959.V07B.nc4,GPM_3IMERGDF,07,31.26,Downloaded_and_Subsetted
2017-07-25,3B-DAY.MS.MRG.3IMERG.20170725-S000000-E235959.V07B.nc4,GPM_3IMERGDF,07,31.43,Downloaded_and_Subsetted
2017-07-26,3B-DAY.MS.MRG.3IMERG.20170726-S000000-E235959.V07B.nc4,GPM_3IMERGDF,07,31.11,Downloaded_and_Subsetted
2017-07-27,3B-DAY.MS.MRG.3IMERG.20170727-S000000-E235959.V07B.nc4,GPM_3IMERGDF,07,31.51,Downloaded_and_Subsetted
2017-07-28,3B-DAY.MS.MRG.3IMERG.20170728-S000000-E235959.V07B.nc4,GPM_3IMERGDF,07,31.81,Downloaded_and_Subsetted
2017-07-29,3B-DAY.MS.MRG.3IMERG.20170729-S000000-E235959.V07B.nc4,GPM_3IMERGDF,07,32.31,Downloaded_and_Subsetted
2017-07-30,3B-DAY.MS.MRG.3IMERG.20170730-S000000-E235959.V07B.nc4,GPM_3IMERGDF,07,32.11,Downloaded_and_Subsetted
2017-07-31,3B-DAY.MS.MRG.3IMERG.20170731-S000000-E235959.V07B.nc4,GPM_3IMERGDF,07,32.34,Downloaded_and_Subsetted
2017-08-01,3B-DAY.MS.MRG.3IMERG.20170801-S000000-E235959.V07B.nc4,GPM_3IMERGDF,07,30.87,Downloaded_and_Subsetted
2017-08-02,3B-DAY.MS.MRG.3IMERG.20170802-S000000-E235959.V07B.nc4,GPM_3IMERGDF,07,30.5,Downloaded_and_Subsetted
2017-08-03,3B-DAY.MS.MRG.3IMERG.20170803-S000000-E235959.V07B.nc4,GPM_3IMERGDF,07,30.37,Downloaded_and_Subsetted
2017-08-04,3B-DAY.MS.MRG.3IMERG.20170804-S000000-E235959.V07B.nc4,GPM_3IMERGDF,07,30.02,Downloaded_and_Subsetted
2017-08-05,3B-DAY.MS.MRG.3IMERG.20170805-S000000-E235959.V07B.nc4,GPM_3IMERGDF,07,30.97,Downloaded_and_Subsetted
2017-08-06,3B-DAY.MS.MRG.3IMERG.20170806-S000000-E235959.V07B.nc4,GPM_3IMERGDF,07,31.59,Downloaded_and_Subsetted
2017-08-07,3B-DAY.MS.MRG.3IMERG.20170807-S000000-E235959.V07B.nc4,GPM_3IMERGDF,07,31.31,Downloaded_and_Subsetted
2017-08-08,3B-DAY.MS.MRG.3IMERG.20170808-S000000-E235959.V07B.nc4,GPM_3IMERGDF,07,31.32,Downloaded_and_Subsetted
2017-08-09,3B-DAY.MS.MRG.3IMERG.20170809-S000000-E235959.V07B.nc4,GPM_3IMERGDF,07,32.09,Downloaded_and_Subsetted
2017-08-10,3B-DAY.MS.MRG.3IMERG.20170810-S000000-E235959.V07B.nc4,GPM_3IMERGDF,07,32.14,Downloaded_and_Subsetted
2017-08-11,3B-DAY.MS.MRG.3IMERG.20170811-S000000-E235959.V07B.nc4,GPM_3IMERGDF,07,32.19,Downloaded_and_Subsetted
2017-08-12,3B-DAY.MS.MRG.3IMERG.20170812-S000000-E235959.V07B.nc4,GPM_3IMERGDF,07,32.1,Downloaded_and_Subsetted
2017-08-13,3B-DAY.MS.MRG.3IMERG.20170813-S000000-E235959.V07B.nc4,GPM_3IMERGDF,07,32.04,Downloaded_and_Subsetted
2017-08-14,3B-DAY.MS.MRG.3IMERG.20170814-S000000-E235959.V07B.nc4,GPM_3IMERGDF,07,31.37,Downloaded_and_Subsetted
2017-08-15,3B-DAY.MS.MRG.3IMERG.20170815-S000000-E235959.V07B.nc4,GPM_3IMERGDF,07,31.17,Downloaded_and_Subsetted
2017-08-16,3B-DAY.MS.MRG.3IMERG.20170816-S000000-E235959.V07B.nc4,GPM_3IMERGDF,07,31.56,Downloaded_and_Subsetted
2017-08-17,3B-DAY.MS.MRG.3IMERG.20170817-S000000-E235959.V07B.nc4,GPM_3IMERGDF,07,31.58,Downloaded_and_Subsetted
2017-08-18,3B-DAY.MS.MRG.3IMERG.20170818-S000000-E235959.V07B.nc4,GPM_3IMERGDF,07,31.64,Downloaded_and_Subsetted
2017-08-19,3B-DAY.MS.MRG.3IMERG.20170819-S000000-E235959.V07B.nc4,GPM_3IMERGDF,07,31.91,Downloaded_and_Subsetted
2017-08-20,3B-DAY.MS.MRG.3IMERG.20170820-S000000-E235959.V07B.nc4,GPM_3IMERGDF,07,32.03,Downloaded_and_Subsetted
2017-08-21,3B-DAY.MS.MRG.3IMERG.20170821-S000000-E235959.V07B.nc4,GPM_3IMERGDF,07,31.76,Downloaded_and_Subsetted
2017-08-22,3B-DAY.MS.MRG.3IMERG.20170822-S000000-E235959.V07B.nc4,GPM_3IMERGDF,07,31.97,Downloaded_and_Subsetted
2017-08-23,3B-DAY.MS.MRG.3IMERG.20170823-S000000-E235959.V07B.nc4,GPM_3IMERGDF,07,31.99,Downloaded_and_Subsetted
2017-08-24,3B-DAY.MS.MRG.3IMERG.20170824-S000000-E235959.V07B.nc4,GPM_3IMERGDF,07,31.67,Downloaded_and_Subsetted
2017-08-25,3B-DAY.MS.MRG.3IMERG.20170825-S000000-E235959.V07B.nc4,GPM_3IMERGDF,07,31.88,Downloaded_and_Subsetted
2017-08-26,3B-DAY.MS.MRG.3IMERG.20170826-S000000-E235959.V07B.nc4,GPM_3IMERGDF,07,31.67,Downloaded_and_Subsetted
2017-08-27,3B-DAY.MS.MRG.3IMERG.20170827-S000000-E235959.V07B.nc4,GPM_3IMERGDF,07,31.22,Downloaded_and_Subsetted
2017-08-28,3B-DAY.MS.MRG.3IMERG.20170828-S000000-E235959.V07B.nc4,GPM_3IMERGDF,07,30.91,Downloaded_and_Subsetted
2017-08-29,3B-DAY.MS.MRG.3IMERG.20170829-S000000-E235959.V07B.nc4,GPM_3IMERGDF,07,31.41,Downloaded_and_Subsetted
2017-08-30,3B-DAY.MS.MRG.3IMERG.20170830-S000000-E235959.V07B.nc4,GPM_3IMERGDF,07,32.11,Downloaded_and_Subsetted
2017-08-31,3B-DAY.MS.MRG.3IMERG.20170831-S000000-E235959.V07B.nc4,GPM_3IMERGDF,07,32.67,Downloaded_and_Subsetted
2017-09-01,3B-DAY.MS.MRG.3IMERG.20170901-S000000-E235959.V07B.nc4,GPM_3IMERGDF,07,32.24,Downloaded_and_Subsetted
2017-09-02,3B-DAY.MS.MRG.3IMERG.20170902-S000000-E235959.V07B.nc4,GPM_3IMERGDF,07,32.2,Downloaded_and_Subsetted
2017-09-03,3B-DAY.MS.MRG.3IMERG.20170903-S000000-E235959.V07B.nc4,GPM_3IMERGDF,07,32.52,Downloaded_and_Subsetted
2017-09-04,3B-DAY.MS.MRG.3IMERG.20170904-S000000-E235959.V07B.nc4,GPM_3IMERGDF,07,31.87,Downloaded_and_Subsetted
2017-09-05,3B-DAY.MS.MRG.3IMERG.20170905-S000000-E235959.V07B.nc4,GPM_3IMERGDF,07,31.63,Downloaded_and_Subsetted
2017-09-06,3B-DAY.MS.MRG.3IMERG.20170906-S000000-E235959.V07B.nc4,GPM_3IMERGDF,07,31.89,Downloaded_and_Subsetted
2017-09-07,3B-DAY.MS.MRG.3IMERG.20170907-S000000-E235959.V07B.nc4,GPM_3IMERGDF,07,32.44,Downloaded_and_Subsetted
2017-09-08,3B-DAY.MS.MRG.3IMERG.20170908-S000000-E235959.V07B.nc4,GPM_3IMERGDF,07,31.91,Downloaded_and_Subsetted
2017-09-09,3B-DAY.MS.MRG.3IMERG.20170909-S000000-E235959.V07B.nc4,GPM_3IMERGDF,07,31.44,Downloaded_and_Subsetted
2017-09-10,3B-DAY.MS.MRG.3IMERG.20170910-S000000-E235959.V07B.nc4,GPM_3IMERGDF,07,31.5,Downloaded_and_Subsetted
2017-09-11,3B-DAY.MS.MRG.3IMERG.20170911-S000000-E235959.V07B.nc4,GPM_3IMERGDF,07,31.69,Downloaded_and_Subsetted
2017-09-12,3B-DAY.MS.MRG.3IMERG.20170912-S000000-E235959.V07B.nc4,GPM_3IMERGDF,07,31.43,Downloaded_and_Subsetted
2017-09-13,3B-DAY.MS.MRG.3IMERG.20170913-S000000-E235959.V07B.nc4,GPM_3IMERGDF,07,31.17,Downloaded_and_Subsetted
2017-09-14,3B-DAY.MS.MRG.3IMERG.20170914-S000000-E235959.V07B.nc4,GPM_3IMERGDF,07,30.69,Downloaded_and_Subsetted
2017-09-15,3B-DAY.MS.MRG.3IMERG.20170915-S000000-E235959.V07B.nc4,GPM_3IMERGDF,07,30.84,Downloaded_and_Subsetted
2017-09-16,3B-DAY.MS.MRG.3IMERG.20170916-S000000-E235959.V07B.nc4,GPM_3IMERGDF,07,31.29,Downloaded_and_Subsetted
2017-09-17,3B-DAY.MS.MRG.3IMERG.20170917-S000000-E235959.V07B.nc4,GPM_3IMERGDF,07,30.98,Downloaded_and_Subsetted
2017-09-18,3B-DAY.MS.MRG.3IMERG.20170918-S000000-E235959.V07B.nc4,GPM_3IMERGDF,07,30.32,Downloaded_and_Subsetted
2017-09-19,3B-DAY.MS.MRG.3IMERG.20170919-S000000-E235959.V07B.nc4,GPM_3IMERGDF,07,30.52,Downloaded_and_Subsetted
2017-09-20,3B-DAY.MS.MRG.3IMERG.20170920-S000000-E235959.V07B.nc4,GPM_3IMERGDF,07,30.63,Downloaded_and_Subsetted
2017-09-21,3B-DAY.MS.MRG.3IMERG.20170921-S000000-E235959.V07B.nc4,GPM_3IMERGDF,07,30.8,Downloaded_and_Subsetted
2017-09-22,3B-DAY.MS.MRG.3IMERG.20170922-S000000-E235959.V07B.nc4,GPM_3IMERGDF,07,30.2,Downloaded_and_Subsetted
2017-09-23,3B-DAY.MS.MRG.3IMERG.20170923-S000000-E235959.V07B.nc4,GPM_3IMERGDF,07,29.9,Downloaded_and_Subsetted
2017-09-24,3B-DAY.MS.MRG.3IMERG.20170924-S000000-E235959.V07B.nc4,GPM_3IMERGDF,07,29.33,Downloaded_and_Subsetted
2017-09-25,3B-DAY.MS.MRG.3IMERG.20170925-S000000-E235959.V07B.nc4,GPM_3IMERGDF,07,30.25,Downloaded_and_Subsetted
2017-09-26,3B-DAY.MS.MRG.3IMERG.20170926-S000000-E235959.V07B.nc4,GPM_3IMERGDF,07,30.72,Downloaded_and_Subsetted
2017-09-27,3B-DAY.MS.MRG.3IMERG.20170927-S000000-E235959.V07B.nc4,GPM_3IMERGDF,07,30.24,Downloaded_and_Subsetted
2017-09-28,3B-DAY.MS.MRG.3IMERG.20170928-S000000-E235959.V07B.nc4,GPM_3IMERGDF,07,30.57,Downloaded_and_Subsetted
2017-09-29,3B-DAY.MS.MRG.3IMERG.20170929-S000000-E235959.V07B.nc4,GPM_3IMERGDF,07,32.69,Downloaded_and_Subsetted
2017-09-30,3B-DAY.MS.MRG.3IMERG.20170930-S000000-E235959.V07B.nc4,GPM_3IMERGDF,07,32.19,Downloaded_and_Subsetted
2017-10-01,3B-DAY.MS.MRG.3IMERG.20171001-S000000-E235959.V07B.nc4,GPM_3IMERGDF,07,32.21,Downloaded_and_Subsetted
2017-10-02,3B-DAY.MS.MRG.3IMERG.20171002-S000000-E235959.V07B.nc4,GPM_3IMERGDF,07,32.22,Downloaded_and_Subsetted
2017-10-03,3B-DAY.MS.MRG.3IMERG.20171003-S000000-E235959.V07B.nc4,GPM_3IMERGDF,07,32.54,Downloaded_and_Subsetted
2017-10-04,3B-DAY.MS.MRG.3IMERG.20171004-S000000-E235959.V07B.nc4,GPM_3IMERGDF,07,32.43,Downloaded_and_Subsetted
2017-10-05,3B-DAY.MS.MRG.3IMERG.20171005-S000000-E235959.V07B.nc4,GPM_3IMERGDF,07,31.93,Downloaded_and_Subsetted
2017-10-06,3B-DAY.MS.MRG.3IMERG.20171006-S000000-E235959.V07B.nc4,GPM_3IMERGDF,07,31.5,Downloaded_and_Subsetted
2017-10-07,3B-DAY.MS.MRG.3IMERG.20171007-S000000-E235959.V07B.nc4,GPM_3IMERGDF,07,30.9,Downloaded_and_Subsetted
2017-10-08,3B-DAY.MS.MRG.3IMERG.20171008-S000000-E235959.V07B.nc4,GPM_3IMERGDF,07,30.48,Downloaded_and_Subsetted
2017-10-09,3B-DAY.MS.MRG.3IMERG.20171009-S000000-E235959.V07B.nc4,GPM_3IMERGDF,07,29.58,Downloaded_and_Subsetted
2017-10-10,3B-DAY.MS.MRG.3IMERG.20171010-S000000-E235959.V07B.nc4,GPM_3IMERGDF,07,29.64,Downloaded_and_Subsetted
2017-10-11,3B-DAY.MS.MRG.3IMERG.20171011-S000000-E235959.V07B.nc4,GPM_3IMERGDF,07,30.21,Downloaded_and_Subsetted
2017-10-12,3B-DAY.MS.MRG.3IMERG.20171012-S000000-E235959.V07B.nc4,GPM_3IMERGDF,07,29.96,Downloaded_and_Subsetted
2017-10-13,3B-DAY.MS.MRG.3IMERG.20171013-S000000-E235959.V07B.nc4,GPM_3IMERGDF,07,30.07,Downloaded_and_Subsetted
2017-10-14,3B-DAY.MS.MRG.3IMERG.20171014-S000000-E235959.V07B.nc4,GPM_3IMERGDF,07,30.98,Downloaded_and_Subsetted
2017-10-15,3B-DAY.MS.MRG.3IMERG.20171015-S000000-E235959.V07B.nc4,GPM_3IMERGDF,07,30.53,Downloaded_and_Subsetted
2017-10-16,3B-DAY.MS.MRG.3IMERG.20171016-S000000-E235959.V07B.nc4,GPM_3IMERGDF,07,30.36,Downloaded_and_Subsetted
2017-10-17,3B-DAY.MS.MRG.3IMERG.20171017-S000000-E235959.V07B.nc4,GPM_3IMERGDF,07,29.21,Downloaded_and_Subsetted
2017-10-18,3B-DAY.MS.MRG.3IMERG.20171018-S000000-E235959.V07B.nc4,GPM_3IMERGDF,07,28.71,Downloaded_and_Subsetted
2017-10-19,3B-DAY.MS.MRG.3IMERG.20171019-S000000-E235959.V07B.nc4,GPM_3IMERGDF,07,28.6,Downloaded_and_Subsetted
2017-10-20,3B-DAY.MS.MRG.3IMERG.20171020-S000000-E235959.V07B.nc4,GPM_3IMERGDF,07,28.61,Downloaded_and_Subsetted
2017-10-21,3B-DAY.MS.MRG.3IMERG.20171021-S000000-E235959.V07B.nc4,GPM_3IMERGDF,07,28.87,Downloaded_and_Subsetted
2017-10-22,3B-DAY.MS.MRG.3IMERG.20171022-S000000-E235959.V07B.nc4,GPM_3IMERGDF,07,28.9,Downloaded_and_Subsetted
2017-10-23,3B-DAY.MS.MRG.3IMERG.20171023-S000000-E235959.V07B.nc4,GPM_3IMERGDF,07,28.43,Downloaded_and_Subsetted
2017-10-24,3B-DAY.MS.MRG.3IMERG.20171024-S000000-E235959.V07B.nc4,GPM_3IMERGDF,07,27.77,Downloaded_and_Subsetted
2017-10-25,3B-DAY.MS.MRG.3IMERG.20171025-S000000-E235959.V07B.nc4,GPM_3IMERGDF,07,26.84,Downloaded_and_Subsetted
2017-10-26,3B-DAY.MS.MRG.3IMERG.20171026-S000000-E235959.V07B.nc4,GPM_3IMERGDF,07,27.01,Downloaded_and_Subsetted
2017-10-27,3B-DAY.MS.MRG.3IMERG.20171027-S000000-E235959.V07B.nc4,GPM_3IMERGDF,07,27.54,Downloaded_and_Subsetted
2017-10-28,3B-DAY.MS.MRG.3IMERG.20171028-S000000-E235959.V07B.nc4,GPM_3IMERGDF,07,28.21,Downloaded_and_Subsetted
2017-10-29,3B-DAY.MS.MRG.3IMERG.20171029-S000000-E235959.V07B.nc4,GPM_3IMERGDF,07,28.45,Downloaded_and_Subsetted
2017-10-30,3B-DAY.MS.MRG.3IMERG.20171030-S000000-E235959.V07B.nc4,GPM_3IMERGDF,07,27.93,Downloaded_and_Subsetted
2017-10-31,3B-DAY.MS.MRG.3IMERG.20171031-S000000-E235959.V07B.nc4,GPM_3IMERGDF,07,27.66,Downloaded_and_Subsetted
2017-11-01,3B-DAY.MS.MRG.3IMERG.20171101-S000000-E235959.V07B.nc4,GPM_3IMERGDF,07,28.11,Downloaded_and_Subsetted
2017-11-02,3B-DAY.MS.MRG.3IMERG.20171102-S000000-E235959.V07B.nc4,GPM_3IMERGDF,07,28.54,Downloaded_and_Subsetted
2017-11-03,3B-DAY.MS.MRG.3IMERG.20171103-S000000-E235959.V07B.nc4,GPM_3IMERGDF,07,28.79,Downloaded_and_Subsetted
2017-11-04,3B-DAY.MS.MRG.3IMERG.20171104-S000000-E235959.V07B.nc4,GPM_3IMERGDF,07,29.11,Downloaded_and_Subsetted
2017-11-05,3B-DAY.MS.MRG.3IMERG.20171105-S000000-E235959.V07B.nc4,GPM_3IMERGDF,07,29.26,Downloaded_and_Subsetted
2017-11-06,3B-DAY.MS.MRG.3IMERG.20171106-S000000-E235959.V07B.nc4,GPM_3IMERGDF,07,28.65,Downloaded_and_Subsetted
2017-11-07,3B-DAY.MS.MRG.3IMERG.20171107-S000000-E235959.V07B.nc4,GPM_3IMERGDF,07,29.05,Downloaded_and_Subsetted
2017-11-08,3B-DAY.MS.MRG.3IMERG.20171108-S000000-E235959.V07B.nc4,GPM_3IMERGDF,07,29.07,Downloaded_and_Subsetted
2017-11-09,3B-DAY.MS.MRG.3IMERG.20171109-S000000-E235959.V07B.nc4,GPM_3IMERGDF,07,29.32,Downloaded_and_Subsetted
2017-11-10,3B-DAY.MS.MRG.3IMERG.20171110-S000000-E235959.V07B.nc4,GPM_3IMERGDF,07,28.59,Downloaded_and_Subsetted
2017-11-11,3B-DAY.MS.MRG.3IMERG.20171111-S000000-E235959.V07B.nc4,GPM_3IMERGDF,07,28.23,Downloaded_and_Subsetted
2017-11-12,3B-DAY.MS.MRG.3IMERG.20171112-S000000-E235959.V07B.nc4,GPM_3IMERGDF,07,28.17,Downloaded_and_Subsetted
2017-11-13,3B-DAY.MS.MRG.3IMERG.20171113-S000000-E235959.V07B.nc4,GPM_3IMERGDF,07,28.62,Downloaded_and_Subsetted
2017-11-14,3B-DAY.MS.MRG.3IMERG.20171114-S000000-E235959.V07B.nc4,GPM_3IMERGDF,07,28.87,Downloaded_and_Subsetted
2017-11-15,3B-DAY.MS.MRG.3IMERG.20171115-S000000-E235959.V07B.nc4,GPM_3IMERGDF,07,28.84,Downloaded_and_Subsetted
2017-11-16,3B-DAY.MS.MRG.3IMERG.20171116-S000000-E235959.V07B.nc4,GPM_3IMERGDF,07,29.3,Downloaded_and_Subsetted
2017-11-17,3B-DAY.MS.MRG.3IMERG.20171117-S000000-E235959.V07B.nc4,GPM_3IMERGDF,07,29.09,Downloaded_and_Subsetted
2017-11-18,3B-DAY.MS.MRG.3IMERG.20171118-S000000-E235959.V07B.nc4,GPM_3IMERGDF,07,28.92,Downloaded_and_Subsetted
2017-11-19,3B-DAY.MS.MRG.3IMERG.20171119-S000000-E235959.V07B.nc4,GPM_3IMERGDF,07,29.0,Downloaded_and_Subsetted
2017-11-20,3B-DAY.MS.MRG.3IMERG.20171120-S000000-E235959.V07B.nc4,GPM_3IMERGDF,07,28.71,Downloaded_and_Subsetted
2017-11-21,3B-DAY.MS.MRG.3IMERG.20171121-S000000-E235959.V07B.nc4,GPM_3IMERGDF,07,28.99,Downloaded_and_Subsetted
2017-11-22,3B-DAY.MS.MRG.3IMERG.20171122-S000000-E235959.V07B.nc4,GPM_3IMERGDF,07,29.44,Downloaded_and_Subsetted
2017-11-23,3B-DAY.MS.MRG.3IMERG.20171123-S000000-E235959.V07B.nc4,GPM_3IMERGDF,07,30.29,Downloaded_and_Subsetted
2017-11-24,3B-DAY.MS.MRG.3IMERG.20171124-S000000-E235959.V07B.nc4,GPM_3IMERGDF,07,30.63,Downloaded_and_Subsetted
2017-11-25,3B-DAY.MS.MRG.3IMERG.20171125-S000000-E235959.V07B.nc4,GPM_3IMERGDF,07,29.46,Downloaded_and_Subsetted
2017-11-26,3B-DAY.MS.MRG.3IMERG.20171126-S000000-E235959.V07B.nc4,GPM_3IMERGDF,07,29.57,Downloaded_and_Subsetted
2017-11-27,3B-DAY.MS.MRG.3IMERG.20171127-S000000-E235959.V07B.nc4,GPM_3IMERGDF,07,29.47,Downloaded_and_Subsetted
2017-11-28,3B-DAY.MS.MRG.3IMERG.20171128-S000000-E235959.V07B.nc4,GPM_3IMERGDF,07,29.22,Downloaded_and_Subsetted
2017-11-29,3B-DAY.MS.MRG.3IMERG.20171129-S000000-E235959.V07B.nc4,GPM_3IMERGDF,07,28.7,Downloaded_and_Subsetted
2017-11-30,3B-DAY.MS.MRG.3IMERG.20171130-S000000-E235959.V07B.nc4,GPM_3IMERGDF,07,28.88,Downloaded_and_Subsetted
2017-12-01,3B-DAY.MS.MRG.3IMERG.20171201-S000000-E235959.V07B.nc4,GPM_3IMERGDF,07,28.76,Downloaded_and_Subsetted
2017-12-02,3B-DAY.MS.MRG.3IMERG.20171202-S000000-E235959.V07B.nc4,GPM_3IMERGDF,07,29.01,Downloaded_and_Subsetted
2017-12-03,3B-DAY.MS.MRG.3IMERG.20171203-S000000-E235959.V07B.nc4,GPM_3IMERGDF,07,28.62,Downloaded_and_Subsetted
2017-12-04,3B-DAY.MS.MRG.3IMERG.20171204-S000000-E235959.V07B.nc4,GPM_3IMERGDF,07,27.88,Downloaded_and_Subsetted
2017-12-05,3B-DAY.MS.MRG.3IMERG.20171205-S000000-E235959.V07B.nc4,GPM_3IMERGDF,07,27.75,Downloaded_and_Subsetted
2017-12-06,3B-DAY.MS.MRG.3IMERG.20171206-S000000-E235959.V07B.nc4,GPM_3IMERGDF,07,27.96,Downloaded_and_Subsetted
2017-12-07,3B-DAY.MS.MRG.3IMERG.20171207-S000000-E235959.V07B.nc4,GPM_3IMERGDF,07,27.73,Downloaded_and_Subsetted
2017-12-08,3B-DAY.MS.MRG.3IMERG.20171208-S000000-E235959.V07B.nc4,GPM_3IMERGDF,07,27.79,Downloaded_and_Subsetted
2017-12-09,3B-DAY.MS.MRG.3IMERG.20171209-S000000-E235959.V07B.nc4,GPM_3IMERGDF,07,27.69,Downloaded_and_Subsetted
2017-12-10,3B-DAY.MS.MRG.3IMERG.20171210-S000000-E235959.V07B.nc4,GPM_3IMERGDF,07,27.38,Downloaded_and_Subsetted
2017-12-11,3B-DAY.MS.MRG.3IMERG.20171211-S000000-E235959.V07B.nc4,GPM_3IMERGDF,07,27.58,Downloaded_and_Subsetted
2017-12-12,3B-DAY.MS.MRG.3IMERG.20171212-S000000-E235959.V07B.nc4,GPM_3IMERGDF,07,27.93,Downloaded_and_Subsetted
2017-12-13,3B-DAY.MS.MRG.3IMERG.20171213-S000000-E235959.V07B.nc4,GPM_3IMERGDF,07,27.4,Downloaded_and_Subsetted
2017-12-14,3B-DAY.MS.MRG.3IMERG.20171214-S000000-E235959.V07B.nc4,GPM_3IMERGDF,07,27.92,Downloaded_and_Subsetted
2017-12-15,3B-DAY.MS.MRG.3IMERG.20171215-S000000-E235959.V07B.nc4,GPM_3IMERGDF,07,28.46,Downloaded_and_Subsetted
2017-12-16,3B-DAY.MS.MRG.3IMERG.20171216-S000000-E235959.V07B.nc4,GPM_3IMERGDF,07,28.01,Downloaded_and_Subsetted
2017-12-17,3B-DAY.MS.MRG.3IMERG.20171217-S000000-E235959.V07B.nc4,GPM_3IMERGDF,07,28.27,Downloaded_and_Subsetted
2017-12-18,3B-DAY.MS.MRG.3IMERG.20171218-S000000-E235959.V07B.nc4,GPM_3IMERGDF,07,27.57,Downloaded_and_Subsetted
2017-12-19,3B-DAY.MS.MRG.3IMERG.20171219-S000000-E235959.V07B.nc4,GPM_3IMERGDF,07,28.58,Downloaded_and_Subsetted
2017-12-20,3B-DAY.MS.MRG.3IMERG.20171220-S000000-E235959.V07B.nc4,GPM_3IMERGDF,07,28.52,Downloaded_and_Subsetted
2017-12-21,3B-DAY.MS.MRG.3IMERG.20171221-S000000-E235959.V07B.nc4,GPM_3IMERGDF,07,28.41,Downloaded_and_Subsetted
2017-12-22,3B-DAY.MS.MRG.3IMERG.20171222-S000000-E235959.V07B.nc4,GPM_3IMERGDF,07,27.43,Downloaded_and_Subsetted
2017-12-23,3B-DAY.MS.MRG.3IMERG.20171223-S000000-E235959.V07B.nc4,GPM_3IMERGDF,07,28.09,Downloaded_and_Subsetted
2017-12-24,3B-DAY.MS.MRG.3IMERG.20171224-S000000-E235959.V07B.nc4,GPM_3IMERGDF,07,28.41,Downloaded_and_Subsetted
2017-12-25,3B-DAY.MS.MRG.3IMERG.20171225-S000000-E235959.V07B.nc4,GPM_3IMERGDF,07,28.94,Downloaded_and_Subsetted
2017-12-26,3B-DAY.MS.MRG.3IMERG.20171226-S000000-E235959.V07B.nc4,GPM_3IMERGDF,07,28.32,Downloaded_and_Subsetted
2017-12-27,3B-DAY.MS.MRG.3IMERG.20171227-S000000-E235959.V07B.nc4,GPM_3IMERGDF,07,26.82,Downloaded_and_Subsetted
2017-12-28,3B-DAY.MS.MRG.3IMERG.20171228-S000000-E235959.V07B.nc4,GPM_3IMERGDF,07,26.22,Downloaded_and_Subsetted
2017-12-29,3B-DAY.MS.MRG.3IMERG.20171229-S000000-E235959.V07B.nc4,GPM_3IMERGDF,07,25.84,Downloaded_and_Subsetted
2017-12-30,3B-DAY.MS.MRG.3IMERG.20171230-S000000-E235959.V07B.nc4,GPM_3IMERGDF,07,26.24,Downloaded_and_Subsetted
2017-12-31,3B-DAY.MS.MRG.3IMERG.20171231-S000000-E235959.V07B.nc4,GPM_3IMERGDF,07,25.83,Downloaded_and_Subsetted
2018-01-01,3B-DAY.MS.MRG.3IMERG.20180101-S000000-E235959.V07B.nc4,GPM_3IMERGDF,07,26.13,Downloaded_and_Subsetted
2018-01-02,3B-DAY.MS.MRG.3IMERG.20180102-S000000-E235959.V07B.nc4,GPM_3IMERGDF,07,26.47,Downloaded_and_Subsetted
2018-01-03,3B-DAY.MS.MRG.3IMERG.20180103-S000000-E235959.V07B.nc4,GPM_3IMERGDF,07,26.87,Downloaded_and_Subsetted
2018-01-04,3B-DAY.MS.MRG.3IMERG.20180104-S000000-E235959.V07B.nc4,GPM_3IMERGDF,07,26.87,Downloaded_and_Subsetted
2018-01-05,3B-DAY.MS.MRG.3IMERG.20180105-S000000-E235959.V07B.nc4,GPM_3IMERGDF,07,26.83,Downloaded_and_Subsetted
2018-01-06,3B-DAY.MS.MRG.3IMERG.20180106-S000000-E235959.V07B.nc4,GPM_3IMERGDF,07,27.53,Downloaded_and_Subsetted
2018-01-07,3B-DAY.MS.MRG.3IMERG.20180107-S000000-E235959.V07B.nc4,GPM_3IMERGDF,07,27.77,Downloaded_and_Subsetted
2018-01-08,3B-DAY.MS.MRG.3IMERG.20180108-S000000-E235959.V07B.nc4,GPM_3IMERGDF,07,28.08,Downloaded_and_Subsetted
2018-01-09,3B-DAY.MS.MRG.3IMERG.20180109-S000000-E235959.V07B.nc4,GPM_3IMERGDF,07,27.93,Downloaded_and_Subsetted
2018-01-10,3B-DAY.MS.MRG.3IMERG.20180110-S000000-E235959.V07B.nc4,GPM_3IMERGDF,07,27.27,Downloaded_and_Subsetted
2018-01-11,3B-DAY.MS.MRG.3IMERG.20180111-S000000-E235959.V07B.nc4,GPM_3IMERGDF,07,27.0,Downloaded_and_Subsetted
2018-01-12,3B-DAY.MS.MRG.3IMERG.20180112-S000000-E235959.V07B.nc4,GPM_3IMERGDF,07,27.46,Downloaded_and_Subsetted
2018-01-13,3B-DAY.MS.MRG.3IMERG.20180113-S000000-E235959.V07B.nc4,GPM_3IMERGDF,07,27.6,Downloaded_and_Subsetted
2018-01-14,3B-DAY.MS.MRG.3IMERG.20180114-S000000-E235959.V07B.nc4,GPM_3IMERGDF,07,27.81,Downloaded_and_Subsetted
2018-01-15,3B-DAY.MS.MRG.3IMERG.20180115-S000000-E235959.V07B.nc4,GPM_3IMERGDF,07,27.69,Downloaded_and_Subsetted
2018-01-16,3B-DAY.MS.MRG.3IMERG.20180116-S000000-E235959.V07B.nc4,GPM_3IMERGDF,07,27.44,Downloaded_and_Subsetted
2018-01-17,3B-DAY.MS.MRG.3IMERG.20180117-S000000-E235959.V07B.nc4,GPM_3IMERGDF,07,27.36,Downloaded_and_Subsetted
2018-01-18,3B-DAY.MS.MRG.3IMERG.20180118-S000000-E235959.V07B.nc4,GPM_3IMERGDF,07,27.43,Downloaded_and_Subsetted
2018-01-19,3B-DAY.MS.MRG.3IMERG.20180119-S000000-E235959.V07B.nc4,GPM_3IMERGDF,07,27.27,Downloaded_and_Subsetted
2018-01-20,3B-DAY.MS.MRG.3IMERG.20180120-S000000-E235959.V07B.nc4,GPM_3IMERGDF,07,27.15,Downloaded_and_Subsetted
2018-01-21,3B-DAY.MS.MRG.3IMERG.20180121-S000000-E235959.V07B.nc4,GPM_3IMERGDF,07,26.73,Downloaded_and_Subsetted
2018-01-22,3B-DAY.MS.MRG.3IMERG.20180122-S000000-E235959.V07B.nc4,GPM_3IMERGDF,07,26.57,Downloaded_and_Subsetted
2018-01-23,3B-DAY.MS.MRG.3IMERG.20180123-S000000-E235959.V07B.nc4,GPM_3IMERGDF,07,26.7,Downloaded_and_Subsetted
2018-01-24,3B-DAY.MS.MRG.3IMERG.20180124-S000000-E235959.V07B.nc4,GPM_3IMERGDF,07,26.61,Downloaded_and_Subsetted
2018-01-25,3B-DAY.MS.MRG.3IMERG.20180125-S000000-E235959.V07B.nc4,GPM_3IMERGDF,07,26.61,Downloaded_and_Subsetted
2018-01-26,3B-DAY.MS.MRG.3IMERG.20180126-S000000-E235959.V07B.nc4,GPM_3IMERGDF,07,26.53,Downloaded_and_Subsetted
2018-01-27,3B-DAY.MS.MRG.3IMERG.20180127-S000000-E235959.V07B.nc4,GPM_3IMERGDF,07,27.16,Downloaded_and_Subsetted
2018-01-28,3B-DAY.MS.MRG.3IMERG.20180128-S000000-E235959.V07B.nc4,GPM_3IMERGDF,07,27.63,Downloaded_and_Subsetted
2018-01-29,3B-DAY.MS.MRG.3IMERG.20180129-S000000-E235959.V07B.nc4,GPM_3IMERGDF,07,27.26,Downloaded_and_Subsetted
2018-01-30,3B-DAY.MS.MRG.3IMERG.20180130-S000000-E235959.V07B.nc4,GPM_3IMERGDF,07,26.96,Downloaded_and_Subsetted
2018-01-31,3B-DAY.MS.MRG.3IMERG.20180131-S000000-E235959.V07B.nc4,GPM_3IMERGDF,07,27.46,Downloaded_and_Subsetted
2018-02-01,3B-DAY.MS.MRG.3IMERG.20180201-S000000-E235959.V07B.nc4,GPM_3IMERGDF,07,27.21,Downloaded_and_Subsetted
2018-02-02,3B-DAY.MS.MRG.3IMERG.20180202-S000000-E235959.V07B.nc4,GPM_3IMERGDF,07,27.72,Downloaded_and_Subsetted
2018-02-03,3B-DAY.MS.MRG.3IMERG.20180203-S000000-E235959.V07B.nc4,GPM_3IMERGDF,07,27.82,Downloaded_and_Subsetted
2018-02-04,3B-DAY.MS.MRG.3IMERG.20180204-S000000-E235959.V07B.nc4,GPM_3IMERGDF,07,28.27,Downloaded_and_Subsetted
2018-02-05,3B-DAY.MS.MRG.3IMERG.20180205-S000000-E235959.V07B.nc4,GPM_3IMERGDF,07,29.41,Downloaded_and_Subsetted
2018-02-06,3B-DAY.MS.MRG.3IMERG.20180206-S000000-E235959.V07B.nc4,GPM_3IMERGDF,07,28.54,Downloaded_and_Subsetted
2018-02-07,3B-DAY.MS.MRG.3IMERG.20180207-S000000-E235959.V07B.nc4,GPM_3IMERGDF,07,28.6,Downloaded_and_Subsetted
2018-02-08,3B-DAY.MS.MRG.3IMERG.20180208-S000000-E235959.V07B.nc4,GPM_3IMERGDF,07,29.14,Downloaded_and_Subsetted
2018-02-09,3B-DAY.MS.MRG.3IMERG.20180209-S000000-E235959.V07B.nc4,GPM_3IMERGDF,07,29.64,Downloaded_and_Subsetted
2018-02-10,3B-DAY.MS.MRG.3IMERG.20180210-S000000-E235959.V07B.nc4,GPM_3IMERGDF,07,29.93,Downloaded_and_Subsetted
2018-02-11,3B-DAY.MS.MRG.3IMERG.20180211-S000000-E235959.V07B.nc4,GPM_3IMERGDF,07,30.39,Downloaded_and_Subsetted
2018-02-12,3B-DAY.MS.MRG.3IMERG.20180212-S000000-E235959.V07B.nc4,GPM_3IMERGDF,07,29.69,Downloaded_and_Subsetted
2018-02-13,3B-DAY.MS.MRG.3IMERG.20180213-S000000-E235959.V07B.nc4,GPM_3IMERGDF,07,28.98,Downloaded_and_Subsetted
2018-02-14,3B-DAY.MS.MRG.3IMERG.20180214-S000000-E235959.V07B.nc4,GPM_3IMERGDF,07,27.99,Downloaded_and_Subsetted
2018-02-15,3B-DAY.MS.MRG.3IMERG.20180215-S000000-E235959.V07B.nc4,GPM_3IMERGDF,07,27.66,Downloaded_and_Subsetted
2018-02-16,3B-DAY.MS.MRG.3IMERG.20180216-S000000-E235959.V07B.nc4,GPM_3IMERGDF,07,27.22,Downloaded_and_Subsetted
2018-02-17,3B-DAY.MS.MRG.3IMERG.20180217-S000000-E235959.V07B.nc4,GPM_3IMERGDF,07,27.59,Downloaded_and_Subsetted
2018-02-18,3B-DAY.MS.MRG.3IMERG.20180218-S000000-E235959.V07B.nc4,GPM_3IMERGDF,07,28.26,Downloaded_and_Subsetted
2018-02-19,3B-DAY.MS.MRG.3IMERG.20180219-S000000-E235959.V07B.nc4,GPM_3IMERGDF,07,28.6,Downloaded_and_Subsetted
2018-02-20,3B-DAY.MS.MRG.3IMERG.20180220-S000000-E235959.V07B.nc4,GPM_3IMERGDF,07,28.29,Downloaded_and_Subsetted
2018-02-21,3B-DAY.MS.MRG.3IMERG.20180221-S000000-E235959.V07B.nc4,GPM_3IMERGDF,07,28.56,Downloaded_and_Subsetted
2018-02-22,3B-DAY.MS.MRG.3IMERG.20180222-S000000-E235959.V07B.nc4,GPM_3IMERGDF,07,29.32,Downloaded_and_Subsetted
2018-02-23,3B-DAY.MS.MRG.3IMERG.20180223-S000000-E235959.V07B.nc4,GPM_3IMERGDF,07,30.09,Downloaded_and_Subsetted
2018-02-24,3B-DAY.MS.MRG.3IMERG.20180224-S000000-E235959.V07B.nc4,GPM_3IMERGDF,07,29.69,Downloaded_and_Subsetted
2018-02-25,3B-DAY.MS.MRG.3IMERG.20180225-S000000-E235959.V07B.nc4,GPM_3IMERGDF,07,29.92,Downloaded_and_Subsetted
2018-02-26,3B-DAY.MS.MRG.3IMERG.20180226-S000000-E235959.V07B.nc4,GPM_3IMERGDF,07,29.29,Downloaded_and_Subsetted
2018-02-27,3B-DAY.MS.MRG.3IMERG.20180227-S000000-E235959.V07B.nc4,GPM_3IMERGDF,07,28.38,Downloaded_and_Subsetted
2018-02-28,3B-DAY.MS.MRG.3IMERG.20180228-S000000-E235959.V07B.nc4,GPM_3IMERGDF,07,28.01,Downloaded_and_Subsetted
2018-03-01,3B-DAY.MS.MRG.3IMERG.20180301-S000000-E235959.V07B.nc4,GPM_3IMERGDF,07,27.64,Downloaded_and_Subsetted
2018-03-02,3B-DAY.MS.MRG.3IMERG.20180302-S000000-E235959.V07B.nc4,GPM_3IMERGDF,07,26.67,Downloaded_and_Subsetted
2018-03-03,3B-DAY.MS.MRG.3IMERG.20180303-S000000-E235959.V07B.nc4,GPM_3IMERGDF,07,26.02,Downloaded_and_Subsetted
2018-03-04,3B-DAY.MS.MRG.3IMERG.20180304-S000000-E235959.V07B.nc4,GPM_3IMERGDF,07,26.09,Downloaded_and_Subsetted
2018-03-05,3B-DAY.MS.MRG.3IMERG.20180305-S000000-E235959.V07B.nc4,GPM_3IMERGDF,07,26.56,Downloaded_and_Subsetted
2018-03-06,3B-DAY.MS.MRG.3IMERG.20180306-S000000-E235959.V07B.nc4,GPM_3IMERGDF,07,26.37,Downloaded_and_Subsetted
2018-03-07,3B-DAY.MS.MRG.3IMERG.20180307-S000000-E235959.V07B.nc4,GPM_3IMERGDF,07,26.86,Downloaded_and_Subsetted
2018-03-08,3B-DAY.MS.MRG.3IMERG.20180308-S000000-E235959.V07B.nc4,GPM_3IMERGDF,07,26.77,Downloaded_and_Subsetted
2018-03-09,3B-DAY.MS.MRG.3IMERG.20180309-S000000-E235959.V07B.nc4,GPM_3IMERGDF,07,26.79,Downloaded_and_Subsetted
2018-03-10,3B-DAY.MS.MRG.3IMERG.20180310-S000000-E235959.V07B.nc4,GPM_3IMERGDF,07,26.43,Downloaded_and_Subsetted
2018-03-11,3B-DAY.MS.MRG.3IMERG.20180311-S000000-E235959.V07B.nc4,GPM_3IMERGDF,07,25.99,Downloaded_and_Subsetted
2018-03-12,3B-DAY.MS.MRG.3IMERG.20180312-S000000-E235959.V07B.nc4,GPM_3IMERGDF,07,26.42,Downloaded_and_Subsetted
2018-03-13,3B-DAY.MS.MRG.3IMERG.20180313-S000000-E235959.V07B.nc4,GPM_3IMERGDF,07,26.96,Downloaded_and_Subsetted
2018-03-14,3B-DAY.MS.MRG.3IMERG.20180314-S000000-E235959.V07B.nc4,GPM_3IMERGDF,07,27.59,Downloaded_and_Subsetted
2018-03-15,3B-DAY.MS.MRG.3IMERG.20180315-S000000-E235959.V07B.nc4,GPM_3IMERGDF,07,28.19,Downloaded_and_Subsetted
2018-03-16,3B-DAY.MS.MRG.3IMERG.20180316-S000000-E235959.V07B.nc4,GPM_3IMERGDF,07,27.99,Downloaded_and_Subsetted
2018-03-17,3B-DAY.MS.MRG.3IMERG.20180317-S000000-E235959.V07B.nc4,GPM_3IMERGDF,07,28.25,Downloaded_and_Subsetted
2018-03-18,3B-DAY.MS.MRG.3IMERG.20180318-S000000-E235959.V07B.nc4,GPM_3IMERGDF,07,28.31,Downloaded_and_Subsetted
2018-03-19,3B-DAY.MS.MRG.3IMERG.20180319-S000000-E235959.V07B.nc4,GPM_3IMERGDF,07,28.86,Downloaded_and_Subsetted
2018-03-20,3B-DAY.MS.MRG.3IMERG.20180320-S000000-E235959.V07B.nc4,GPM_3IMERGDF,07,28.46,Downloaded_and_Subsetted
2018-03-21,3B-DAY.MS.MRG.3IMERG.20180321-S000000-E235959.V07B.nc4,GPM_3IMERGDF,07,28.33,Downloaded_and_Subsetted
2018-03-22,3B-DAY.MS.MRG.3IMERG.20180322-S000000-E235959.V07B.nc4,GPM_3IMERGDF,07,28.44,Downloaded_and_Subsetted
2018-03-23,3B-DAY.MS.MRG.3IMERG.20180323-S000000-E235959.V07B.nc4,GPM_3IMERGDF,07,29.21,Downloaded_and_Subsetted
2018-03-24,3B-DAY.MS.MRG.3IMERG.20180324-S000000-E235959.V07B.nc4,GPM_3IMERGDF,07,28.85,Downloaded_and_Subsetted
2018-03-25,3B-DAY.MS.MRG.3IMERG.20180325-S000000-E235959.V07B.nc4,GPM_3IMERGDF,07,28.03,Downloaded_and_Subsetted
2018-03-26,3B-DAY.MS.MRG.3IMERG.20180326-S000000-E235959.V07B.nc4,GPM_3IMERGDF,07,27.17,Downloaded_and_Subsetted
2018-03-27,3B-DAY.MS.MRG.3IMERG.20180327-S000000-E235959.V07B.nc4,GPM_3IMERGDF,07,26.87,Downloaded_and_Subsetted
2018-03-28,3B-DAY.MS.MRG.3IMERG.20180328-S000000-E235959.V07B.nc4,GPM_3IMERGDF,07,26.44,Downloaded_and_Subsetted
2018-03-29,3B-DAY.MS.MRG.3IMERG.20180329-S000000-E235959.V07B.nc4,GPM_3IMERGDF,07,26.8,Downloaded_and_Subsetted
2018-03-30,3B-DAY.MS.MRG.3IMERG.20180330-S000000-E235959.V07B.nc4,GPM_3IMERGDF,07,27.1,Downloaded_and_Subsetted
2018-03-31,3B-DAY.MS.MRG.3IMERG.20180331-S000000-E235959.V07B.nc4,GPM_3IMERGDF,07,26.78,Downloaded_and_Subsetted
2018-04-01,3B-DAY.MS.MRG.3IMERG.20180401-S000000-E235959.V07B.nc4,GPM_3IMERGDF,07,26.26,Downloaded_and_Subsetted
2018-04-02,3B-DAY.MS.MRG.3IMERG.20180402-S000000-E235959.V07B.nc4,GPM_3IMERGDF,07,26.17,Downloaded_and_Subsetted
2018-04-03,3B-DAY.MS.MRG.3IMERG.20180403-S000000-E235959.V07B.nc4,GPM_3IMERGDF,07,26.9,Downloaded_and_Subsetted
2018-04-04,3B-DAY.MS.MRG.3IMERG.20180404-S000000-E235959.V07B.nc4,GPM_3IMERGDF,07,27.74,Downloaded_and_Subsetted
2018-04-05,3B-DAY.MS.MRG.3IMERG.20180405-S000000-E235959.V07B.nc4,GPM_3IMERGDF,07,27.13,Downloaded_and_Subsetted
2018-04-06,3B-DAY.MS.MRG.3IMERG.20180406-S000000-E235959.V07B.nc4,GPM_3IMERGDF,07,27.23,Downloaded_and_Subsetted
2018-04-07,3B-DAY.MS.MRG.3IMERG.20180407-S000000-E235959.V07B.nc4,GPM_3IMERGDF,07,27.86,Downloaded_and_Subsetted
2018-04-08,3B-DAY.MS.MRG.3IMERG.20180408-S000000-E235959.V07B.nc4,GPM_3IMERGDF,07,28.12,Downloaded_and_Subsetted
2018-04-09,3B-DAY.MS.MRG.3IMERG.20180409-S000000-E235959.V07B.nc4,GPM_3IMERGDF,07,28.5,Downloaded_and_Subsetted
2018-04-10,3B-DAY.MS.MRG.3IMERG.20180410-S000000-E235959.V07B.nc4,GPM_3IMERGDF,07,29.18,Downloaded_and_Subsetted
2018-04-11,3B-DAY.MS.MRG.3IMERG.20180411-S000000-E235959.V07B.nc4,GPM_3IMERGDF,07,29.53,Downloaded_and_Subsetted
2018-04-12,3B-DAY.MS.MRG.3IMERG.20180412-S000000-E235959.V07B.nc4,GPM_3IMERGDF,07,29.76,Downloaded_and_Subsetted
2018-04-13,3B-DAY.MS.MRG.3IMERG.20180413-S000000-E235959.V07B.nc4,GPM_3IMERGDF,07,30.05,Downloaded_and_Subsetted
2018-04-14,3B-DAY.MS.MRG.3IMERG.20180414-S000000-E235959.V07B.nc4,GPM_3IMERGDF,07,29.6,Downloaded_and_Subsetted
2018-04-15,3B-DAY.MS.MRG.3IMERG.20180415-S000000-E235959.V07B.nc4,GPM_3IMERGDF,07,30.6,Downloaded_and_Subsetted
2018-04-16,3B-DAY.MS.MRG.3IMERG.20180416-S000000-E235959.V07B.nc4,GPM_3IMERGDF,07,31.05,Downloaded_and_Subsetted
2018-04-17,3B-DAY.MS.MRG.3IMERG.20180417-S000000-E235959.V07B.nc4,GPM_3IMERGDF,07,30.5,Downloaded_and_Subsetted
2018-04-18,3B-DAY.MS.MRG.3IMERG.20180418-S000000-E235959.V07B.nc4,GPM_3IMERGDF,07,29.91,Downloaded_and_Subsetted
2018-04-19,3B-DAY.MS.MRG.3IMERG.20180419-S000000-E235959.V07B.nc4,GPM_3IMERGDF,07,29.75,Downloaded_and_Subsetted
2018-04-20,3B-DAY.MS.MRG.3IMERG.20180420-S000000-E235959.V07B.nc4,GPM_3IMERGDF,07,29.95,Downloaded_and_Subsetted
2018-04-21,3B-DAY.MS.MRG.3IMERG.20180421-S000000-E235959.V07B.nc4,GPM_3IMERGDF,07,29.43,Downloaded_and_Subsetted
2018-04-22,3B-DAY.MS.MRG.3IMERG.20180422-S000000-E235959.V07B.nc4,GPM_3IMERGDF,07,29.25,Downloaded_and_Subsetted
2018-04-23,3B-DAY.MS.MRG.3IMERG.20180423-S000000-E235959.V07B.nc4,GPM_3IMERGDF,07,29.15,Downloaded_and_Subsetted
2018-04-24,3B-DAY.MS.MRG.3IMERG.20180424-S000000-E235959.V07B.nc4,GPM_3IMERGDF,07,29.6,Downloaded_and_Subsetted
2018-04-25,3B-DAY.MS.MRG.3IMERG.20180425-S000000-E235959.V07B.nc4,GPM_3IMERGDF,07,28.95,Downloaded_and_Subsetted
2018-04-26,3B-DAY.MS.MRG.3IMERG.20180426-S000000-E235959.V07B.nc4,GPM_3IMERGDF,07,28.6,Downloaded_and_Subsetted
2018-04-27,3B-DAY.MS.MRG.3IMERG.20180427-S000000-E235959.V07B.nc4,GPM_3IMERGDF,07,29.38,Downloaded_and_Subsetted
2018-04-28,3B-DAY.MS.MRG.3IMERG.20180428-S000000-E235959.V07B.nc4,GPM_3IMERGDF,07,29.45,Downloaded_and_Subsetted
2018-04-29,3B-DAY.MS.MRG.3IMERG.20180429-S000000-E235959.V07B.nc4,GPM_3IMERGDF,07,29.7,Downloaded_and_Subsetted
2018-04-30,3B-DAY.MS.MRG.3IMERG.20180430-S000000-E235959.V07B.nc4,GPM_3IMERGDF,07,29.44,Downloaded_and_Subsetted
2018-05-01,3B-DAY.MS.MRG.3IMERG.20180501-S000000-E235959.V07B.nc4,GPM_3IMERGDF,07,29.95,Downloaded_and_Subsetted
2018-05-02,3B-DAY.MS.MRG.3IMERG.20180502-S000000-E235959.V07B.nc4,GPM_3IMERGDF,07,30.97,Downloaded_and_Subsetted
2018-05-03,3B-DAY.MS.MRG.3IMERG.20180503-S000000-E235959.V07B.nc4,GPM_3IMERGDF,07,30.21,Downloaded_and_Subsetted
2018-05-04,3B-DAY.MS.MRG.3IMERG.20180504-S000000-E235959.V07B.nc4,GPM_3IMERGDF,07,30.58,Downloaded_and_Subsetted
2018-05-05,3B-DAY.MS.MRG.3IMERG.20180505-S000000-E235959.V07B.nc4,GPM_3IMERGDF,07,31.16,Downloaded_and_Subsetted
2018-05-06,3B-DAY.MS.MRG.3IMERG.20180506-S000000-E235959.V07B.nc4,GPM_3IMERGDF,07,31.82,Downloaded_and_Subsetted
2018-05-07,3B-DAY.MS.MRG.3IMERG.20180507-S000000-E235959.V07B.nc4,GPM_3IMERGDF,07,31.48,Downloaded_and_Subsetted
2018-05-08,3B-DAY.MS.MRG.3IMERG.20180508-S000000-E235959.V07B.nc4,GPM_3IMERGDF,07,31.56,Downloaded_and_Subsetted
2018-05-09,3B-DAY.MS.MRG.3IMERG.20180509-S000000-E235959.V07B.nc4,GPM_3IMERGDF,07,31.29,Downloaded_and_Subsetted
2018-05-10,3B-DAY.MS.MRG.3IMERG.20180510-S000000-E235959.V07B.nc4,GPM_3IMERGDF,07,31.4,Downloaded_and_Subsetted
2018-05-11,3B-DAY.MS.MRG.3IMERG.20180511-S000000-E235959.V07B.nc4,GPM_3IMERGDF,07,30.41,Downloaded_and_Subsetted
2018-05-12,3B-DAY.MS.MRG.3IMERG.20180512-S000000-E235959.V07B.nc4,GPM_3IMERGDF,07,29.44,Downloaded_and_Subsetted
2018-05-13,3B-DAY.MS.MRG.3IMERG.20180513-S000000-E235959.V07B.nc4,GPM_3IMERGDF,07,29.87,Downloaded_and_Subsetted
2018-05-14,3B-DAY.MS.MRG.3IMERG.20180514-S000000-E235959.V07B.nc4,GPM_3IMERGDF,07,30.41,Downloaded_and_Subsetted
2018-05-15,3B-DAY.MS.MRG.3IMERG.20180515-S000000-E235959.V07B.nc4,GPM_3IMERGDF,07,30.9,Downloaded_and_Subsetted
2018-05-16,3B-DAY.MS.MRG.3IMERG.20180516-S000000-E235959.V07B.nc4,GPM_3IMERGDF,07,30.42,Downloaded_and_Subsetted
2018-05-17,3B-DAY.MS.MRG.3IMERG.20180517-S000000-E235959.V07B.nc4,GPM_3IMERGDF,07,30.59,Downloaded_and_Subsetted
2018-05-18,3B-DAY.MS.MRG.3IMERG.20180518-S000000-E235959.V07B.nc4,GPM_3IMERGDF,07,30.82,Downloaded_and_Subsetted
2018-05-19,3B-DAY.MS.MRG.3IMERG.20180519-S000000-E235959.V07B.nc4,GPM_3IMERGDF,07,31.89,Downloaded_and_Subsetted
2018-05-20,3B-DAY.MS.MRG.3IMERG.20180520-S000000-E235959.V07B.nc4,GPM_3IMERGDF,07,32.31,Downloaded_and_Subsetted
2018-05-21,3B-DAY.MS.MRG.3IMERG.20180521-S000000-E235959.V07B.nc4,GPM_3IMERGDF,07,31.95,Downloaded_and_Subsetted
2018-05-22,3B-DAY.MS.MRG.3IMERG.20180522-S000000-E235959.V07B.nc4,GPM_3IMERGDF,07,31.7,Downloaded_and_Subsetted
2018-05-23,3B-DAY.MS.MRG.3IMERG.20180523-S000000-E235959.V07B.nc4,GPM_3IMERGDF,07,31.39,Downloaded_and_Subsetted
2018-05-24,3B-DAY.MS.MRG.3IMERG.20180524-S000000-E235959.V07B.nc4,GPM_3IMERGDF,07,31.36,Downloaded_and_Subsetted
2018-05-25,3B-DAY.MS.MRG.3IMERG.20180525-S000000-E235959.V07B.nc4,GPM_3IMERGDF,07,31.24,Downloaded_and_Subsetted
2018-05-26,3B-DAY.MS.MRG.3IMERG.20180526-S000000-E235959.V07B.nc4,GPM_3IMERGDF,07,32.1,Downloaded_and_Subsetted
2018-05-27,3B-DAY.MS.MRG.3IMERG.20180527-S000000-E235959.V07B.nc4,GPM_3IMERGDF,07,32.51,Downloaded_and_Subsetted
2018-05-28,3B-DAY.MS.MRG.3IMERG.20180528-S000000-E235959.V07B.nc4,GPM_3IMERGDF,07,31.94,Downloaded_and_Subsetted
2018-05-29,3B-DAY.MS.MRG.3IMERG.20180529-S000000-E235959.V07B.nc4,GPM_3IMERGDF,07,32.37,Downloaded_and_Subsetted
2018-05-30,3B-DAY.MS.MRG.3IMERG.20180530-S000000-E235959.V07B.nc4,GPM_3IMERGDF,07,32.39,Downloaded_and_Subsetted
2018-05-31,3B-DAY.MS.MRG.3IMERG.20180531-S000000-E235959.V07B.nc4,GPM_3IMERGDF,07,32.11,Downloaded_and_Subsetted
2018-06-01,3B-DAY.MS.MRG.3IMERG.20180601-S000000-E235959.V07B.nc4,GPM_3IMERGDF,07,31.65,Downloaded_and_Subsetted
2018-06-02,3B-DAY.MS.MRG.3IMERG.20180602-S000000-E235959.V07B.nc4,GPM_3IMERGDF,07,31.31,Downloaded_and_Subsetted
2018-06-03,3B-DAY.MS.MRG.3IMERG.20180603-S000000-E235959.V07B.nc4,GPM_3IMERGDF,07,32.06,Downloaded_and_Subsetted
2018-06-04,3B-DAY.MS.MRG.3IMERG.20180604-S000000-E235959.V07B.nc4,GPM_3IMERGDF,07,31.64,Downloaded_and_Subsetted
2018-06-05,3B-DAY.MS.MRG.3IMERG.20180605-S000000-E235959.V07B.nc4,GPM_3IMERGDF,07,31.4,Downloaded_and_Subsetted
2018-06-06,3B-DAY.MS.MRG.3IMERG.20180606-S000000-E235959.V07B.nc4,GPM_3IMERGDF,07,31.14,Downloaded_and_Subsetted
2018-06-07,3B-DAY.MS.MRG.3IMERG.20180607-S000000-E235959.V07B.nc4,GPM_3IMERGDF,07,31.55,Downloaded_and_Subsetted
2018-06-08,3B-DAY.MS.MRG.3IMERG.20180608-S000000-E235959.V07B.nc4,GPM_3IMERGDF,07,31.53,Downloaded_and_Subsetted
2018-06-09,3B-DAY.MS.MRG.3IMERG.20180609-S000000-E235959.V07B.nc4,GPM_3IMERGDF,07,30.46,Downloaded_and_Subsetted
2018-06-10,3B-DAY.MS.MRG.3IMERG.20180610-S000000-E235959.V07B.nc4,GPM_3IMERGDF,07,30.49,Downloaded_and_Subsetted
2018-06-11,3B-DAY.MS.MRG.3IMERG.20180611-S000000-E235959.V07B.nc4,GPM_3IMERGDF,07,30.07,Downloaded_and_Subsetted
2018-06-12,3B-DAY.MS.MRG.3IMERG.20180612-S000000-E235959.V07B.nc4,GPM_3IMERGDF,07,30.26,Downloaded_and_Subsetted
2018-06-13,3B-DAY.MS.MRG.3IMERG.20180613-S000000-E235959.V07B.nc4,GPM_3IMERGDF,07,30.73,Downloaded_and_Subsetted
2018-06-14,3B-DAY.MS.MRG.3IMERG.20180614-S000000-E235959.V07B.nc4,GPM_3IMERGDF,07,30.27,Downloaded_and_Subsetted
2018-06-15,3B-DAY.MS.MRG.3IMERG.20180615-S000000-E235959.V07B.nc4,GPM_3IMERGDF,07,30.91,Downloaded_and_Subsetted
2018-06-16,3B-DAY.MS.MRG.3IMERG.20180616-S000000-E235959.V07B.nc4,GPM_3IMERGDF,07,31.67,Downloaded_and_Subsetted
2018-06-17,3B-DAY.MS.MRG.3IMERG.20180617-S000000-E235959.V07B.nc4,GPM_3IMERGDF,07,31.74,Downloaded_and_Subsetted
2018-06-18,3B-DAY.MS.MRG.3IMERG.20180618-S000000-E235959.V07B.nc4,GPM_3IMERGDF,07,31.45,Downloaded_and_Subsetted
2018-06-19,3B-DAY.MS.MRG.3IMERG.20180619-S000000-E235959.V07B.nc4,GPM_3IMERGDF,07,31.05,Downloaded_and_Subsetted
2018-06-20,3B-DAY.MS.MRG.3IMERG.20180620-S000000-E235959.V07B.nc4,GPM_3IMERGDF,07,30.92,Downloaded_and_Subsetted
2018-06-21,3B-DAY.MS.MRG.3IMERG.20180621-S000000-E235959.V07B.nc4,GPM_3IMERGDF,07,31.33,Downloaded_and_Subsetted
2018-06-22,3B-DAY.MS.MRG.3IMERG.20180622-S000000-E235959.V07B.nc4,GPM_3IMERGDF,07,30.4,Downloaded_and_Subsetted
2018-06-23,3B-DAY.MS.MRG.3IMERG.20180623-S000000-E235959.V07B.nc4,GPM_3IMERGDF,07,30.12,Downloaded_and_Subsetted
2018-06-24,3B-DAY.MS.MRG.3IMERG.20180624-S000000-E235959.V07B.nc4,GPM_3IMERGDF,07,30.65,Downloaded_and_Subsetted
2018-06-25,3B-DAY.MS.MRG.3IMERG.20180625-S000000-E235959.V07B.nc4,GPM_3IMERGDF,07,30.95,Downloaded_and_Subsetted
2018-06-26,3B-DAY.MS.MRG.3IMERG.20180626-S000000-E235959.V07B.nc4,GPM_3IMERGDF,07,31.31,Downloaded_and_Subsetted
2018-06-27,3B-DAY.MS.MRG.3IMERG.20180627-S000000-E235959.V07B.nc4,GPM_3IMERGDF,07,31.0,Downloaded_and_Subsetted
2018-06-28,3B-DAY.MS.MRG.3IMERG.20180628-S000000-E235959.V07B.nc4,GPM_3IMERGDF,07,30.57,Downloaded_and_Subsetted
2018-06-29,3B-DAY.MS.MRG.3IMERG.20180629-S000000-E235959.V07B.nc4,GPM_3IMERGDF,07,30.83,Downloaded_and_Subsetted
2018-06-30,3B-DAY.MS.MRG.3IMERG.20180630-S000000-E235959.V07B.nc4,GPM_3IMERGDF,07,31.79,Downloaded_and_Subsetted
2018-07-01,3B-DAY.MS.MRG.3IMERG.20180701-S000000-E235959.V07B.nc4,GPM_3IMERGDF,07,32.43,Downloaded_and_Subsetted
2018-07-02,3B-DAY.MS.MRG.3IMERG.20180702-S000000-E235959.V07B.nc4,GPM_3IMERGDF,07,31.79,Downloaded_and_Subsetted
2018-07-03,3B-DAY.MS.MRG.3IMERG.20180703-S000000-E235959.V07B.nc4,GPM_3IMERGDF,07,31.79,Downloaded_and_Subsetted
2018-07-04,3B-DAY.MS.MRG.3IMERG.20180704-S000000-E235959.V07B.nc4,GPM_3IMERGDF,07,31.85,Downloaded_and_Subsetted
2018-07-05,3B-DAY.MS.MRG.3IMERG.20180705-S000000-E235959.V07B.nc4,GPM_3IMERGDF,07,31.42,Downloaded_and_Subsetted
2018-07-06,3B-DAY.MS.MRG.3IMERG.20180706-S000000-E235959.V07B.nc4,GPM_3IMERGDF,07,30.99,Downloaded_and_Subsetted
2018-07-07,3B-DAY.MS.MRG.3IMERG.20180707-S000000-E235959.V07B.nc4,GPM_3IMERGDF,07,31.82,Downloaded_and_Subsetted
2018-07-08,3B-DAY.MS.MRG.3IMERG.20180708-S000000-E235959.V07B.nc4,GPM_3IMERGDF,07,32.13,Downloaded_and_Subsetted
2018-07-09,3B-DAY.MS.MRG.3IMERG.20180709-S000000-E235959.V07B.nc4,GPM_3IMERGDF,07,31.66,Downloaded_and_Subsetted
2018-07-10,3B-DAY.MS.MRG.3IMERG.20180710-S000000-E235959.V07B.nc4,GPM_3IMERGDF,07,31.49,Downloaded_and_Subsetted
2018-07-11,3B-DAY.MS.MRG.3IMERG.20180711-S000000-E235959.V07B.nc4,GPM_3IMERGDF,07,30.64,Downloaded_and_Subsetted
2018-07-12,3B-DAY.MS.MRG.3IMERG.20180712-S000000-E235959.V07B.nc4,GPM_3IMERGDF,07,31.15,Downloaded_and_Subsetted
2018-07-13,3B-DAY.MS.MRG.3IMERG.20180713-S000000-E235959.V07B.nc4,GPM_3IMERGDF,07,31.54,Downloaded_and_Subsetted
2018-07-14,3B-DAY.MS.MRG.3IMERG.20180714-S000000-E235959.V07B.nc4,GPM_3IMERGDF,07,30.85,Downloaded_and_Subsetted
2018-07-15,3B-DAY.MS.MRG.3IMERG.20180715-S000000-E235959.V07B.nc4,GPM_3IMERGDF,07,31.09,Downloaded_and_Subsetted
2018-07-16,3B-DAY.MS.MRG.3IMERG.20180716-S000000-E235959.V07B.nc4,GPM_3IMERGDF,07,31.02,Downloaded_and_Subsetted
2018-07-17,3B-DAY.MS.MRG.3IMERG.20180717-S000000-E235959.V07B.nc4,GPM_3IMERGDF,07,30.61,Downloaded_and_Subsetted
2018-07-18,3B-DAY.MS.MRG.3IMERG.20180718-S000000-E235959.V07B.nc4,GPM_3IMERGDF,07,31.43,Downloaded_and_Subsetted
2018-07-19,3B-DAY.MS.MRG.3IMERG.20180719-S000000-E235959.V07B.nc4,GPM_3IMERGDF,07,32.01,Downloaded_and_Subsetted
2018-07-20,3B-DAY.MS.MRG.3IMERG.20180720-S000000-E235959.V07B.nc4,GPM_3IMERGDF,07,32.21,Downloaded_and_Subsetted
2018-07-21,3B-DAY.MS.MRG.3IMERG.20180721-S000000-E235959.V07B.nc4,GPM_3IMERGDF,07,31.16,Downloaded_and_Subsetted
2018-07-22,3B-DAY.MS.MRG.3IMERG.20180722-S000000-E235959.V07B.nc4,GPM_3IMERGDF,07,31.03,Downloaded_and_Subsetted
2018-07-23,3B-DAY.MS.MRG.3IMERG.20180723-S000000-E235959.V07B.nc4,GPM_3IMERGDF,07,30.89,Downloaded_and_Subsetted
2018-07-24,3B-DAY.MS.MRG.3IMERG.20180724-S000000-E235959.V07B.nc4,GPM_3IMERGDF,07,30.59,Downloaded_and_Subsetted
2018-07-25,3B-DAY.MS.MRG.3IMERG.20180725-S000000-E235959.V07B.nc4,GPM_3IMERGDF,07,30.16,Downloaded_and_Subsetted
2018-07-26,3B-DAY.MS.MRG.3IMERG.20180726-S000000-E235959.V07B.nc4,GPM_3IMERGDF,07,29.89,Downloaded_and_Subsetted
2018-07-27,3B-DAY.MS.MRG.3IMERG.20180727-S000000-E235959.V07B.nc4,GPM_3IMERGDF,07,30.04,Downloaded_and_Subsetted
2018-07-28,3B-DAY.MS.MRG.3IMERG.20180728-S000000-E235959.V07B.nc4,GPM_3IMERGDF,07,30.33,Downloaded_and_Subsetted
2018-07-29,3B-DAY.MS.MRG.3IMERG.20180729-S000000-E235959.V07B.nc4,GPM_3IMERGDF,07,30.79,Downloaded_and_Subsetted
2018-07-30,3B-DAY.MS.MRG.3IMERG.20180730-S000000-E235959.V07B.nc4,GPM_3IMERGDF,07,30.45,Downloaded_and_Subsetted
2018-07-31,3B-DAY.MS.MRG.3IMERG.20180731-S000000-E235959.V07B.nc4,GPM_3IMERGDF,07,30.15,Downloaded_and_Subsetted
2018-08-01,3B-DAY.MS.MRG.3IMERG.20180801-S000000-E235959.V07B.nc4,GPM_3IMERGDF,07,30.55,Downloaded_and_Subsetted
2018-08-02,3B-DAY.MS.MRG.3IMERG.20180802-S000000-E235959.V07B.nc4,GPM_3IMERGDF,07,32.13,Downloaded_and_Subsetted
2018-08-03,3B-DAY.MS.MRG.3IMERG.20180803-S000000-E235959.V07B.nc4,GPM_3IMERGDF,07,32.33,Downloaded_and_Subsetted
2018-08-04,3B-DAY.MS.MRG.3IMERG.20180804-S000000-E235959.V07B.nc4,GPM_3IMERGDF,07,32.02,Downloaded_and_Subsetted
2018-08-05,3B-DAY.MS.MRG.3IMERG.20180805-S000000-E235959.V07B.nc4,GPM_3IMERGDF,07,31.18,Downloaded_and_Subsetted
2018-08-06,3B-DAY.MS.MRG.3IMERG.20180806-S000000-E235959.V07B.nc4,GPM_3IMERGDF,07,31.63,Downloaded_and_Subsetted
2018-08-07,3B-DAY.MS.MRG.3IMERG.20180807-S000000-E235959.V07B.nc4,GPM_3IMERGDF,07,32.03,Downloaded_and_Subsetted
2018-08-08,3B-DAY.MS.MRG.3IMERG.20180808-S000000-E235959.V07B.nc4,GPM_3IMERGDF,07,32.42,Downloaded_and_Subsetted
2018-08-09,3B-DAY.MS.MRG.3IMERG.20180809-S000000-E235959.V07B.nc4,GPM_3IMERGDF,07,33.19,Downloaded_and_Subsetted
2018-08-10,3B-DAY.MS.MRG.3IMERG.20180810-S000000-E235959.V07B.nc4,GPM_3IMERGDF,07,32.69,Downloaded_and_Subsetted
2018-08-11,3B-DAY.MS.MRG.3IMERG.20180811-S000000-E235959.V07B.nc4,GPM_3IMERGDF,07,31.6,Downloaded_and_Subsetted
2018-08-12,3B-DAY.MS.MRG.3IMERG.20180812-S000000-E235959.V07B.nc4,GPM_3IMERGDF,07,31.02,Downloaded_and_Subsetted
2018-08-13,3B-DAY.MS.MRG.3IMERG.20180813-S000000-E235959.V07B.nc4,GPM_3IMERGDF,07,31.44,Downloaded_and_Subsetted
2018-08-14,3B-DAY.MS.MRG.3IMERG.20180814-S000000-E235959.V07B.nc4,GPM_3IMERGDF,07,31.37,Downloaded_and_Subsetted
2018-08-15,3B-DAY.MS.MRG.3IMERG.20180815-S000000-E235959.V07B.nc4,GPM_3IMERGDF,07,30.74,Downloaded_and_Subsetted
2018-08-16,3B-DAY.MS.MRG.3IMERG.20180816-S000000-E235959.V07B.nc4,GPM_3IMERGDF,07,30.6,Downloaded_and_Subsetted
2018-08-17,3B-DAY.MS.MRG.3IMERG.20180817-S000000-E235959.V07B.nc4,GPM_3IMERGDF,07,31.79,Downloaded_and_Subsetted
2018-08-18,3B-DAY.MS.MRG.3IMERG.20180818-S000000-E235959.V07B.nc4,GPM_3IMERGDF,07,32.41,Downloaded_and_Subsetted
2018-08-19,3B-DAY.MS.MRG.3IMERG.20180819-S000000-E235959.V07B.nc4,GPM_3IMERGDF,07,32.72,Downloaded_and_Subsetted
2018-08-20,3B-DAY.MS.MRG.3IMERG.20180820-S000000-E235959.V07B.nc4,GPM_3IMERGDF,07,32.14,Downloaded_and_Subsetted
2018-08-21,3B-DAY.MS.MRG.3IMERG.20180821-S000000-E235959.V07B.nc4,GPM_3IMERGDF,07,31.32,Downloaded_and_Subsetted
2018-08-22,3B-DAY.MS.MRG.3IMERG.20180822-S000000-E235959.V07B.nc4,GPM_3IMERGDF,07,31.54,Downloaded_and_Subsetted
2018-08-23,3B-DAY.MS.MRG.3IMERG.20180823-S000000-E235959.V07B.nc4,GPM_3IMERGDF,07,31.76,Downloaded_and_Subsetted
2018-08-24,3B-DAY.MS.MRG.3IMERG.20180824-S000000-E235959.V07B.nc4,GPM_3IMERGDF,07,31.77,Downloaded_and_Subsetted
2018-08-25,3B-DAY.MS.MRG.3IMERG.20180825-S000000-E235959.V07B.nc4,GPM_3IMERGDF,07,32.17,Downloaded_and_Subsetted
2018-08-26,3B-DAY.MS.MRG.3IMERG.20180826-S000000-E235959.V07B.nc4,GPM_3IMERGDF,07,31.7,Downloaded_and_Subsetted
2018-08-27,3B-DAY.MS.MRG.3IMERG.20180827-S000000-E235959.V07B.nc4,GPM_3IMERGDF,07,31.34,Downloaded_and_Subsetted
2018-08-28,3B-DAY.MS.MRG.3IMERG.20180828-S000000-E235959.V07B.nc4,GPM_3IMERGDF,07,31.57,Downloaded_and_Subsetted
2018-08-29,3B-DAY.MS.MRG.3IMERG.20180829-S000000-E235959.V07B.nc4,GPM_3IMERGDF,07,31.86,Downloaded_and_Subsetted
2018-08-30,3B-DAY.MS.MRG.3IMERG.20180830-S000000-E235959.V07B.nc4,GPM_3IMERGDF,07,31.39,Downloaded_and_Subsetted
2018-08-31,3B-DAY.MS.MRG.3IMERG.20180831-S000000-E235959.V07B.nc4,GPM_3IMERGDF,07,31.23,Downloaded_and_Subsetted
2018-09-01,3B-DAY.MS.MRG.3IMERG.20180901-S000000-E235959.V07B.nc4,GPM_3IMERGDF,07,31.76,Downloaded_and_Subsetted
2018-09-02,3B-DAY.MS.MRG.3IMERG.20180902-S000000-E235959.V07B.nc4,GPM_3IMERGDF,07,32.41,Downloaded_and_Subsetted
2018-09-03,3B-DAY.MS.MRG.3IMERG.20180903-S000000-E235959.V07B.nc4,GPM_3IMERGDF,07,32.36,Downloaded_and_Subsetted
2018-09-04,3B-DAY.MS.MRG.3IMERG.20180904-S000000-E235959.V07B.nc4,GPM_3IMERGDF,07,32.1,Downloaded_and_Subsetted
2018-09-05,3B-DAY.MS.MRG.3IMERG.20180905-S000000-E235959.V07B.nc4,GPM_3IMERGDF,07,31.85,Downloaded_and_Subsetted
2018-09-06,3B-DAY.MS.MRG.3IMERG.20180906-S000000-E235959.V07B.nc4,GPM_3IMERGDF,07,31.98,Downloaded_and_Subsetted
2018-09-07,3B-DAY.MS.MRG.3IMERG.20180907-S000000-E235959.V07B.nc4,GPM_3IMERGDF,07,32.17,Downloaded_and_Subsetted
2018-09-08,3B-DAY.MS.MRG.3IMERG.20180908-S000000-E235959.V07B.nc4,GPM_3IMERGDF,07,31.38,Downloaded_and_Subsetted
2018-09-09,3B-DAY.MS.MRG.3IMERG.20180909-S000000-E235959.V07B.nc4,GPM_3IMERGDF,07,30.4,Downloaded_and_Subsetted
2018-09-10,3B-DAY.MS.MRG.3IMERG.20180910-S000000-E235959.V07B.nc4,GPM_3IMERGDF,07,30.18,Downloaded_and_Subsetted
2018-09-11,3B-DAY.MS.MRG.3IMERG.20180911-S000000-E235959.V07B.nc4,GPM_3IMERGDF,07,30.4,Downloaded_and_Subsetted
2018-09-12,3B-DAY.MS.MRG.3IMERG.20180912-S000000-E235959.V07B.nc4,GPM_3IMERGDF,07,31.43,Downloaded_and_Subsetted
2018-09-13,3B-DAY.MS.MRG.3IMERG.20180913-S000000-E235959.V07B.nc4,GPM_3IMERGDF,07,31.69,Downloaded_and_Subsetted
2018-09-14,3B-DAY.MS.MRG.3IMERG.20180914-S000000-E235959.V07B.nc4,GPM_3IMERGDF,07,30.83,Downloaded_and_Subsetted
2018-09-15,3B-DAY.MS.MRG.3IMERG.20180915-S000000-E235959.V07B.nc4,GPM_3IMERGDF,07,30.33,Downloaded_and_Subsetted
2018-09-16,3B-DAY.MS.MRG.3IMERG.20180916-S000000-E235959.V07B.nc4,GPM_3IMERGDF,07,30.11,Downloaded_and_Subsetted
2018-09-17,3B-DAY.MS.MRG.3IMERG.20180917-S000000-E235959.V07B.nc4,GPM_3IMERGDF,07,30.53,Downloaded_and_Subsetted
2018-09-18,3B-DAY.MS.MRG.3IMERG.20180918-S000000-E235959.V07B.nc4,GPM_3IMERGDF,07,31.18,Downloaded_and_Subsetted
2018-09-19,3B-DAY.MS.MRG.3IMERG.20180919-S000000-E235959.V07B.nc4,GPM_3IMERGDF,07,31.98,Downloaded_and_Subsetted
2018-09-20,3B-DAY.MS.MRG.3IMERG.20180920-S000000-E235959.V07B.nc4,GPM_3IMERGDF,07,31.23,Downloaded_and_Subsetted
2018-09-21,3B-DAY.MS.MRG.3IMERG.20180921-S000000-E235959.V07B.nc4,GPM_3IMERGDF,07,31.32,Downloaded_and_Subsetted
2018-09-22,3B-DAY.MS.MRG.3IMERG.20180922-S000000-E235959.V07B.nc4,GPM_3IMERGDF,07,31.03,Downloaded_and_Subsetted
2018-09-23,3B-DAY.MS.MRG.3IMERG.20180923-S000000-E235959.V07B.nc4,GPM_3IMERGDF,07,29.64,Downloaded_and_Subsetted
2018-09-24,3B-DAY.MS.MRG.3IMERG.20180924-S000000-E235959.V07B.nc4,GPM_3IMERGDF,07,29.62,Downloaded_and_Subsetted
2018-09-25,3B-DAY.MS.MRG.3IMERG.20180925-S000000-E235959.V07B.nc4,GPM_3IMERGDF,07,30.28,Downloaded_and_Subsetted
2018-09-26,3B-DAY.MS.MRG.3IMERG.20180926-S000000-E235959.V07B.nc4,GPM_3IMERGDF,07,30.9,Downloaded_and_Subsetted
2018-09-27,3B-DAY.MS.MRG.3IMERG.20180927-S000000-E235959.V07B.nc4,GPM_3IMERGDF,07,31.24,Downloaded_and_Subsetted
2018-09-28,3B-DAY.MS.MRG.3IMERG.20180928-S000000-E235959.V07B.nc4,GPM_3IMERGDF,07,30.82,Downloaded_and_Subsetted
2018-09-29,3B-DAY.MS.MRG.3IMERG.20180929-S000000-E235959.V07B.nc4,GPM_3IMERGDF,07,31.45,Downloaded_and_Subsetted
2018-09-30,3B-DAY.MS.MRG.3IMERG.20180930-S000000-E235959.V07B.nc4,GPM_3IMERGDF,07,32.45,Downloaded_and_Subsetted
2018-10-01,3B-DAY.MS.MRG.3IMERG.20181001-S000000-E235959.V07B.nc4,GPM_3IMERGDF,07,32.1,Downloaded_and_Subsetted
2018-10-02,3B-DAY.MS.MRG.3IMERG.20181002-S000000-E235959.V07B.nc4,GPM_3IMERGDF,07,31.46,Downloaded_and_Subsetted
2018-10-03,3B-DAY.MS.MRG.3IMERG.20181003-S000000-E235959.V07B.nc4,GPM_3IMERGDF,07,30.68,Downloaded_and_Subsetted
2018-10-04,3B-DAY.MS.MRG.3IMERG.20181004-S000000-E235959.V07B.nc4,GPM_3IMERGDF,07,30.78,Downloaded_and_Subsetted
2018-10-05,3B-DAY.MS.MRG.3IMERG.20181005-S000000-E235959.V07B.nc4,GPM_3IMERGDF,07,30.13,Downloaded_and_Subsetted
2018-10-06,3B-DAY.MS.MRG.3IMERG.20181006-S000000-E235959.V07B.nc4,GPM_3IMERGDF,07,29.63,Downloaded_and_Subsetted
2018-10-07,3B-DAY.MS.MRG.3IMERG.20181007-S000000-E235959.V07B.nc4,GPM_3IMERGDF,07,30.04,Downloaded_and_Subsetted
2018-10-08,3B-DAY.MS.MRG.3IMERG.20181008-S000000-E235959.V07B.nc4,GPM_3IMERGDF,07,30.64,Downloaded_and_Subsetted
2018-10-09,3B-DAY.MS.MRG.3IMERG.20181009-S000000-E235959.V07B.nc4,GPM_3IMERGDF,07,29.95,Downloaded_and_Subsetted
2018-10-10,3B-DAY.MS.MRG.3IMERG.20181010-S000000-E235959.V07B.nc4,GPM_3IMERGDF,07,29.99,Downloaded_and_Subsetted
2018-10-11,3B-DAY.MS.MRG.3IMERG.20181011-S000000-E235959.V07B.nc4,GPM_3IMERGDF,07,30.2,Downloaded_and_Subsetted
2018-10-12,3B-DAY.MS.MRG.3IMERG.20181012-S000000-E235959.V07B.nc4,GPM_3IMERGDF,07,30.75,Downloaded_and_Subsetted
2018-10-13,3B-DAY.MS.MRG.3IMERG.20181013-S000000-E235959.V07B.nc4,GPM_3IMERGDF,07,30.62,Downloaded_and_Subsetted
2018-10-14,3B-DAY.MS.MRG.3IMERG.20181014-S000000-E235959.V07B.nc4,GPM_3IMERGDF,07,30.94,Downloaded_and_Subsetted
2018-10-15,3B-DAY.MS.MRG.3IMERG.20181015-S000000-E235959.V07B.nc4,GPM_3IMERGDF,07,31.14,Downloaded_and_Subsetted
2018-10-16,3B-DAY.MS.MRG.3IMERG.20181016-S000000-E235959.V07B.nc4,GPM_3IMERGDF,07,31.06,Downloaded_and_Subsetted
2018-10-17,3B-DAY.MS.MRG.3IMERG.20181017-S000000-E235959.V07B.nc4,GPM_3IMERGDF,07,30.61,Downloaded_and_Subsetted
2018-10-18,3B-DAY.MS.MRG.3IMERG.20181018-S000000-E235959.V07B.nc4,GPM_3IMERGDF,07,31.09,Downloaded_and_Subsetted
2018-10-19,3B-DAY.MS.MRG.3IMERG.20181019-S000000-E235959.V07B.nc4,GPM_3IMERGDF,07,30.8,Downloaded_and_Subsetted
2018-10-20,3B-DAY.MS.MRG.3IMERG.20181020-S000000-E235959.V07B.nc4,GPM_3IMERGDF,07,30.49,Downloaded_and_Subsetted
2018-10-21,3B-DAY.MS.MRG.3IMERG.20181021-S000000-E235959.V07B.nc4,GPM_3IMERGDF,07,29.94,Downloaded_and_Subsetted
2018-10-22,3B-DAY.MS.MRG.3IMERG.20181022-S000000-E235959.V07B.nc4,GPM_3IMERGDF,07,29.62,Downloaded_and_Subsetted
2018-10-23,3B-DAY.MS.MRG.3IMERG.20181023-S000000-E235959.V07B.nc4,GPM_3IMERGDF,07,29.39,Downloaded_and_Subsetted
2018-10-24,3B-DAY.MS.MRG.3IMERG.20181024-S000000-E235959.V07B.nc4,GPM_3IMERGDF,07,29.05,Downloaded_and_Subsetted
2018-10-25,3B-DAY.MS.MRG.3IMERG.20181025-S000000-E235959.V07B.nc4,GPM_3IMERGDF,07,29.04,Downloaded_and_Subsetted
2018-10-26,3B-DAY.MS.MRG.3IMERG.20181026-S000000-E235959.V07B.nc4,GPM_3IMERGDF,07,29.13,Downloaded_and_Subsetted
2018-10-27,3B-DAY.MS.MRG.3IMERG.20181027-S000000-E235959.V07B.nc4,GPM_3IMERGDF,07,29.48,Downloaded_and_Subsetted
2018-10-28,3B-DAY.MS.MRG.3IMERG.20181028-S000000-E235959.V07B.nc4,GPM_3IMERGDF,07,29.96,Downloaded_and_Subsetted
2018-10-29,3B-DAY.MS.MRG.3IMERG.20181029-S000000-E235959.V07B.nc4,GPM_3IMERGDF,07,30.06,Downloaded_and_Subsetted
2018-10-30,3B-DAY.MS.MRG.3IMERG.20181030-S000000-E235959.V07B.nc4,GPM_3IMERGDF,07,29.15,Downloaded_and_Subsetted
2018-10-31,3B-DAY.MS.MRG.3IMERG.20181031-S000000-E235959.V07B.nc4,GPM_3IMERGDF,07,29.0,Downloaded_and_Subsetted
2018-11-01,3B-DAY.MS.MRG.3IMERG.20181101-S000000-E235959.V07B.nc4,GPM_3IMERGDF,07,29.34,Downloaded_and_Subsetted
2018-11-02,3B-DAY.MS.MRG.3IMERG.20181102-S000000-E235959.V07B.nc4,GPM_3IMERGDF,07,29.53,Downloaded_and_Subsetted
2018-11-03,3B-DAY.MS.MRG.3IMERG.20181103-S000000-E235959.V07B.nc4,GPM_3IMERGDF,07,29.99,Downloaded_and_Subsetted
2018-11-04,3B-DAY.MS.MRG.3IMERG.20181104-S000000-E235959.V07B.nc4,GPM_3IMERGDF,07,30.18,Downloaded_and_Subsetted
2018-11-05,3B-DAY.MS.MRG.3IMERG.20181105-S000000-E235959.V07B.nc4,GPM_3IMERGDF,07,29.95,Downloaded_and_Subsetted
2018-11-06,3B-DAY.MS.MRG.3IMERG.20181106-S000000-E235959.V07B.nc4,GPM_3IMERGDF,07,29.34,Downloaded_and_Subsetted
2018-11-07,3B-DAY.MS.MRG.3IMERG.20181107-S000000-E235959.V07B.nc4,GPM_3IMERGDF,07,28.78,Downloaded_and_Subsetted
2018-11-08,3B-DAY.MS.MRG.3IMERG.20181108-S000000-E235959.V07B.nc4,GPM_3IMERGDF,07,28.37,Downloaded_and_Subsetted
2018-11-09,3B-DAY.MS.MRG.3IMERG.20181109-S000000-E235959.V07B.nc4,GPM_3IMERGDF,07,28.32,Downloaded_and_Subsetted
2018-11-10,3B-DAY.MS.MRG.3IMERG.20181110-S000000-E235959.V07B.nc4,GPM_3IMERGDF,07,28.3,Downloaded_and_Subsetted
2018-11-11,3B-DAY.MS.MRG.3IMERG.20181111-S000000-E235959.V07B.nc4,GPM_3IMERGDF,07,27.74,Downloaded_and_Subsetted
2018-11-12,3B-DAY.MS.MRG.3IMERG.20181112-S000000-E235959.V07B.nc4,GPM_3IMERGDF,07,28.28,Downloaded_and_Subsetted
2018-11-13,3B-DAY.MS.MRG.3IMERG.20181113-S000000-E235959.V07B.nc4,GPM_3IMERGDF,07,28.66,Downloaded_and_Subsetted
2018-11-14,3B-DAY.MS.MRG.3IMERG.20181114-S000000-E235959.V07B.nc4,GPM_3IMERGDF,07,28.48,Downloaded_and_Subsetted
2018-11-15,3B-DAY.MS.MRG.3IMERG.20181115-S000000-E235959.V07B.nc4,GPM_3IMERGDF,07,28.5,Downloaded_and_Subsetted
2018-11-16,3B-DAY.MS.MRG.3IMERG.20181116-S000000-E235959.V07B.nc4,GPM_3IMERGDF,07,28.93,Downloaded_and_Subsetted
2018-11-17,3B-DAY.MS.MRG.3IMERG.20181117-S000000-E235959.V07B.nc4,GPM_3IMERGDF,07,29.24,Downloaded_and_Subsetted
2018-11-18,3B-DAY.MS.MRG.3IMERG.20181118-S000000-E235959.V07B.nc4,GPM_3IMERGDF,07,29.2,Downloaded_and_Subsetted
2018-11-19,3B-DAY.MS.MRG.3IMERG.20181119-S000000-E235959.V07B.nc4,GPM_3IMERGDF,07,28.95,Downloaded_and_Subsetted
2018-11-20,3B-DAY.MS.MRG.3IMERG.20181120-S000000-E235959.V07B.nc4,GPM_3IMERGDF,07,28.85,Downloaded_and_Subsetted
2018-11-21,3B-DAY.MS.MRG.3IMERG.20181121-S000000-E235959.V07B.nc4,GPM_3IMERGDF,07,28.66,Downloaded_and_Subsetted
2018-11-22,3B-DAY.MS.MRG.3IMERG.20181122-S000000-E235959.V07B.nc4,GPM_3IMERGDF,07,28.57,Downloaded_and_Subsetted
2018-11-23,3B-DAY.MS.MRG.3IMERG.20181123-S000000-E235959.V07B.nc4,GPM_3IMERGDF,07,28.16,Downloaded_and_Subsetted
2018-11-24,3B-DAY.MS.MRG.3IMERG.20181124-S000000-E235959.V07B.nc4,GPM_3IMERGDF,07,27.79,Downloaded_and_Subsetted
2018-11-25,3B-DAY.MS.MRG.3IMERG.20181125-S000000-E235959.V07B.nc4,GPM_3IMERGDF,07,27.47,Downloaded_and_Subsetted
2018-11-26,3B-DAY.MS.MRG.3IMERG.20181126-S000000-E235959.V07B.nc4,GPM_3IMERGDF,07,27.73,Downloaded_and_Subsetted
2018-11-27,3B-DAY.MS.MRG.3IMERG.20181127-S000000-E235959.V07B.nc4,GPM_3IMERGDF,07,27.54,Downloaded_and_Subsetted
2018-11-28,3B-DAY.MS.MRG.3IMERG.20181128-S000000-E235959.V07B.nc4,GPM_3IMERGDF,07,27.78,Downloaded_and_Subsetted
2018-11-29,3B-DAY.MS.MRG.3IMERG.20181129-S000000-E235959.V07B.nc4,GPM_3IMERGDF,07,28.01,Downloaded_and_Subsetted
2018-11-30,3B-DAY.MS.MRG.3IMERG.20181130-S000000-E235959.V07B.nc4,GPM_3IMERGDF,07,28.2,Downloaded_and_Subsetted
2018-12-01,3B-DAY.MS.MRG.3IMERG.20181201-S000000-E235959.V07B.nc4,GPM_3IMERGDF,07,27.8,Downloaded_and_Subsetted
2018-12-02,3B-DAY.MS.MRG.3IMERG.20181202-S000000-E235959.V07B.nc4,GPM_3IMERGDF,07,27.25,Downloaded_and_Subsetted
2018-12-03,3B-DAY.MS.MRG.3IMERG.20181203-S000000-E235959.V07B.nc4,GPM_3IMERGDF,07,27.67,Downloaded_and_Subsetted
2018-12-04,3B-DAY.MS.MRG.3IMERG.20181204-S000000-E235959.V07B.nc4,GPM_3IMERGDF,07,28.06,Downloaded_and_Subsetted
2018-12-05,3B-DAY.MS.MRG.3IMERG.20181205-S000000-E235959.V07B.nc4,GPM_3IMERGDF,07,29.06,Downloaded_and_Subsetted
2018-12-06,3B-DAY.MS.MRG.3IMERG.20181206-S000000-E235959.V07B.nc4,GPM_3IMERGDF,07,29.92,Downloaded_and_Subsetted
2018-12-07,3B-DAY.MS.MRG.3IMERG.20181207-S000000-E235959.V07B.nc4,GPM_3IMERGDF,07,29.07,Downloaded_and_Subsetted
2018-12-08,3B-DAY.MS.MRG.3IMERG.20181208-S000000-E235959.V07B.nc4,GPM_3IMERGDF,07,28.43,Downloaded_and_Subsetted
2018-12-09,3B-DAY.MS.MRG.3IMERG.20181209-S000000-E235959.V07B.nc4,GPM_3IMERGDF,07,28.71,Downloaded_and_Subsetted
2018-12-10,3B-DAY.MS.MRG.3IMERG.20181210-S000000-E235959.V07B.nc4,GPM_3IMERGDF,07,28.38,Downloaded_and_Subsetted
2018-12-11,3B-DAY.MS.MRG.3IMERG.20181211-S000000-E235959.V07B.nc4,GPM_3IMERGDF,07,28.5,Downloaded_and_Subsetted
2018-12-12,3B-DAY.MS.MRG.3IMERG.20181212-S000000-E235959.V07B.nc4,GPM_3IMERGDF,07,29.18,Downloaded_and_Subsetted
2018-12-13,3B-DAY.MS.MRG.3IMERG.20181213-S000000-E235959.V07B.nc4,GPM_3IMERGDF,07,28.51,Downloaded_and_Subsetted
2018-12-14,3B-DAY.MS.MRG.3IMERG.20181214-S000000-E235959.V07B.nc4,GPM_3IMERGDF,07,28.09,Downloaded_and_Subsetted
2018-12-15,3B-DAY.MS.MRG.3IMERG.20181215-S000000-E235959.V07B.nc4,GPM_3IMERGDF,07,28.45,Downloaded_and_Subsetted
2018-12-16,3B-DAY.MS.MRG.3IMERG.20181216-S000000-E235959.V07B.nc4,GPM_3IMERGDF,07,28.14,Downloaded_and_Subsetted
2018-12-17,3B-DAY.MS.MRG.3IMERG.20181217-S000000-E235959.V07B.nc4,GPM_3IMERGDF,07,28.34,Downloaded_and_Subsetted
2018-12-18,3B-DAY.MS.MRG.3IMERG.20181218-S000000-E235959.V07B.nc4,GPM_3IMERGDF,07,28.12,Downloaded_and_Subsetted
2018-12-19,3B-DAY.MS.MRG.3IMERG.20181219-S000000-E235959.V07B.nc4,GPM_3IMERGDF,07,27.33,Downloaded_and_Subsetted
2018-12-20,3B-DAY.MS.MRG.3IMERG.20181220-S000000-E235959.V07B.nc4,GPM_3IMERGDF,07,26.91,Downloaded_and_Subsetted
2018-12-21,3B-DAY.MS.MRG.3IMERG.20181221-S000000-E235959.V07B.nc4,GPM_3IMERGDF,07,26.93,Downloaded_and_Subsetted
2018-12-22,3B-DAY.MS.MRG.3IMERG.20181222-S000000-E235959.V07B.nc4,GPM_3IMERGDF,07,26.12,Downloaded_and_Subsetted
2018-12-23,3B-DAY.MS.MRG.3IMERG.20181223-S000000-E235959.V07B.nc4,GPM_3IMERGDF,07,26.25,Downloaded_and_Subsetted
2018-12-24,3B-DAY.MS.MRG.3IMERG.20181224-S000000-E235959.V07B.nc4,GPM_3IMERGDF,07,26.33,Downloaded_and_Subsetted
2018-12-25,3B-DAY.MS.MRG.3IMERG.20181225-S000000-E235959.V07B.nc4,GPM_3IMERGDF,07,25.85,Downloaded_and_Subsetted
2018-12-26,3B-DAY.MS.MRG.3IMERG.20181226-S000000-E235959.V07B.nc4,GPM_3IMERGDF,07,25.62,Downloaded_and_Subsetted
2018-12-27,3B-DAY.MS.MRG.3IMERG.20181227-S000000-E235959.V07B.nc4,GPM_3IMERGDF,07,26.56,Downloaded_and_Subsetted
2018-12-28,3B-DAY.MS.MRG.3IMERG.20181228-S000000-E235959.V07B.nc4,GPM_3IMERGDF,07,27.33,Downloaded_and_Subsetted
2018-12-29,3B-DAY.MS.MRG.3IMERG.20181229-S000000-E235959.V07B.nc4,GPM_3IMERGDF,07,27.24,Downloaded_and_Subsetted
2018-12-30,3B-DAY.MS.MRG.3IMERG.20181230-S000000-E235959.V07B.nc4,GPM_3IMERGDF,07,27.27,Downloaded_and_Subsetted
2018-12-31,3B-DAY.MS.MRG.3IMERG.20181231-S000000-E235959.V07B.nc4,GPM_3IMERGDF,07,27.54,Downloaded_and_Subsetted
2019-01-01,3B-DAY.MS.MRG.3IMERG.20190101-S000000-E235959.V07B.nc4,GPM_3IMERGDF,07,27.6,Downloaded_and_Subsetted
2019-01-02,3B-DAY.MS.MRG.3IMERG.20190102-S000000-E235959.V07B.nc4,GPM_3IMERGDF,07,27.52,Downloaded_and_Subsetted
2019-01-03,3B-DAY.MS.MRG.3IMERG.20190103-S000000-E235959.V07B.nc4,GPM_3IMERGDF,07,27.6,Downloaded_and_Subsetted
2019-01-04,3B-DAY.MS.MRG.3IMERG.20190104-S000000-E235959.V07B.nc4,GPM_3IMERGDF,07,27.23,Downloaded_and_Subsetted
2019-01-05,3B-DAY.MS.MRG.3IMERG.20190105-S000000-E235959.V07B.nc4,GPM_3IMERGDF,07,26.74,Downloaded_and_Subsetted
2019-01-06,3B-DAY.MS.MRG.3IMERG.20190106-S000000-E235959.V07B.nc4,GPM_3IMERGDF,07,26.7,Downloaded_and_Subsetted
2019-01-07,3B-DAY.MS.MRG.3IMERG.20190107-S000000-E235959.V07B.nc4,GPM_3IMERGDF,07,26.58,Downloaded_and_Subsetted
2019-01-08,3B-DAY.MS.MRG.3IMERG.20190108-S000000-E235959.V07B.nc4,GPM_3IMERGDF,07,26.52,Downloaded_and_Subsetted
2019-01-09,3B-DAY.MS.MRG.3IMERG.20190109-S000000-E235959.V07B.nc4,GPM_3IMERGDF,07,26.76,Downloaded_and_Subsetted
2019-01-10,3B-DAY.MS.MRG.3IMERG.20190110-S000000-E235959.V07B.nc4,GPM_3IMERGDF,07,27.56,Downloaded_and_Subsetted
2019-01-11,3B-DAY.MS.MRG.3IMERG.20190111-S000000-E235959.V07B.nc4,GPM_3IMERGDF,07,27.58,Downloaded_and_Subsetted
2019-01-12,3B-DAY.MS.MRG.3IMERG.20190112-S000000-E235959.V07B.nc4,GPM_3IMERGDF,07,27.4,Downloaded_and_Subsetted
2019-01-13,3B-DAY.MS.MRG.3IMERG.20190113-S000000-E235959.V07B.nc4,GPM_3IMERGDF,07,27.37,Downloaded_and_Subsetted
2019-01-14,3B-DAY.MS.MRG.3IMERG.20190114-S000000-E235959.V07B.nc4,GPM_3IMERGDF,07,26.67,Downloaded_and_Subsetted
2019-01-15,3B-DAY.MS.MRG.3IMERG.20190115-S000000-E235959.V07B.nc4,GPM_3IMERGDF,07,26.52,Downloaded_and_Subsetted
2019-01-16,3B-DAY.MS.MRG.3IMERG.20190116-S000000-E235959.V07B.nc4,GPM_3IMERGDF,07,26.93,Downloaded_and_Subsetted
2019-01-17,3B-DAY.MS.MRG.3IMERG.20190117-S000000-E235959.V07B.nc4,GPM_3IMERGDF,07,27.49,Downloaded_and_Subsetted
2019-01-18,3B-DAY.MS.MRG.3IMERG.20190118-S000000-E235959.V07B.nc4,GPM_3IMERGDF,07,27.74,Downloaded_and_Subsetted
2019-01-19,3B-DAY.MS.MRG.3IMERG.20190119-S000000-E235959.V07B.nc4,GPM_3IMERGDF,07,27.61,Downloaded_and_Subsetted
2019-01-20,3B-DAY.MS.MRG.3IMERG.20190120-S000000-E235959.V07B.nc4,GPM_3IMERGDF,07,27.53,Downloaded_and_Subsetted
2019-01-21,3B-DAY.MS.MRG.3IMERG.20190121-S000000-E235959.V07B.nc4,GPM_3IMERGDF,07,27.13,Downloaded_and_Subsetted
2019-01-22,3B-DAY.MS.MRG.3IMERG.20190122-S000000-E235959.V07B.nc4,GPM_3IMERGDF,07,26.83,Downloaded_and_Subsetted
2019-01-23,3B-DAY.MS.MRG.3IMERG.20190123-S000000-E235959.V07B.nc4,GPM_3IMERGDF,07,27.24,Downloaded_and_Subsetted
2019-01-24,3B-DAY.MS.MRG.3IMERG.20190124-S000000-E235959.V07B.nc4,GPM_3IMERGDF,07,26.86,Downloaded_and_Subsetted
2019-01-25,3B-DAY.MS.MRG.3IMERG.20190125-S000000-E235959.V07B.nc4,GPM_3IMERGDF,07,27.3,Downloaded_and_Subsetted
2019-01-26,3B-DAY.MS.MRG.3IMERG.20190126-S000000-E235959.V07B.nc4,GPM_3IMERGDF,07,27.43,Downloaded_and_Subsetted
2019-01-27,3B-DAY.MS.MRG.3IMERG.20190127-S000000-E235959.V07B.nc4,GPM_3IMERGDF,07,27.59,Downloaded_and_Subsetted
2019-01-28,3B-DAY.MS.MRG.3IMERG.20190128-S000000-E235959.V07B.nc4,GPM_3IMERGDF,07,27.74,Downloaded_and_Subsetted
2019-01-29,3B-DAY.MS.MRG.3IMERG.20190129-S000000-E235959.V07B.nc4,GPM_3IMERGDF,07,27.64,Downloaded_and_Subsetted
2019-01-30,3B-DAY.MS.MRG.3IMERG.20190130-S000000-E235959.V07B.nc4,GPM_3IMERGDF,07,27.32,Downloaded_and_Subsetted
2019-01-31,3B-DAY.MS.MRG.3IMERG.20190131-S000000-E235959.V07B.nc4,GPM_3IMERGDF,07,27.18,Downloaded_and_Subsetted
2019-02-01,3B-DAY.MS.MRG.3IMERG.20190201-S000000-E235959.V07B.nc4,GPM_3IMERGDF,07,27.61,Downloaded_and_Subsetted
2019-02-02,3B-DAY.MS.MRG.3IMERG.20190202-S000000-E235959.V07B.nc4,GPM_3IMERGDF,07,28.07,Downloaded_and_Subsetted
2019-02-03,3B-DAY.MS.MRG.3IMERG.20190203-S000000-E235959.V07B.nc4,GPM_3IMERGDF,07,28.16,Downloaded_and_Subsetted
2019-02-04,3B-DAY.MS.MRG.3IMERG.20190204-S000000-E235959.V07B.nc4,GPM_3IMERGDF,07,27.6,Downloaded_and_Subsetted
2019-02-05,3B-DAY.MS.MRG.3IMERG.20190205-S000000-E235959.V07B.nc4,GPM_3IMERGDF,07,26.92,Downloaded_and_Subsetted
2019-02-06,3B-DAY.MS.MRG.3IMERG.20190206-S000000-E235959.V07B.nc4,GPM_3IMERGDF,07,26.37,Downloaded_and_Subsetted
2019-02-07,3B-DAY.MS.MRG.3IMERG.20190207-S000000-E235959.V07B.nc4,GPM_3IMERGDF,07,26.94,Downloaded_and_Subsetted
2019-02-08,3B-DAY.MS.MRG.3IMERG.20190208-S000000-E235959.V07B.nc4,GPM_3IMERGDF,07,27.33,Downloaded_and_Subsetted
2019-02-09,3B-DAY.MS.MRG.3IMERG.20190209-S000000-E235959.V07B.nc4,GPM_3IMERGDF,07,28.04,Downloaded_and_Subsetted
2019-02-10,3B-DAY.MS.MRG.3IMERG.20190210-S000000-E235959.V07B.nc4,GPM_3IMERGDF,07,28.62,Downloaded_and_Subsetted
2019-02-11,3B-DAY.MS.MRG.3IMERG.20190211-S000000-E235959.V07B.nc4,GPM_3IMERGDF,07,28.49,Downloaded_and_Subsetted
2019-02-12,3B-DAY.MS.MRG.3IMERG.20190212-S000000-E235959.V07B.nc4,GPM_3IMERGDF,07,27.96,Downloaded_and_Subsetted
2019-02-13,3B-DAY.MS.MRG.3IMERG.20190213-S000000-E235959.V07B.nc4,GPM_3IMERGDF,07,27.97,Downloaded_and_Subsetted
2019-02-14,3B-DAY.MS.MRG.3IMERG.20190214-S000000-E235959.V07B.nc4,GPM_3IMERGDF,07,27.43,Downloaded_and_Subsetted
2019-02-15,3B-DAY.MS.MRG.3IMERG.20190215-S000000-E235959.V07B.nc4,GPM_3IMERGDF,07,27.13,Downloaded_and_Subsetted
2019-02-16,3B-DAY.MS.MRG.3IMERG.20190216-S000000-E235959.V07B.nc4,GPM_3IMERGDF,07,26.56,Downloaded_and_Subsetted
2019-02-17,3B-DAY.MS.MRG.3IMERG.20190217-S000000-E235959.V07B.nc4,GPM_3IMERGDF,07,26.51,Downloaded_and_Subsetted
2019-02-18,3B-DAY.MS.MRG.3IMERG.20190218-S000000-E235959.V07B.nc4,GPM_3IMERGDF,07,26.38,Downloaded_and_Subsetted
2019-02-19,3B-DAY.MS.MRG.3IMERG.20190219-S000000-E235959.V07B.nc4,GPM_3IMERGDF,07,26.63,Downloaded_and_Subsetted
2019-02-20,3B-DAY.MS.MRG.3IMERG.20190220-S000000-E235959.V07B.nc4,GPM_3IMERGDF,07,26.51,Downloaded_and_Subsetted
2019-02-21,3B-DAY.MS.MRG.3IMERG.20190221-S000000-E235959.V07B.nc4,GPM_3IMERGDF,07,26.6,Downloaded_and_Subsetted
2019-02-22,3B-DAY.MS.MRG.3IMERG.20190222-S000000-E235959.V07B.nc4,GPM_3IMERGDF,07,26.47,Downloaded_and_Subsetted
2019-02-23,3B-DAY.MS.MRG.3IMERG.20190223-S000000-E235959.V07B.nc4,GPM_3IMERGDF,07,26.36,Downloaded_and_Subsetted
2019-02-24,3B-DAY.MS.MRG.3IMERG.20190224-S000000-E235959.V07B.nc4,GPM_3IMERGDF,07,26.65,Downloaded_and_Subsetted
2019-02-25,3B-DAY.MS.MRG.3IMERG.20190225-S000000-E235959.V07B.nc4,GPM_3IMERGDF,07,27.57,Downloaded_and_Subsetted
2019-02-26,3B-DAY.MS.MRG.3IMERG.20190226-S000000-E235959.V07B.nc4,GPM_3IMERGDF,07,27.21,Downloaded_and_Subsetted
2019-02-27,3B-DAY.MS.MRG.3IMERG.20190227-S000000-E235959.V07B.nc4,GPM_3IMERGDF,07,27.36,Downloaded_and_Subsetted
2019-02-28,3B-DAY.MS.MRG.3IMERG.20190228-S000000-E235959.V07B.nc4,GPM_3IMERGDF,07,27.54,Downloaded_and_Subsetted
2019-03-01,3B-DAY.MS.MRG.3IMERG.20190301-S000000-E235959.V07B.nc4,GPM_3IMERGDF,07,27.32,Downloaded_and_Subsetted
2019-03-02,3B-DAY.MS.MRG.3IMERG.20190302-S000000-E235959.V07B.nc4,GPM_3IMERGDF,07,27.77,Downloaded_and_Subsetted
2019-03-03,3B-DAY.MS.MRG.3IMERG.20190303-S000000-E235959.V07B.nc4,GPM_3IMERGDF,07,27.84,Downloaded_and_Subsetted
2019-03-04,3B-DAY.MS.MRG.3IMERG.20190304-S000000-E235959.V07B.nc4,GPM_3IMERGDF,07,27.2,Downloaded_and_Subsetted
2019-03-05,3B-DAY.MS.MRG.3IMERG.20190305-S000000-E235959.V07B.nc4,GPM_3IMERGDF,07,27.36,Downloaded_and_Subsetted
2019-03-06,3B-DAY.MS.MRG.3IMERG.20190306-S000000-E235959.V07B.nc4,GPM_3IMERGDF,07,28.08,Downloaded_and_Subsetted
2019-03-07,3B-DAY.MS.MRG.3IMERG.20190307-S000000-E235959.V07B.nc4,GPM_3IMERGDF,07,28.37,Downloaded_and_Subsetted
2019-03-08,3B-DAY.MS.MRG.3IMERG.20190308-S000000-E235959.V07B.nc4,GPM_3IMERGDF,07,28.5,Downloaded_and_Subsetted
2019-03-09,3B-DAY.MS.MRG.3IMERG.20190309-S000000-E235959.V07B.nc4,GPM_3IMERGDF,07,28.7,Downloaded_and_Subsetted
2019-03-10,3B-DAY.MS.MRG.3IMERG.20190310-S000000-E235959.V07B.nc4,GPM_3IMERGDF,07,28.04,Downloaded_and_Subsetted
2019-03-11,3B-DAY.MS.MRG.3IMERG.20190311-S000000-E235959.V07B.nc4,GPM_3IMERGDF,07,27.7,Downloaded_and_Subsetted
2019-03-12,3B-DAY.MS.MRG.3IMERG.20190312-S000000-E235959.V07B.nc4,GPM_3IMERGDF,07,27.73,Downloaded_and_Subsetted
2019-03-13,3B-DAY.MS.MRG.3IMERG.20190313-S000000-E235959.V07B.nc4,GPM_3IMERGDF,07,27.45,Downloaded_and_Subsetted
2019-03-14,3B-DAY.MS.MRG.3IMERG.20190314-S000000-E235959.V07B.nc4,GPM_3IMERGDF,07,27.48,Downloaded_and_Subsetted
2019-03-15,3B-DAY.MS.MRG.3IMERG.20190315-S000000-E235959.V07B.nc4,GPM_3IMERGDF,07,27.8,Downloaded_and_Subsetted
2019-03-16,3B-DAY.MS.MRG.3IMERG.20190316-S000000-E235959.V07B.nc4,GPM_3IMERGDF,07,27.09,Downloaded_and_Subsetted
2019-03-17,3B-DAY.MS.MRG.3IMERG.20190317-S000000-E235959.V07B.nc4,GPM_3IMERGDF,07,26.62,Downloaded_and_Subsetted
2019-03-18,3B-DAY.MS.MRG.3IMERG.20190318-S000000-E235959.V07B.nc4,GPM_3IMERGDF,07,26.14,Downloaded_and_Subsetted
2019-03-19,3B-DAY.MS.MRG.3IMERG.20190319-S000000-E235959.V07B.nc4,GPM_3IMERGDF,07,26.87,Downloaded_and_Subsetted
2019-03-20,3B-DAY.MS.MRG.3IMERG.20190320-S000000-E235959.V07B.nc4,GPM_3IMERGDF,07,27.11,Downloaded_and_Subsetted
2019-03-21,3B-DAY.MS.MRG.3IMERG.20190321-S000000-E235959.V07B.nc4,GPM_3IMERGDF,07,27.28,Downloaded_and_Subsetted
2019-03-22,3B-DAY.MS.MRG.3IMERG.20190322-S000000-E235959.V07B.nc4,GPM_3IMERGDF,07,28.16,Downloaded_and_Subsetted
2019-03-23,3B-DAY.MS.MRG.3IMERG.20190323-S000000-E235959.V07B.nc4,GPM_3IMERGDF,07,28.91,Downloaded_and_Subsetted
2019-03-24,3B-DAY.MS.MRG.3IMERG.20190324-S000000-E235959.V07B.nc4,GPM_3IMERGDF,07,28.57,Downloaded_and_Subsetted
2019-03-25,3B-DAY.MS.MRG.3IMERG.20190325-S000000-E235959.V07B.nc4,GPM_3IMERGDF,07,28.93,Downloaded_and_Subsetted
2019-03-26,3B-DAY.MS.MRG.3IMERG.20190326-S000000-E235959.V07B.nc4,GPM_3IMERGDF,07,29.21,Downloaded_and_Subsetted
2019-03-27,3B-DAY.MS.MRG.3IMERG.20190327-S000000-E235959.V07B.nc4,GPM_3IMERGDF,07,29.2,Downloaded_and_Subsetted
2019-03-28,3B-DAY.MS.MRG.3IMERG.20190328-S000000-E235959.V07B.nc4,GPM_3IMERGDF,07,29.06,Downloaded_and_Subsetted
2019-03-29,3B-DAY.MS.MRG.3IMERG.20190329-S000000-E235959.V07B.nc4,GPM_3IMERGDF,07,29.27,Downloaded_and_Subsetted
2019-03-30,3B-DAY.MS.MRG.3IMERG.20190330-S000000-E235959.V07B.nc4,GPM_3IMERGDF,07,28.54,Downloaded_and_Subsetted
2019-03-31,3B-DAY.MS.MRG.3IMERG.20190331-S000000-E235959.V07B.nc4,GPM_3IMERGDF,07,28.53,Downloaded_and_Subsetted
2019-04-01,3B-DAY.MS.MRG.3IMERG.20190401-S000000-E235959.V07B.nc4,GPM_3IMERGDF,07,29.61,Downloaded_and_Subsetted
2019-04-02,3B-DAY.MS.MRG.3IMERG.20190402-S000000-E235959.V07B.nc4,GPM_3IMERGDF,07,30.62,Downloaded_and_Subsetted
2019-04-03,3B-DAY.MS.MRG.3IMERG.20190403-S000000-E235959.V07B.nc4,GPM_3IMERGDF,07,30.68,Downloaded_and_Subsetted
2019-04-04,3B-DAY.MS.MRG.3IMERG.20190404-S000000-E235959.V07B.nc4,GPM_3IMERGDF,07,30.45,Downloaded_and_Subsetted
2019-04-05,3B-DAY.MS.MRG.3IMERG.20190405-S000000-E235959.V07B.nc4,GPM_3IMERGDF,07,29.68,Downloaded_and_Subsetted
2019-04-06,3B-DAY.MS.MRG.3IMERG.20190406-S000000-E235959.V07B.nc4,GPM_3IMERGDF,07,29.25,Downloaded_and_Subsetted
2019-04-07,3B-DAY.MS.MRG.3IMERG.20190407-S000000-E235959.V07B.nc4,GPM_3IMERGDF,07,28.41,Downloaded_and_Subsetted
2019-04-08,3B-DAY.MS.MRG.3IMERG.20190408-S000000-E235959.V07B.nc4,GPM_3IMERGDF,07,28.51,Downloaded_and_Subsetted
2019-04-09,3B-DAY.MS.MRG.3IMERG.20190409-S000000-E235959.V07B.nc4,GPM_3IMERGDF,07,28.18,Downloaded_and_Subsetted
2019-04-10,3B-DAY.MS.MRG.3IMERG.20190410-S000000-E235959.V07B.nc4,GPM_3IMERGDF,07,29.0,Downloaded_and_Subsetted
2019-04-11,3B-DAY.MS.MRG.3IMERG.20190411-S000000-E235959.V07B.nc4,GPM_3IMERGDF,07,29.2,Downloaded_and_Subsetted
2019-04-12,3B-DAY.MS.MRG.3IMERG.20190412-S000000-E235959.V07B.nc4,GPM_3IMERGDF,07,29.57,Downloaded_and_Subsetted
2019-04-13,3B-DAY.MS.MRG.3IMERG.20190413-S000000-E235959.V07B.nc4,GPM_3IMERGDF,07,29.8,Downloaded_and_Subsetted
2019-04-14,3B-DAY.MS.MRG.3IMERG.20190414-S000000-E235959.V07B.nc4,GPM_3IMERGDF,07,29.56,Downloaded_and_Subsetted
2019-04-15,3B-DAY.MS.MRG.3IMERG.20190415-S000000-E235959.V07B.nc4,GPM_3IMERGDF,07,29.65,Downloaded_and_Subsetted
2019-04-16,3B-DAY.MS.MRG.3IMERG.20190416-S000000-E235959.V07B.nc4,GPM_3IMERGDF,07,30.11,Downloaded_and_Subsetted
2019-04-17,3B-DAY.MS.MRG.3IMERG.20190417-S000000-E235959.V07B.nc4,GPM_3IMERGDF,07,30.24,Downloaded_and_Subsetted
2019-04-18,3B-DAY.MS.MRG.3IMERG.20190418-S000000-E235959.V07B.nc4,GPM_3IMERGDF,07,30.43,Downloaded_and_Subsetted
2019-04-19,3B-DAY.MS.MRG.3IMERG.20190419-S000000-E235959.V07B.nc4,GPM_3IMERGDF,07,30.08,Downloaded_and_Subsetted
2019-04-20,3B-DAY.MS.MRG.3IMERG.20190420-S000000-E235959.V07B.nc4,GPM_3IMERGDF,07,29.98,Downloaded_and_Subsetted
2019-04-21,3B-DAY.MS.MRG.3IMERG.20190421-S000000-E235959.V07B.nc4,GPM_3IMERGDF,07,29.73,Downloaded_and_Subsetted
2019-04-22,3B-DAY.MS.MRG.3IMERG.20190422-S000000-E235959.V07B.nc4,GPM_3IMERGDF,07,30.22,Downloaded_and_Subsetted
2019-04-23,3B-DAY.MS.MRG.3IMERG.20190423-S000000-E235959.V07B.nc4,GPM_3IMERGDF,07,29.48,Downloaded_and_Subsetted
2019-04-24,3B-DAY.MS.MRG.3IMERG.20190424-S000000-E235959.V07B.nc4,GPM_3IMERGDF,07,29.01,Downloaded_and_Subsetted
2019-04-25,3B-DAY.MS.MRG.3IMERG.20190425-S000000-E235959.V07B.nc4,GPM_3IMERGDF,07,29.04,Downloaded_and_Subsetted
2019-04-26,3B-DAY.MS.MRG.3IMERG.20190426-S000000-E235959.V07B.nc4,GPM_3IMERGDF,07,29.61,Downloaded_and_Subsetted
2019-04-27,3B-DAY.MS.MRG.3IMERG.20190427-S000000-E235959.V07B.nc4,GPM_3IMERGDF,07,30.02,Downloaded_and_Subsetted
2019-04-28,3B-DAY.MS.MRG.3IMERG.20190428-S000000-E235959.V07B.nc4,GPM_3IMERGDF,07,30.16,Downloaded_and_Subsetted
2019-04-29,3B-DAY.MS.MRG.3IMERG.20190429-S000000-E235959.V07B.nc4,GPM_3IMERGDF,07,30.35,Downloaded_and_Subsetted
2019-04-30,3B-DAY.MS.MRG.3IMERG.20190430-S000000-E235959.V07B.nc4,GPM_3IMERGDF,07,30.64,Downloaded_and_Subsetted
2019-05-01,3B-DAY.MS.MRG.3IMERG.20190501-S000000-E235959.V07B.nc4,GPM_3IMERGDF,07,31.23,Downloaded_and_Subsetted
2019-05-02,3B-DAY.MS.MRG.3IMERG.20190502-S000000-E235959.V07B.nc4,GPM_3IMERGDF,07,31.84,Downloaded_and_Subsetted
2019-05-03,3B-DAY.MS.MRG.3IMERG.20190503-S000000-E235959.V07B.nc4,GPM_3IMERGDF,07,33.08,Downloaded_and_Subsetted
2019-05-04,3B-DAY.MS.MRG.3IMERG.20190504-S000000-E235959.V07B.nc4,GPM_3IMERGDF,07,33.63,Downloaded_and_Subsetted
2019-05-05,3B-DAY.MS.MRG.3IMERG.20190505-S000000-E235959.V07B.nc4,GPM_3IMERGDF,07,32.63,Downloaded_and_Subsetted
2019-05-06,3B-DAY.MS.MRG.3IMERG.20190506-S000000-E235959.V07B.nc4,GPM_3IMERGDF,07,31.15,Downloaded_and_Subsetted
2019-05-07,3B-DAY.MS.MRG.3IMERG.20190507-S000000-E235959.V07B.nc4,GPM_3IMERGDF,07,30.95,Downloaded_and_Subsetted
2019-05-08,3B-DAY.MS.MRG.3IMERG.20190508-S000000-E235959.V07B.nc4,GPM_3IMERGDF,07,31.35,Downloaded_and_Subsetted
2019-05-09,3B-DAY.MS.MRG.3IMERG.20190509-S000000-E235959.V07B.nc4,GPM_3IMERGDF,07,31.26,Downloaded_and_Subsetted
2019-05-10,3B-DAY.MS.MRG.3IMERG.20190510-S000000-E235959.V07B.nc4,GPM_3IMERGDF,07,31.36,Downloaded_and_Subsetted
2019-05-11,3B-DAY.MS.MRG.3IMERG.20190511-S000000-E235959.V07B.nc4,GPM_3IMERGDF,07,31.62,Downloaded_and_Subsetted
2019-05-12,3B-DAY.MS.MRG.3IMERG.20190512-S000000-E235959.V07B.nc4,GPM_3IMERGDF,07,31.56,Downloaded_and_Subsetted
2019-05-13,3B-DAY.MS.MRG.3IMERG.20190513-S000000-E235959.V07B.nc4,GPM_3IMERGDF,07,31.36,Downloaded_and_Subsetted
2019-05-14,3B-DAY.MS.MRG.3IMERG.20190514-S000000-E235959.V07B.nc4,GPM_3IMERGDF,07,31.05,Downloaded_and_Subsetted
2019-05-15,3B-DAY.MS.MRG.3IMERG.20190515-S000000-E235959.V07B.nc4,GPM_3IMERGDF,07,31.16,Downloaded_and_Subsetted
2019-05-16,3B-DAY.MS.MRG.3IMERG.20190516-S000000-E235959.V07B.nc4,GPM_3IMERGDF,07,31.03,Downloaded_and_Subsetted
2019-05-17,3B-DAY.MS.MRG.3IMERG.20190517-S000000-E235959.V07B.nc4,GPM_3IMERGDF,07,31.01,Downloaded_and_Subsetted
2019-05-18,3B-DAY.MS.MRG.3IMERG.20190518-S000000-E235959.V07B.nc4,GPM_3IMERGDF,07,31.84,Downloaded_and_Subsetted
2019-05-19,3B-DAY.MS.MRG.3IMERG.20190519-S000000-E235959.V07B.nc4,GPM_3IMERGDF,07,31.53,Downloaded_and_Subsetted
2019-05-20,3B-DAY.MS.MRG.3IMERG.20190520-S000000-E235959.V07B.nc4,GPM_3IMERGDF,07,31.21,Downloaded_and_Subsetted
2019-05-21,3B-DAY.MS.MRG.3IMERG.20190521-S000000-E235959.V07B.nc4,GPM_3IMERGDF,07,31.13,Downloaded_and_Subsetted
2019-05-22,3B-DAY.MS.MRG.3IMERG.20190522-S000000-E235959.V07B.nc4,GPM_3IMERGDF,07,31.46,Downloaded_and_Subsetted
2019-05-23,3B-DAY.MS.MRG.3IMERG.20190523-S000000-E235959.V07B.nc4,GPM_3IMERGDF,07,31.5,Downloaded_and_Subsetted
2019-05-24,3B-DAY.MS.MRG.3IMERG.20190524-S000000-E235959.V07B.nc4,GPM_3IMERGDF,07,31.32,Downloaded_and_Subsetted
2019-05-25,3B-DAY.MS.MRG.3IMERG.20190525-S000000-E235959.V07B.nc4,GPM_3IMERGDF,07,31.35,Downloaded_and_Subsetted
2019-05-26,3B-DAY.MS.MRG.3IMERG.20190526-S000000-E235959.V07B.nc4,GPM_3IMERGDF,07,31.62,Downloaded_and_Subsetted
2019-05-27,3B-DAY.MS.MRG.3IMERG.20190527-S000000-E235959.V07B.nc4,GPM_3IMERGDF,07,31.58,Downloaded_and_Subsetted
2019-05-28,3B-DAY.MS.MRG.3IMERG.20190528-S000000-E235959.V07B.nc4,GPM_3IMERGDF,07,31.12,Downloaded_and_Subsetted
2019-05-29,3B-DAY.MS.MRG.3IMERG.20190529-S000000-E235959.V07B.nc4,GPM_3IMERGDF,07,31.38,Downloaded_and_Subsetted
2019-05-30,3B-DAY.MS.MRG.3IMERG.20190530-S000000-E235959.V07B.nc4,GPM_3IMERGDF,07,32.6,Downloaded_and_Subsetted
2019-05-31,3B-DAY.MS.MRG.3IMERG.20190531-S000000-E235959.V07B.nc4,GPM_3IMERGDF,07,32.98,Downloaded_and_Subsetted
2019-06-01,3B-DAY.MS.MRG.3IMERG.20190601-S000000-E235959.V07B.nc4,GPM_3IMERGDF,07,31.89,Downloaded_and_Subsetted
2019-06-02,3B-DAY.MS.MRG.3IMERG.20190602-S000000-E235959.V07B.nc4,GPM_3IMERGDF,07,32.63,Downloaded_and_Subsetted
2019-06-03,3B-DAY.MS.MRG.3IMERG.20190603-S000000-E235959.V07B.nc4,GPM_3IMERGDF,07,32.58,Downloaded_and_Subsetted
2019-06-04,3B-DAY.MS.MRG.3IMERG.20190604-S000000-E235959.V07B.nc4,GPM_3IMERGDF,07,32.01,Downloaded_and_Subsetted
2019-06-05,3B-DAY.MS.MRG.3IMERG.20190605-S000000-E235959.V07B.nc4,GPM_3IMERGDF,07,32.07,Downloaded_and_Subsetted
2019-06-06,3B-DAY.MS.MRG.3IMERG.20190606-S000000-E235959.V07B.nc4,GPM_3IMERGDF,07,32.8,Downloaded_and_Subsetted
2019-06-07,3B-DAY.MS.MRG.3IMERG.20190607-S000000-E235959.V07B.nc4,GPM_3IMERGDF,07,32.52,Downloaded_and_Subsetted
2019-06-08,3B-DAY.MS.MRG.3IMERG.20190608-S000000-E235959.V07B.nc4,GPM_3IMERGDF,07,32.72,Downloaded_and_Subsetted
2019-06-09,3B-DAY.MS.MRG.3IMERG.20190609-S000000-E235959.V07B.nc4,GPM_3IMERGDF,07,32.56,Downloaded_and_Subsetted
2019-06-10,3B-DAY.MS.MRG.3IMERG.20190610-S000000-E235959.V07B.nc4,GPM_3IMERGDF,07,31.74,Downloaded_and_Subsetted
2019-06-11,3B-DAY.MS.MRG.3IMERG.20190611-S000000-E235959.V07B.nc4,GPM_3IMERGDF,07,31.81,Downloaded_and_Subsetted
2019-06-12,3B-DAY.MS.MRG.3IMERG.20190612-S000000-E235959.V07B.nc4,GPM_3IMERGDF,07,32.4,Downloaded_and_Subsetted
2019-06-13,3B-DAY.MS.MRG.3IMERG.20190613-S000000-E235959.V07B.nc4,GPM_3IMERGDF,07,32.51,Downloaded_and_Subsetted
2019-06-14,3B-DAY.MS.MRG.3IMERG.20190614-S000000-E235959.V07B.nc4,GPM_3IMERGDF,07,32.45,Downloaded_and_Subsetted
2019-06-15,3B-DAY.MS.MRG.3IMERG.20190615-S000000-E235959.V07B.nc4,GPM_3IMERGDF,07,32.1,Downloaded_and_Subsetted
2019-06-16,3B-DAY.MS.MRG.3IMERG.20190616-S000000-E235959.V07B.nc4,GPM_3IMERGDF,07,31.71,Downloaded_and_Subsetted
2019-06-17,3B-DAY.MS.MRG.3IMERG.20190617-S000000-E235959.V07B.nc4,GPM_3IMERGDF,07,30.44,Downloaded_and_Subsetted
2019-06-18,3B-DAY.MS.MRG.3IMERG.20190618-S000000-E235959.V07B.nc4,GPM_3IMERGDF,07,30.32,Downloaded_and_Subsetted
2019-06-19,3B-DAY.MS.MRG.3IMERG.20190619-S000000-E235959.V07B.nc4,GPM_3IMERGDF,07,30.63,Downloaded_and_Subsetted
2019-06-20,3B-DAY.MS.MRG.3IMERG.20190620-S000000-E235959.V07B.nc4,GPM_3IMERGDF,07,30.54,Downloaded_and_Subsetted
2019-06-21,3B-DAY.MS.MRG.3IMERG.20190621-S000000-E235959.V07B.nc4,GPM_3IMERGDF,07,30.98,Downloaded_and_Subsetted
2019-06-22,3B-DAY.MS.MRG.3IMERG.20190622-S000000-E235959.V07B.nc4,GPM_3IMERGDF,07,31.71,Downloaded_and_Subsetted
2019-06-23,3B-DAY.MS.MRG.3IMERG.20190623-S000000-E235959.V07B.nc4,GPM_3IMERGDF,07,31.99,Downloaded_and_Subsetted
2019-06-24,3B-DAY.MS.MRG.3IMERG.20190624-S000000-E235959.V07B.nc4,GPM_3IMERGDF,07,31.63,Downloaded_and_Subsetted
2019-06-25,3B-DAY.MS.MRG.3IMERG.20190625-S000000-E235959.V07B.nc4,GPM_3IMERGDF,07,31.5,Downloaded_and_Subsetted
2019-06-26,3B-DAY.MS.MRG.3IMERG.20190626-S000000-E235959.V07B.nc4,GPM_3IMERGDF,07,32.24,Downloaded_and_Subsetted
2019-06-27,3B-DAY.MS.MRG.3IMERG.20190627-S000000-E235959.V07B.nc4,GPM_3IMERGDF,07,32.44,Downloaded_and_Subsetted
2019-06-28,3B-DAY.MS.MRG.3IMERG.20190628-S000000-E235959.V07B.nc4,GPM_3IMERGDF,07,31.71,Downloaded_and_Subsetted
2019-06-29,3B-DAY.MS.MRG.3IMERG.20190629-S000000-E235959.V07B.nc4,GPM_3IMERGDF,07,31.12,Downloaded_and_Subsetted
2019-06-30,3B-DAY.MS.MRG.3IMERG.20190630-S000000-E235959.V07B.nc4,GPM_3IMERGDF,07,31.19,Downloaded_and_Subsetted
2019-07-01,3B-DAY.MS.MRG.3IMERG.20190701-S000000-E235959.V07B.nc4,GPM_3IMERGDF,07,31.67,Downloaded_and_Subsetted
2019-07-02,3B-DAY.MS.MRG.3IMERG.20190702-S000000-E235959.V07B.nc4,GPM_3IMERGDF,07,31.64,Downloaded_and_Subsetted
2019-07-03,3B-DAY.MS.MRG.3IMERG.20190703-S000000-E235959.V07B.nc4,GPM_3IMERGDF,07,30.91,Downloaded_and_Subsetted
2019-07-04,3B-DAY.MS.MRG.3IMERG.20190704-S000000-E235959.V07B.nc4,GPM_3IMERGDF,07,30.61,Downloaded_and_Subsetted
2019-07-05,3B-DAY.MS.MRG.3IMERG.20190705-S000000-E235959.V07B.nc4,GPM_3IMERGDF,07,30.94,Downloaded_and_Subsetted
2019-07-06,3B-DAY.MS.MRG.3IMERG.20190706-S000000-E235959.V07B.nc4,GPM_3IMERGDF,07,31.32,Downloaded_and_Subsetted
2019-07-07,3B-DAY.MS.MRG.3IMERG.20190707-S000000-E235959.V07B.nc4,GPM_3IMERGDF,07,31.23,Downloaded_and_Subsetted
2019-07-08,3B-DAY.MS.MRG.3IMERG.20190708-S000000-E235959.V07B.nc4,GPM_3IMERGDF,07,30.57,Downloaded_and_Subsetted
2019-07-09,3B-DAY.MS.MRG.3IMERG.20190709-S000000-E235959.V07B.nc4,GPM_3IMERGDF,07,30.01,Downloaded_and_Subsetted
2019-07-10,3B-DAY.MS.MRG.3IMERG.20190710-S000000-E235959.V07B.nc4,GPM_3IMERGDF,07,29.25,Downloaded_and_Subsetted
2019-07-11,3B-DAY.MS.MRG.3IMERG.20190711-S000000-E235959.V07B.nc4,GPM_3IMERGDF,07,30.33,Downloaded_and_Subsetted
2019-07-12,3B-DAY.MS.MRG.3IMERG.20190712-S000000-E235959.V07B.nc4,GPM_3IMERGDF,07,30.89,Downloaded_and_Subsetted
2019-07-13,3B-DAY.MS.MRG.3IMERG.20190713-S000000-E235959.V07B.nc4,GPM_3IMERGDF,07,30.69,Downloaded_and_Subsetted
2019-07-14,3B-DAY.MS.MRG.3IMERG.20190714-S000000-E235959.V07B.nc4,GPM_3IMERGDF,07,31.37,Downloaded_and_Subsetted
2019-07-15,3B-DAY.MS.MRG.3IMERG.20190715-S000000-E235959.V07B.nc4,GPM_3IMERGDF,07,31.41,Downloaded_and_Subsetted
2019-07-16,3B-DAY.MS.MRG.3IMERG.20190716-S000000-E235959.V07B.nc4,GPM_3IMERGDF,07,31.79,Downloaded_and_Subsetted
2019-07-17,3B-DAY.MS.MRG.3IMERG.20190717-S000000-E235959.V07B.nc4,GPM_3IMERGDF,07,31.69,Downloaded_and_Subsetted
2019-07-18,3B-DAY.MS.MRG.3IMERG.20190718-S000000-E235959.V07B.nc4,GPM_3IMERGDF,07,31.59,Downloaded_and_Subsetted
2019-07-19,3B-DAY.MS.MRG.3IMERG.20190719-S000000-E235959.V07B.nc4,GPM_3IMERGDF,07,31.0,Downloaded_and_Subsetted
2019-07-20,3B-DAY.MS.MRG.3IMERG.20190720-S000000-E235959.V07B.nc4,GPM_3IMERGDF,07,30.49,Downloaded_and_Subsetted
2019-07-21,3B-DAY.MS.MRG.3IMERG.20190721-S000000-E235959.V07B.nc4,GPM_3IMERGDF,07,30.88,Downloaded_and_Subsetted
2019-07-22,3B-DAY.MS.MRG.3IMERG.20190722-S000000-E235959.V07B.nc4,GPM_3IMERGDF,07,31.09,Downloaded_and_Subsetted
2019-07-23,3B-DAY.MS.MRG.3IMERG.20190723-S000000-E235959.V07B.nc4,GPM_3IMERGDF,07,31.45,Downloaded_and_Subsetted
2019-07-24,3B-DAY.MS.MRG.3IMERG.20190724-S000000-E235959.V07B.nc4,GPM_3IMERGDF,07,31.67,Downloaded_and_Subsetted
2019-07-25,3B-DAY.MS.MRG.3IMERG.20190725-S000000-E235959.V07B.nc4,GPM_3IMERGDF,07,31.44,Downloaded_and_Subsetted
2019-07-26,3B-DAY.MS.MRG.3IMERG.20190726-S000000-E235959.V07B.nc4,GPM_3IMERGDF,07,31.9,Downloaded_and_Subsetted
2019-07-27,3B-DAY.MS.MRG.3IMERG.20190727-S000000-E235959.V07B.nc4,GPM_3IMERGDF,07,31.34,Downloaded_and_Subsetted
2019-07-28,3B-DAY.MS.MRG.3IMERG.20190728-S000000-E235959.V07B.nc4,GPM_3IMERGDF,07,29.85,Downloaded_and_Subsetted
2019-07-29,3B-DAY.MS.MRG.3IMERG.20190729-S000000-E235959.V07B.nc4,GPM_3IMERGDF,07,30.57,Downloaded_and_Subsetted
2019-07-30,3B-DAY.MS.MRG.3IMERG.20190730-S000000-E235959.V07B.nc4,GPM_3IMERGDF,07,30.61,Downloaded_and_Subsetted
2019-07-31,3B-DAY.MS.MRG.3IMERG.20190731-S000000-E235959.V07B.nc4,GPM_3IMERGDF,07,30.46,Downloaded_and_Subsetted
2019-08-01,3B-DAY.MS.MRG.3IMERG.20190801-S000000-E235959.V07B.nc4,GPM_3IMERGDF,07,30.9,Downloaded_and_Subsetted
2019-08-02,3B-DAY.MS.MRG.3IMERG.20190802-S000000-E235959.V07B.nc4,GPM_3IMERGDF,07,31.8,Downloaded_and_Subsetted
2019-08-03,3B-DAY.MS.MRG.3IMERG.20190803-S000000-E235959.V07B.nc4,GPM_3IMERGDF,07,31.64,Downloaded_and_Subsetted
2019-08-04,3B-DAY.MS.MRG.3IMERG.20190804-S000000-E235959.V07B.nc4,GPM_3IMERGDF,07,31.25,Downloaded_and_Subsetted
2019-08-05,3B-DAY.MS.MRG.3IMERG.20190805-S000000-E235959.V07B.nc4,GPM_3IMERGDF,07,31.14,Downloaded_and_Subsetted
2019-08-06,3B-DAY.MS.MRG.3IMERG.20190806-S000000-E235959.V07B.nc4,GPM_3IMERGDF,07,31.56,Downloaded_and_Subsetted
2019-08-07,3B-DAY.MS.MRG.3IMERG.20190807-S000000-E235959.V07B.nc4,GPM_3IMERGDF,07,32.11,Downloaded_and_Subsetted
2019-08-08,3B-DAY.MS.MRG.3IMERG.20190808-S000000-E235959.V07B.nc4,GPM_3IMERGDF,07,32.1,Downloaded_and_Subsetted
2019-08-09,3B-DAY.MS.MRG.3IMERG.20190809-S000000-E235959.V07B.nc4,GPM_3IMERGDF,07,31.81,Downloaded_and_Subsetted
2019-08-10,3B-DAY.MS.MRG.3IMERG.20190810-S000000-E235959.V07B.nc4,GPM_3IMERGDF,07,31.56,Downloaded_and_Subsetted
2019-08-11,3B-DAY.MS.MRG.3IMERG.20190811-S000000-E235959.V07B.nc4,GPM_3IMERGDF,07,31.57,Downloaded_and_Subsetted
2019-08-12,3B-DAY.MS.MRG.3IMERG.20190812-S000000-E235959.V07B.nc4,GPM_3IMERGDF,07,31.43,Downloaded_and_Subsetted
2019-08-13,3B-DAY.MS.MRG.3IMERG.20190813-S000000-E235959.V07B.nc4,GPM_3IMERGDF,07,32.49,Downloaded_and_Subsetted
2019-08-14,3B-DAY.MS.MRG.3IMERG.20190814-S000000-E235959.V07B.nc4,GPM_3IMERGDF,07,32.42,Downloaded_and_Subsetted
2019-08-15,3B-DAY.MS.MRG.3IMERG.20190815-S000000-E235959.V07B.nc4,GPM_3IMERGDF,07,32.15,Downloaded_and_Subsetted
2019-08-16,3B-DAY.MS.MRG.3IMERG.20190816-S000000-E235959.V07B.nc4,GPM_3IMERGDF,07,32.28,Downloaded_and_Subsetted
2019-08-17,3B-DAY.MS.MRG.3IMERG.20190817-S000000-E235959.V07B.nc4,GPM_3IMERGDF,07,32.76,Downloaded_and_Subsetted
2019-08-18,3B-DAY.MS.MRG.3IMERG.20190818-S000000-E235959.V07B.nc4,GPM_3IMERGDF,07,32.29,Downloaded_and_Subsetted
2019-08-19,3B-DAY.MS.MRG.3IMERG.20190819-S000000-E235959.V07B.nc4,GPM_3IMERGDF,07,31.91,Downloaded_and_Subsetted
2019-08-20,3B-DAY.MS.MRG.3IMERG.20190820-S000000-E235959.V07B.nc4,GPM_3IMERGDF,07,31.91,Downloaded_and_Subsetted
2019-08-21,3B-DAY.MS.MRG.3IMERG.20190821-S000000-E235959.V07B.nc4,GPM_3IMERGDF,07,31.59,Downloaded_and_Subsetted
2019-08-22,3B-DAY.MS.MRG.3IMERG.20190822-S000000-E235959.V07B.nc4,GPM_3IMERGDF,07,30.97,Downloaded_and_Subsetted
2019-08-23,3B-DAY.MS.MRG.3IMERG.20190823-S000000-E235959.V07B.nc4,GPM_3IMERGDF,07,30.9,Downloaded_and_Subsetted
2019-08-24,3B-DAY.MS.MRG.3IMERG.20190824-S000000-E235959.V07B.nc4,GPM_3IMERGDF,07,31.39,Downloaded_and_Subsetted
2019-08-25,3B-DAY.MS.MRG.3IMERG.20190825-S000000-E235959.V07B.nc4,GPM_3IMERGDF,07,31.92,Downloaded_and_Subsetted
2019-08-26,3B-DAY.MS.MRG.3IMERG.20190826-S000000-E235959.V07B.nc4,GPM_3IMERGDF,07,32.45,Downloaded_and_Subsetted
2019-08-27,3B-DAY.MS.MRG.3IMERG.20190827-S000000-E235959.V07B.nc4,GPM_3IMERGDF,07,31.52,Downloaded_and_Subsetted
2019-08-28,3B-DAY.MS.MRG.3IMERG.20190828-S000000-E235959.V07B.nc4,GPM_3IMERGDF,07,31.22,Downloaded_and_Subsetted
2019-08-29,3B-DAY.MS.MRG.3IMERG.20190829-S000000-E235959.V07B.nc4,GPM_3IMERGDF,07,31.27,Downloaded_and_Subsetted
2019-08-30,3B-DAY.MS.MRG.3IMERG.20190830-S000000-E235959.V07B.nc4,GPM_3IMERGDF,07,31.26,Downloaded_and_Subsetted
2019-08-31,3B-DAY.MS.MRG.3IMERG.20190831-S000000-E235959.V07B.nc4,GPM_3IMERGDF,07,31.36,Downloaded_and_Subsetted
2019-09-01,3B-DAY.MS.MRG.3IMERG.20190901-S000000-E235959.V07B.nc4,GPM_3IMERGDF,07,31.92,Downloaded_and_Subsetted
2019-09-02,3B-DAY.MS.MRG.3IMERG.20190902-S000000-E235959.V07B.nc4,GPM_3IMERGDF,07,32.18,Downloaded_and_Subsetted
2019-09-03,3B-DAY.MS.MRG.3IMERG.20190903-S000000-E235959.V07B.nc4,GPM_3IMERGDF,07,31.93,Downloaded_and_Subsetted
2019-09-04,3B-DAY.MS.MRG.3IMERG.20190904-S000000-E235959.V07B.nc4,GPM_3IMERGDF,07,31.31,Downloaded_and_Subsetted
2019-09-05,3B-DAY.MS.MRG.3IMERG.20190905-S000000-E235959.V07B.nc4,GPM_3IMERGDF,07,31.53,Downloaded_and_Subsetted
2019-09-06,3B-DAY.MS.MRG.3IMERG.20190906-S000000-E235959.V07B.nc4,GPM_3IMERGDF,07,31.7,Downloaded_and_Subsetted
2019-09-07,3B-DAY.MS.MRG.3IMERG.20190907-S000000-E235959.V07B.nc4,GPM_3IMERGDF,07,31.82,Downloaded_and_Subsetted
2019-09-08,3B-DAY.MS.MRG.3IMERG.20190908-S000000-E235959.V07B.nc4,GPM_3IMERGDF,07,32.23,Downloaded_and_Subsetted
2019-09-09,3B-DAY.MS.MRG.3IMERG.20190909-S000000-E235959.V07B.nc4,GPM_3IMERGDF,07,31.68,Downloaded_and_Subsetted
2019-09-10,3B-DAY.MS.MRG.3IMERG.20190910-S000000-E235959.V07B.nc4,GPM_3IMERGDF,07,31.76,Downloaded_and_Subsetted
2019-09-11,3B-DAY.MS.MRG.3IMERG.20190911-S000000-E235959.V07B.nc4,GPM_3IMERGDF,07,31.54,Downloaded_and_Subsetted
2019-09-12,3B-DAY.MS.MRG.3IMERG.20190912-S000000-E235959.V07B.nc4,GPM_3IMERGDF,07,31.77,Downloaded_and_Subsetted
2019-09-13,3B-DAY.MS.MRG.3IMERG.20190913-S000000-E235959.V07B.nc4,GPM_3IMERGDF,07,31.04,Downloaded_and_Subsetted
2019-09-14,3B-DAY.MS.MRG.3IMERG.20190914-S000000-E235959.V07B.nc4,GPM_3IMERGDF,07,30.85,Downloaded_and_Subsetted
2019-09-15,3B-DAY.MS.MRG.3IMERG.20190915-S000000-E235959.V07B.nc4,GPM_3IMERGDF,07,30.49,Downloaded_and_Subsetted
2019-09-16,3B-DAY.MS.MRG.3IMERG.20190916-S000000-E235959.V07B.nc4,GPM_3IMERGDF,07,30.35,Downloaded_and_Subsetted
2019-09-17,3B-DAY.MS.MRG.3IMERG.20190917-S000000-E235959.V07B.nc4,GPM_3IMERGDF,07,31.37,Downloaded_and_Subsetted
2019-09-18,3B-DAY.MS.MRG.3IMERG.20190918-S000000-E235959.V07B.nc4,GPM_3IMERGDF,07,30.98,Downloaded_and_Subsetted
2019-09-19,3B-DAY.MS.MRG.3IMERG.20190919-S000000-E235959.V07B.nc4,GPM_3IMERGDF,07,30.59,Downloaded_and_Subsetted
2019-09-20,3B-DAY.MS.MRG.3IMERG.20190920-S000000-E235959.V07B.nc4,GPM_3IMERGDF,07,30.91,Downloaded_and_Subsetted
2019-09-21,3B-DAY.MS.MRG.3IMERG.20190921-S000000-E235959.V07B.nc4,GPM_3IMERGDF,07,31.5,Downloaded_and_Subsetted
2019-09-22,3B-DAY.MS.MRG.3IMERG.20190922-S000000-E235959.V07B.nc4,GPM_3IMERGDF,07,31.36,Downloaded_and_Subsetted
2019-09-23,3B-DAY.MS.MRG.3IMERG.20190923-S000000-E235959.V07B.nc4,GPM_3IMERGDF,07,30.8,Downloaded_and_Subsetted
2019-09-24,3B-DAY.MS.MRG.3IMERG.20190924-S000000-E235959.V07B.nc4,GPM_3IMERGDF,07,30.76,Downloaded_and_Subsetted
2019-09-25,3B-DAY.MS.MRG.3IMERG.20190925-S000000-E235959.V07B.nc4,GPM_3IMERGDF,07,31.09,Downloaded_and_Subsetted
2019-09-26,3B-DAY.MS.MRG.3IMERG.20190926-S000000-E235959.V07B.nc4,GPM_3IMERGDF,07,30.65,Downloaded_and_Subsetted
2019-09-27,3B-DAY.MS.MRG.3IMERG.20190927-S000000-E235959.V07B.nc4,GPM_3IMERGDF,07,30.17,Downloaded_and_Subsetted
2019-09-28,3B-DAY.MS.MRG.3IMERG.20190928-S000000-E235959.V07B.nc4,GPM_3IMERGDF,07,30.65,Downloaded_and_Subsetted
2019-09-29,3B-DAY.MS.MRG.3IMERG.20190929-S000000-E235959.V07B.nc4,GPM_3IMERGDF,07,31.06,Downloaded_and_Subsetted
2019-09-30,3B-DAY.MS.MRG.3IMERG.20190930-S000000-E235959.V07B.nc4,GPM_3IMERGDF,07,31.97,Downloaded_and_Subsetted
2019-10-01,3B-DAY.MS.MRG.3IMERG.20191001-S000000-E235959.V07B.nc4,GPM_3IMERGDF,07,32.4,Downloaded_and_Subsetted
2019-10-02,3B-DAY.MS.MRG.3IMERG.20191002-S000000-E235959.V07B.nc4,GPM_3IMERGDF,07,32.43,Downloaded_and_Subsetted
2019-10-03,3B-DAY.MS.MRG.3IMERG.20191003-S000000-E235959.V07B.nc4,GPM_3IMERGDF,07,32.21,Downloaded_and_Subsetted
2019-10-04,3B-DAY.MS.MRG.3IMERG.20191004-S000000-E235959.V07B.nc4,GPM_3IMERGDF,07,31.77,Downloaded_and_Subsetted
2019-10-05,3B-DAY.MS.MRG.3IMERG.20191005-S000000-E235959.V07B.nc4,GPM_3IMERGDF,07,32.14,Downloaded_and_Subsetted
2019-10-06,3B-DAY.MS.MRG.3IMERG.20191006-S000000-E235959.V07B.nc4,GPM_3IMERGDF,07,32.17,Downloaded_and_Subsetted
2019-10-07,3B-DAY.MS.MRG.3IMERG.20191007-S000000-E235959.V07B.nc4,GPM_3IMERGDF,07,31.47,Downloaded_and_Subsetted
2019-10-08,3B-DAY.MS.MRG.3IMERG.20191008-S000000-E235959.V07B.nc4,GPM_3IMERGDF,07,30.48,Downloaded_and_Subsetted
2019-10-09,3B-DAY.MS.MRG.3IMERG.20191009-S000000-E235959.V07B.nc4,GPM_3IMERGDF,07,30.12,Downloaded_and_Subsetted
2019-10-10,3B-DAY.MS.MRG.3IMERG.20191010-S000000-E235959.V07B.nc4,GPM_3IMERGDF,07,29.14,Downloaded_and_Subsetted
2019-10-11,3B-DAY.MS.MRG.3IMERG.20191011-S000000-E235959.V07B.nc4,GPM_3IMERGDF,07,29.74,Downloaded_and_Subsetted
2019-10-12,3B-DAY.MS.MRG.3IMERG.20191012-S000000-E235959.V07B.nc4,GPM_3IMERGDF,07,29.76,Downloaded_and_Subsetted
2019-10-13,3B-DAY.MS.MRG.3IMERG.20191013-S000000-E235959.V07B.nc4,GPM_3IMERGDF,07,29.84,Downloaded_and_Subsetted
2019-10-14,3B-DAY.MS.MRG.3IMERG.20191014-S000000-E235959.V07B.nc4,GPM_3IMERGDF,07,29.95,Downloaded_and_Subsetted
2019-10-15,3B-DAY.MS.MRG.3IMERG.20191015-S000000-E235959.V07B.nc4,GPM_3IMERGDF,07,30.18,Downloaded_and_Subsetted
2019-10-16,3B-DAY.MS.MRG.3IMERG.20191016-S000000-E235959.V07B.nc4,GPM_3IMERGDF,07,30.05,Downloaded_and_Subsetted
2019-10-17,3B-DAY.MS.MRG.3IMERG.20191017-S000000-E235959.V07B.nc4,GPM_3IMERGDF,07,29.17,Downloaded_and_Subsetted
2019-10-18,3B-DAY.MS.MRG.3IMERG.20191018-S000000-E235959.V07B.nc4,GPM_3IMERGDF,07,29.76,Downloaded_and_Subsetted
2019-10-19,3B-DAY.MS.MRG.3IMERG.20191019-S000000-E235959.V07B.nc4,GPM_3IMERGDF,07,29.96,Downloaded_and_Subsetted
2019-10-20,3B-DAY.MS.MRG.3IMERG.20191020-S000000-E235959.V07B.nc4,GPM_3IMERGDF,07,29.45,Downloaded_and_Subsetted
2019-10-21,3B-DAY.MS.MRG.3IMERG.20191021-S000000-E235959.V07B.nc4,GPM_3IMERGDF,07,28.61,Downloaded_and_Subsetted
2019-10-22,3B-DAY.MS.MRG.3IMERG.20191022-S000000-E235959.V07B.nc4,GPM_3IMERGDF,07,29.0,Downloaded_and_Subsetted
2019-10-23,3B-DAY.MS.MRG.3IMERG.20191023-S000000-E235959.V07B.nc4,GPM_3IMERGDF,07,29.21,Downloaded_and_Subsetted
2019-10-24,3B-DAY.MS.MRG.3IMERG.20191024-S000000-E235959.V07B.nc4,GPM_3IMERGDF,07,29.73,Downloaded_and_Subsetted
2019-10-25,3B-DAY.MS.MRG.3IMERG.20191025-S000000-E235959.V07B.nc4,GPM_3IMERGDF,07,29.59,Downloaded_and_Subsetted
2019-10-26,3B-DAY.MS.MRG.3IMERG.20191026-S000000-E235959.V07B.nc4,GPM_3IMERGDF,07,29.53,Downloaded_and_Subsetted
2019-10-27,3B-DAY.MS.MRG.3IMERG.20191027-S000000-E235959.V07B.nc4,GPM_3IMERGDF,07,29.15,Downloaded_and_Subsetted
2019-10-28,3B-DAY.MS.MRG.3IMERG.20191028-S000000-E235959.V07B.nc4,GPM_3IMERGDF,07,29.45,Downloaded_and_Subsetted
2019-10-29,3B-DAY.MS.MRG.3IMERG.20191029-S000000-E235959.V07B.nc4,GPM_3IMERGDF,07,29.34,Downloaded_and_Subsetted
2019-10-30,3B-DAY.MS.MRG.3IMERG.20191030-S000000-E235959.V07B.nc4,GPM_3IMERGDF,07,29.11,Downloaded_and_Subsetted
2019-10-31,3B-DAY.MS.MRG.3IMERG.20191031-S000000-E235959.V07B.nc4,GPM_3IMERGDF,07,28.77,Downloaded_and_Subsetted
2019-11-01,3B-DAY.MS.MRG.3IMERG.20191101-S000000-E235959.V07B.nc4,GPM_3IMERGDF,07,28.72,Downloaded_and_Subsetted
2019-11-02,3B-DAY.MS.MRG.3IMERG.20191102-S000000-E235959.V07B.nc4,GPM_3IMERGDF,07,29.51,Downloaded_and_Subsetted
2019-11-03,3B-DAY.MS.MRG.3IMERG.20191103-S000000-E235959.V07B.nc4,GPM_3IMERGDF,07,29.57,Downloaded_and_Subsetted
2019-11-04,3B-DAY.MS.MRG.3IMERG.20191104-S000000-E235959.V07B.nc4,GPM_3IMERGDF,07,28.49,Downloaded_and_Subsetted
2019-11-05,3B-DAY.MS.MRG.3IMERG.20191105-S000000-E235959.V07B.nc4,GPM_3IMERGDF,07,27.78,Downloaded_and_Subsetted
2019-11-06,3B-DAY.MS.MRG.3IMERG.20191106-S000000-E235959.V07B.nc4,GPM_3IMERGDF,07,27.46,Downloaded_and_Subsetted
2019-11-07,3B-DAY.MS.MRG.3IMERG.20191107-S000000-E235959.V07B.nc4,GPM_3IMERGDF,07,27.87,Downloaded_and_Subsetted
2019-11-08,3B-DAY.MS.MRG.3IMERG.20191108-S000000-E235959.V07B.nc4,GPM_3IMERGDF,07,28.5,Downloaded_and_Subsetted
2019-11-09,3B-DAY.MS.MRG.3IMERG.20191109-S000000-E235959.V07B.nc4,GPM_3IMERGDF,07,28.75,Downloaded_and_Subsetted
2019-11-10,3B-DAY.MS.MRG.3IMERG.20191110-S000000-E235959.V07B.nc4,GPM_3IMERGDF,07,28.63,Downloaded_and_Subsetted
2019-11-11,3B-DAY.MS.MRG.3IMERG.20191111-S000000-E235959.V07B.nc4,GPM_3IMERGDF,07,28.35,Downloaded_and_Subsetted
2019-11-12,3B-DAY.MS.MRG.3IMERG.20191112-S000000-E235959.V07B.nc4,GPM_3IMERGDF,07,28.51,Downloaded_and_Subsetted
2019-11-13,3B-DAY.MS.MRG.3IMERG.20191113-S000000-E235959.V07B.nc4,GPM_3IMERGDF,07,29.27,Downloaded_and_Subsetted
2019-11-14,3B-DAY.MS.MRG.3IMERG.20191114-S000000-E235959.V07B.nc4,GPM_3IMERGDF,07,29.19,Downloaded_and_Subsetted
2019-11-15,3B-DAY.MS.MRG.3IMERG.20191115-S000000-E235959.V07B.nc4,GPM_3IMERGDF,07,29.15,Downloaded_and_Subsetted
2019-11-16,3B-DAY.MS.MRG.3IMERG.20191116-S000000-E235959.V07B.nc4,GPM_3IMERGDF,07,29.04,Downloaded_and_Subsetted
2019-11-17,3B-DAY.MS.MRG.3IMERG.20191117-S000000-E235959.V07B.nc4,GPM_3IMERGDF,07,29.06,Downloaded_and_Subsetted
2019-11-18,3B-DAY.MS.MRG.3IMERG.20191118-S000000-E235959.V07B.nc4,GPM_3IMERGDF,07,28.81,Downloaded_and_Subsetted
2019-11-19,3B-DAY.MS.MRG.3IMERG.20191119-S000000-E235959.V07B.nc4,GPM_3IMERGDF,07,28.87,Downloaded_and_Subsetted
2019-11-20,3B-DAY.MS.MRG.3IMERG.20191120-S000000-E235959.V07B.nc4,GPM_3IMERGDF,07,28.5,Downloaded_and_Subsetted
2019-11-21,3B-DAY.MS.MRG.3IMERG.20191121-S000000-E235959.V07B.nc4,GPM_3IMERGDF,07,29.24,Downloaded_and_Subsetted
2019-11-22,3B-DAY.MS.MRG.3IMERG.20191122-S000000-E235959.V07B.nc4,GPM_3IMERGDF,07,28.9,Downloaded_and_Subsetted
2019-11-23,3B-DAY.MS.MRG.3IMERG.20191123-S000000-E235959.V07B.nc4,GPM_3IMERGDF,07,29.01,Downloaded_and_Subsetted
2019-11-24,3B-DAY.MS.MRG.3IMERG.20191124-S000000-E235959.V07B.nc4,GPM_3IMERGDF,07,29.09,Downloaded_and_Subsetted
2019-11-25,3B-DAY.MS.MRG.3IMERG.20191125-S000000-E235959.V07B.nc4,GPM_3IMERGDF,07,28.89,Downloaded_and_Subsetted
2019-11-26,3B-DAY.MS.MRG.3IMERG.20191126-S000000-E235959.V07B.nc4,GPM_3IMERGDF,07,28.44,Downloaded_and_Subsetted
2019-11-27,3B-DAY.MS.MRG.3IMERG.20191127-S000000-E235959.V07B.nc4,GPM_3IMERGDF,07,27.95,Downloaded_and_Subsetted
2019-11-28,3B-DAY.MS.MRG.3IMERG.20191128-S000000-E235959.V07B.nc4,GPM_3IMERGDF,07,27.33,Downloaded_and_Subsetted
2019-11-29,3B-DAY.MS.MRG.3IMERG.20191129-S000000-E235959.V07B.nc4,GPM_3IMERGDF,07,28.06,Downloaded_and_Subsetted
2019-11-30,3B-DAY.MS.MRG.3IMERG.20191130-S000000-E235959.V07B.nc4,GPM_3IMERGDF,07,27.72,Downloaded_and_Subsetted
2019-12-01,3B-DAY.MS.MRG.3IMERG.20191201-S000000-E235959.V07B.nc4,GPM_3IMERGDF,07,27.67,Downloaded_and_Subsetted
2019-12-02,3B-DAY.MS.MRG.3IMERG.20191202-S000000-E235959.V07B.nc4,GPM_3IMERGDF,07,27.93,Downloaded_and_Subsetted
2019-12-03,3B-DAY.MS.MRG.3IMERG.20191203-S000000-E235959.V07B.nc4,GPM_3IMERGDF,07,29.04,Downloaded_and_Subsetted
2019-12-04,3B-DAY.MS.MRG.3IMERG.20191204-S000000-E235959.V07B.nc4,GPM_3IMERGDF,07,30.13,Downloaded_and_Subsetted
2019-12-05,3B-DAY.MS.MRG.3IMERG.20191205-S000000-E235959.V07B.nc4,GPM_3IMERGDF,07,29.94,Downloaded_and_Subsetted
2019-12-06,3B-DAY.MS.MRG.3IMERG.20191206-S000000-E235959.V07B.nc4,GPM_3IMERGDF,07,28.26,Downloaded_and_Subsetted
2019-12-07,3B-DAY.MS.MRG.3IMERG.20191207-S000000-E235959.V07B.nc4,GPM_3IMERGDF,07,27.33,Downloaded_and_Subsetted
2019-12-08,3B-DAY.MS.MRG.3IMERG.20191208-S000000-E235959.V07B.nc4,GPM_3IMERGDF,07,28.06,Downloaded_and_Subsetted
2019-12-09,3B-DAY.MS.MRG.3IMERG.20191209-S000000-E235959.V07B.nc4,GPM_3IMERGDF,07,28.52,Downloaded_and_Subsetted
2019-12-10,3B-DAY.MS.MRG.3IMERG.20191210-S000000-E235959.V07B.nc4,GPM_3IMERGDF,07,28.65,Downloaded_and_Subsetted
2019-12-11,3B-DAY.MS.MRG.3IMERG.20191211-S000000-E235959.V07B.nc4,GPM_3IMERGDF,07,29.47,Downloaded_and_Subsetted
2019-12-12,3B-DAY.MS.MRG.3IMERG.20191212-S000000-E235959.V07B.nc4,GPM_3IMERGDF,07,29.25,Downloaded_and_Subsetted
2019-12-13,3B-DAY.MS.MRG.3IMERG.20191213-S000000-E235959.V07B.nc4,GPM_3IMERGDF,07,29.19,Downloaded_and_Subsetted
2019-12-14,3B-DAY.MS.MRG.3IMERG.20191214-S000000-E235959.V07B.nc4,GPM_3IMERGDF,07,28.37,Downloaded_and_Subsetted
2019-12-15,3B-DAY.MS.MRG.3IMERG.20191215-S000000-E235959.V07B.nc4,GPM_3IMERGDF,07,28.48,Downloaded_and_Subsetted
2019-12-16,3B-DAY.MS.MRG.3IMERG.20191216-S000000-E235959.V07B.nc4,GPM_3IMERGDF,07,28.13,Downloaded_and_Subsetted
2019-12-17,3B-DAY.MS.MRG.3IMERG.20191217-S000000-E235959.V07B.nc4,GPM_3IMERGDF,07,28.33,Downloaded_and_Subsetted
2019-12-18,3B-DAY.MS.MRG.3IMERG.20191218-S000000-E235959.V07B.nc4,GPM_3IMERGDF,07,28.69,Downloaded_and_Subsetted
2019-12-19,3B-DAY.MS.MRG.3IMERG.20191219-S000000-E235959.V07B.nc4,GPM_3IMERGDF,07,28.88,Downloaded_and_Subsetted
2019-12-20,3B-DAY.MS.MRG.3IMERG.20191220-S000000-E235959.V07B.nc4,GPM_3IMERGDF,07,28.91,Downloaded_and_Subsetted
2019-12-21,3B-DAY.MS.MRG.3IMERG.20191221-S000000-E235959.V07B.nc4,GPM_3IMERGDF,07,29.23,Downloaded_and_Subsetted
2019-12-22,3B-DAY.MS.MRG.3IMERG.20191222-S000000-E235959.V07B.nc4,GPM_3IMERGDF,07,28.33,Downloaded_and_Subsetted
2019-12-23,3B-DAY.MS.MRG.3IMERG.20191223-S000000-E235959.V07B.nc4,GPM_3IMERGDF,07,27.48,Downloaded_and_Subsetted
2019-12-24,3B-DAY.MS.MRG.3IMERG.20191224-S000000-E235959.V07B.nc4,GPM_3IMERGDF,07,26.24,Downloaded_and_Subsetted
2019-12-25,3B-DAY.MS.MRG.3IMERG.20191225-S000000-E235959.V07B.nc4,GPM_3IMERGDF,07,26.1,Downloaded_and_Subsetted
2019-12-26,3B-DAY.MS.MRG.3IMERG.20191226-S000000-E235959.V07B.nc4,GPM_3IMERGDF,07,26.44,Downloaded_and_Subsetted
2019-12-27,3B-DAY.MS.MRG.3IMERG.20191227-S000000-E235959.V07B.nc4,GPM_3IMERGDF,07,27.08,Downloaded_and_Subsetted
2019-12-28,3B-DAY.MS.MRG.3IMERG.20191228-S000000-E235959.V07B.nc4,GPM_3IMERGDF,07,27.2,Downloaded_and_Subsetted
2019-12-29,3B-DAY.MS.MRG.3IMERG.20191229-S000000-E235959.V07B.nc4,GPM_3IMERGDF,07,27.18,Downloaded_and_Subsetted
2019-12-30,3B-DAY.MS.MRG.3IMERG.20191230-S000000-E235959.V07B.nc4,GPM_3IMERGDF,07,27.28,Downloaded_and_Subsetted
2019-12-31,3B-DAY.MS.MRG.3IMERG.20191231-S000000-E235959.V07B.nc4,GPM_3IMERGDF,07,27.05,Downloaded_and_Subsetted
2020-01-01,3B-DAY.MS.MRG.3IMERG.20200101-S000000-E235959.V07B.nc4,GPM_3IMERGDF,07,27.03,Downloaded_and_Subsetted
2020-01-02,3B-DAY.MS.MRG.3IMERG.20200102-S000000-E235959.V07B.nc4,GPM_3IMERGDF,07,26.77,Downloaded_and_Subsetted
2020-01-03,3B-DAY.MS.MRG.3IMERG.20200103-S000000-E235959.V07B.nc4,GPM_3IMERGDF,07,26.89,Downloaded_and_Subsetted
2020-01-04,3B-DAY.MS.MRG.3IMERG.20200104-S000000-E235959.V07B.nc4,GPM_3IMERGDF,07,26.68,Downloaded_and_Subsetted
2020-01-05,3B-DAY.MS.MRG.3IMERG.20200105-S000000-E235959.V07B.nc4,GPM_3IMERGDF,07,27.0,Downloaded_and_Subsetted
2020-01-06,3B-DAY.MS.MRG.3IMERG.20200106-S000000-E235959.V07B.nc4,GPM_3IMERGDF,07,27.53,Downloaded_and_Subsetted
2020-01-07,3B-DAY.MS.MRG.3IMERG.20200107-S000000-E235959.V07B.nc4,GPM_3IMERGDF,07,27.85,Downloaded_and_Subsetted
2020-01-08,3B-DAY.MS.MRG.3IMERG.20200108-S000000-E235959.V07B.nc4,GPM_3IMERGDF,07,28.38,Downloaded_and_Subsetted
2020-01-09,3B-DAY.MS.MRG.3IMERG.20200109-S000000-E235959.V07B.nc4,GPM_3IMERGDF,07,28.29,Downloaded_and_Subsetted
2020-01-10,3B-DAY.MS.MRG.3IMERG.20200110-S000000-E235959.V07B.nc4,GPM_3IMERGDF,07,28.13,Downloaded_and_Subsetted
2020-01-11,3B-DAY.MS.MRG.3IMERG.20200111-S000000-E235959.V07B.nc4,GPM_3IMERGDF,07,28.14,Downloaded_and_Subsetted
2020-01-12,3B-DAY.MS.MRG.3IMERG.20200112-S000000-E235959.V07B.nc4,GPM_3IMERGDF,07,27.64,Downloaded_and_Subsetted
2020-01-13,3B-DAY.MS.MRG.3IMERG.20200113-S000000-E235959.V07B.nc4,GPM_3IMERGDF,07,26.82,Downloaded_and_Subsetted
2020-01-14,3B-DAY.MS.MRG.3IMERG.20200114-S000000-E235959.V07B.nc4,GPM_3IMERGDF,07,27.07,Downloaded_and_Subsetted
2020-01-15,3B-DAY.MS.MRG.3IMERG.20200115-S000000-E235959.V07B.nc4,GPM_3IMERGDF,07,27.01,Downloaded_and_Subsetted
2020-01-16,3B-DAY.MS.MRG.3IMERG.20200116-S000000-E235959.V07B.nc4,GPM_3IMERGDF,07,27.34,Downloaded_and_Subsetted
2020-01-17,3B-DAY.MS.MRG.3IMERG.20200117-S000000-E235959.V07B.nc4,GPM_3IMERGDF,07,27.64,Downloaded_and_Subsetted
2020-01-18,3B-DAY.MS.MRG.3IMERG.20200118-S000000-E235959.V07B.nc4,GPM_3IMERGDF,07,26.91,Downloaded_and_Subsetted
2020-01-19,3B-DAY.MS.MRG.3IMERG.20200119-S000000-E235959.V07B.nc4,GPM_3IMERGDF,07,26.36,Downloaded_and_Subsetted
2020-01-20,3B-DAY.MS.MRG.3IMERG.20200120-S000000-E235959.V07B.nc4,GPM_3IMERGDF,07,26.09,Downloaded_and_Subsetted
2020-01-21,3B-DAY.MS.MRG.3IMERG.20200121-S000000-E235959.V07B.nc4,GPM_3IMERGDF,07,26.18,Downloaded_and_Subsetted
2020-01-22,3B-DAY.MS.MRG.3IMERG.20200122-S000000-E235959.V07B.nc4,GPM_3IMERGDF,07,26.26,Downloaded_and_Subsetted
2020-01-23,3B-DAY.MS.MRG.3IMERG.20200123-S000000-E235959.V07B.nc4,GPM_3IMERGDF,07,26.75,Downloaded_and_Subsetted
2020-01-24,3B-DAY.MS.MRG.3IMERG.20200124-S000000-E235959.V07B.nc4,GPM_3IMERGDF,07,26.69,Downloaded_and_Subsetted
2020-01-25,3B-DAY.MS.MRG.3IMERG.20200125-S000000-E235959.V07B.nc4,GPM_3IMERGDF,07,26.11,Downloaded_and_Subsetted
2020-01-26,3B-DAY.MS.MRG.3IMERG.20200126-S000000-E235959.V07B.nc4,GPM_3IMERGDF,07,26.2,Downloaded_and_Subsetted
2020-01-27,3B-DAY.MS.MRG.3IMERG.20200127-S000000-E235959.V07B.nc4,GPM_3IMERGDF,07,26.5,Downloaded_and_Subsetted
2020-01-28,3B-DAY.MS.MRG.3IMERG.20200128-S000000-E235959.V07B.nc4,GPM_3IMERGDF,07,26.27,Downloaded_and_Subsetted
2020-01-29,3B-DAY.MS.MRG.3IMERG.20200129-S000000-E235959.V07B.nc4,GPM_3IMERGDF,07,26.32,Downloaded_and_Subsetted
2020-01-30,3B-DAY.MS.MRG.3IMERG.20200130-S000000-E235959.V07B.nc4,GPM_3IMERGDF,07,26.91,Downloaded_and_Subsetted
2020-01-31,3B-DAY.MS.MRG.3IMERG.20200131-S000000-E235959.V07B.nc4,GPM_3IMERGDF,07,27.18,Downloaded_and_Subsetted
2020-02-01,3B-DAY.MS.MRG.3IMERG.20200201-S000000-E235959.V07B.nc4,GPM_3IMERGDF,07,27.4,Downloaded_and_Subsetted
2020-02-02,3B-DAY.MS.MRG.3IMERG.20200202-S000000-E235959.V07B.nc4,GPM_3IMERGDF,07,27.99,Downloaded_and_Subsetted
2020-02-03,3B-DAY.MS.MRG.3IMERG.20200203-S000000-E235959.V07B.nc4,GPM_3IMERGDF,07,26.89,Downloaded_and_Subsetted
2020-02-04,3B-DAY.MS.MRG.3IMERG.20200204-S000000-E235959.V07B.nc4,GPM_3IMERGDF,07,26.82,Downloaded_and_Subsetted
2020-02-05,3B-DAY.MS.MRG.3IMERG.20200205-S000000-E235959.V07B.nc4,GPM_3IMERGDF,07,26.98,Downloaded_and_Subsetted
2020-02-06,3B-DAY.MS.MRG.3IMERG.20200206-S000000-E235959.V07B.nc4,GPM_3IMERGDF,07,27.58,Downloaded_and_Subsetted
2020-02-07,3B-DAY.MS.MRG.3IMERG.20200207-S000000-E235959.V07B.nc4,GPM_3IMERGDF,07,28.22,Downloaded_and_Subsetted
2020-02-08,3B-DAY.MS.MRG.3IMERG.20200208-S000000-E235959.V07B.nc4,GPM_3IMERGDF,07,28.1,Downloaded_and_Subsetted
2020-02-09,3B-DAY.MS.MRG.3IMERG.20200209-S000000-E235959.V07B.nc4,GPM_3IMERGDF,07,27.78,Downloaded_and_Subsetted
2020-02-10,3B-DAY.MS.MRG.3IMERG.20200210-S000000-E235959.V07B.nc4,GPM_3IMERGDF,07,28.2,Downloaded_and_Subsetted
2020-02-11,3B-DAY.MS.MRG.3IMERG.20200211-S000000-E235959.V07B.nc4,GPM_3IMERGDF,07,27.97,Downloaded_and_Subsetted
2020-02-12,3B-DAY.MS.MRG.3IMERG.20200212-S000000-E235959.V07B.nc4,GPM_3IMERGDF,07,28.12,Downloaded_and_Subsetted
2020-02-13,3B-DAY.MS.MRG.3IMERG.20200213-S000000-E235959.V07B.nc4,GPM_3IMERGDF,07,28.06,Downloaded_and_Subsetted
2020-02-14,3B-DAY.MS.MRG.3IMERG.20200214-S000000-E235959.V07B.nc4,GPM_3IMERGDF,07,27.47,Downloaded_and_Subsetted
2020-02-15,3B-DAY.MS.MRG.3IMERG.20200215-S000000-E235959.V07B.nc4,GPM_3IMERGDF,07,27.45,Downloaded_and_Subsetted
2020-02-16,3B-DAY.MS.MRG.3IMERG.20200216-S000000-E235959.V07B.nc4,GPM_3IMERGDF,07,27.56,Downloaded_and_Subsetted
2020-02-17,3B-DAY.MS.MRG.3IMERG.20200217-S000000-E235959.V07B.nc4,GPM_3IMERGDF,07,27.8,Downloaded_and_Subsetted
2020-02-18,3B-DAY.MS.MRG.3IMERG.20200218-S000000-E235959.V07B.nc4,GPM_3IMERGDF,07,27.62,Downloaded_and_Subsetted
2020-02-19,3B-DAY.MS.MRG.3IMERG.20200219-S000000-E235959.V07B.nc4,GPM_3IMERGDF,07,28.12,Downloaded_and_Subsetted
2020-02-20,3B-DAY.MS.MRG.3IMERG.20200220-S000000-E235959.V07B.nc4,GPM_3IMERGDF,07,28.96,Downloaded_and_Subsetted
2020-02-21,3B-DAY.MS.MRG.3IMERG.20200221-S000000-E235959.V07B.nc4,GPM_3IMERGDF,07,27.66,Downloaded_and_Subsetted
2020-02-22,3B-DAY.MS.MRG.3IMERG.20200222-S000000-E235959.V07B.nc4,GPM_3IMERGDF,07,27.78,Downloaded_and_Subsetted
2020-02-23,3B-DAY.MS.MRG.3IMERG.20200223-S000000-E235959.V07B.nc4,GPM_3IMERGDF,07,28.01,Downloaded_and_Subsetted
2020-02-24,3B-DAY.MS.MRG.3IMERG.20200224-S000000-E235959.V07B.nc4,GPM_3IMERGDF,07,27.18,Downloaded_and_Subsetted
2020-02-25,3B-DAY.MS.MRG.3IMERG.20200225-S000000-E235959.V07B.nc4,GPM_3IMERGDF,07,26.94,Downloaded_and_Subsetted
2020-02-26,3B-DAY.MS.MRG.3IMERG.20200226-S000000-E235959.V07B.nc4,GPM_3IMERGDF,07,26.95,Downloaded_and_Subsetted
2020-02-27,3B-DAY.MS.MRG.3IMERG.20200227-S000000-E235959.V07B.nc4,GPM_3IMERGDF,07,27.13,Downloaded_and_Subsetted
2020-02-28,3B-DAY.MS.MRG.3IMERG.20200228-S000000-E235959.V07B.nc4,GPM_3IMERGDF,07,27.63,Downloaded_and_Subsetted
2020-02-29,3B-DAY.MS.MRG.3IMERG.20200229-S000000-E235959.V07B.nc4,GPM_3IMERGDF,07,27.4,Downloaded_and_Subsetted
2020-03-01,3B-DAY.MS.MRG.3IMERG.20200301-S000000-E235959.V07B.nc4,GPM_3IMERGDF,07,27.62,Downloaded_and_Subsetted
2020-03-02,3B-DAY.MS.MRG.3IMERG.20200302-S000000-E235959.V07B.nc4,GPM_3IMERGDF,07,27.52,Downloaded_and_Subsetted
2020-03-03,3B-DAY.MS.MRG.3IMERG.20200303-S000000-E235959.V07B.nc4,GPM_3IMERGDF,07,26.66,Downloaded_and_Subsetted
2020-03-04,3B-DAY.MS.MRG.3IMERG.20200304-S000000-E235959.V07B.nc4,GPM_3IMERGDF,07,25.92,Downloaded_and_Subsetted
2020-03-05,3B-DAY.MS.MRG.3IMERG.20200305-S000000-E235959.V07B.nc4,GPM_3IMERGDF,07,26.08,Downloaded_and_Subsetted
2020-03-06,3B-DAY.MS.MRG.3IMERG.20200306-S000000-E235959.V07B.nc4,GPM_3IMERGDF,07,26.51,Downloaded_and_Subsetted
2020-03-07,3B-DAY.MS.MRG.3IMERG.20200307-S000000-E235959.V07B.nc4,GPM_3IMERGDF,07,26.73,Downloaded_and_Subsetted
2020-03-08,3B-DAY.MS.MRG.3IMERG.20200308-S000000-E235959.V07B.nc4,GPM_3IMERGDF,07,26.44,Downloaded_and_Subsetted
2020-03-09,3B-DAY.MS.MRG.3IMERG.20200309-S000000-E235959.V07B.nc4,GPM_3IMERGDF,07,26.73,Downloaded_and_Subsetted
2020-03-10,3B-DAY.MS.MRG.3IMERG.20200310-S000000-E235959.V07B.nc4,GPM_3IMERGDF,07,26.75,Downloaded_and_Subsetted
2020-03-11,3B-DAY.MS.MRG.3IMERG.20200311-S000000-E235959.V07B.nc4,GPM_3IMERGDF,07,26.87,Downloaded_and_Subsetted
2020-03-12,3B-DAY.MS.MRG.3IMERG.20200312-S000000-E235959.V07B.nc4,GPM_3IMERGDF,07,27.39,Downloaded_and_Subsetted
2020-03-13,3B-DAY.MS.MRG.3IMERG.20200313-S000000-E235959.V07B.nc4,GPM_3IMERGDF,07,27.06,Downloaded_and_Subsetted
2020-03-14,3B-DAY.MS.MRG.3IMERG.20200314-S000000-E235959.V07B.nc4,GPM_3IMERGDF,07,26.81,Downloaded_and_Subsetted
2020-03-15,3B-DAY.MS.MRG.3IMERG.20200315-S000000-E235959.V07B.nc4,GPM_3IMERGDF,07,27.04,Downloaded_and_Subsetted
2020-03-16,3B-DAY.MS.MRG.3IMERG.20200316-S000000-E235959.V07B.nc4,GPM_3IMERGDF,07,26.94,Downloaded_and_Subsetted
2020-03-17,3B-DAY.MS.MRG.3IMERG.20200317-S000000-E235959.V07B.nc4,GPM_3IMERGDF,07,27.5,Downloaded_and_Subsetted
2020-03-18,3B-DAY.MS.MRG.3IMERG.20200318-S000000-E235959.V07B.nc4,GPM_3IMERGDF,07,27.78,Downloaded_and_Subsetted
2020-03-19,3B-DAY.MS.MRG.3IMERG.20200319-S000000-E235959.V07B.nc4,GPM_3IMERGDF,07,27.59,Downloaded_and_Subsetted
2020-03-20,3B-DAY.MS.MRG.3IMERG.20200320-S000000-E235959.V07B.nc4,GPM_3IMERGDF,07,27.42,Downloaded_and_Subsetted
2020-03-21,3B-DAY.MS.MRG.3IMERG.20200321-S000000-E235959.V07B.nc4,GPM_3IMERGDF,07,27.84,Downloaded_and_Subsetted
2020-03-22,3B-DAY.MS.MRG.3IMERG.20200322-S000000-E235959.V07B.nc4,GPM_3IMERGDF,07,28.02,Downloaded_and_Subsetted
2020-03-23,3B-DAY.MS.MRG.3IMERG.20200323-S000000-E235959.V07B.nc4,GPM_3IMERGDF,07,28.42,Downloaded_and_Subsetted
2020-03-24,3B-DAY.MS.MRG.3IMERG.20200324-S000000-E235959.V07B.nc4,GPM_3IMERGDF,07,28.67,Downloaded_and_Subsetted
2020-03-25,3B-DAY.MS.MRG.3IMERG.20200325-S000000-E235959.V07B.nc4,GPM_3IMERGDF,07,29.22,Downloaded_and_Subsetted
2020-03-26,3B-DAY.MS.MRG.3IMERG.20200326-S000000-E235959.V07B.nc4,GPM_3IMERGDF,07,30.05,Downloaded_and_Subsetted
2020-03-27,3B-DAY.MS.MRG.3IMERG.20200327-S000000-E235959.V07B.nc4,GPM_3IMERGDF,07,28.88,Downloaded_and_Subsetted
2020-03-28,3B-DAY.MS.MRG.3IMERG.20200328-S000000-E235959.V07B.nc4,GPM_3IMERGDF,07,27.98,Downloaded_and_Subsetted
2020-03-29,3B-DAY.MS.MRG.3IMERG.20200329-S000000-E235959.V07B.nc4,GPM_3IMERGDF,07,28.51,Downloaded_and_Subsetted
2020-03-30,3B-DAY.MS.MRG.3IMERG.20200330-S000000-E235959.V07B.nc4,GPM_3IMERGDF,07,28.03,Downloaded_and_Subsetted
2020-03-31,3B-DAY.MS.MRG.3IMERG.20200331-S000000-E235959.V07B.nc4,GPM_3IMERGDF,07,27.23,Downloaded_and_Subsetted
2020-04-01,3B-DAY.MS.MRG.3IMERG.20200401-S000000-E235959.V07B.nc4,GPM_3IMERGDF,07,26.86,Downloaded_and_Subsetted
2020-04-02,3B-DAY.MS.MRG.3IMERG.20200402-S000000-E235959.V07B.nc4,GPM_3IMERGDF,07,27.76,Downloaded_and_Subsetted
2020-04-03,3B-DAY.MS.MRG.3IMERG.20200403-S000000-E235959.V07B.nc4,GPM_3IMERGDF,07,27.9,Downloaded_and_Subsetted
2020-04-04,3B-DAY.MS.MRG.3IMERG.20200404-S000000-E235959.V07B.nc4,GPM_3IMERGDF,07,28.54,Downloaded_and_Subsetted
2020-04-05,3B-DAY.MS.MRG.3IMERG.20200405-S000000-E235959.V07B.nc4,GPM_3IMERGDF,07,28.03,Downloaded_and_Subsetted
2020-04-06,3B-DAY.MS.MRG.3IMERG.20200406-S000000-E235959.V07B.nc4,GPM_3IMERGDF,07,28.53,Downloaded_and_Subsetted
2020-04-07,3B-DAY.MS.MRG.3IMERG.20200407-S000000-E235959.V07B.nc4,GPM_3IMERGDF,07,28.34,Downloaded_and_Subsetted
2020-04-08,3B-DAY.MS.MRG.3IMERG.20200408-S000000-E235959.V07B.nc4,GPM_3IMERGDF,07,28.29,Downloaded_and_Subsetted
2020-04-09,3B-DAY.MS.MRG.3IMERG.20200409-S000000-E235959.V07B.nc4,GPM_3IMERGDF,07,28.1,Downloaded_and_Subsetted
2020-04-10,3B-DAY.MS.MRG.3IMERG.20200410-S000000-E235959.V07B.nc4,GPM_3IMERGDF,07,27.56,Downloaded_and_Subsetted
2020-04-11,3B-DAY.MS.MRG.3IMERG.20200411-S000000-E235959.V07B.nc4,GPM_3IMERGDF,07,28.02,Downloaded_and_Subsetted
2020-04-12,3B-DAY.MS.MRG.3IMERG.20200412-S000000-E235959.V07B.nc4,GPM_3IMERGDF,07,29.05,Downloaded_and_Subsetted
2020-04-13,3B-DAY.MS.MRG.3IMERG.20200413-S000000-E235959.V07B.nc4,GPM_3IMERGDF,07,29.68,Downloaded_and_Subsetted
2020-04-14,3B-DAY.MS.MRG.3IMERG.20200414-S000000-E235959.V07B.nc4,GPM_3IMERGDF,07,29.44,Downloaded_and_Subsetted
2020-04-15,3B-DAY.MS.MRG.3IMERG.20200415-S000000-E235959.V07B.nc4,GPM_3IMERGDF,07,29.35,Downloaded_and_Subsetted
2020-04-16,3B-DAY.MS.MRG.3IMERG.20200416-S000000-E235959.V07B.nc4,GPM_3IMERGDF,07,30.59,Downloaded_and_Subsetted
2020-04-17,3B-DAY.MS.MRG.3IMERG.20200417-S000000-E235959.V07B.nc4,GPM_3IMERGDF,07,31.14,Downloaded_and_Subsetted
2020-04-18,3B-DAY.MS.MRG.3IMERG.20200418-S000000-E235959.V07B.nc4,GPM_3IMERGDF,07,31.53,Downloaded_and_Subsetted
2020-04-19,3B-DAY.MS.MRG.3IMERG.20200419-S000000-E235959.V07B.nc4,GPM_3IMERGDF,07,32.09,Downloaded_and_Subsetted
2020-04-20,3B-DAY.MS.MRG.3IMERG.20200420-S000000-E235959.V07B.nc4,GPM_3IMERGDF,07,32.32,Downloaded_and_Subsetted
2020-04-21,3B-DAY.MS.MRG.3IMERG.20200421-S000000-E235959.V07B.nc4,GPM_3IMERGDF,07,31.7,Downloaded_and_Subsetted
2020-04-22,3B-DAY.MS.MRG.3IMERG.20200422-S000000-E235959.V07B.nc4,GPM_3IMERGDF,07,30.75,Downloaded_and_Subsetted
2020-04-23,3B-DAY.MS.MRG.3IMERG.20200423-S000000-E235959.V07B.nc4,GPM_3IMERGDF,07,30.66,Downloaded_and_Subsetted
2020-04-24,3B-DAY.MS.MRG.3IMERG.20200424-S000000-E235959.V07B.nc4,GPM_3IMERGDF,07,30.77,Downloaded_and_Subsetted
2020-04-25,3B-DAY.MS.MRG.3IMERG.20200425-S000000-E235959.V07B.nc4,GPM_3IMERGDF,07,30.85,Downloaded_and_Subsetted
2020-04-26,3B-DAY.MS.MRG.3IMERG.20200426-S000000-E235959.V07B.nc4,GPM_3IMERGDF,07,31.19,Downloaded_and_Subsetted
2020-04-27,3B-DAY.MS.MRG.3IMERG.20200427-S000000-E235959.V07B.nc4,GPM_3IMERGDF,07,32.13,Downloaded_and_Subsetted
2020-04-28,3B-DAY.MS.MRG.3IMERG.20200428-S000000-E235959.V07B.nc4,GPM_3IMERGDF,07,31.87,Downloaded_and_Subsetted
2020-04-29,3B-DAY.MS.MRG.3IMERG.20200429-S000000-E235959.V07B.nc4,GPM_3IMERGDF,07,31.06,Downloaded_and_Subsetted
2020-04-30,3B-DAY.MS.MRG.3IMERG.20200430-S000000-E235959.V07B.nc4,GPM_3IMERGDF,07,30.43,Downloaded_and_Subsetted
2020-05-01,3B-DAY.MS.MRG.3IMERG.20200501-S000000-E235959.V07B.nc4,GPM_3IMERGDF,07,29.99,Downloaded_and_Subsetted
2020-05-02,3B-DAY.MS.MRG.3IMERG.20200502-S000000-E235959.V07B.nc4,GPM_3IMERGDF,07,29.31,Downloaded_and_Subsetted
2020-05-03,3B-DAY.MS.MRG.3IMERG.20200503-S000000-E235959.V07B.nc4,GPM_3IMERGDF,07,29.47,Downloaded_and_Subsetted
2020-05-04,3B-DAY.MS.MRG.3IMERG.20200504-S000000-E235959.V07B.nc4,GPM_3IMERGDF,07,29.85,Downloaded_and_Subsetted
2020-05-05,3B-DAY.MS.MRG.3IMERG.20200505-S000000-E235959.V07B.nc4,GPM_3IMERGDF,07,29.7,Downloaded_and_Subsetted
2020-05-06,3B-DAY.MS.MRG.3IMERG.20200506-S000000-E235959.V07B.nc4,GPM_3IMERGDF,07,30.29,Downloaded_and_Subsetted
2020-05-07,3B-DAY.MS.MRG.3IMERG.20200507-S000000-E235959.V07B.nc4,GPM_3IMERGDF,07,30.17,Downloaded_and_Subsetted
2020-05-08,3B-DAY.MS.MRG.3IMERG.20200508-S000000-E235959.V07B.nc4,GPM_3IMERGDF,07,30.75,Downloaded_and_Subsetted
2020-05-09,3B-DAY.MS.MRG.3IMERG.20200509-S000000-E235959.V07B.nc4,GPM_3IMERGDF,07,31.24,Downloaded_and_Subsetted
2020-05-10,3B-DAY.MS.MRG.3IMERG.20200510-S000000-E235959.V07B.nc4,GPM_3IMERGDF,07,32.21,Downloaded_and_Subsetted
2020-05-11,3B-DAY.MS.MRG.3IMERG.20200511-S000000-E235959.V07B.nc4,GPM_3IMERGDF,07,32.86,Downloaded_and_Subsetted
2020-05-12,3B-DAY.MS.MRG.3IMERG.20200512-S000000-E235959.V07B.nc4,GPM_3IMERGDF,07,33.09,Downloaded_and_Subsetted
2020-05-13,3B-DAY.MS.MRG.3IMERG.20200513-S000000-E235959.V07B.nc4,GPM_3IMERGDF,07,34.06,Downloaded_and_Subsetted
2020-05-14,3B-DAY.MS.MRG.3IMERG.20200514-S000000-E235959.V07B.nc4,GPM_3IMERGDF,07,33.76,Downloaded_and_Subsetted
2020-05-15,3B-DAY.MS.MRG.3IMERG.20200515-S000000-E235959.V07B.nc4,GPM_3IMERGDF,07,32.77,Downloaded_and_Subsetted
2020-05-16,3B-DAY.MS.MRG.3IMERG.20200516-S000000-E235959.V07B.nc4,GPM_3IMERGDF,07,31.75,Downloaded_and_Subsetted
2020-05-17,3B-DAY.MS.MRG.3IMERG.20200517-S000000-E235959.V07B.nc4,GPM_3IMERGDF,07,31.81,Downloaded_and_Subsetted
2020-05-18,3B-DAY.MS.MRG.3IMERG.20200518-S000000-E235959.V07B.nc4,GPM_3IMERGDF,07,32.43,Downloaded_and_Subsetted
2020-05-19,3B-DAY.MS.MRG.3IMERG.20200519-S000000-E235959.V07B.nc4,GPM_3IMERGDF,07,32.82,Downloaded_and_Subsetted
2020-05-20,3B-DAY.MS.MRG.3IMERG.20200520-S000000-E235959.V07B.nc4,GPM_3IMERGDF,07,33.56,Downloaded_and_Subsetted
2020-05-21,3B-DAY.MS.MRG.3IMERG.20200521-S000000-E235959.V07B.nc4,GPM_3IMERGDF,07,33.7,Downloaded_and_Subsetted
2020-05-22,3B-DAY.MS.MRG.3IMERG.20200522-S000000-E235959.V07B.nc4,GPM_3IMERGDF,07,33.42,Downloaded_and_Subsetted
2020-05-23,3B-DAY.MS.MRG.3IMERG.20200523-S000000-E235959.V07B.nc4,GPM_3IMERGDF,07,33.16,Downloaded_and_Subsetted
2020-05-24,3B-DAY.MS.MRG.3IMERG.20200524-S000000-E235959.V07B.nc4,GPM_3IMERGDF,07,32.95,Downloaded_and_Subsetted
2020-05-25,3B-DAY.MS.MRG.3IMERG.20200525-S000000-E235959.V07B.nc4,GPM_3IMERGDF,07,32.5,Downloaded_and_Subsetted
2020-05-26,3B-DAY.MS.MRG.3IMERG.20200526-S000000-E235959.V07B.nc4,GPM_3IMERGDF,07,32.43,Downloaded_and_Subsetted
2020-05-27,3B-DAY.MS.MRG.3IMERG.20200527-S000000-E235959.V07B.nc4,GPM_3IMERGDF,07,33.0,Downloaded_and_Subsetted
2020-05-28,3B-DAY.MS.MRG.3IMERG.20200528-S000000-E235959.V07B.nc4,GPM_3IMERGDF,07,33.06,Downloaded_and_Subsetted
2020-05-29,3B-DAY.MS.MRG.3IMERG.20200529-S000000-E235959.V07B.nc4,GPM_3IMERGDF,07,33.01,Downloaded_and_Subsetted
2020-05-30,3B-DAY.MS.MRG.3IMERG.20200530-S000000-E235959.V07B.nc4,GPM_3IMERGDF,07,32.14,Downloaded_and_Subsetted
2020-05-31,3B-DAY.MS.MRG.3IMERG.20200531-S000000-E235959.V07B.nc4,GPM_3IMERGDF,07,31.61,Downloaded_and_Subsetted
2020-06-01,3B-DAY.MS.MRG.3IMERG.20200601-S000000-E235959.V07B.nc4,GPM_3IMERGDF,07,30.95,Downloaded_and_Subsetted
2020-06-02,3B-DAY.MS.MRG.3IMERG.20200602-S000000-E235959.V07B.nc4,GPM_3IMERGDF,07,30.97,Downloaded_and_Subsetted
2020-06-03,3B-DAY.MS.MRG.3IMERG.20200603-S000000-E235959.V07B.nc4,GPM_3IMERGDF,07,30.9,Downloaded_and_Subsetted
2020-06-04,3B-DAY.MS.MRG.3IMERG.20200604-S000000-E235959.V07B.nc4,GPM_3IMERGDF,07,31.04,Downloaded_and_Subsetted
2020-06-05,3B-DAY.MS.MRG.3IMERG.20200605-S000000-E235959.V07B.nc4,GPM_3IMERGDF,07,31.6,Downloaded_and_Subsetted
2020-06-06,3B-DAY.MS.MRG.3IMERG.20200606-S000000-E235959.V07B.nc4,GPM_3IMERGDF,07,30.95,Downloaded_and_Subsetted
2020-06-07,3B-DAY.MS.MRG.3IMERG.20200607-S000000-E235959.V07B.nc4,GPM_3IMERGDF,07,30.42,Downloaded_and_Subsetted
2020-06-08,3B-DAY.MS.MRG.3IMERG.20200608-S000000-E235959.V07B.nc4,GPM_3IMERGDF,07,30.64,Downloaded_and_Subsetted
2020-06-09,3B-DAY.MS.MRG.3IMERG.20200609-S000000-E235959.V07B.nc4,GPM_3IMERGDF,07,30.75,Downloaded_and_Subsetted
2020-06-10,3B-DAY.MS.MRG.3IMERG.20200610-S000000-E235959.V07B.nc4,GPM_3IMERGDF,07,31.67,Downloaded_and_Subsetted
2020-06-11,3B-DAY.MS.MRG.3IMERG.20200611-S000000-E235959.V07B.nc4,GPM_3IMERGDF,07,31.86,Downloaded_and_Subsetted
2020-06-12,3B-DAY.MS.MRG.3IMERG.20200612-S000000-E235959.V07B.nc4,GPM_3IMERGDF,07,31.82,Downloaded_and_Subsetted
2020-06-13,3B-DAY.MS.MRG.3IMERG.20200613-S000000-E235959.V07B.nc4,GPM_3IMERGDF,07,31.77,Downloaded_and_Subsetted
2020-06-14,3B-DAY.MS.MRG.3IMERG.20200614-S000000-E235959.V07B.nc4,GPM_3IMERGDF,07,31.1,Downloaded_and_Subsetted
2020-06-15,3B-DAY.MS.MRG.3IMERG.20200615-S000000-E235959.V07B.nc4,GPM_3IMERGDF,07,31.75,Downloaded_and_Subsetted
2020-06-16,3B-DAY.MS.MRG.3IMERG.20200616-S000000-E235959.V07B.nc4,GPM_3IMERGDF,07,32.19,Downloaded_and_Subsetted
2020-06-17,3B-DAY.MS.MRG.3IMERG.20200617-S000000-E235959.V07B.nc4,GPM_3IMERGDF,07,32.65,Downloaded_and_Subsetted
2020-06-18,3B-DAY.MS.MRG.3IMERG.20200618-S000000-E235959.V07B.nc4,GPM_3IMERGDF,07,32.04,Downloaded_and_Subsetted
2020-06-19,3B-DAY.MS.MRG.3IMERG.20200619-S000000-E235959.V07B.nc4,GPM_3IMERGDF,07,31.0,Downloaded_and_Subsetted
2020-06-20,3B-DAY.MS.MRG.3IMERG.20200620-S000000-E235959.V07B.nc4,GPM_3IMERGDF,07,31.31,Downloaded_and_Subsetted
2020-06-21,3B-DAY.MS.MRG.3IMERG.20200621-S000000-E235959.V07B.nc4,GPM_3IMERGDF,07,30.87,Downloaded_and_Subsetted
2020-06-22,3B-DAY.MS.MRG.3IMERG.20200622-S000000-E235959.V07B.nc4,GPM_3IMERGDF,07,30.33,Downloaded_and_Subsetted
2020-06-23,3B-DAY.MS.MRG.3IMERG.20200623-S000000-E235959.V07B.nc4,GPM_3IMERGDF,07,30.26,Downloaded_and_Subsetted
2020-06-24,3B-DAY.MS.MRG.3IMERG.20200624-S000000-E235959.V07B.nc4,GPM_3IMERGDF,07,30.61,Downloaded_and_Subsetted
2020-06-25,3B-DAY.MS.MRG.3IMERG.20200625-S000000-E235959.V07B.nc4,GPM_3IMERGDF,07,30.68,Downloaded_and_Subsetted
2020-06-26,3B-DAY.MS.MRG.3IMERG.20200626-S000000-E235959.V07B.nc4,GPM_3IMERGDF,07,30.83,Downloaded_and_Subsetted
2020-06-27,3B-DAY.MS.MRG.3IMERG.20200627-S000000-E235959.V07B.nc4,GPM_3IMERGDF,07,30.48,Downloaded_and_Subsetted
2020-06-28,3B-DAY.MS.MRG.3IMERG.20200628-S000000-E235959.V07B.nc4,GPM_3IMERGDF,07,30.94,Downloaded_and_Subsetted
2020-06-29,3B-DAY.MS.MRG.3IMERG.20200629-S000000-E235959.V07B.nc4,GPM_3IMERGDF,07,31.31,Downloaded_and_Subsetted
2020-06-30,3B-DAY.MS.MRG.3IMERG.20200630-S000000-E235959.V07B.nc4,GPM_3IMERGDF,07,31.62,Downloaded_and_Subsetted
2020-07-01,3B-DAY.MS.MRG.3IMERG.20200701-S000000-E235959.V07B.nc4,GPM_3IMERGDF,07,32.14,Downloaded_and_Subsetted
2020-07-02,3B-DAY.MS.MRG.3IMERG.20200702-S000000-E235959.V07B.nc4,GPM_3IMERGDF,07,31.86,Downloaded_and_Subsetted
2020-07-03,3B-DAY.MS.MRG.3IMERG.20200703-S000000-E235959.V07B.nc4,GPM_3IMERGDF,07,31.73,Downloaded_and_Subsetted
2020-07-04,3B-DAY.MS.MRG.3IMERG.20200704-S000000-E235959.V07B.nc4,GPM_3IMERGDF,07,32.41,Downloaded_and_Subsetted
2020-07-05,3B-DAY.MS.MRG.3IMERG.20200705-S000000-E235959.V07B.nc4,GPM_3IMERGDF,07,32.24,Downloaded_and_Subsetted
2020-07-06,3B-DAY.MS.MRG.3IMERG.20200706-S000000-E235959.V07B.nc4,GPM_3IMERGDF,07,31.7,Downloaded_and_Subsetted
2020-07-07,3B-DAY.MS.MRG.3IMERG.20200707-S000000-E235959.V07B.nc4,GPM_3IMERGDF,07,31.72,Downloaded_and_Subsetted
2020-07-08,3B-DAY.MS.MRG.3IMERG.20200708-S000000-E235959.V07B.nc4,GPM_3IMERGDF,07,31.62,Downloaded_and_Subsetted
2020-07-09,3B-DAY.MS.MRG.3IMERG.20200709-S000000-E235959.V07B.nc4,GPM_3IMERGDF,07,32.32,Downloaded_and_Subsetted
2020-07-10,3B-DAY.MS.MRG.3IMERG.20200710-S000000-E235959.V07B.nc4,GPM_3IMERGDF,07,32.59,Downloaded_and_Subsetted
2020-07-11,3B-DAY.MS.MRG.3IMERG.20200711-S000000-E235959.V07B.nc4,GPM_3IMERGDF,07,32.6,Downloaded_and_Subsetted
2020-07-12,3B-DAY.MS.MRG.3IMERG.20200712-S000000-E235959.V07B.nc4,GPM_3IMERGDF,07,32.4,Downloaded_and_Subsetted
2020-07-13,3B-DAY.MS.MRG.3IMERG.20200713-S000000-E235959.V07B.nc4,GPM_3IMERGDF,07,31.48,Downloaded_and_Subsetted
2020-07-14,3B-DAY.MS.MRG.3IMERG.20200714-S000000-E235959.V07B.nc4,GPM_3IMERGDF,07,30.9,Downloaded_and_Subsetted
2020-07-15,3B-DAY.MS.MRG.3IMERG.20200715-S000000-E235959.V07B.nc4,GPM_3IMERGDF,07,30.99,Downloaded_and_Subsetted
2020-07-16,3B-DAY.MS.MRG.3IMERG.20200716-S000000-E235959.V07B.nc4,GPM_3IMERGDF,07,31.68,Downloaded_and_Subsetted
2020-07-17,3B-DAY.MS.MRG.3IMERG.20200717-S000000-E235959.V07B.nc4,GPM_3IMERGDF,07,31.46,Downloaded_and_Subsetted
2020-07-18,3B-DAY.MS.MRG.3IMERG.20200718-S000000-E235959.V07B.nc4,GPM_3IMERGDF,07,30.74,Downloaded_and_Subsetted
2020-07-19,3B-DAY.MS.MRG.3IMERG.20200719-S000000-E235959.V07B.nc4,GPM_3IMERGDF,07,31.18,Downloaded_and_Subsetted
2020-07-20,3B-DAY.MS.MRG.3IMERG.20200720-S000000-E235959.V07B.nc4,GPM_3IMERGDF,07,31.8,Downloaded_and_Subsetted
2020-07-21,3B-DAY.MS.MRG.3IMERG.20200721-S000000-E235959.V07B.nc4,GPM_3IMERGDF,07,32.56,Downloaded_and_Subsetted
2020-07-22,3B-DAY.MS.MRG.3IMERG.20200722-S000000-E235959.V07B.nc4,GPM_3IMERGDF,07,32.2,Downloaded_and_Subsetted
2020-07-23,3B-DAY.MS.MRG.3IMERG.20200723-S000000-E235959.V07B.nc4,GPM_3IMERGDF,07,32.19,Downloaded_and_Subsetted
2020-07-24,3B-DAY.MS.MRG.3IMERG.20200724-S000000-E235959.V07B.nc4,GPM_3IMERGDF,07,32.4,Downloaded_and_Subsetted
2020-07-25,3B-DAY.MS.MRG.3IMERG.20200725-S000000-E235959.V07B.nc4,GPM_3IMERGDF,07,32.1,Downloaded_and_Subsetted
2020-07-26,3B-DAY.MS.MRG.3IMERG.20200726-S000000-E235959.V07B.nc4,GPM_3IMERGDF,07,31.62,Downloaded_and_Subsetted
2020-07-27,3B-DAY.MS.MRG.3IMERG.20200727-S000000-E235959.V07B.nc4,GPM_3IMERGDF,07,31.05,Downloaded_and_Subsetted
2020-07-28,3B-DAY.MS.MRG.3IMERG.20200728-S000000-E235959.V07B.nc4,GPM_3IMERGDF,07,31.28,Downloaded_and_Subsetted
2020-07-29,3B-DAY.MS.MRG.3IMERG.20200729-S000000-E235959.V07B.nc4,GPM_3IMERGDF,07,31.63,Downloaded_and_Subsetted
2020-07-30,3B-DAY.MS.MRG.3IMERG.20200730-S000000-E235959.V07B.nc4,GPM_3IMERGDF,07,31.75,Downloaded_and_Subsetted
2020-07-31,3B-DAY.MS.MRG.3IMERG.20200731-S000000-E235959.V07B.nc4,GPM_3IMERGDF,07,31.69,Downloaded_and_Subsetted
2020-08-01,3B-DAY.MS.MRG.3IMERG.20200801-S000000-E235959.V07B.nc4,GPM_3IMERGDF,07,31.7,Downloaded_and_Subsetted
2020-08-02,3B-DAY.MS.MRG.3IMERG.20200802-S000000-E235959.V07B.nc4,GPM_3IMERGDF,07,31.58,Downloaded_and_Subsetted
2020-08-03,3B-DAY.MS.MRG.3IMERG.20200803-S000000-E235959.V07B.nc4,GPM_3IMERGDF,07,32.14,Downloaded_and_Subsetted
2020-08-04,3B-DAY.MS.MRG.3IMERG.20200804-S000000-E235959.V07B.nc4,GPM_3IMERGDF,07,32.13,Downloaded_and_Subsetted
2020-08-05,3B-DAY.MS.MRG.3IMERG.20200805-S000000-E235959.V07B.nc4,GPM_3IMERGDF,07,31.07,Downloaded_and_Subsetted
2020-08-06,3B-DAY.MS.MRG.3IMERG.20200806-S000000-E235959.V07B.nc4,GPM_3IMERGDF,07,30.91,Downloaded_and_Subsetted
2020-08-07,3B-DAY.MS.MRG.3IMERG.20200807-S000000-E235959.V07B.nc4,GPM_3IMERGDF,07,30.76,Downloaded_and_Subsetted
2020-08-08,3B-DAY.MS.MRG.3IMERG.20200808-S000000-E235959.V07B.nc4,GPM_3IMERGDF,07,30.96,Downloaded_and_Subsetted
2020-08-09,3B-DAY.MS.MRG.3IMERG.20200809-S000000-E235959.V07B.nc4,GPM_3IMERGDF,07,31.88,Downloaded_and_Subsetted
2020-08-10,3B-DAY.MS.MRG.3IMERG.20200810-S000000-E235959.V07B.nc4,GPM_3IMERGDF,07,32.22,Downloaded_and_Subsetted
2020-08-11,3B-DAY.MS.MRG.3IMERG.20200811-S000000-E235959.V07B.nc4,GPM_3IMERGDF,07,31.65,Downloaded_and_Subsetted
2020-08-12,3B-DAY.MS.MRG.3IMERG.20200812-S000000-E235959.V07B.nc4,GPM_3IMERGDF,07,31.35,Downloaded_and_Subsetted
2020-08-13,3B-DAY.MS.MRG.3IMERG.20200813-S000000-E235959.V07B.nc4,GPM_3IMERGDF,07,31.53,Downloaded_and_Subsetted
2020-08-14,3B-DAY.MS.MRG.3IMERG.20200814-S000000-E235959.V07B.nc4,GPM_3IMERGDF,07,31.2,Downloaded_and_Subsetted
2020-08-15,3B-DAY.MS.MRG.3IMERG.20200815-S000000-E235959.V07B.nc4,GPM_3IMERGDF,07,31.71,Downloaded_and_Subsetted
2020-08-16,3B-DAY.MS.MRG.3IMERG.20200816-S000000-E235959.V07B.nc4,GPM_3IMERGDF,07,31.77,Downloaded_and_Subsetted
2020-08-17,3B-DAY.MS.MRG.3IMERG.20200817-S000000-E235959.V07B.nc4,GPM_3IMERGDF,07,31.3,Downloaded_and_Subsetted
2020-08-18,3B-DAY.MS.MRG.3IMERG.20200818-S000000-E235959.V07B.nc4,GPM_3IMERGDF,07,31.44,Downloaded_and_Subsetted
2020-08-19,3B-DAY.MS.MRG.3IMERG.20200819-S000000-E235959.V07B.nc4,GPM_3IMERGDF,07,31.4,Downloaded_and_Subsetted
2020-08-20,3B-DAY.MS.MRG.3IMERG.20200820-S000000-E235959.V07B.nc4,GPM_3IMERGDF,07,31.36,Downloaded_and_Subsetted
2020-08-21,3B-DAY.MS.MRG.3IMERG.20200821-S000000-E235959.V07B.nc4,GPM_3IMERGDF,07,31.38,Downloaded_and_Subsetted
2020-08-22,3B-DAY.MS.MRG.3IMERG.20200822-S000000-E235959.V07B.nc4,GPM_3IMERGDF,07,30.92,Downloaded_and_Subsetted
2020-08-23,3B-DAY.MS.MRG.3IMERG.20200823-S000000-E235959.V07B.nc4,GPM_3IMERGDF,07,30.24,Downloaded_and_Subsetted
2020-08-24,3B-DAY.MS.MRG.3IMERG.20200824-S000000-E235959.V07B.nc4,GPM_3IMERGDF,07,29.56,Downloaded_and_Subsetted
2020-08-25,3B-DAY.MS.MRG.3IMERG.20200825-S000000-E235959.V07B.nc4,GPM_3IMERGDF,07,30.52,Downloaded_and_Subsetted
2020-08-26,3B-DAY.MS.MRG.3IMERG.20200826-S000000-E235959.V07B.nc4,GPM_3IMERGDF,07,31.47,Downloaded_and_Subsetted
2020-08-27,3B-DAY.MS.MRG.3IMERG.20200827-S000000-E235959.V07B.nc4,GPM_3IMERGDF,07,31.42,Downloaded_and_Subsetted
2020-08-28,3B-DAY.MS.MRG.3IMERG.20200828-S000000-E235959.V07B.nc4,GPM_3IMERGDF,07,32.33,Downloaded_and_Subsetted
2020-08-29,3B-DAY.MS.MRG.3IMERG.20200829-S000000-E235959.V07B.nc4,GPM_3IMERGDF,07,33.01,Downloaded_and_Subsetted
2020-08-30,3B-DAY.MS.MRG.3IMERG.20200830-S000000-E235959.V07B.nc4,GPM_3IMERGDF,07,33.09,Downloaded_and_Subsetted
2020-08-31,3B-DAY.MS.MRG.3IMERG.20200831-S000000-E235959.V07B.nc4,GPM_3IMERGDF,07,33.51,Downloaded_and_Subsetted
2020-09-01,3B-DAY.MS.MRG.3IMERG.20200901-S000000-E235959.V07B.nc4,GPM_3IMERGDF,07,33.54,Downloaded_and_Subsetted
2020-09-02,3B-DAY.MS.MRG.3IMERG.20200902-S000000-E235959.V07B.nc4,GPM_3IMERGDF,07,33.11,Downloaded_and_Subsetted
2020-09-03,3B-DAY.MS.MRG.3IMERG.20200903-S000000-E235959.V07B.nc4,GPM_3IMERGDF,07,32.8,Downloaded_and_Subsetted
2020-09-04,3B-DAY.MS.MRG.3IMERG.20200904-S000000-E235959.V07B.nc4,GPM_3IMERGDF,07,31.61,Downloaded_and_Subsetted
2020-09-05,3B-DAY.MS.MRG.3IMERG.20200905-S000000-E235959.V07B.nc4,GPM_3IMERGDF,07,31.55,Downloaded_and_Subsetted
2020-09-06,3B-DAY.MS.MRG.3IMERG.20200906-S000000-E235959.V07B.nc4,GPM_3IMERGDF,07,32.26,Downloaded_and_Subsetted
2020-09-07,3B-DAY.MS.MRG.3IMERG.20200907-S000000-E235959.V07B.nc4,GPM_3IMERGDF,07,32.36,Downloaded_and_Subsetted
2020-09-08,3B-DAY.MS.MRG.3IMERG.20200908-S000000-E235959.V07B.nc4,GPM_3IMERGDF,07,31.68,Downloaded_and_Subsetted
2020-09-09,3B-DAY.MS.MRG.3IMERG.20200909-S000000-E235959.V07B.nc4,GPM_3IMERGDF,07,31.36,Downloaded_and_Subsetted
2020-09-10,3B-DAY.MS.MRG.3IMERG.20200910-S000000-E235959.V07B.nc4,GPM_3IMERGDF,07,31.56,Downloaded_and_Subsetted
2020-09-11,3B-DAY.MS.MRG.3IMERG.20200911-S000000-E235959.V07B.nc4,GPM_3IMERGDF,07,31.19,Downloaded_and_Subsetted
2020-09-12,3B-DAY.MS.MRG.3IMERG.20200912-S000000-E235959.V07B.nc4,GPM_3IMERGDF,07,31.47,Downloaded_and_Subsetted
2020-09-13,3B-DAY.MS.MRG.3IMERG.20200913-S000000-E235959.V07B.nc4,GPM_3IMERGDF,07,31.58,Downloaded_and_Subsetted
2020-09-14,3B-DAY.MS.MRG.3IMERG.20200914-S000000-E235959.V07B.nc4,GPM_3IMERGDF,07,31.38,Downloaded_and_Subsetted
2020-09-15,3B-DAY.MS.MRG.3IMERG.20200915-S000000-E235959.V07B.nc4,GPM_3IMERGDF,07,31.56,Downloaded_and_Subsetted
2020-09-16,3B-DAY.MS.MRG.3IMERG.20200916-S000000-E235959.V07B.nc4,GPM_3IMERGDF,07,31.47,Downloaded_and_Subsetted
2020-09-17,3B-DAY.MS.MRG.3IMERG.20200917-S000000-E235959.V07B.nc4,GPM_3IMERGDF,07,31.52,Downloaded_and_Subsetted
2020-09-18,3B-DAY.MS.MRG.3IMERG.20200918-S000000-E235959.V07B.nc4,GPM_3IMERGDF,07,31.22,Downloaded_and_Subsetted
2020-09-19,3B-DAY.MS.MRG.3IMERG.20200919-S000000-E235959.V07B.nc4,GPM_3IMERGDF,07,30.6,Downloaded_and_Subsetted
2020-09-20,3B-DAY.MS.MRG.3IMERG.20200920-S000000-E235959.V07B.nc4,GPM_3IMERGDF,07,29.95,Downloaded_and_Subsetted
2020-09-21,3B-DAY.MS.MRG.3IMERG.20200921-S000000-E235959.V07B.nc4,GPM_3IMERGDF,07,29.72,Downloaded_and_Subsetted
2020-09-22,3B-DAY.MS.MRG.3IMERG.20200922-S000000-E235959.V07B.nc4,GPM_3IMERGDF,07,30.01,Downloaded_and_Subsetted
2020-09-23,3B-DAY.MS.MRG.3IMERG.20200923-S000000-E235959.V07B.nc4,GPM_3IMERGDF,07,30.26,Downloaded_and_Subsetted
2020-09-24,3B-DAY.MS.MRG.3IMERG.20200924-S000000-E235959.V07B.nc4,GPM_3IMERGDF,07,29.56,Downloaded_and_Subsetted
2020-09-25,3B-DAY.MS.MRG.3IMERG.20200925-S000000-E235959.V07B.nc4,GPM_3IMERGDF,07,29.73,Downloaded_and_Subsetted
2020-09-26,3B-DAY.MS.MRG.3IMERG.20200926-S000000-E235959.V07B.nc4,GPM_3IMERGDF,07,29.98,Downloaded_and_Subsetted
2020-09-27,3B-DAY.MS.MRG.3IMERG.20200927-S000000-E235959.V07B.nc4,GPM_3IMERGDF,07,30.41,Downloaded_and_Subsetted
2020-09-28,3B-DAY.MS.MRG.3IMERG.20200928-S000000-E235959.V07B.nc4,GPM_3IMERGDF,07,31.37,Downloaded_and_Subsetted
2020-09-29,3B-DAY.MS.MRG.3IMERG.20200929-S000000-E235959.V07B.nc4,GPM_3IMERGDF,07,32.48,Downloaded_and_Subsetted
2020-09-30,3B-DAY.MS.MRG.3IMERG.20200930-S000000-E235959.V07B.nc4,GPM_3IMERGDF,07,32.47,Downloaded_and_Subsetted
2020-10-01,3B-DAY.MS.MRG.3IMERG.20201001-S000000-E235959.V07B.nc4,GPM_3IMERGDF,07,32.56,Downloaded_and_Subsetted
2020-10-02,3B-DAY.MS.MRG.3IMERG.20201002-S000000-E235959.V07B.nc4,GPM_3IMERGDF,07,32.19,Downloaded_and_Subsetted
2020-10-03,3B-DAY.MS.MRG.3IMERG.20201003-S000000-E235959.V07B.nc4,GPM_3IMERGDF,07,31.87,Downloaded_and_Subsetted
2020-10-04,3B-DAY.MS.MRG.3IMERG.20201004-S000000-E235959.V07B.nc4,GPM_3IMERGDF,07,31.39,Downloaded_and_Subsetted
2020-10-05,3B-DAY.MS.MRG.3IMERG.20201005-S000000-E235959.V07B.nc4,GPM_3IMERGDF,07,31.14,Downloaded_and_Subsetted
2020-10-06,3B-DAY.MS.MRG.3IMERG.20201006-S000000-E235959.V07B.nc4,GPM_3IMERGDF,07,31.5,Downloaded_and_Subsetted
2020-10-07,3B-DAY.MS.MRG.3IMERG.20201007-S000000-E235959.V07B.nc4,GPM_3IMERGDF,07,30.99,Downloaded_and_Subsetted
2020-10-08,3B-DAY.MS.MRG.3IMERG.20201008-S000000-E235959.V07B.nc4,GPM_3IMERGDF,07,30.49,Downloaded_and_Subsetted
2020-10-09,3B-DAY.MS.MRG.3IMERG.20201009-S000000-E235959.V07B.nc4,GPM_3IMERGDF,07,29.93,Downloaded_and_Subsetted
2020-10-10,3B-DAY.MS.MRG.3IMERG.20201010-S000000-E235959.V07B.nc4,GPM_3IMERGDF,07,29.65,Downloaded_and_Subsetted
2020-10-11,3B-DAY.MS.MRG.3IMERG.20201011-S000000-E235959.V07B.nc4,GPM_3IMERGDF,07,28.97,Downloaded_and_Subsetted
2020-10-12,3B-DAY.MS.MRG.3IMERG.20201012-S000000-E235959.V07B.nc4,GPM_3IMERGDF,07,28.66,Downloaded_and_Subsetted
2020-10-13,3B-DAY.MS.MRG.3IMERG.20201013-S000000-E235959.V07B.nc4,GPM_3IMERGDF,07,29.04,Downloaded_and_Subsetted
2020-10-14,3B-DAY.MS.MRG.3IMERG.20201014-S000000-E235959.V07B.nc4,GPM_3IMERGDF,07,29.7,Downloaded_and_Subsetted
2020-10-15,3B-DAY.MS.MRG.3IMERG.20201015-S000000-E235959.V07B.nc4,GPM_3IMERGDF,07,30.01,Downloaded_and_Subsetted
2020-10-16,3B-DAY.MS.MRG.3IMERG.20201016-S000000-E235959.V07B.nc4,GPM_3IMERGDF,07,29.87,Downloaded_and_Subsetted
2020-10-17,3B-DAY.MS.MRG.3IMERG.20201017-S000000-E235959.V07B.nc4,GPM_3IMERGDF,07,29.31,Downloaded_and_Subsetted
2020-10-18,3B-DAY.MS.MRG.3IMERG.20201018-S000000-E235959.V07B.nc4,GPM_3IMERGDF,07,28.85,Downloaded_and_Subsetted
2020-10-19,3B-DAY.MS.MRG.3IMERG.20201019-S000000-E235959.V07B.nc4,GPM_3IMERGDF,07,28.63,Downloaded_and_Subsetted
2020-10-20,3B-DAY.MS.MRG.3IMERG.20201020-S000000-E235959.V07B.nc4,GPM_3IMERGDF,07,28.15,Downloaded_and_Subsetted
2020-10-21,3B-DAY.MS.MRG.3IMERG.20201021-S000000-E235959.V07B.nc4,GPM_3IMERGDF,07,28.07,Downloaded_and_Subsetted
2020-10-22,3B-DAY.MS.MRG.3IMERG.20201022-S000000-E235959.V07B.nc4,GPM_3IMERGDF,07,28.22,Downloaded_and_Subsetted
2020-10-23,3B-DAY.MS.MRG.3IMERG.20201023-S000000-E235959.V07B.nc4,GPM_3IMERGDF,07,28.45,Downloaded_and_Subsetted
2020-10-24,3B-DAY.MS.MRG.3IMERG.20201024-S000000-E235959.V07B.nc4,GPM_3IMERGDF,07,28.27,Downloaded_and_Subsetted
2020-10-25,3B-DAY.MS.MRG.3IMERG.20201025-S000000-E235959.V07B.nc4,GPM_3IMERGDF,07,28.81,Downloaded_and_Subsetted
2020-10-26,3B-DAY.MS.MRG.3IMERG.20201026-S000000-E235959.V07B.nc4,GPM_3IMERGDF,07,28.86,Downloaded_and_Subsetted
2020-10-27,3B-DAY.MS.MRG.3IMERG.20201027-S000000-E235959.V07B.nc4,GPM_3IMERGDF,07,29.04,Downloaded_and_Subsetted
2020-10-28,3B-DAY.MS.MRG.3IMERG.20201028-S000000-E235959.V07B.nc4,GPM_3IMERGDF,07,28.74,Downloaded_and_Subsetted
2020-10-29,3B-DAY.MS.MRG.3IMERG.20201029-S000000-E235959.V07B.nc4,GPM_3IMERGDF,07,28.89,Downloaded_and_Subsetted
2020-10-30,3B-DAY.MS.MRG.3IMERG.20201030-S000000-E235959.V07B.nc4,GPM_3IMERGDF,07,29.03,Downloaded_and_Subsetted
2020-10-31,3B-DAY.MS.MRG.3IMERG.20201031-S000000-E235959.V07B.nc4,GPM_3IMERGDF,07,28.83,Downloaded_and_Subsetted
2020-11-01,3B-DAY.MS.MRG.3IMERG.20201101-S000000-E235959.V07B.nc4,GPM_3IMERGDF,07,29.02,Downloaded_and_Subsetted
2020-11-02,3B-DAY.MS.MRG.3IMERG.20201102-S000000-E235959.V07B.nc4,GPM_3IMERGDF,07,29.37,Downloaded_and_Subsetted
2020-11-03,3B-DAY.MS.MRG.3IMERG.20201103-S000000-E235959.V07B.nc4,GPM_3IMERGDF,07,28.85,Downloaded_and_Subsetted
2020-11-04,3B-DAY.MS.MRG.3IMERG.20201104-S000000-E235959.V07B.nc4,GPM_3IMERGDF,07,29.22,Downloaded_and_Subsetted
2020-11-05,3B-DAY.MS.MRG.3IMERG.20201105-S000000-E235959.V07B.nc4,GPM_3IMERGDF,07,29.83,Downloaded_and_Subsetted
2020-11-06,3B-DAY.MS.MRG.3IMERG.20201106-S000000-E235959.V07B.nc4,GPM_3IMERGDF,07,30.18,Downloaded_and_Subsetted
2020-11-07,3B-DAY.MS.MRG.3IMERG.20201107-S000000-E235959.V07B.nc4,GPM_3IMERGDF,07,29.4,Downloaded_and_Subsetted
2020-11-08,3B-DAY.MS.MRG.3IMERG.20201108-S000000-E235959.V07B.nc4,GPM_3IMERGDF,07,29.31,Downloaded_and_Subsetted
2020-11-09,3B-DAY.MS.MRG.3IMERG.20201109-S000000-E235959.V07B.nc4,GPM_3IMERGDF,07,28.62,Downloaded_and_Subsetted
2020-11-10,3B-DAY.MS.MRG.3IMERG.20201110-S000000-E235959.V07B.nc4,GPM_3IMERGDF,07,28.42,Downloaded_and_Subsetted
2020-11-11,3B-DAY.MS.MRG.3IMERG.20201111-S000000-E235959.V07B.nc4,GPM_3IMERGDF,07,29.55,Downloaded_and_Subsetted
2020-11-12,3B-DAY.MS.MRG.3IMERG.20201112-S000000-E235959.V07B.nc4,GPM_3IMERGDF,07,28.91,Downloaded_and_Subsetted
2020-11-13,3B-DAY.MS.MRG.3IMERG.20201113-S000000-E235959.V07B.nc4,GPM_3IMERGDF,07,28.61,Downloaded_and_Subsetted
2020-11-14,3B-DAY.MS.MRG.3IMERG.20201114-S000000-E235959.V07B.nc4,GPM_3IMERGDF,07,28.23,Downloaded_and_Subsetted
2020-11-15,3B-DAY.MS.MRG.3IMERG.20201115-S000000-E235959.V07B.nc4,GPM_3IMERGDF,07,28.6,Downloaded_and_Subsetted
2020-11-16,3B-DAY.MS.MRG.3IMERG.20201116-S000000-E235959.V07B.nc4,GPM_3IMERGDF,07,28.46,Downloaded_and_Subsetted
2020-11-17,3B-DAY.MS.MRG.3IMERG.20201117-S000000-E235959.V07B.nc4,GPM_3IMERGDF,07,28.84,Downloaded_and_Subsetted
2020-11-18,3B-DAY.MS.MRG.3IMERG.20201118-S000000-E235959.V07B.nc4,GPM_3IMERGDF,07,29.15,Downloaded_and_Subsetted
2020-11-19,3B-DAY.MS.MRG.3IMERG.20201119-S000000-E235959.V07B.nc4,GPM_3IMERGDF,07,28.58,Downloaded_and_Subsetted
2020-11-20,3B-DAY.MS.MRG.3IMERG.20201120-S000000-E235959.V07B.nc4,GPM_3IMERGDF,07,28.68,Downloaded_and_Subsetted
2020-11-21,3B-DAY.MS.MRG.3IMERG.20201121-S000000-E235959.V07B.nc4,GPM_3IMERGDF,07,28.19,Downloaded_and_Subsetted
2020-11-22,3B-DAY.MS.MRG.3IMERG.20201122-S000000-E235959.V07B.nc4,GPM_3IMERGDF,07,27.92,Downloaded_and_Subsetted
2020-11-23,3B-DAY.MS.MRG.3IMERG.20201123-S000000-E235959.V07B.nc4,GPM_3IMERGDF,07,27.71,Downloaded_and_Subsetted
2020-11-24,3B-DAY.MS.MRG.3IMERG.20201124-S000000-E235959.V07B.nc4,GPM_3IMERGDF,07,28.26,Downloaded_and_Subsetted
2020-11-25,3B-DAY.MS.MRG.3IMERG.20201125-S000000-E235959.V07B.nc4,GPM_3IMERGDF,07,28.88,Downloaded_and_Subsetted
2020-11-26,3B-DAY.MS.MRG.3IMERG.20201126-S000000-E235959.V07B.nc4,GPM_3IMERGDF,07,29.25,Downloaded_and_Subsetted
2020-11-27,3B-DAY.MS.MRG.3IMERG.20201127-S000000-E235959.V07B.nc4,GPM_3IMERGDF,07,29.49,Downloaded_and_Subsetted
2020-11-28,3B-DAY.MS.MRG.3IMERG.20201128-S000000-E235959.V07B.nc4,GPM_3IMERGDF,07,29.56,Downloaded_and_Subsetted
2020-11-29,3B-DAY.MS.MRG.3IMERG.20201129-S000000-E235959.V07B.nc4,GPM_3IMERGDF,07,28.88,Downloaded_and_Subsetted
2020-11-30,3B-DAY.MS.MRG.3IMERG.20201130-S000000-E235959.V07B.nc4,GPM_3IMERGDF,07,28.09,Downloaded_and_Subsetted
2020-12-01,3B-DAY.MS.MRG.3IMERG.20201201-S000000-E235959.V07B.nc4,GPM_3IMERGDF,07,27.91,Downloaded_and_Subsetted
2020-12-02,3B-DAY.MS.MRG.3IMERG.20201202-S000000-E235959.V07B.nc4,GPM_3IMERGDF,07,28.16,Downloaded_and_Subsetted
2020-12-03,3B-DAY.MS.MRG.3IMERG.20201203-S000000-E235959.V07B.nc4,GPM_3IMERGDF,07,28.58,Downloaded_and_Subsetted
2020-12-04,3B-DAY.MS.MRG.3IMERG.20201204-S000000-E235959.V07B.nc4,GPM_3IMERGDF,07,28.53,Downloaded_and_Subsetted
2020-12-05,3B-DAY.MS.MRG.3IMERG.20201205-S000000-E235959.V07B.nc4,GPM_3IMERGDF,07,28.18,Downloaded_and_Subsetted
2020-12-06,3B-DAY.MS.MRG.3IMERG.20201206-S000000-E235959.V07B.nc4,GPM_3IMERGDF,07,27.94,Downloaded_and_Subsetted
2020-12-07,3B-DAY.MS.MRG.3IMERG.20201207-S000000-E235959.V07B.nc4,GPM_3IMERGDF,07,27.61,Downloaded_and_Subsetted
2020-12-08,3B-DAY.MS.MRG.3IMERG.20201208-S000000-E235959.V07B.nc4,GPM_3IMERGDF,07,27.46,Downloaded_and_Subsetted
2020-12-09,3B-DAY.MS.MRG.3IMERG.20201209-S000000-E235959.V07B.nc4,GPM_3IMERGDF,07,27.63,Downloaded_and_Subsetted
2020-12-10,3B-DAY.MS.MRG.3IMERG.20201210-S000000-E235959.V07B.nc4,GPM_3IMERGDF,07,27.51,Downloaded_and_Subsetted
2020-12-11,3B-DAY.MS.MRG.3IMERG.20201211-S000000-E235959.V07B.nc4,GPM_3IMERGDF,07,27.57,Downloaded_and_Subsetted
2020-12-12,3B-DAY.MS.MRG.3IMERG.20201212-S000000-E235959.V07B.nc4,GPM_3IMERGDF,07,27.24,Downloaded_and_Subsetted
2020-12-13,3B-DAY.MS.MRG.3IMERG.20201213-S000000-E235959.V07B.nc4,GPM_3IMERGDF,07,27.53,Downloaded_and_Subsetted
2020-12-14,3B-DAY.MS.MRG.3IMERG.20201214-S000000-E235959.V07B.nc4,GPM_3IMERGDF,07,27.21,Downloaded_and_Subsetted
2020-12-15,3B-DAY.MS.MRG.3IMERG.20201215-S000000-E235959.V07B.nc4,GPM_3IMERGDF,07,27.56,Downloaded_and_Subsetted
2020-12-16,3B-DAY.MS.MRG.3IMERG.20201216-S000000-E235959.V07B.nc4,GPM_3IMERGDF,07,28.06,Downloaded_and_Subsetted
2020-12-17,3B-DAY.MS.MRG.3IMERG.20201217-S000000-E235959.V07B.nc4,GPM_3IMERGDF,07,26.44,Downloaded_and_Subsetted
2020-12-18,3B-DAY.MS.MRG.3IMERG.20201218-S000000-E235959.V07B.nc4,GPM_3IMERGDF,07,26.0,Downloaded_and_Subsetted
2020-12-19,3B-DAY.MS.MRG.3IMERG.20201219-S000000-E235959.V07B.nc4,GPM_3IMERGDF,07,26.57,Downloaded_and_Subsetted
2020-12-20,3B-DAY.MS.MRG.3IMERG.20201220-S000000-E235959.V07B.nc4,GPM_3IMERGDF,07,26.29,Downloaded_and_Subsetted
2020-12-21,3B-DAY.MS.MRG.3IMERG.20201221-S000000-E235959.V07B.nc4,GPM_3IMERGDF,07,26.03,Downloaded_and_Subsetted
2020-12-22,3B-DAY.MS.MRG.3IMERG.20201222-S000000-E235959.V07B.nc4,GPM_3IMERGDF,07,25.65,Downloaded_and_Subsetted
2020-12-23,3B-DAY.MS.MRG.3IMERG.20201223-S000000-E235959.V07B.nc4,GPM_3IMERGDF,07,26.66,Downloaded_and_Subsetted
2020-12-24,3B-DAY.MS.MRG.3IMERG.20201224-S000000-E235959.V07B.nc4,GPM_3IMERGDF,07,28.02,Downloaded_and_Subsetted
2020-12-25,3B-DAY.MS.MRG.3IMERG.20201225-S000000-E235959.V07B.nc4,GPM_3IMERGDF,07,28.33,Downloaded_and_Subsetted
2020-12-26,3B-DAY.MS.MRG.3IMERG.20201226-S000000-E235959.V07B.nc4,GPM_3IMERGDF,07,27.83,Downloaded_and_Subsetted
2020-12-27,3B-DAY.MS.MRG.3IMERG.20201227-S000000-E235959.V07B.nc4,GPM_3IMERGDF,07,27.68,Downloaded_and_Subsetted
2020-12-28,3B-DAY.MS.MRG.3IMERG.20201228-S000000-E235959.V07B.nc4,GPM_3IMERGDF,07,26.91,Downloaded_and_Subsetted
2020-12-29,3B-DAY.MS.MRG.3IMERG.20201229-S000000-E235959.V07B.nc4,GPM_3IMERGDF,07,26.92,Downloaded_and_Subsetted
2020-12-30,3B-DAY.MS.MRG.3IMERG.20201230-S000000-E235959.V07B.nc4,GPM_3IMERGDF,07,27.45,Downloaded_and_Subsetted
2020-12-31,3B-DAY.MS.MRG.3IMERG.20201231-S000000-E235959.V07B.nc4,GPM_3IMERGDF,07,29.07,Downloaded_and_Subsetted
