date,cycle,file_name,file_size_mb,status
2015-01-01,00Z,gdas1.fnl.0p25.2015010100.f00.grib2,0.0,Already_Downloaded
2015-01-01,06Z,gdas1.fnl.0p25.2015010106.f00.grib2,0.0,Already_Downloaded
2015-01-01,12Z,gdas1.fnl.0p25.2015010112.f00.grib2,0.0,Already_Downloaded
2015-01-01,18Z,gdas1.fnl.0p25.2015010118.f00.grib2,0.0,Already_Downloaded
2015-01-02,00Z,gdas1.fnl.0p25.2015010200.f00.grib2,0.0,Already_Downloaded
2015-01-02,06Z,gdas1.fnl.0p25.2015010206.f00.grib2,0.0,Already_Downloaded
2015-01-02,12Z,gdas1.fnl.0p25.2015010212.f00.grib2,0.0,Already_Downloaded
2015-01-02,18Z,gdas1.fnl.0p25.2015010218.f00.grib2,0.0,Already_Downloaded
2015-01-03,00Z,gdas1.fnl.0p25.2015010300.f00.grib2,0.0,Already_Downloaded
2015-01-03,06Z,gdas1.fnl.0p25.2015010306.f00.grib2,0.0,Already_Downloaded
2015-01-03,12Z,gdas1.fnl.0p25.2015010312.f00.grib2,0.0,Already_Downloaded
2015-01-03,18Z,gdas1.fnl.0p25.2015010318.f00.grib2,0.0,Already_Downloaded
2015-01-04,00Z,gdas1.fnl.0p25.2015010400.f00.grib2,0.0,Already_Downloaded
2015-01-04,06Z,gdas1.fnl.0p25.2015010406.f00.grib2,0.0,Already_Downloaded
2015-01-04,12Z,gdas1.fnl.0p25.2015010412.f00.grib2,0.0,Already_Downloaded
2015-01-04,18Z,gdas1.fnl.0p25.2015010418.f00.grib2,0.0,Already_Downloaded
2015-01-05,00Z,gdas1.fnl.0p25.2015010500.f00.grib2,0.0,Already_Downloaded
2015-01-05,06Z,gdas1.fnl.0p25.2015010506.f00.grib2,0.0,Already_Downloaded
2015-01-05,12Z,gdas1.fnl.0p25.2015010512.f00.grib2,0.0,Already_Downloaded
2015-01-05,18Z,gdas1.fnl.0p25.2015010518.f00.grib2,0.0,Already_Downloaded
2015-01-06,00Z,gdas1.fnl.0p25.2015010600.f00.grib2,0.0,Already_Downloaded
2015-01-06,06Z,gdas1.fnl.0p25.2015010606.f00.grib2,0.0,Already_Downloaded
2015-01-06,12Z,gdas1.fnl.0p25.2015010612.f00.grib2,0.0,Already_Downloaded
2015-01-06,18Z,gdas1.fnl.0p25.2015010618.f00.grib2,0.0,Already_Downloaded
2015-01-07,00Z,gdas1.fnl.0p25.2015010700.f00.grib2,0.0,Already_Downloaded
2015-01-07,06Z,gdas1.fnl.0p25.2015010706.f00.grib2,0.0,Already_Downloaded
2015-01-07,12Z,gdas1.fnl.0p25.2015010712.f00.grib2,0.0,Already_Downloaded
2015-01-07,18Z,gdas1.fnl.0p25.2015010718.f00.grib2,0.0,Already_Downloaded
2015-01-08,00Z,gdas1.fnl.0p25.2015010800.f00.grib2,0.0,Already_Downloaded
2015-01-08,06Z,gdas1.fnl.0p25.2015010806.f00.grib2,0.0,Already_Downloaded
2015-01-08,12Z,gdas1.fnl.0p25.2015010812.f00.grib2,0.0,Already_Downloaded
2015-01-08,18Z,gdas1.fnl.0p25.2015010818.f00.grib2,0.0,Already_Downloaded
2015-01-09,00Z,gdas1.fnl.0p25.2015010900.f00.grib2,0.0,Already_Downloaded
2015-01-09,06Z,gdas1.fnl.0p25.2015010906.f00.grib2,0.0,Already_Downloaded
2015-01-09,12Z,gdas1.fnl.0p25.2015010912.f00.grib2,0.0,Already_Downloaded
2015-01-09,18Z,gdas1.fnl.0p25.2015010918.f00.grib2,0.0,Already_Downloaded
2015-01-10,00Z,gdas1.fnl.0p25.2015011000.f00.grib2,0.0,Already_Downloaded
2015-01-10,06Z,gdas1.fnl.0p25.2015011006.f00.grib2,0.0,Already_Downloaded
2015-01-10,12Z,gdas1.fnl.0p25.2015011012.f00.grib2,0.0,Already_Downloaded
2015-01-10,18Z,gdas1.fnl.0p25.2015011018.f00.grib2,0.0,Already_Downloaded
2015-01-11,00Z,gdas1.fnl.0p25.2015011100.f00.grib2,0.0,Already_Downloaded
2015-01-11,06Z,gdas1.fnl.0p25.2015011106.f00.grib2,0.0,Already_Downloaded
2015-01-11,12Z,gdas1.fnl.0p25.2015011112.f00.grib2,0.0,Already_Downloaded
2015-01-11,18Z,gdas1.fnl.0p25.2015011118.f00.grib2,0.0,Already_Downloaded
2015-01-12,00Z,gdas1.fnl.0p25.2015011200.f00.grib2,0.0,Already_Downloaded
2015-01-12,06Z,gdas1.fnl.0p25.2015011206.f00.grib2,0.0,Already_Downloaded
2015-01-12,12Z,gdas1.fnl.0p25.2015011212.f00.grib2,0.0,Already_Downloaded
2015-01-12,18Z,gdas1.fnl.0p25.2015011218.f00.grib2,0.0,Already_Downloaded
2015-01-13,00Z,gdas1.fnl.0p25.2015011300.f00.grib2,0.0,Already_Downloaded
2015-01-13,06Z,gdas1.fnl.0p25.2015011306.f00.grib2,0.0,Already_Downloaded
2015-01-13,12Z,gdas1.fnl.0p25.2015011312.f00.grib2,0.0,Already_Downloaded
2015-01-13,18Z,gdas1.fnl.0p25.2015011318.f00.grib2,0.0,Already_Downloaded
2015-01-14,00Z,gdas1.fnl.0p25.2015011400.f00.grib2,0.0,Already_Downloaded
2015-01-14,06Z,gdas1.fnl.0p25.2015011406.f00.grib2,0.0,Already_Downloaded
2015-01-14,12Z,gdas1.fnl.0p25.2015011412.f00.grib2,0.0,Already_Downloaded
2015-01-14,18Z,gdas1.fnl.0p25.2015011418.f00.grib2,0.0,Already_Downloaded
2015-01-15,00Z,gdas1.fnl.0p25.2015011500.f00.grib2,0.0,Already_Downloaded
2015-01-15,06Z,gdas1.fnl.0p25.2015011506.f00.grib2,0.0,Already_Downloaded
2015-01-15,12Z,gdas1.fnl.0p25.2015011512.f00.grib2,0.0,Already_Downloaded
2015-01-15,18Z,gdas1.fnl.0p25.2015011518.f00.grib2,0.0,Already_Downloaded
2015-01-16,00Z,gdas1.fnl.0p25.2015011600.f00.grib2,0.0,Already_Downloaded
2015-01-16,06Z,gdas1.fnl.0p25.2015011606.f00.grib2,0.0,Already_Downloaded
2015-01-16,12Z,gdas1.fnl.0p25.2015011612.f00.grib2,0.0,Already_Downloaded
2015-01-16,18Z,gdas1.fnl.0p25.2015011618.f00.grib2,0.0,Already_Downloaded
2015-01-17,00Z,gdas1.fnl.0p25.2015011700.f00.grib2,0.0,Already_Downloaded
2015-01-17,06Z,gdas1.fnl.0p25.2015011706.f00.grib2,0.0,Already_Downloaded
2015-01-17,12Z,gdas1.fnl.0p25.2015011712.f00.grib2,0.0,Already_Downloaded
2015-01-17,18Z,gdas1.fnl.0p25.2015011718.f00.grib2,0.0,Already_Downloaded
2015-01-18,00Z,gdas1.fnl.0p25.2015011800.f00.grib2,0.0,Already_Downloaded
2015-01-18,06Z,gdas1.fnl.0p25.2015011806.f00.grib2,0.0,Already_Downloaded
2015-01-18,12Z,gdas1.fnl.0p25.2015011812.f00.grib2,0.0,Already_Downloaded
2015-01-18,18Z,gdas1.fnl.0p25.2015011818.f00.grib2,0.0,Already_Downloaded
2015-01-19,00Z,gdas1.fnl.0p25.2015011900.f00.grib2,0.0,Already_Downloaded
2015-01-19,06Z,gdas1.fnl.0p25.2015011906.f00.grib2,0.0,Already_Downloaded
2015-01-19,12Z,gdas1.fnl.0p25.2015011912.f00.grib2,0.0,Already_Downloaded
2015-01-19,18Z,gdas1.fnl.0p25.2015011918.f00.grib2,0.0,Already_Downloaded
2015-01-20,00Z,gdas1.fnl.0p25.2015012000.f00.grib2,0.0,Already_Downloaded
2015-01-20,06Z,gdas1.fnl.0p25.2015012006.f00.grib2,0.0,Already_Downloaded
2015-01-20,12Z,gdas1.fnl.0p25.2015012012.f00.grib2,0.0,Already_Downloaded
2015-01-20,18Z,gdas1.fnl.0p25.2015012018.f00.grib2,0.0,Already_Downloaded
2015-01-21,00Z,gdas1.fnl.0p25.2015012100.f00.grib2,0.0,Already_Downloaded
2015-01-21,06Z,gdas1.fnl.0p25.2015012106.f00.grib2,0.0,Already_Downloaded
2015-01-21,12Z,gdas1.fnl.0p25.2015012112.f00.grib2,0.0,Already_Downloaded
2015-01-21,18Z,gdas1.fnl.0p25.2015012118.f00.grib2,0.0,Already_Downloaded
2015-01-22,00Z,gdas1.fnl.0p25.2015012200.f00.grib2,0.0,Already_Downloaded
2015-01-22,06Z,gdas1.fnl.0p25.2015012206.f00.grib2,0.0,Already_Downloaded
2015-01-22,12Z,gdas1.fnl.0p25.2015012212.f00.grib2,0.0,Already_Downloaded
2015-01-22,18Z,gdas1.fnl.0p25.2015012218.f00.grib2,0.0,Already_Downloaded
2015-01-23,00Z,gdas1.fnl.0p25.2015012300.f00.grib2,0.0,Already_Downloaded
2015-01-23,06Z,gdas1.fnl.0p25.2015012306.f00.grib2,0.0,Already_Downloaded
2015-01-23,12Z,gdas1.fnl.0p25.2015012312.f00.grib2,0.0,Already_Downloaded
2015-01-23,18Z,gdas1.fnl.0p25.2015012318.f00.grib2,0.0,Already_Downloaded
2015-01-24,00Z,gdas1.fnl.0p25.2015012400.f00.grib2,0.0,Already_Downloaded
2015-01-24,06Z,gdas1.fnl.0p25.2015012406.f00.grib2,0.0,Already_Downloaded
2015-01-24,12Z,gdas1.fnl.0p25.2015012412.f00.grib2,0.0,Already_Downloaded
2015-01-24,18Z,gdas1.fnl.0p25.2015012418.f00.grib2,0.0,Already_Downloaded
2015-01-25,00Z,gdas1.fnl.0p25.2015012500.f00.grib2,0.0,Already_Downloaded
2015-01-25,06Z,gdas1.fnl.0p25.2015012506.f00.grib2,0.0,Already_Downloaded
2015-01-25,12Z,gdas1.fnl.0p25.2015012512.f00.grib2,0.0,Already_Downloaded
2015-01-25,18Z,gdas1.fnl.0p25.2015012518.f00.grib2,0.0,Already_Downloaded
2015-01-26,00Z,gdas1.fnl.0p25.2015012600.f00.grib2,0.0,Already_Downloaded
2015-01-26,06Z,gdas1.fnl.0p25.2015012606.f00.grib2,0.0,Already_Downloaded
2015-01-26,12Z,gdas1.fnl.0p25.2015012612.f00.grib2,0.0,Already_Downloaded
2015-01-26,18Z,gdas1.fnl.0p25.2015012618.f00.grib2,0.0,Already_Downloaded
2015-01-27,00Z,gdas1.fnl.0p25.2015012700.f00.grib2,0.0,Already_Downloaded
2015-01-27,06Z,gdas1.fnl.0p25.2015012706.f00.grib2,0.0,Already_Downloaded
2015-01-27,12Z,gdas1.fnl.0p25.2015012712.f00.grib2,0.0,Already_Downloaded
2015-01-27,18Z,gdas1.fnl.0p25.2015012718.f00.grib2,0.0,Already_Downloaded
2015-01-28,00Z,gdas1.fnl.0p25.2015012800.f00.grib2,0.0,Already_Downloaded
2015-01-28,06Z,gdas1.fnl.0p25.2015012806.f00.grib2,0.0,Already_Downloaded
2015-01-28,12Z,gdas1.fnl.0p25.2015012812.f00.grib2,0.0,Already_Downloaded
2015-01-28,18Z,gdas1.fnl.0p25.2015012818.f00.grib2,0.0,Already_Downloaded
2015-01-29,00Z,gdas1.fnl.0p25.2015012900.f00.grib2,0.0,Already_Downloaded
2015-01-29,06Z,gdas1.fnl.0p25.2015012906.f00.grib2,0.0,Already_Downloaded
2015-01-29,12Z,gdas1.fnl.0p25.2015012912.f00.grib2,0.0,Already_Downloaded
2015-01-29,18Z,gdas1.fnl.0p25.2015012918.f00.grib2,0.0,Already_Downloaded
2015-01-30,00Z,gdas1.fnl.0p25.2015013000.f00.grib2,0.0,Already_Downloaded
2015-01-30,06Z,gdas1.fnl.0p25.2015013006.f00.grib2,0.0,Already_Downloaded
2015-01-30,12Z,gdas1.fnl.0p25.2015013012.f00.grib2,0.0,Already_Downloaded
2015-01-30,18Z,gdas1.fnl.0p25.2015013018.f00.grib2,0.0,Already_Downloaded
2015-01-31,00Z,gdas1.fnl.0p25.2015013100.f00.grib2,0.0,Already_Downloaded
2015-01-31,06Z,gdas1.fnl.0p25.2015013106.f00.grib2,0.0,Already_Downloaded
2015-01-31,12Z,gdas1.fnl.0p25.2015013112.f00.grib2,0.0,Already_Downloaded
2015-01-31,18Z,gdas1.fnl.0p25.2015013118.f00.grib2,0.0,Already_Downloaded
2015-02-01,00Z,gdas1.fnl.0p25.2015020100.f00.grib2,0.0,Already_Downloaded
2015-02-01,06Z,gdas1.fnl.0p25.2015020106.f00.grib2,0.0,Already_Downloaded
2015-02-01,12Z,gdas1.fnl.0p25.2015020112.f00.grib2,0.0,Already_Downloaded
2015-02-01,18Z,gdas1.fnl.0p25.2015020118.f00.grib2,0.0,Already_Downloaded
2015-02-02,00Z,gdas1.fnl.0p25.2015020200.f00.grib2,0.0,Already_Downloaded
2015-02-02,06Z,gdas1.fnl.0p25.2015020206.f00.grib2,0.0,Already_Downloaded
2015-02-02,12Z,gdas1.fnl.0p25.2015020212.f00.grib2,0.0,Already_Downloaded
2015-02-02,18Z,gdas1.fnl.0p25.2015020218.f00.grib2,0.0,Already_Downloaded
2015-02-03,00Z,gdas1.fnl.0p25.2015020300.f00.grib2,0.0,Already_Downloaded
2015-02-03,06Z,gdas1.fnl.0p25.2015020306.f00.grib2,0.0,Already_Downloaded
2015-02-03,12Z,gdas1.fnl.0p25.2015020312.f00.grib2,0.0,Already_Downloaded
2015-02-03,18Z,gdas1.fnl.0p25.2015020318.f00.grib2,0.0,Already_Downloaded
2015-02-04,00Z,gdas1.fnl.0p25.2015020400.f00.grib2,0.0,Already_Downloaded
2015-02-04,06Z,gdas1.fnl.0p25.2015020406.f00.grib2,0.0,Already_Downloaded
2015-02-04,12Z,gdas1.fnl.0p25.2015020412.f00.grib2,0.0,Already_Downloaded
2015-02-04,18Z,gdas1.fnl.0p25.2015020418.f00.grib2,0.0,Already_Downloaded
2015-02-05,00Z,gdas1.fnl.0p25.2015020500.f00.grib2,0.0,Already_Downloaded
2015-02-05,06Z,gdas1.fnl.0p25.2015020506.f00.grib2,0.0,Already_Downloaded
2015-02-05,12Z,gdas1.fnl.0p25.2015020512.f00.grib2,0.0,Already_Downloaded
2015-02-05,18Z,gdas1.fnl.0p25.2015020518.f00.grib2,0.0,Already_Downloaded
2015-02-06,00Z,gdas1.fnl.0p25.2015020600.f00.grib2,0.0,Already_Downloaded
2015-02-06,06Z,gdas1.fnl.0p25.2015020606.f00.grib2,0.0,Already_Downloaded
2015-02-06,12Z,gdas1.fnl.0p25.2015020612.f00.grib2,0.0,Already_Downloaded
2015-02-06,18Z,gdas1.fnl.0p25.2015020618.f00.grib2,0.0,Already_Downloaded
2015-02-07,00Z,gdas1.fnl.0p25.2015020700.f00.grib2,0.0,Already_Downloaded
2015-02-07,06Z,gdas1.fnl.0p25.2015020706.f00.grib2,0.0,Already_Downloaded
2015-02-07,12Z,gdas1.fnl.0p25.2015020712.f00.grib2,0.0,Already_Downloaded
2015-02-07,18Z,gdas1.fnl.0p25.2015020718.f00.grib2,0.0,Already_Downloaded
2015-02-08,00Z,gdas1.fnl.0p25.2015020800.f00.grib2,0.0,Already_Downloaded
2015-02-08,06Z,gdas1.fnl.0p25.2015020806.f00.grib2,0.0,Already_Downloaded
2015-02-08,12Z,gdas1.fnl.0p25.2015020812.f00.grib2,0.0,Already_Downloaded
2015-02-08,18Z,gdas1.fnl.0p25.2015020818.f00.grib2,0.0,Already_Downloaded
2015-02-09,00Z,gdas1.fnl.0p25.2015020900.f00.grib2,0.0,Already_Downloaded
2015-02-09,06Z,gdas1.fnl.0p25.2015020906.f00.grib2,0.0,Already_Downloaded
2015-02-09,12Z,gdas1.fnl.0p25.2015020912.f00.grib2,0.0,Already_Downloaded
2015-02-09,18Z,gdas1.fnl.0p25.2015020918.f00.grib2,0.0,Already_Downloaded
2015-02-10,00Z,gdas1.fnl.0p25.2015021000.f00.grib2,0.0,Already_Downloaded
2015-02-10,06Z,gdas1.fnl.0p25.2015021006.f00.grib2,0.0,Already_Downloaded
2015-02-10,12Z,gdas1.fnl.0p25.2015021012.f00.grib2,0.0,Already_Downloaded
2015-02-10,18Z,gdas1.fnl.0p25.2015021018.f00.grib2,0.0,Already_Downloaded
2015-02-11,00Z,gdas1.fnl.0p25.2015021100.f00.grib2,0.0,Already_Downloaded
2015-02-11,06Z,gdas1.fnl.0p25.2015021106.f00.grib2,0.0,Already_Downloaded
2015-02-11,12Z,gdas1.fnl.0p25.2015021112.f00.grib2,0.0,Already_Downloaded
2015-02-11,18Z,gdas1.fnl.0p25.2015021118.f00.grib2,0.0,Already_Downloaded
2015-02-12,00Z,gdas1.fnl.0p25.2015021200.f00.grib2,0.0,Already_Downloaded
2015-02-12,06Z,gdas1.fnl.0p25.2015021206.f00.grib2,0.0,Already_Downloaded
2015-02-12,12Z,gdas1.fnl.0p25.2015021212.f00.grib2,0.0,Already_Downloaded
2015-02-12,18Z,gdas1.fnl.0p25.2015021218.f00.grib2,0.0,Already_Downloaded
2015-02-13,00Z,gdas1.fnl.0p25.2015021300.f00.grib2,0.0,Already_Downloaded
2015-02-13,06Z,gdas1.fnl.0p25.2015021306.f00.grib2,0.0,Already_Downloaded
2015-02-13,12Z,gdas1.fnl.0p25.2015021312.f00.grib2,0.0,Already_Downloaded
2015-02-13,18Z,gdas1.fnl.0p25.2015021318.f00.grib2,0.0,Already_Downloaded
2015-02-14,00Z,gdas1.fnl.0p25.2015021400.f00.grib2,0.0,Already_Downloaded
2015-02-14,06Z,gdas1.fnl.0p25.2015021406.f00.grib2,0.0,Already_Downloaded
2015-02-14,12Z,gdas1.fnl.0p25.2015021412.f00.grib2,0.0,Already_Downloaded
2015-02-14,18Z,gdas1.fnl.0p25.2015021418.f00.grib2,0.0,Already_Downloaded
2015-02-15,00Z,gdas1.fnl.0p25.2015021500.f00.grib2,0.0,Already_Downloaded
2015-02-15,06Z,gdas1.fnl.0p25.2015021506.f00.grib2,0.0,Already_Downloaded
2015-02-15,12Z,gdas1.fnl.0p25.2015021512.f00.grib2,0.0,Already_Downloaded
2015-02-15,18Z,gdas1.fnl.0p25.2015021518.f00.grib2,0.0,Already_Downloaded
2015-02-16,00Z,gdas1.fnl.0p25.2015021600.f00.grib2,0.0,Already_Downloaded
2015-02-16,06Z,gdas1.fnl.0p25.2015021606.f00.grib2,0.0,Already_Downloaded
2015-02-16,12Z,gdas1.fnl.0p25.2015021612.f00.grib2,0.0,Already_Downloaded
2015-02-16,18Z,gdas1.fnl.0p25.2015021618.f00.grib2,0.0,Already_Downloaded
2015-02-17,00Z,gdas1.fnl.0p25.2015021700.f00.grib2,0.0,Already_Downloaded
2015-02-17,06Z,gdas1.fnl.0p25.2015021706.f00.grib2,0.0,Already_Downloaded
2015-02-17,12Z,gdas1.fnl.0p25.2015021712.f00.grib2,0.0,Already_Downloaded
2015-02-17,18Z,gdas1.fnl.0p25.2015021718.f00.grib2,0.0,Already_Downloaded
2015-02-18,00Z,gdas1.fnl.0p25.2015021800.f00.grib2,0.0,Already_Downloaded
2015-02-18,06Z,gdas1.fnl.0p25.2015021806.f00.grib2,0.0,Already_Downloaded
2015-02-18,12Z,gdas1.fnl.0p25.2015021812.f00.grib2,0.0,Already_Downloaded
2015-02-18,18Z,gdas1.fnl.0p25.2015021818.f00.grib2,0.0,Already_Downloaded
2015-02-19,00Z,gdas1.fnl.0p25.2015021900.f00.grib2,0.0,Already_Downloaded
2015-02-19,06Z,gdas1.fnl.0p25.2015021906.f00.grib2,0.0,Already_Downloaded
2015-02-19,12Z,gdas1.fnl.0p25.2015021912.f00.grib2,0.0,Already_Downloaded
2015-02-19,18Z,gdas1.fnl.0p25.2015021918.f00.grib2,0.0,Already_Downloaded
2015-02-20,00Z,gdas1.fnl.0p25.2015022000.f00.grib2,0.0,Already_Downloaded
2015-02-20,06Z,gdas1.fnl.0p25.2015022006.f00.grib2,0.0,Already_Downloaded
2015-02-20,12Z,gdas1.fnl.0p25.2015022012.f00.grib2,0.0,Already_Downloaded
2015-02-20,18Z,gdas1.fnl.0p25.2015022018.f00.grib2,0.0,Already_Downloaded
2015-02-21,00Z,gdas1.fnl.0p25.2015022100.f00.grib2,0.0,Already_Downloaded
2015-02-21,06Z,gdas1.fnl.0p25.2015022106.f00.grib2,0.0,Already_Downloaded
2015-02-21,12Z,gdas1.fnl.0p25.2015022112.f00.grib2,0.0,Already_Downloaded
2015-02-21,18Z,gdas1.fnl.0p25.2015022118.f00.grib2,0.0,Already_Downloaded
2015-02-22,00Z,gdas1.fnl.0p25.2015022200.f00.grib2,0.0,Already_Downloaded
2015-02-22,06Z,gdas1.fnl.0p25.2015022206.f00.grib2,0.0,Already_Downloaded
2015-02-22,12Z,gdas1.fnl.0p25.2015022212.f00.grib2,0.0,Already_Downloaded
2015-02-22,18Z,gdas1.fnl.0p25.2015022218.f00.grib2,0.0,Already_Downloaded
2015-02-23,00Z,gdas1.fnl.0p25.2015022300.f00.grib2,0.0,Already_Downloaded
2015-02-23,06Z,gdas1.fnl.0p25.2015022306.f00.grib2,0.0,Already_Downloaded
2015-02-23,12Z,gdas1.fnl.0p25.2015022312.f00.grib2,0.0,Already_Downloaded
2015-02-23,18Z,gdas1.fnl.0p25.2015022318.f00.grib2,0.0,Already_Downloaded
2015-02-24,00Z,gdas1.fnl.0p25.2015022400.f00.grib2,0.0,Already_Downloaded
2015-02-24,06Z,gdas1.fnl.0p25.2015022406.f00.grib2,0.0,Already_Downloaded
2015-02-24,12Z,gdas1.fnl.0p25.2015022412.f00.grib2,0.0,Already_Downloaded
2015-02-24,18Z,gdas1.fnl.0p25.2015022418.f00.grib2,0.0,Already_Downloaded
2015-02-25,00Z,gdas1.fnl.0p25.2015022500.f00.grib2,0.0,Already_Downloaded
2015-02-25,06Z,gdas1.fnl.0p25.2015022506.f00.grib2,0.0,Already_Downloaded
2015-02-25,12Z,gdas1.fnl.0p25.2015022512.f00.grib2,0.0,Already_Downloaded
2015-02-25,18Z,gdas1.fnl.0p25.2015022518.f00.grib2,0.0,Already_Downloaded
2015-02-26,00Z,gdas1.fnl.0p25.2015022600.f00.grib2,0.0,Already_Downloaded
2015-02-26,06Z,gdas1.fnl.0p25.2015022606.f00.grib2,0.0,Already_Downloaded
2015-02-26,12Z,gdas1.fnl.0p25.2015022612.f00.grib2,0.0,Already_Downloaded
2015-02-26,18Z,gdas1.fnl.0p25.2015022618.f00.grib2,0.0,Already_Downloaded
2015-02-27,00Z,gdas1.fnl.0p25.2015022700.f00.grib2,0.0,Already_Downloaded
2015-02-27,06Z,gdas1.fnl.0p25.2015022706.f00.grib2,0.0,Already_Downloaded
2015-02-27,12Z,gdas1.fnl.0p25.2015022712.f00.grib2,0.0,Already_Downloaded
2015-02-27,18Z,gdas1.fnl.0p25.2015022718.f00.grib2,0.0,Already_Downloaded
2015-02-28,00Z,gdas1.fnl.0p25.2015022800.f00.grib2,0.0,Already_Downloaded
2015-02-28,06Z,gdas1.fnl.0p25.2015022806.f00.grib2,0.0,Already_Downloaded
2015-02-28,12Z,gdas1.fnl.0p25.2015022812.f00.grib2,0.0,Already_Downloaded
2015-02-28,18Z,gdas1.fnl.0p25.2015022818.f00.grib2,0.0,Already_Downloaded
2015-03-01,00Z,gdas1.fnl.0p25.2015030100.f00.grib2,0.0,Already_Downloaded
2015-03-01,06Z,gdas1.fnl.0p25.2015030106.f00.grib2,0.0,Already_Downloaded
2015-03-01,12Z,gdas1.fnl.0p25.2015030112.f00.grib2,0.0,Already_Downloaded
2015-03-01,18Z,gdas1.fnl.0p25.2015030118.f00.grib2,0.0,Already_Downloaded
2015-03-02,00Z,gdas1.fnl.0p25.2015030200.f00.grib2,0.0,Already_Downloaded
2015-03-02,06Z,gdas1.fnl.0p25.2015030206.f00.grib2,0.0,Already_Downloaded
2015-03-02,12Z,gdas1.fnl.0p25.2015030212.f00.grib2,0.0,Already_Downloaded
2015-03-02,18Z,gdas1.fnl.0p25.2015030218.f00.grib2,0.0,Already_Downloaded
2015-03-03,00Z,gdas1.fnl.0p25.2015030300.f00.grib2,0.0,Already_Downloaded
2015-03-03,06Z,gdas1.fnl.0p25.2015030306.f00.grib2,0.0,Already_Downloaded
2015-03-03,12Z,gdas1.fnl.0p25.2015030312.f00.grib2,0.0,Already_Downloaded
2015-03-03,18Z,gdas1.fnl.0p25.2015030318.f00.grib2,0.0,Already_Downloaded
2015-03-04,00Z,gdas1.fnl.0p25.2015030400.f00.grib2,0.0,Already_Downloaded
2015-03-04,06Z,gdas1.fnl.0p25.2015030406.f00.grib2,0.0,Already_Downloaded
2015-03-04,12Z,gdas1.fnl.0p25.2015030412.f00.grib2,0.0,Already_Downloaded
2015-03-04,18Z,gdas1.fnl.0p25.2015030418.f00.grib2,0.0,Already_Downloaded
2015-03-05,00Z,gdas1.fnl.0p25.2015030500.f00.grib2,0.0,Already_Downloaded
2015-03-05,06Z,gdas1.fnl.0p25.2015030506.f00.grib2,0.0,Already_Downloaded
2015-03-05,12Z,gdas1.fnl.0p25.2015030512.f00.grib2,0.0,Already_Downloaded
2015-03-05,18Z,gdas1.fnl.0p25.2015030518.f00.grib2,0.0,Already_Downloaded
2015-03-06,00Z,gdas1.fnl.0p25.2015030600.f00.grib2,0.0,Already_Downloaded
2015-03-06,06Z,gdas1.fnl.0p25.2015030606.f00.grib2,0.0,Already_Downloaded
2015-03-06,12Z,gdas1.fnl.0p25.2015030612.f00.grib2,0.0,Already_Downloaded
2015-03-06,18Z,gdas1.fnl.0p25.2015030618.f00.grib2,0.0,Already_Downloaded
2015-03-07,00Z,gdas1.fnl.0p25.2015030700.f00.grib2,0.0,Already_Downloaded
2015-03-07,06Z,gdas1.fnl.0p25.2015030706.f00.grib2,0.0,Already_Downloaded
2015-03-07,12Z,gdas1.fnl.0p25.2015030712.f00.grib2,0.0,Already_Downloaded
2015-03-07,18Z,gdas1.fnl.0p25.2015030718.f00.grib2,0.0,Already_Downloaded
2015-03-08,00Z,gdas1.fnl.0p25.2015030800.f00.grib2,0.0,Already_Downloaded
2015-03-08,06Z,gdas1.fnl.0p25.2015030806.f00.grib2,0.0,Already_Downloaded
2015-03-08,12Z,gdas1.fnl.0p25.2015030812.f00.grib2,0.0,Already_Downloaded
2015-03-08,18Z,gdas1.fnl.0p25.2015030818.f00.grib2,0.0,Already_Downloaded
2015-03-09,00Z,gdas1.fnl.0p25.2015030900.f00.grib2,0.0,Already_Downloaded
2015-03-09,06Z,gdas1.fnl.0p25.2015030906.f00.grib2,0.0,Already_Downloaded
2015-03-09,12Z,gdas1.fnl.0p25.2015030912.f00.grib2,0.0,Already_Downloaded
2015-03-09,18Z,gdas1.fnl.0p25.2015030918.f00.grib2,0.0,Already_Downloaded
2015-03-10,00Z,gdas1.fnl.0p25.2015031000.f00.grib2,0.0,Already_Downloaded
2015-03-10,06Z,gdas1.fnl.0p25.2015031006.f00.grib2,0.0,Already_Downloaded
2015-03-10,12Z,gdas1.fnl.0p25.2015031012.f00.grib2,0.0,Already_Downloaded
2015-03-10,18Z,gdas1.fnl.0p25.2015031018.f00.grib2,0.0,Already_Downloaded
2015-03-11,00Z,gdas1.fnl.0p25.2015031100.f00.grib2,0.0,Already_Downloaded
2015-03-11,06Z,gdas1.fnl.0p25.2015031106.f00.grib2,0.0,Already_Downloaded
2015-03-11,12Z,gdas1.fnl.0p25.2015031112.f00.grib2,0.0,Already_Downloaded
2015-03-11,18Z,gdas1.fnl.0p25.2015031118.f00.grib2,0.0,Already_Downloaded
2015-03-12,00Z,gdas1.fnl.0p25.2015031200.f00.grib2,0.0,Already_Downloaded
2015-03-12,06Z,gdas1.fnl.0p25.2015031206.f00.grib2,0.0,Already_Downloaded
2015-03-12,12Z,gdas1.fnl.0p25.2015031212.f00.grib2,0.0,Already_Downloaded
2015-03-12,18Z,gdas1.fnl.0p25.2015031218.f00.grib2,0.0,Already_Downloaded
2015-03-13,00Z,gdas1.fnl.0p25.2015031300.f00.grib2,0.0,Already_Downloaded
2015-03-13,06Z,gdas1.fnl.0p25.2015031306.f00.grib2,0.0,Already_Downloaded
2015-03-13,12Z,gdas1.fnl.0p25.2015031312.f00.grib2,0.0,Already_Downloaded
2015-03-13,18Z,gdas1.fnl.0p25.2015031318.f00.grib2,0.0,Already_Downloaded
2015-03-14,00Z,gdas1.fnl.0p25.2015031400.f00.grib2,0.0,Already_Downloaded
2015-03-14,06Z,gdas1.fnl.0p25.2015031406.f00.grib2,0.0,Already_Downloaded
2015-03-14,12Z,gdas1.fnl.0p25.2015031412.f00.grib2,0.0,Already_Downloaded
2015-03-14,18Z,gdas1.fnl.0p25.2015031418.f00.grib2,0.0,Already_Downloaded
2015-03-15,00Z,gdas1.fnl.0p25.2015031500.f00.grib2,0.0,Already_Downloaded
2015-03-15,06Z,gdas1.fnl.0p25.2015031506.f00.grib2,0.0,Already_Downloaded
2015-03-15,12Z,gdas1.fnl.0p25.2015031512.f00.grib2,0.0,Already_Downloaded
2015-03-15,18Z,gdas1.fnl.0p25.2015031518.f00.grib2,0.0,Already_Downloaded
2015-03-16,00Z,gdas1.fnl.0p25.2015031600.f00.grib2,0.0,Already_Downloaded
2015-03-16,06Z,gdas1.fnl.0p25.2015031606.f00.grib2,0.0,Already_Downloaded
2015-03-16,12Z,gdas1.fnl.0p25.2015031612.f00.grib2,0.0,Already_Downloaded
2015-03-16,18Z,gdas1.fnl.0p25.2015031618.f00.grib2,0.0,Already_Downloaded
2015-03-17,00Z,gdas1.fnl.0p25.2015031700.f00.grib2,0.0,Already_Downloaded
2015-03-17,06Z,gdas1.fnl.0p25.2015031706.f00.grib2,0.0,Already_Downloaded
2015-03-17,12Z,gdas1.fnl.0p25.2015031712.f00.grib2,0.0,Already_Downloaded
2015-03-17,18Z,gdas1.fnl.0p25.2015031718.f00.grib2,0.0,Already_Downloaded
2015-03-18,00Z,gdas1.fnl.0p25.2015031800.f00.grib2,0.0,Already_Downloaded
2015-03-18,06Z,gdas1.fnl.0p25.2015031806.f00.grib2,0.0,Already_Downloaded
2015-03-18,12Z,gdas1.fnl.0p25.2015031812.f00.grib2,0.0,Already_Downloaded
2015-03-18,18Z,gdas1.fnl.0p25.2015031818.f00.grib2,0.0,Already_Downloaded
2015-03-19,00Z,gdas1.fnl.0p25.2015031900.f00.grib2,0.0,Already_Downloaded
2015-03-19,06Z,gdas1.fnl.0p25.2015031906.f00.grib2,0.0,Already_Downloaded
2015-03-19,12Z,gdas1.fnl.0p25.2015031912.f00.grib2,0.0,Already_Downloaded
2015-03-19,18Z,gdas1.fnl.0p25.2015031918.f00.grib2,0.0,Already_Downloaded
2015-03-20,00Z,gdas1.fnl.0p25.2015032000.f00.grib2,0.0,Already_Downloaded
2015-03-20,06Z,gdas1.fnl.0p25.2015032006.f00.grib2,0.0,Already_Downloaded
2015-03-20,12Z,gdas1.fnl.0p25.2015032012.f00.grib2,0.0,Already_Downloaded
2015-03-20,18Z,gdas1.fnl.0p25.2015032018.f00.grib2,0.0,Already_Downloaded
2015-03-21,00Z,gdas1.fnl.0p25.2015032100.f00.grib2,0.0,Already_Downloaded
2015-03-21,06Z,gdas1.fnl.0p25.2015032106.f00.grib2,0.0,Already_Downloaded
2015-03-21,12Z,gdas1.fnl.0p25.2015032112.f00.grib2,0.0,Already_Downloaded
2015-03-21,18Z,gdas1.fnl.0p25.2015032118.f00.grib2,0.0,Already_Downloaded
2015-03-22,00Z,gdas1.fnl.0p25.2015032200.f00.grib2,0.0,Already_Downloaded
2015-03-22,06Z,gdas1.fnl.0p25.2015032206.f00.grib2,0.0,Already_Downloaded
2015-03-22,12Z,gdas1.fnl.0p25.2015032212.f00.grib2,0.0,Already_Downloaded
2015-03-22,18Z,gdas1.fnl.0p25.2015032218.f00.grib2,0.0,Already_Downloaded
2015-03-23,00Z,gdas1.fnl.0p25.2015032300.f00.grib2,0.0,Already_Downloaded
2015-03-23,06Z,gdas1.fnl.0p25.2015032306.f00.grib2,0.0,Already_Downloaded
2015-03-23,12Z,gdas1.fnl.0p25.2015032312.f00.grib2,0.0,Already_Downloaded
2015-03-23,18Z,gdas1.fnl.0p25.2015032318.f00.grib2,0.0,Already_Downloaded
2015-03-24,00Z,gdas1.fnl.0p25.2015032400.f00.grib2,0.0,Already_Downloaded
2015-03-24,06Z,gdas1.fnl.0p25.2015032406.f00.grib2,0.0,Already_Downloaded
2015-03-24,12Z,gdas1.fnl.0p25.2015032412.f00.grib2,0.0,Already_Downloaded
2015-03-24,18Z,gdas1.fnl.0p25.2015032418.f00.grib2,0.0,Already_Downloaded
2015-03-25,00Z,gdas1.fnl.0p25.2015032500.f00.grib2,0.0,Already_Downloaded
2015-03-25,06Z,gdas1.fnl.0p25.2015032506.f00.grib2,0.0,Already_Downloaded
2015-03-25,12Z,gdas1.fnl.0p25.2015032512.f00.grib2,0.0,Already_Downloaded
2015-03-25,18Z,gdas1.fnl.0p25.2015032518.f00.grib2,0.0,Already_Downloaded
2015-03-26,00Z,gdas1.fnl.0p25.2015032600.f00.grib2,0.0,Already_Downloaded
2015-03-26,06Z,gdas1.fnl.0p25.2015032606.f00.grib2,0.0,Already_Downloaded
2015-03-26,12Z,gdas1.fnl.0p25.2015032612.f00.grib2,0.0,Already_Downloaded
2015-03-26,18Z,gdas1.fnl.0p25.2015032618.f00.grib2,0.0,Already_Downloaded
2015-03-27,00Z,gdas1.fnl.0p25.2015032700.f00.grib2,0.0,Already_Downloaded
2015-03-27,06Z,gdas1.fnl.0p25.2015032706.f00.grib2,0.0,Already_Downloaded
2015-03-27,12Z,gdas1.fnl.0p25.2015032712.f00.grib2,0.0,Already_Downloaded
2015-03-27,18Z,gdas1.fnl.0p25.2015032718.f00.grib2,0.0,Already_Downloaded
2015-03-28,00Z,gdas1.fnl.0p25.2015032800.f00.grib2,0.0,Already_Downloaded
2015-03-28,06Z,gdas1.fnl.0p25.2015032806.f00.grib2,0.0,Already_Downloaded
2015-03-28,12Z,gdas1.fnl.0p25.2015032812.f00.grib2,0.0,Already_Downloaded
2015-03-28,18Z,gdas1.fnl.0p25.2015032818.f00.grib2,0.0,Already_Downloaded
2015-03-29,00Z,gdas1.fnl.0p25.2015032900.f00.grib2,0.0,Already_Downloaded
2015-03-29,06Z,gdas1.fnl.0p25.2015032906.f00.grib2,0.0,Already_Downloaded
2015-03-29,12Z,gdas1.fnl.0p25.2015032912.f00.grib2,0.0,Already_Downloaded
2015-03-29,18Z,gdas1.fnl.0p25.2015032918.f00.grib2,0.0,Already_Downloaded
2015-03-30,00Z,gdas1.fnl.0p25.2015033000.f00.grib2,0.0,Already_Downloaded
2015-03-30,06Z,gdas1.fnl.0p25.2015033006.f00.grib2,0.0,Already_Downloaded
2015-03-30,12Z,gdas1.fnl.0p25.2015033012.f00.grib2,0.0,Already_Downloaded
2015-03-30,18Z,gdas1.fnl.0p25.2015033018.f00.grib2,0.0,Already_Downloaded
2015-03-31,00Z,gdas1.fnl.0p25.2015033100.f00.grib2,0.0,Already_Downloaded
2015-03-31,06Z,gdas1.fnl.0p25.2015033106.f00.grib2,0.0,Already_Downloaded
2015-03-31,12Z,gdas1.fnl.0p25.2015033112.f00.grib2,0.0,Already_Downloaded
2015-03-31,18Z,gdas1.fnl.0p25.2015033118.f00.grib2,0.0,Already_Downloaded
2015-04-01,00Z,gdas1.fnl.0p25.2015040100.f00.grib2,0.0,Already_Downloaded
2015-04-01,06Z,gdas1.fnl.0p25.2015040106.f00.grib2,0.0,Already_Downloaded
2015-04-01,12Z,gdas1.fnl.0p25.2015040112.f00.grib2,0.0,Already_Downloaded
2015-04-01,18Z,gdas1.fnl.0p25.2015040118.f00.grib2,0.0,Already_Downloaded
2015-04-02,00Z,gdas1.fnl.0p25.2015040200.f00.grib2,0.0,Already_Downloaded
2015-04-02,06Z,gdas1.fnl.0p25.2015040206.f00.grib2,0.0,Already_Downloaded
2015-04-02,12Z,gdas1.fnl.0p25.2015040212.f00.grib2,0.0,Already_Downloaded
2015-04-02,18Z,gdas1.fnl.0p25.2015040218.f00.grib2,0.0,Already_Downloaded
2015-04-03,00Z,gdas1.fnl.0p25.2015040300.f00.grib2,0.0,Already_Downloaded
2015-04-03,06Z,gdas1.fnl.0p25.2015040306.f00.grib2,0.0,Already_Downloaded
2015-04-03,12Z,gdas1.fnl.0p25.2015040312.f00.grib2,0.0,Already_Downloaded
2015-04-03,18Z,gdas1.fnl.0p25.2015040318.f00.grib2,0.0,Already_Downloaded
2015-04-04,00Z,gdas1.fnl.0p25.2015040400.f00.grib2,0.0,Already_Downloaded
2015-04-04,06Z,gdas1.fnl.0p25.2015040406.f00.grib2,0.0,Already_Downloaded
2015-04-04,12Z,gdas1.fnl.0p25.2015040412.f00.grib2,0.0,Already_Downloaded
2015-04-04,18Z,gdas1.fnl.0p25.2015040418.f00.grib2,0.0,Already_Downloaded
2015-04-05,00Z,gdas1.fnl.0p25.2015040500.f00.grib2,0.0,Already_Downloaded
2015-04-05,06Z,gdas1.fnl.0p25.2015040506.f00.grib2,0.0,Already_Downloaded
2015-04-05,12Z,gdas1.fnl.0p25.2015040512.f00.grib2,0.0,Already_Downloaded
2015-04-05,18Z,gdas1.fnl.0p25.2015040518.f00.grib2,0.0,Already_Downloaded
2015-04-06,00Z,gdas1.fnl.0p25.2015040600.f00.grib2,0.0,Already_Downloaded
2015-04-06,06Z,gdas1.fnl.0p25.2015040606.f00.grib2,0.0,Already_Downloaded
2015-04-06,12Z,gdas1.fnl.0p25.2015040612.f00.grib2,0.0,Already_Downloaded
2015-04-06,18Z,gdas1.fnl.0p25.2015040618.f00.grib2,0.0,Already_Downloaded
2015-04-07,00Z,gdas1.fnl.0p25.2015040700.f00.grib2,0.0,Already_Downloaded
2015-04-07,06Z,gdas1.fnl.0p25.2015040706.f00.grib2,0.0,Already_Downloaded
2015-04-07,12Z,gdas1.fnl.0p25.2015040712.f00.grib2,0.0,Already_Downloaded
2015-04-07,18Z,gdas1.fnl.0p25.2015040718.f00.grib2,0.0,Already_Downloaded
2015-04-08,00Z,gdas1.fnl.0p25.2015040800.f00.grib2,0.0,Already_Downloaded
2015-04-08,06Z,gdas1.fnl.0p25.2015040806.f00.grib2,0.0,Already_Downloaded
2015-04-08,12Z,gdas1.fnl.0p25.2015040812.f00.grib2,0.0,Already_Downloaded
2015-04-08,18Z,gdas1.fnl.0p25.2015040818.f00.grib2,0.0,Already_Downloaded
2015-04-09,00Z,gdas1.fnl.0p25.2015040900.f00.grib2,0.0,Already_Downloaded
2015-04-09,06Z,gdas1.fnl.0p25.2015040906.f00.grib2,0.0,Already_Downloaded
2015-04-09,12Z,gdas1.fnl.0p25.2015040912.f00.grib2,0.0,Already_Downloaded
2015-04-09,18Z,gdas1.fnl.0p25.2015040918.f00.grib2,0.0,Already_Downloaded
2015-04-10,00Z,gdas1.fnl.0p25.2015041000.f00.grib2,0.0,Already_Downloaded
2015-04-10,06Z,gdas1.fnl.0p25.2015041006.f00.grib2,0.0,Already_Downloaded
2015-04-10,12Z,gdas1.fnl.0p25.2015041012.f00.grib2,0.0,Already_Downloaded
2015-04-10,18Z,gdas1.fnl.0p25.2015041018.f00.grib2,0.0,Already_Downloaded
2015-04-11,00Z,gdas1.fnl.0p25.2015041100.f00.grib2,0.0,Already_Downloaded
2015-04-11,06Z,gdas1.fnl.0p25.2015041106.f00.grib2,0.0,Already_Downloaded
2015-04-11,12Z,gdas1.fnl.0p25.2015041112.f00.grib2,0.0,Already_Downloaded
2015-04-11,18Z,gdas1.fnl.0p25.2015041118.f00.grib2,0.0,Already_Downloaded
2015-04-12,00Z,gdas1.fnl.0p25.2015041200.f00.grib2,0.0,Already_Downloaded
2015-04-12,06Z,gdas1.fnl.0p25.2015041206.f00.grib2,0.0,Already_Downloaded
2015-04-12,12Z,gdas1.fnl.0p25.2015041212.f00.grib2,0.0,Already_Downloaded
2015-04-12,18Z,gdas1.fnl.0p25.2015041218.f00.grib2,0.0,Already_Downloaded
2015-04-13,00Z,gdas1.fnl.0p25.2015041300.f00.grib2,0.0,Already_Downloaded
2015-04-13,06Z,gdas1.fnl.0p25.2015041306.f00.grib2,0.0,Already_Downloaded
2015-04-13,12Z,gdas1.fnl.0p25.2015041312.f00.grib2,0.0,Already_Downloaded
2015-04-13,18Z,gdas1.fnl.0p25.2015041318.f00.grib2,0.0,Already_Downloaded
2015-04-14,00Z,gdas1.fnl.0p25.2015041400.f00.grib2,0.0,Already_Downloaded
2015-04-14,06Z,gdas1.fnl.0p25.2015041406.f00.grib2,0.0,Already_Downloaded
2015-04-14,12Z,gdas1.fnl.0p25.2015041412.f00.grib2,0.0,Already_Downloaded
2015-04-14,18Z,gdas1.fnl.0p25.2015041418.f00.grib2,0.0,Already_Downloaded
2015-04-15,00Z,gdas1.fnl.0p25.2015041500.f00.grib2,0.0,Already_Downloaded
2015-04-15,06Z,gdas1.fnl.0p25.2015041506.f00.grib2,0.0,Already_Downloaded
2015-04-15,12Z,gdas1.fnl.0p25.2015041512.f00.grib2,0.0,Already_Downloaded
2015-04-15,18Z,gdas1.fnl.0p25.2015041518.f00.grib2,0.0,Already_Downloaded
2015-04-16,00Z,gdas1.fnl.0p25.2015041600.f00.grib2,0.0,Already_Downloaded
2015-04-16,06Z,gdas1.fnl.0p25.2015041606.f00.grib2,0.0,Already_Downloaded
2015-04-16,12Z,gdas1.fnl.0p25.2015041612.f00.grib2,0.0,Already_Downloaded
2015-04-16,18Z,gdas1.fnl.0p25.2015041618.f00.grib2,0.0,Already_Downloaded
2015-04-17,00Z,gdas1.fnl.0p25.2015041700.f00.grib2,0.0,Already_Downloaded
2015-04-17,06Z,gdas1.fnl.0p25.2015041706.f00.grib2,0.0,Already_Downloaded
2015-04-17,12Z,gdas1.fnl.0p25.2015041712.f00.grib2,0.0,Already_Downloaded
2015-04-17,18Z,gdas1.fnl.0p25.2015041718.f00.grib2,0.0,Already_Downloaded
2015-04-18,00Z,gdas1.fnl.0p25.2015041800.f00.grib2,0.0,Already_Downloaded
2015-04-18,06Z,gdas1.fnl.0p25.2015041806.f00.grib2,0.0,Already_Downloaded
2015-04-18,12Z,gdas1.fnl.0p25.2015041812.f00.grib2,0.0,Already_Downloaded
2015-04-18,18Z,gdas1.fnl.0p25.2015041818.f00.grib2,0.0,Already_Downloaded
2015-04-19,00Z,gdas1.fnl.0p25.2015041900.f00.grib2,0.0,Already_Downloaded
2015-04-19,06Z,gdas1.fnl.0p25.2015041906.f00.grib2,0.0,Already_Downloaded
2015-04-19,12Z,gdas1.fnl.0p25.2015041912.f00.grib2,0.0,Already_Downloaded
2015-04-19,18Z,gdas1.fnl.0p25.2015041918.f00.grib2,0.0,Already_Downloaded
2015-04-20,00Z,gdas1.fnl.0p25.2015042000.f00.grib2,0.0,Already_Downloaded
2015-04-20,06Z,gdas1.fnl.0p25.2015042006.f00.grib2,0.0,Already_Downloaded
2015-04-20,12Z,gdas1.fnl.0p25.2015042012.f00.grib2,0.0,Already_Downloaded
2015-04-20,18Z,gdas1.fnl.0p25.2015042018.f00.grib2,0.0,Already_Downloaded
2015-04-21,00Z,gdas1.fnl.0p25.2015042100.f00.grib2,0.0,Already_Downloaded
2015-04-21,06Z,gdas1.fnl.0p25.2015042106.f00.grib2,0.0,Already_Downloaded
2015-04-21,12Z,gdas1.fnl.0p25.2015042112.f00.grib2,0.0,Already_Downloaded
2015-04-21,18Z,gdas1.fnl.0p25.2015042118.f00.grib2,0.0,Already_Downloaded
2015-04-22,00Z,gdas1.fnl.0p25.2015042200.f00.grib2,0.0,Already_Downloaded
2015-04-22,06Z,gdas1.fnl.0p25.2015042206.f00.grib2,0.0,Already_Downloaded
2015-04-22,12Z,gdas1.fnl.0p25.2015042212.f00.grib2,0.0,Already_Downloaded
2015-04-22,18Z,gdas1.fnl.0p25.2015042218.f00.grib2,0.0,Already_Downloaded
2015-04-23,00Z,gdas1.fnl.0p25.2015042300.f00.grib2,0.0,Already_Downloaded
2015-04-23,06Z,gdas1.fnl.0p25.2015042306.f00.grib2,0.0,Already_Downloaded
2015-04-23,12Z,gdas1.fnl.0p25.2015042312.f00.grib2,0.0,Already_Downloaded
2015-04-23,18Z,gdas1.fnl.0p25.2015042318.f00.grib2,0.0,Already_Downloaded
2015-04-24,00Z,gdas1.fnl.0p25.2015042400.f00.grib2,0.0,Already_Downloaded
2015-04-24,06Z,gdas1.fnl.0p25.2015042406.f00.grib2,0.0,Already_Downloaded
2015-04-24,12Z,gdas1.fnl.0p25.2015042412.f00.grib2,0.0,Already_Downloaded
2015-04-24,18Z,gdas1.fnl.0p25.2015042418.f00.grib2,0.0,Already_Downloaded
2015-04-25,00Z,gdas1.fnl.0p25.2015042500.f00.grib2,0.0,Already_Downloaded
2015-04-25,06Z,gdas1.fnl.0p25.2015042506.f00.grib2,0.0,Already_Downloaded
2015-04-25,12Z,gdas1.fnl.0p25.2015042512.f00.grib2,0.0,Already_Downloaded
2015-04-25,18Z,gdas1.fnl.0p25.2015042518.f00.grib2,0.0,Already_Downloaded
2015-04-26,00Z,gdas1.fnl.0p25.2015042600.f00.grib2,0.0,Already_Downloaded
2015-04-26,06Z,gdas1.fnl.0p25.2015042606.f00.grib2,0.0,Already_Downloaded
2015-04-26,12Z,gdas1.fnl.0p25.2015042612.f00.grib2,0.0,Already_Downloaded
2015-04-26,18Z,gdas1.fnl.0p25.2015042618.f00.grib2,0.0,Already_Downloaded
2015-04-27,00Z,gdas1.fnl.0p25.2015042700.f00.grib2,0.0,Already_Downloaded
2015-04-27,06Z,gdas1.fnl.0p25.2015042706.f00.grib2,0.0,Already_Downloaded
2015-04-27,12Z,gdas1.fnl.0p25.2015042712.f00.grib2,0.0,Already_Downloaded
2015-04-27,18Z,gdas1.fnl.0p25.2015042718.f00.grib2,0.0,Already_Downloaded
2015-04-28,00Z,gdas1.fnl.0p25.2015042800.f00.grib2,0.0,Already_Downloaded
2015-04-28,06Z,gdas1.fnl.0p25.2015042806.f00.grib2,0.0,Already_Downloaded
2015-04-28,12Z,gdas1.fnl.0p25.2015042812.f00.grib2,0.0,Already_Downloaded
2015-04-28,18Z,gdas1.fnl.0p25.2015042818.f00.grib2,0.0,Already_Downloaded
2015-04-29,00Z,gdas1.fnl.0p25.2015042900.f00.grib2,0.0,Already_Downloaded
2015-04-29,06Z,gdas1.fnl.0p25.2015042906.f00.grib2,0.0,Already_Downloaded
2015-04-29,12Z,gdas1.fnl.0p25.2015042912.f00.grib2,0.0,Already_Downloaded
2015-04-29,18Z,gdas1.fnl.0p25.2015042918.f00.grib2,0.0,Already_Downloaded
2015-04-30,00Z,gdas1.fnl.0p25.2015043000.f00.grib2,0.0,Already_Downloaded
2015-04-30,06Z,gdas1.fnl.0p25.2015043006.f00.grib2,0.0,Already_Downloaded
2015-04-30,12Z,gdas1.fnl.0p25.2015043012.f00.grib2,0.0,Already_Downloaded
2015-04-30,18Z,gdas1.fnl.0p25.2015043018.f00.grib2,0.0,Already_Downloaded
2015-05-01,00Z,gdas1.fnl.0p25.2015050100.f00.grib2,0.0,Already_Downloaded
2015-05-01,06Z,gdas1.fnl.0p25.2015050106.f00.grib2,0.0,Already_Downloaded
2015-05-01,12Z,gdas1.fnl.0p25.2015050112.f00.grib2,0.0,Already_Downloaded
2015-05-01,18Z,gdas1.fnl.0p25.2015050118.f00.grib2,0.0,Already_Downloaded
2015-05-02,00Z,gdas1.fnl.0p25.2015050200.f00.grib2,0.0,Already_Downloaded
2015-05-02,06Z,gdas1.fnl.0p25.2015050206.f00.grib2,0.0,Already_Downloaded
2015-05-02,12Z,gdas1.fnl.0p25.2015050212.f00.grib2,0.0,Already_Downloaded
2015-05-02,18Z,gdas1.fnl.0p25.2015050218.f00.grib2,0.0,Already_Downloaded
2015-05-03,00Z,gdas1.fnl.0p25.2015050300.f00.grib2,0.0,Already_Downloaded
2015-05-03,06Z,gdas1.fnl.0p25.2015050306.f00.grib2,0.0,Already_Downloaded
2015-05-03,12Z,gdas1.fnl.0p25.2015050312.f00.grib2,0.0,Already_Downloaded
2015-05-03,18Z,gdas1.fnl.0p25.2015050318.f00.grib2,0.0,Already_Downloaded
2015-05-04,00Z,gdas1.fnl.0p25.2015050400.f00.grib2,0.0,Already_Downloaded
2015-05-04,06Z,gdas1.fnl.0p25.2015050406.f00.grib2,0.0,Already_Downloaded
2015-05-04,12Z,gdas1.fnl.0p25.2015050412.f00.grib2,0.0,Already_Downloaded
2015-05-04,18Z,gdas1.fnl.0p25.2015050418.f00.grib2,0.0,Already_Downloaded
2015-05-05,00Z,gdas1.fnl.0p25.2015050500.f00.grib2,0.0,Already_Downloaded
2015-05-05,06Z,gdas1.fnl.0p25.2015050506.f00.grib2,0.0,Already_Downloaded
2015-05-05,12Z,gdas1.fnl.0p25.2015050512.f00.grib2,0.0,Already_Downloaded
2015-05-05,18Z,gdas1.fnl.0p25.2015050518.f00.grib2,0.0,Already_Downloaded
2015-05-06,00Z,gdas1.fnl.0p25.2015050600.f00.grib2,0.0,Already_Downloaded
2015-05-06,06Z,gdas1.fnl.0p25.2015050606.f00.grib2,0.0,Already_Downloaded
2015-05-06,12Z,gdas1.fnl.0p25.2015050612.f00.grib2,0.0,Already_Downloaded
2015-05-06,18Z,gdas1.fnl.0p25.2015050618.f00.grib2,0.0,Already_Downloaded
2015-05-07,00Z,gdas1.fnl.0p25.2015050700.f00.grib2,0.0,Already_Downloaded
2015-05-07,06Z,gdas1.fnl.0p25.2015050706.f00.grib2,0.0,Already_Downloaded
2015-05-07,12Z,gdas1.fnl.0p25.2015050712.f00.grib2,0.0,Already_Downloaded
2015-05-07,18Z,gdas1.fnl.0p25.2015050718.f00.grib2,0.0,Already_Downloaded
2015-05-08,00Z,gdas1.fnl.0p25.2015050800.f00.grib2,0.0,Already_Downloaded
2015-05-08,06Z,gdas1.fnl.0p25.2015050806.f00.grib2,0.0,Already_Downloaded
2015-05-08,12Z,gdas1.fnl.0p25.2015050812.f00.grib2,0.0,Already_Downloaded
2015-05-08,18Z,gdas1.fnl.0p25.2015050818.f00.grib2,0.0,Already_Downloaded
2015-05-09,00Z,gdas1.fnl.0p25.2015050900.f00.grib2,0.0,Already_Downloaded
2015-05-09,06Z,gdas1.fnl.0p25.2015050906.f00.grib2,0.0,Already_Downloaded
2015-05-09,12Z,gdas1.fnl.0p25.2015050912.f00.grib2,0.0,Already_Downloaded
2015-05-09,18Z,gdas1.fnl.0p25.2015050918.f00.grib2,0.0,Already_Downloaded
2015-05-10,00Z,gdas1.fnl.0p25.2015051000.f00.grib2,0.0,Already_Downloaded
2015-05-10,06Z,gdas1.fnl.0p25.2015051006.f00.grib2,0.0,Already_Downloaded
2015-05-10,12Z,gdas1.fnl.0p25.2015051012.f00.grib2,0.0,Already_Downloaded
2015-05-10,18Z,gdas1.fnl.0p25.2015051018.f00.grib2,0.0,Already_Downloaded
2015-05-11,00Z,gdas1.fnl.0p25.2015051100.f00.grib2,0.0,Already_Downloaded
2015-05-11,06Z,gdas1.fnl.0p25.2015051106.f00.grib2,0.0,Already_Downloaded
2015-05-11,12Z,gdas1.fnl.0p25.2015051112.f00.grib2,0.0,Already_Downloaded
2015-05-11,18Z,gdas1.fnl.0p25.2015051118.f00.grib2,0.0,Already_Downloaded
2015-05-12,00Z,gdas1.fnl.0p25.2015051200.f00.grib2,0.0,Already_Downloaded
2015-05-12,06Z,gdas1.fnl.0p25.2015051206.f00.grib2,0.0,Already_Downloaded
2015-05-12,12Z,gdas1.fnl.0p25.2015051212.f00.grib2,0.0,Already_Downloaded
2015-05-12,18Z,gdas1.fnl.0p25.2015051218.f00.grib2,0.0,Already_Downloaded
2015-05-13,00Z,gdas1.fnl.0p25.2015051300.f00.grib2,0.0,Already_Downloaded
2015-05-13,06Z,gdas1.fnl.0p25.2015051306.f00.grib2,0.0,Already_Downloaded
2015-05-13,12Z,gdas1.fnl.0p25.2015051312.f00.grib2,0.0,Already_Downloaded
2015-05-13,18Z,gdas1.fnl.0p25.2015051318.f00.grib2,0.0,Already_Downloaded
2015-05-14,00Z,gdas1.fnl.0p25.2015051400.f00.grib2,0.0,Already_Downloaded
2015-05-14,06Z,gdas1.fnl.0p25.2015051406.f00.grib2,0.0,Already_Downloaded
2015-05-14,12Z,gdas1.fnl.0p25.2015051412.f00.grib2,0.0,Already_Downloaded
2015-05-14,18Z,gdas1.fnl.0p25.2015051418.f00.grib2,0.0,Already_Downloaded
2015-05-15,00Z,gdas1.fnl.0p25.2015051500.f00.grib2,0.0,Already_Downloaded
2015-05-15,06Z,gdas1.fnl.0p25.2015051506.f00.grib2,0.0,Already_Downloaded
2015-05-15,12Z,gdas1.fnl.0p25.2015051512.f00.grib2,0.0,Already_Downloaded
2015-05-15,18Z,gdas1.fnl.0p25.2015051518.f00.grib2,0.0,Already_Downloaded
2015-05-16,00Z,gdas1.fnl.0p25.2015051600.f00.grib2,0.0,Already_Downloaded
2015-05-16,06Z,gdas1.fnl.0p25.2015051606.f00.grib2,0.0,Already_Downloaded
2015-05-16,12Z,gdas1.fnl.0p25.2015051612.f00.grib2,0.0,Already_Downloaded
2015-05-16,18Z,gdas1.fnl.0p25.2015051618.f00.grib2,0.0,Already_Downloaded
2015-05-17,00Z,gdas1.fnl.0p25.2015051700.f00.grib2,0.0,Already_Downloaded
2015-05-17,06Z,gdas1.fnl.0p25.2015051706.f00.grib2,0.0,Already_Downloaded
2015-05-17,12Z,gdas1.fnl.0p25.2015051712.f00.grib2,0.0,Already_Downloaded
2015-05-17,18Z,gdas1.fnl.0p25.2015051718.f00.grib2,0.0,Already_Downloaded
2015-05-18,00Z,gdas1.fnl.0p25.2015051800.f00.grib2,0.0,Already_Downloaded
2015-05-18,06Z,gdas1.fnl.0p25.2015051806.f00.grib2,0.0,Already_Downloaded
2015-05-18,12Z,gdas1.fnl.0p25.2015051812.f00.grib2,0.0,Already_Downloaded
2015-05-18,18Z,gdas1.fnl.0p25.2015051818.f00.grib2,0.0,Already_Downloaded
2015-05-19,00Z,gdas1.fnl.0p25.2015051900.f00.grib2,0.0,Already_Downloaded
2015-05-19,06Z,gdas1.fnl.0p25.2015051906.f00.grib2,0.0,Already_Downloaded
2015-05-19,12Z,gdas1.fnl.0p25.2015051912.f00.grib2,0.0,Already_Downloaded
2015-05-19,18Z,gdas1.fnl.0p25.2015051918.f00.grib2,0.0,Already_Downloaded
2015-05-20,00Z,gdas1.fnl.0p25.2015052000.f00.grib2,0.0,Already_Downloaded
2015-05-20,06Z,gdas1.fnl.0p25.2015052006.f00.grib2,0.0,Already_Downloaded
2015-05-20,12Z,gdas1.fnl.0p25.2015052012.f00.grib2,0.0,Already_Downloaded
2015-05-20,18Z,gdas1.fnl.0p25.2015052018.f00.grib2,0.0,Already_Downloaded
2015-05-21,00Z,gdas1.fnl.0p25.2015052100.f00.grib2,0.0,Already_Downloaded
2015-05-21,06Z,gdas1.fnl.0p25.2015052106.f00.grib2,0.0,Already_Downloaded
2015-05-21,12Z,gdas1.fnl.0p25.2015052112.f00.grib2,0.0,Already_Downloaded
2015-05-21,18Z,gdas1.fnl.0p25.2015052118.f00.grib2,0.0,Already_Downloaded
2015-05-22,00Z,gdas1.fnl.0p25.2015052200.f00.grib2,0.0,Already_Downloaded
2015-05-22,06Z,gdas1.fnl.0p25.2015052206.f00.grib2,0.0,Already_Downloaded
2015-05-22,12Z,gdas1.fnl.0p25.2015052212.f00.grib2,0.0,Already_Downloaded
2015-05-22,18Z,gdas1.fnl.0p25.2015052218.f00.grib2,0.0,Already_Downloaded
2015-05-23,00Z,gdas1.fnl.0p25.2015052300.f00.grib2,0.0,Already_Downloaded
2015-05-23,06Z,gdas1.fnl.0p25.2015052306.f00.grib2,0.0,Already_Downloaded
2015-05-23,12Z,gdas1.fnl.0p25.2015052312.f00.grib2,0.0,Already_Downloaded
2015-05-23,18Z,gdas1.fnl.0p25.2015052318.f00.grib2,0.0,Already_Downloaded
2015-05-24,00Z,gdas1.fnl.0p25.2015052400.f00.grib2,0.0,Already_Downloaded
2015-05-24,06Z,gdas1.fnl.0p25.2015052406.f00.grib2,0.0,Already_Downloaded
2015-05-24,12Z,gdas1.fnl.0p25.2015052412.f00.grib2,0.0,Already_Downloaded
2015-05-24,18Z,gdas1.fnl.0p25.2015052418.f00.grib2,0.0,Already_Downloaded
2015-05-25,00Z,gdas1.fnl.0p25.2015052500.f00.grib2,0.0,Already_Downloaded
2015-05-25,06Z,gdas1.fnl.0p25.2015052506.f00.grib2,0.0,Already_Downloaded
2015-05-25,12Z,gdas1.fnl.0p25.2015052512.f00.grib2,0.0,Already_Downloaded
2015-05-25,18Z,gdas1.fnl.0p25.2015052518.f00.grib2,0.0,Already_Downloaded
2015-05-26,00Z,gdas1.fnl.0p25.2015052600.f00.grib2,0.0,Already_Downloaded
2015-05-26,06Z,gdas1.fnl.0p25.2015052606.f00.grib2,0.0,Already_Downloaded
2015-05-26,12Z,gdas1.fnl.0p25.2015052612.f00.grib2,0.0,Already_Downloaded
2015-05-26,18Z,gdas1.fnl.0p25.2015052618.f00.grib2,0.0,Already_Downloaded
2015-05-27,00Z,gdas1.fnl.0p25.2015052700.f00.grib2,0.0,Already_Downloaded
2015-05-27,06Z,gdas1.fnl.0p25.2015052706.f00.grib2,0.0,Already_Downloaded
2015-05-27,12Z,gdas1.fnl.0p25.2015052712.f00.grib2,0.0,Already_Downloaded
2015-05-27,18Z,gdas1.fnl.0p25.2015052718.f00.grib2,0.0,Already_Downloaded
2015-05-28,00Z,gdas1.fnl.0p25.2015052800.f00.grib2,0.0,Already_Downloaded
2015-05-28,06Z,gdas1.fnl.0p25.2015052806.f00.grib2,0.0,Already_Downloaded
2015-05-28,12Z,gdas1.fnl.0p25.2015052812.f00.grib2,0.0,Already_Downloaded
2015-05-28,18Z,gdas1.fnl.0p25.2015052818.f00.grib2,0.0,Already_Downloaded
2015-05-29,00Z,gdas1.fnl.0p25.2015052900.f00.grib2,0.0,Already_Downloaded
2015-05-29,06Z,gdas1.fnl.0p25.2015052906.f00.grib2,0.0,Already_Downloaded
2015-05-29,12Z,gdas1.fnl.0p25.2015052912.f00.grib2,0.0,Already_Downloaded
2015-05-29,18Z,gdas1.fnl.0p25.2015052918.f00.grib2,0.0,Already_Downloaded
2015-05-30,00Z,gdas1.fnl.0p25.2015053000.f00.grib2,0.0,Already_Downloaded
2015-05-30,06Z,gdas1.fnl.0p25.2015053006.f00.grib2,0.0,Already_Downloaded
2015-05-30,12Z,gdas1.fnl.0p25.2015053012.f00.grib2,0.0,Already_Downloaded
2015-05-30,18Z,gdas1.fnl.0p25.2015053018.f00.grib2,0.0,Already_Downloaded
2015-05-31,00Z,gdas1.fnl.0p25.2015053100.f00.grib2,0.0,Already_Downloaded
2015-05-31,06Z,gdas1.fnl.0p25.2015053106.f00.grib2,0.0,Already_Downloaded
2015-05-31,12Z,gdas1.fnl.0p25.2015053112.f00.grib2,0.0,Already_Downloaded
2015-05-31,18Z,gdas1.fnl.0p25.2015053118.f00.grib2,0.0,Already_Downloaded
2015-06-01,00Z,gdas1.fnl.0p25.2015060100.f00.grib2,0.0,Already_Downloaded
2015-06-01,06Z,gdas1.fnl.0p25.2015060106.f00.grib2,0.0,Already_Downloaded
2015-06-01,12Z,gdas1.fnl.0p25.2015060112.f00.grib2,0.0,Already_Downloaded
2015-06-01,18Z,gdas1.fnl.0p25.2015060118.f00.grib2,0.0,Already_Downloaded
2015-06-02,00Z,gdas1.fnl.0p25.2015060200.f00.grib2,0.0,Already_Downloaded
2015-06-02,06Z,gdas1.fnl.0p25.2015060206.f00.grib2,0.0,Already_Downloaded
2015-06-02,12Z,gdas1.fnl.0p25.2015060212.f00.grib2,0.0,Already_Downloaded
2015-06-02,18Z,gdas1.fnl.0p25.2015060218.f00.grib2,0.0,Already_Downloaded
2015-06-03,00Z,gdas1.fnl.0p25.2015060300.f00.grib2,0.0,Already_Downloaded
2015-06-03,06Z,gdas1.fnl.0p25.2015060306.f00.grib2,0.0,Already_Downloaded
2015-06-03,12Z,gdas1.fnl.0p25.2015060312.f00.grib2,0.0,Already_Downloaded
2015-06-03,18Z,gdas1.fnl.0p25.2015060318.f00.grib2,0.0,Already_Downloaded
2015-06-04,00Z,gdas1.fnl.0p25.2015060400.f00.grib2,0.0,Already_Downloaded
2015-06-04,06Z,gdas1.fnl.0p25.2015060406.f00.grib2,0.0,Already_Downloaded
2015-06-04,12Z,gdas1.fnl.0p25.2015060412.f00.grib2,0.0,Already_Downloaded
2015-06-04,18Z,gdas1.fnl.0p25.2015060418.f00.grib2,0.0,Already_Downloaded
2015-06-05,00Z,gdas1.fnl.0p25.2015060500.f00.grib2,0.0,Already_Downloaded
2015-06-05,06Z,gdas1.fnl.0p25.2015060506.f00.grib2,0.0,Already_Downloaded
2015-06-05,12Z,gdas1.fnl.0p25.2015060512.f00.grib2,0.0,Already_Downloaded
2015-06-05,18Z,gdas1.fnl.0p25.2015060518.f00.grib2,0.0,Already_Downloaded
2015-06-06,00Z,gdas1.fnl.0p25.2015060600.f00.grib2,0.0,Already_Downloaded
2015-06-06,06Z,gdas1.fnl.0p25.2015060606.f00.grib2,0.0,Already_Downloaded
2015-06-06,12Z,gdas1.fnl.0p25.2015060612.f00.grib2,0.0,Already_Downloaded
2015-06-06,18Z,gdas1.fnl.0p25.2015060618.f00.grib2,0.0,Already_Downloaded
2015-06-07,00Z,gdas1.fnl.0p25.2015060700.f00.grib2,0.0,Already_Downloaded
2015-06-07,06Z,gdas1.fnl.0p25.2015060706.f00.grib2,0.0,Already_Downloaded
2015-06-07,12Z,gdas1.fnl.0p25.2015060712.f00.grib2,0.0,Already_Downloaded
2015-06-07,18Z,gdas1.fnl.0p25.2015060718.f00.grib2,0.0,Already_Downloaded
2015-06-08,00Z,gdas1.fnl.0p25.2015060800.f00.grib2,0.0,Already_Downloaded
2015-06-08,06Z,gdas1.fnl.0p25.2015060806.f00.grib2,0.0,Already_Downloaded
2015-06-08,12Z,gdas1.fnl.0p25.2015060812.f00.grib2,0.0,Already_Downloaded
2015-06-08,18Z,gdas1.fnl.0p25.2015060818.f00.grib2,0.0,Already_Downloaded
2015-06-09,00Z,gdas1.fnl.0p25.2015060900.f00.grib2,0.0,Already_Downloaded
2015-06-09,06Z,gdas1.fnl.0p25.2015060906.f00.grib2,0.0,Already_Downloaded
2015-06-09,12Z,gdas1.fnl.0p25.2015060912.f00.grib2,0.0,Already_Downloaded
2015-06-09,18Z,gdas1.fnl.0p25.2015060918.f00.grib2,0.0,Already_Downloaded
2015-06-10,00Z,gdas1.fnl.0p25.2015061000.f00.grib2,0.0,Already_Downloaded
2015-06-10,06Z,gdas1.fnl.0p25.2015061006.f00.grib2,0.0,Already_Downloaded
2015-06-10,12Z,gdas1.fnl.0p25.2015061012.f00.grib2,0.0,Already_Downloaded
2015-06-10,18Z,gdas1.fnl.0p25.2015061018.f00.grib2,0.0,Already_Downloaded
2015-06-11,00Z,gdas1.fnl.0p25.2015061100.f00.grib2,0.0,Already_Downloaded
2015-06-11,06Z,gdas1.fnl.0p25.2015061106.f00.grib2,0.0,Already_Downloaded
2015-06-11,12Z,gdas1.fnl.0p25.2015061112.f00.grib2,0.0,Already_Downloaded
2015-06-11,18Z,gdas1.fnl.0p25.2015061118.f00.grib2,0.0,Already_Downloaded
2015-06-12,00Z,gdas1.fnl.0p25.2015061200.f00.grib2,0.0,Already_Downloaded
2015-06-12,06Z,gdas1.fnl.0p25.2015061206.f00.grib2,0.0,Already_Downloaded
2015-06-12,12Z,gdas1.fnl.0p25.2015061212.f00.grib2,0.0,Already_Downloaded
2015-06-12,18Z,gdas1.fnl.0p25.2015061218.f00.grib2,0.0,Already_Downloaded
2015-06-13,00Z,gdas1.fnl.0p25.2015061300.f00.grib2,0.0,Already_Downloaded
2015-06-13,06Z,gdas1.fnl.0p25.2015061306.f00.grib2,0.0,Already_Downloaded
2015-06-13,12Z,gdas1.fnl.0p25.2015061312.f00.grib2,0.0,Already_Downloaded
2015-06-13,18Z,gdas1.fnl.0p25.2015061318.f00.grib2,0.0,Already_Downloaded
2015-06-14,00Z,gdas1.fnl.0p25.2015061400.f00.grib2,0.0,Already_Downloaded
2015-06-14,06Z,gdas1.fnl.0p25.2015061406.f00.grib2,0.0,Already_Downloaded
2015-06-14,12Z,gdas1.fnl.0p25.2015061412.f00.grib2,0.0,Already_Downloaded
2015-06-14,18Z,gdas1.fnl.0p25.2015061418.f00.grib2,0.0,Already_Downloaded
2015-06-15,00Z,gdas1.fnl.0p25.2015061500.f00.grib2,0.0,Already_Downloaded
2015-06-15,06Z,gdas1.fnl.0p25.2015061506.f00.grib2,0.0,Already_Downloaded
2015-06-15,12Z,gdas1.fnl.0p25.2015061512.f00.grib2,0.0,Already_Downloaded
2015-06-15,18Z,gdas1.fnl.0p25.2015061518.f00.grib2,0.0,Already_Downloaded
2015-06-16,00Z,gdas1.fnl.0p25.2015061600.f00.grib2,0.0,Already_Downloaded
2015-06-16,06Z,gdas1.fnl.0p25.2015061606.f00.grib2,0.0,Already_Downloaded
2015-06-16,12Z,gdas1.fnl.0p25.2015061612.f00.grib2,0.0,Already_Downloaded
2015-06-16,18Z,gdas1.fnl.0p25.2015061618.f00.grib2,0.0,Already_Downloaded
2015-06-17,00Z,gdas1.fnl.0p25.2015061700.f00.grib2,0.0,Already_Downloaded
2015-06-17,06Z,gdas1.fnl.0p25.2015061706.f00.grib2,0.0,Already_Downloaded
2015-06-17,12Z,gdas1.fnl.0p25.2015061712.f00.grib2,0.0,Already_Downloaded
2015-06-17,18Z,gdas1.fnl.0p25.2015061718.f00.grib2,0.0,Already_Downloaded
2015-06-18,00Z,gdas1.fnl.0p25.2015061800.f00.grib2,0.0,Already_Downloaded
2015-06-18,06Z,gdas1.fnl.0p25.2015061806.f00.grib2,0.0,Already_Downloaded
2015-06-18,12Z,gdas1.fnl.0p25.2015061812.f00.grib2,0.0,Already_Downloaded
2015-06-18,18Z,gdas1.fnl.0p25.2015061818.f00.grib2,0.0,Already_Downloaded
2015-06-19,00Z,gdas1.fnl.0p25.2015061900.f00.grib2,0.0,Already_Downloaded
2015-06-19,06Z,gdas1.fnl.0p25.2015061906.f00.grib2,0.0,Already_Downloaded
2015-06-19,12Z,gdas1.fnl.0p25.2015061912.f00.grib2,0.0,Already_Downloaded
2015-06-19,18Z,gdas1.fnl.0p25.2015061918.f00.grib2,0.0,Already_Downloaded
2015-06-20,00Z,gdas1.fnl.0p25.2015062000.f00.grib2,0.0,Already_Downloaded
2015-06-20,06Z,gdas1.fnl.0p25.2015062006.f00.grib2,0.0,Already_Downloaded
2015-06-20,12Z,gdas1.fnl.0p25.2015062012.f00.grib2,0.0,Already_Downloaded
2015-06-20,18Z,gdas1.fnl.0p25.2015062018.f00.grib2,0.0,Already_Downloaded
2015-06-21,00Z,gdas1.fnl.0p25.2015062100.f00.grib2,0.0,Already_Downloaded
2015-06-21,06Z,gdas1.fnl.0p25.2015062106.f00.grib2,0.0,Already_Downloaded
2015-06-21,12Z,gdas1.fnl.0p25.2015062112.f00.grib2,0.0,Already_Downloaded
2015-06-21,18Z,gdas1.fnl.0p25.2015062118.f00.grib2,0.0,Already_Downloaded
2015-06-22,00Z,gdas1.fnl.0p25.2015062200.f00.grib2,0.0,Already_Downloaded
2015-06-22,06Z,gdas1.fnl.0p25.2015062206.f00.grib2,0.0,Already_Downloaded
2015-06-22,12Z,gdas1.fnl.0p25.2015062212.f00.grib2,0.0,Already_Downloaded
2015-06-22,18Z,gdas1.fnl.0p25.2015062218.f00.grib2,0.0,Already_Downloaded
2015-06-23,00Z,gdas1.fnl.0p25.2015062300.f00.grib2,0.0,Already_Downloaded
2015-06-23,06Z,gdas1.fnl.0p25.2015062306.f00.grib2,0.0,Already_Downloaded
2015-06-23,12Z,gdas1.fnl.0p25.2015062312.f00.grib2,0.0,Already_Downloaded
2015-06-23,18Z,gdas1.fnl.0p25.2015062318.f00.grib2,0.0,Already_Downloaded
2015-06-24,00Z,gdas1.fnl.0p25.2015062400.f00.grib2,0.0,Already_Downloaded
2015-06-24,06Z,gdas1.fnl.0p25.2015062406.f00.grib2,0.0,Already_Downloaded
2015-06-24,12Z,gdas1.fnl.0p25.2015062412.f00.grib2,0.0,Already_Downloaded
2015-06-24,18Z,gdas1.fnl.0p25.2015062418.f00.grib2,0.0,Already_Downloaded
2015-06-25,00Z,gdas1.fnl.0p25.2015062500.f00.grib2,0.0,Already_Downloaded
2015-06-25,06Z,gdas1.fnl.0p25.2015062506.f00.grib2,0.0,Already_Downloaded
2015-06-25,12Z,gdas1.fnl.0p25.2015062512.f00.grib2,0.0,Already_Downloaded
2015-06-25,18Z,gdas1.fnl.0p25.2015062518.f00.grib2,0.0,Already_Downloaded
2015-06-26,00Z,gdas1.fnl.0p25.2015062600.f00.grib2,0.0,Already_Downloaded
2015-06-26,06Z,gdas1.fnl.0p25.2015062606.f00.grib2,0.0,Already_Downloaded
2015-06-26,12Z,gdas1.fnl.0p25.2015062612.f00.grib2,0.0,Already_Downloaded
2015-06-26,18Z,gdas1.fnl.0p25.2015062618.f00.grib2,0.0,Already_Downloaded
2015-06-27,00Z,gdas1.fnl.0p25.2015062700.f00.grib2,0.0,Already_Downloaded
2015-06-27,06Z,gdas1.fnl.0p25.2015062706.f00.grib2,0.0,Already_Downloaded
2015-06-27,12Z,gdas1.fnl.0p25.2015062712.f00.grib2,0.0,Already_Downloaded
2015-06-27,18Z,gdas1.fnl.0p25.2015062718.f00.grib2,0.0,Already_Downloaded
2015-06-28,00Z,gdas1.fnl.0p25.2015062800.f00.grib2,0.0,Already_Downloaded
2015-06-28,06Z,gdas1.fnl.0p25.2015062806.f00.grib2,0.0,Already_Downloaded
2015-06-28,12Z,gdas1.fnl.0p25.2015062812.f00.grib2,0.0,Already_Downloaded
2015-06-28,18Z,gdas1.fnl.0p25.2015062818.f00.grib2,0.0,Already_Downloaded
2015-06-29,00Z,gdas1.fnl.0p25.2015062900.f00.grib2,0.0,Already_Downloaded
2015-06-29,06Z,gdas1.fnl.0p25.2015062906.f00.grib2,0.0,Already_Downloaded
2015-06-29,12Z,gdas1.fnl.0p25.2015062912.f00.grib2,0.0,Already_Downloaded
2015-06-29,18Z,gdas1.fnl.0p25.2015062918.f00.grib2,0.0,Already_Downloaded
2015-06-30,00Z,gdas1.fnl.0p25.2015063000.f00.grib2,0.0,Already_Downloaded
2015-06-30,06Z,gdas1.fnl.0p25.2015063006.f00.grib2,0.0,Already_Downloaded
2015-06-30,12Z,gdas1.fnl.0p25.2015063012.f00.grib2,0.0,Already_Downloaded
2015-06-30,18Z,gdas1.fnl.0p25.2015063018.f00.grib2,0.0,Already_Downloaded
2015-07-01,00Z,gdas1.fnl.0p25.2015070100.f00.grib2,0.0,Already_Downloaded
2015-07-01,06Z,gdas1.fnl.0p25.2015070106.f00.grib2,0.0,Already_Downloaded
2015-07-01,12Z,gdas1.fnl.0p25.2015070112.f00.grib2,0.0,Already_Downloaded
2015-07-01,18Z,gdas1.fnl.0p25.2015070118.f00.grib2,0.0,Already_Downloaded
2015-07-02,00Z,gdas1.fnl.0p25.2015070200.f00.grib2,0.0,Already_Downloaded
2015-07-02,06Z,gdas1.fnl.0p25.2015070206.f00.grib2,0.0,Already_Downloaded
2015-07-02,12Z,gdas1.fnl.0p25.2015070212.f00.grib2,0.0,Already_Downloaded
2015-07-02,18Z,gdas1.fnl.0p25.2015070218.f00.grib2,0.0,Already_Downloaded
2015-07-03,00Z,gdas1.fnl.0p25.2015070300.f00.grib2,0.0,Already_Downloaded
2015-07-03,06Z,gdas1.fnl.0p25.2015070306.f00.grib2,0.0,Already_Downloaded
2015-07-03,12Z,gdas1.fnl.0p25.2015070312.f00.grib2,0.0,Already_Downloaded
2015-07-03,18Z,gdas1.fnl.0p25.2015070318.f00.grib2,0.0,Already_Downloaded
2015-07-04,00Z,gdas1.fnl.0p25.2015070400.f00.grib2,0.0,Already_Downloaded
2015-07-04,06Z,gdas1.fnl.0p25.2015070406.f00.grib2,0.0,Already_Downloaded
2015-07-04,12Z,gdas1.fnl.0p25.2015070412.f00.grib2,0.0,Already_Downloaded
2015-07-04,18Z,gdas1.fnl.0p25.2015070418.f00.grib2,0.0,Already_Downloaded
2015-07-05,00Z,gdas1.fnl.0p25.2015070500.f00.grib2,0.0,Already_Downloaded
2015-07-05,06Z,gdas1.fnl.0p25.2015070506.f00.grib2,0.0,Already_Downloaded
2015-07-05,12Z,gdas1.fnl.0p25.2015070512.f00.grib2,0.0,Already_Downloaded
2015-07-05,18Z,gdas1.fnl.0p25.2015070518.f00.grib2,0.0,Already_Downloaded
2015-07-06,00Z,gdas1.fnl.0p25.2015070600.f00.grib2,0.0,Already_Downloaded
2015-07-06,06Z,gdas1.fnl.0p25.2015070606.f00.grib2,0.0,Already_Downloaded
2015-07-06,12Z,gdas1.fnl.0p25.2015070612.f00.grib2,0.0,Already_Downloaded
2015-07-06,18Z,gdas1.fnl.0p25.2015070618.f00.grib2,0.0,Already_Downloaded
2015-07-07,00Z,gdas1.fnl.0p25.2015070700.f00.grib2,0.0,Already_Downloaded
2015-07-07,06Z,gdas1.fnl.0p25.2015070706.f00.grib2,0.0,Already_Downloaded
2015-07-07,12Z,gdas1.fnl.0p25.2015070712.f00.grib2,0.0,Already_Downloaded
2015-07-07,18Z,gdas1.fnl.0p25.2015070718.f00.grib2,0.0,Already_Downloaded
2015-07-08,00Z,gdas1.fnl.0p25.2015070800.f00.grib2,0.0,Already_Downloaded
2015-07-08,06Z,gdas1.fnl.0p25.2015070806.f00.grib2,0.0,Already_Downloaded
2015-07-08,12Z,gdas1.fnl.0p25.2015070812.f00.grib2,0.0,Already_Downloaded
2015-07-08,18Z,gdas1.fnl.0p25.2015070818.f00.grib2,0.0,Already_Downloaded
2015-07-09,00Z,gdas1.fnl.0p25.2015070900.f00.grib2,0.0,Already_Downloaded
2015-07-09,06Z,gdas1.fnl.0p25.2015070906.f00.grib2,0.0,Already_Downloaded
2015-07-09,12Z,gdas1.fnl.0p25.2015070912.f00.grib2,0.0,Already_Downloaded
2015-07-09,18Z,gdas1.fnl.0p25.2015070918.f00.grib2,0.0,Already_Downloaded
2015-07-10,00Z,gdas1.fnl.0p25.2015071000.f00.grib2,0.0,Already_Downloaded
2015-07-10,06Z,gdas1.fnl.0p25.2015071006.f00.grib2,0.0,Already_Downloaded
2015-07-10,12Z,gdas1.fnl.0p25.2015071012.f00.grib2,0.0,Already_Downloaded
2015-07-10,18Z,gdas1.fnl.0p25.2015071018.f00.grib2,0.0,Already_Downloaded
2015-07-11,00Z,gdas1.fnl.0p25.2015071100.f00.grib2,0.0,Already_Downloaded
2015-07-11,06Z,gdas1.fnl.0p25.2015071106.f00.grib2,0.0,Already_Downloaded
2015-07-11,12Z,gdas1.fnl.0p25.2015071112.f00.grib2,0.0,Already_Downloaded
2015-07-11,18Z,gdas1.fnl.0p25.2015071118.f00.grib2,0.0,Already_Downloaded
2015-07-12,00Z,gdas1.fnl.0p25.2015071200.f00.grib2,0.0,Already_Downloaded
2015-07-12,06Z,gdas1.fnl.0p25.2015071206.f00.grib2,0.0,Already_Downloaded
2015-07-12,12Z,gdas1.fnl.0p25.2015071212.f00.grib2,0.0,Already_Downloaded
2015-07-12,18Z,gdas1.fnl.0p25.2015071218.f00.grib2,0.0,Already_Downloaded
2015-07-13,00Z,gdas1.fnl.0p25.2015071300.f00.grib2,0.0,Already_Downloaded
2015-07-13,06Z,gdas1.fnl.0p25.2015071306.f00.grib2,0.0,Already_Downloaded
2015-07-13,12Z,gdas1.fnl.0p25.2015071312.f00.grib2,0.0,Already_Downloaded
2015-07-13,18Z,gdas1.fnl.0p25.2015071318.f00.grib2,0.0,Already_Downloaded
2015-07-14,00Z,gdas1.fnl.0p25.2015071400.f00.grib2,0.0,Already_Downloaded
2015-07-14,06Z,gdas1.fnl.0p25.2015071406.f00.grib2,0.0,Already_Downloaded
2015-07-14,12Z,gdas1.fnl.0p25.2015071412.f00.grib2,0.0,Already_Downloaded
2015-07-14,18Z,gdas1.fnl.0p25.2015071418.f00.grib2,0.0,Already_Downloaded
2015-07-15,00Z,gdas1.fnl.0p25.2015071500.f00.grib2,0.0,Already_Downloaded
2015-07-15,06Z,gdas1.fnl.0p25.2015071506.f00.grib2,0.0,Already_Downloaded
2015-07-15,12Z,gdas1.fnl.0p25.2015071512.f00.grib2,0.0,Already_Downloaded
2015-07-15,18Z,gdas1.fnl.0p25.2015071518.f00.grib2,0.0,Already_Downloaded
2015-07-16,00Z,gdas1.fnl.0p25.2015071600.f00.grib2,0.0,Already_Downloaded
2015-07-16,06Z,gdas1.fnl.0p25.2015071606.f00.grib2,0.0,Already_Downloaded
2015-07-16,12Z,gdas1.fnl.0p25.2015071612.f00.grib2,0.0,Already_Downloaded
2015-07-16,18Z,gdas1.fnl.0p25.2015071618.f00.grib2,0.0,Already_Downloaded
2015-07-17,00Z,gdas1.fnl.0p25.2015071700.f00.grib2,0.0,Already_Downloaded
2015-07-17,06Z,gdas1.fnl.0p25.2015071706.f00.grib2,0.0,Already_Downloaded
2015-07-17,12Z,gdas1.fnl.0p25.2015071712.f00.grib2,0.0,Already_Downloaded
2015-07-17,18Z,gdas1.fnl.0p25.2015071718.f00.grib2,0.0,Already_Downloaded
2015-07-18,00Z,gdas1.fnl.0p25.2015071800.f00.grib2,0.0,Already_Downloaded
2015-07-18,06Z,gdas1.fnl.0p25.2015071806.f00.grib2,0.0,Already_Downloaded
2015-07-18,12Z,gdas1.fnl.0p25.2015071812.f00.grib2,0.0,Already_Downloaded
2015-07-18,18Z,gdas1.fnl.0p25.2015071818.f00.grib2,0.0,Already_Downloaded
2015-07-19,00Z,gdas1.fnl.0p25.2015071900.f00.grib2,0.0,Already_Downloaded
2015-07-19,06Z,gdas1.fnl.0p25.2015071906.f00.grib2,0.0,Already_Downloaded
2015-07-19,12Z,gdas1.fnl.0p25.2015071912.f00.grib2,0.0,Already_Downloaded
2015-07-19,18Z,gdas1.fnl.0p25.2015071918.f00.grib2,0.0,Already_Downloaded
2015-07-20,00Z,gdas1.fnl.0p25.2015072000.f00.grib2,0.0,Already_Downloaded
2015-07-20,06Z,gdas1.fnl.0p25.2015072006.f00.grib2,0.0,Already_Downloaded
2015-07-20,12Z,gdas1.fnl.0p25.2015072012.f00.grib2,0.0,Already_Downloaded
2015-07-20,18Z,gdas1.fnl.0p25.2015072018.f00.grib2,0.0,Already_Downloaded
2015-07-21,00Z,gdas1.fnl.0p25.2015072100.f00.grib2,0.0,Already_Downloaded
2015-07-21,06Z,gdas1.fnl.0p25.2015072106.f00.grib2,0.0,Already_Downloaded
2015-07-21,12Z,gdas1.fnl.0p25.2015072112.f00.grib2,0.0,Already_Downloaded
2015-07-21,18Z,gdas1.fnl.0p25.2015072118.f00.grib2,0.0,Already_Downloaded
2015-07-22,00Z,gdas1.fnl.0p25.2015072200.f00.grib2,0.0,Already_Downloaded
2015-07-22,06Z,gdas1.fnl.0p25.2015072206.f00.grib2,0.0,Already_Downloaded
2015-07-22,12Z,gdas1.fnl.0p25.2015072212.f00.grib2,0.0,Already_Downloaded
2015-07-22,18Z,gdas1.fnl.0p25.2015072218.f00.grib2,0.0,Already_Downloaded
2015-07-23,00Z,gdas1.fnl.0p25.2015072300.f00.grib2,0.0,Already_Downloaded
2015-07-23,06Z,gdas1.fnl.0p25.2015072306.f00.grib2,0.0,Already_Downloaded
2015-07-23,12Z,gdas1.fnl.0p25.2015072312.f00.grib2,0.0,Already_Downloaded
2015-07-23,18Z,gdas1.fnl.0p25.2015072318.f00.grib2,0.0,Already_Downloaded
2015-07-24,00Z,gdas1.fnl.0p25.2015072400.f00.grib2,0.0,Already_Downloaded
2015-07-24,06Z,gdas1.fnl.0p25.2015072406.f00.grib2,0.0,Already_Downloaded
2015-07-24,12Z,gdas1.fnl.0p25.2015072412.f00.grib2,0.0,Already_Downloaded
2015-07-24,18Z,gdas1.fnl.0p25.2015072418.f00.grib2,0.0,Already_Downloaded
2015-07-25,00Z,gdas1.fnl.0p25.2015072500.f00.grib2,0.0,Already_Downloaded
2015-07-25,06Z,gdas1.fnl.0p25.2015072506.f00.grib2,0.0,Already_Downloaded
2015-07-25,12Z,gdas1.fnl.0p25.2015072512.f00.grib2,0.0,Already_Downloaded
2015-07-25,18Z,gdas1.fnl.0p25.2015072518.f00.grib2,0.0,Already_Downloaded
2015-07-26,00Z,gdas1.fnl.0p25.2015072600.f00.grib2,0.0,Already_Downloaded
2015-07-26,06Z,gdas1.fnl.0p25.2015072606.f00.grib2,0.0,Already_Downloaded
2015-07-26,12Z,gdas1.fnl.0p25.2015072612.f00.grib2,0.0,Already_Downloaded
2015-07-26,18Z,gdas1.fnl.0p25.2015072618.f00.grib2,0.0,Already_Downloaded
2015-07-27,00Z,gdas1.fnl.0p25.2015072700.f00.grib2,0.0,Already_Downloaded
2015-07-27,06Z,gdas1.fnl.0p25.2015072706.f00.grib2,0.0,Already_Downloaded
2015-07-27,12Z,gdas1.fnl.0p25.2015072712.f00.grib2,0.0,Already_Downloaded
2015-07-27,18Z,gdas1.fnl.0p25.2015072718.f00.grib2,0.0,Already_Downloaded
2015-07-28,00Z,gdas1.fnl.0p25.2015072800.f00.grib2,0.0,Already_Downloaded
2015-07-28,06Z,gdas1.fnl.0p25.2015072806.f00.grib2,0.0,Already_Downloaded
2015-07-28,12Z,gdas1.fnl.0p25.2015072812.f00.grib2,0.0,Already_Downloaded
2015-07-28,18Z,gdas1.fnl.0p25.2015072818.f00.grib2,0.0,Already_Downloaded
2015-07-29,00Z,gdas1.fnl.0p25.2015072900.f00.grib2,0.0,Already_Downloaded
2015-07-29,06Z,gdas1.fnl.0p25.2015072906.f00.grib2,0.0,Already_Downloaded
2015-07-29,12Z,gdas1.fnl.0p25.2015072912.f00.grib2,0.0,Already_Downloaded
2015-07-29,18Z,gdas1.fnl.0p25.2015072918.f00.grib2,0.0,Already_Downloaded
2015-07-30,00Z,gdas1.fnl.0p25.2015073000.f00.grib2,0.0,Already_Downloaded
2015-07-30,06Z,gdas1.fnl.0p25.2015073006.f00.grib2,0.0,Already_Downloaded
2015-07-30,12Z,gdas1.fnl.0p25.2015073012.f00.grib2,0.0,Already_Downloaded
2015-07-30,18Z,gdas1.fnl.0p25.2015073018.f00.grib2,0.0,Already_Downloaded
2015-07-31,00Z,gdas1.fnl.0p25.2015073100.f00.grib2,0.0,Already_Downloaded
2015-07-31,06Z,gdas1.fnl.0p25.2015073106.f00.grib2,0.0,Already_Downloaded
2015-07-31,12Z,gdas1.fnl.0p25.2015073112.f00.grib2,0.0,Already_Downloaded
2015-07-31,18Z,gdas1.fnl.0p25.2015073118.f00.grib2,0.0,Already_Downloaded
2015-08-01,00Z,gdas1.fnl.0p25.2015080100.f00.grib2,0.0,Already_Downloaded
2015-08-01,06Z,gdas1.fnl.0p25.2015080106.f00.grib2,0.0,Already_Downloaded
2015-08-01,12Z,gdas1.fnl.0p25.2015080112.f00.grib2,0.0,Already_Downloaded
2015-08-01,18Z,gdas1.fnl.0p25.2015080118.f00.grib2,0.0,Already_Downloaded
2015-08-02,00Z,gdas1.fnl.0p25.2015080200.f00.grib2,0.0,Already_Downloaded
2015-08-02,06Z,gdas1.fnl.0p25.2015080206.f00.grib2,0.0,Already_Downloaded
2015-08-02,12Z,gdas1.fnl.0p25.2015080212.f00.grib2,0.0,Already_Downloaded
2015-08-02,18Z,gdas1.fnl.0p25.2015080218.f00.grib2,0.0,Already_Downloaded
2015-08-03,00Z,gdas1.fnl.0p25.2015080300.f00.grib2,0.0,Already_Downloaded
2015-08-03,06Z,gdas1.fnl.0p25.2015080306.f00.grib2,0.0,Already_Downloaded
2015-08-03,12Z,gdas1.fnl.0p25.2015080312.f00.grib2,0.0,Already_Downloaded
2015-08-03,18Z,gdas1.fnl.0p25.2015080318.f00.grib2,0.0,Already_Downloaded
2015-08-04,00Z,gdas1.fnl.0p25.2015080400.f00.grib2,0.0,Already_Downloaded
2015-08-04,06Z,gdas1.fnl.0p25.2015080406.f00.grib2,0.0,Already_Downloaded
2015-08-04,12Z,gdas1.fnl.0p25.2015080412.f00.grib2,0.0,Already_Downloaded
2015-08-04,18Z,gdas1.fnl.0p25.2015080418.f00.grib2,0.0,Already_Downloaded
2015-08-05,00Z,gdas1.fnl.0p25.2015080500.f00.grib2,0.0,Already_Downloaded
2015-08-05,06Z,gdas1.fnl.0p25.2015080506.f00.grib2,0.0,Already_Downloaded
2015-08-05,12Z,gdas1.fnl.0p25.2015080512.f00.grib2,0.0,Already_Downloaded
2015-08-05,18Z,gdas1.fnl.0p25.2015080518.f00.grib2,0.0,Already_Downloaded
2015-08-06,00Z,gdas1.fnl.0p25.2015080600.f00.grib2,0.0,Already_Downloaded
2015-08-06,06Z,gdas1.fnl.0p25.2015080606.f00.grib2,0.0,Already_Downloaded
2015-08-06,12Z,gdas1.fnl.0p25.2015080612.f00.grib2,0.0,Already_Downloaded
2015-08-06,18Z,gdas1.fnl.0p25.2015080618.f00.grib2,0.0,Already_Downloaded
2015-08-07,00Z,gdas1.fnl.0p25.2015080700.f00.grib2,0.0,Already_Downloaded
2015-08-07,06Z,gdas1.fnl.0p25.2015080706.f00.grib2,0.0,Already_Downloaded
2015-08-07,12Z,gdas1.fnl.0p25.2015080712.f00.grib2,0.0,Already_Downloaded
2015-08-07,18Z,gdas1.fnl.0p25.2015080718.f00.grib2,0.0,Already_Downloaded
2015-08-08,00Z,gdas1.fnl.0p25.2015080800.f00.grib2,0.0,Already_Downloaded
2015-08-08,06Z,gdas1.fnl.0p25.2015080806.f00.grib2,0.0,Already_Downloaded
2015-08-08,12Z,gdas1.fnl.0p25.2015080812.f00.grib2,0.0,Already_Downloaded
2015-08-08,18Z,gdas1.fnl.0p25.2015080818.f00.grib2,0.0,Already_Downloaded
2015-08-09,00Z,gdas1.fnl.0p25.2015080900.f00.grib2,0.0,Already_Downloaded
2015-08-09,06Z,gdas1.fnl.0p25.2015080906.f00.grib2,0.0,Already_Downloaded
2015-08-09,12Z,gdas1.fnl.0p25.2015080912.f00.grib2,0.0,Already_Downloaded
2015-08-09,18Z,gdas1.fnl.0p25.2015080918.f00.grib2,0.0,Already_Downloaded
2015-08-10,00Z,gdas1.fnl.0p25.2015081000.f00.grib2,0.0,Already_Downloaded
2015-08-10,06Z,gdas1.fnl.0p25.2015081006.f00.grib2,0.0,Already_Downloaded
2015-08-10,12Z,gdas1.fnl.0p25.2015081012.f00.grib2,0.0,Already_Downloaded
2015-08-10,18Z,gdas1.fnl.0p25.2015081018.f00.grib2,0.0,Already_Downloaded
2015-08-11,00Z,gdas1.fnl.0p25.2015081100.f00.grib2,0.0,Already_Downloaded
2015-08-11,06Z,gdas1.fnl.0p25.2015081106.f00.grib2,0.0,Already_Downloaded
2015-08-11,12Z,gdas1.fnl.0p25.2015081112.f00.grib2,0.0,Already_Downloaded
2015-08-11,18Z,gdas1.fnl.0p25.2015081118.f00.grib2,0.0,Already_Downloaded
2015-08-12,00Z,gdas1.fnl.0p25.2015081200.f00.grib2,0.0,Already_Downloaded
2015-08-12,06Z,gdas1.fnl.0p25.2015081206.f00.grib2,0.0,Already_Downloaded
2015-08-12,12Z,gdas1.fnl.0p25.2015081212.f00.grib2,0.0,Already_Downloaded
2015-08-12,18Z,gdas1.fnl.0p25.2015081218.f00.grib2,0.0,Already_Downloaded
2015-08-13,00Z,gdas1.fnl.0p25.2015081300.f00.grib2,0.0,Already_Downloaded
2015-08-13,06Z,gdas1.fnl.0p25.2015081306.f00.grib2,0.0,Already_Downloaded
2015-08-13,12Z,gdas1.fnl.0p25.2015081312.f00.grib2,0.0,Already_Downloaded
2015-08-13,18Z,gdas1.fnl.0p25.2015081318.f00.grib2,0.0,Already_Downloaded
2015-08-14,00Z,gdas1.fnl.0p25.2015081400.f00.grib2,0.0,Already_Downloaded
2015-08-14,06Z,gdas1.fnl.0p25.2015081406.f00.grib2,0.0,Already_Downloaded
2015-08-14,12Z,gdas1.fnl.0p25.2015081412.f00.grib2,0.0,Already_Downloaded
2015-08-14,18Z,gdas1.fnl.0p25.2015081418.f00.grib2,0.0,Already_Downloaded
2015-08-15,00Z,gdas1.fnl.0p25.2015081500.f00.grib2,0.0,Already_Downloaded
2015-08-15,06Z,gdas1.fnl.0p25.2015081506.f00.grib2,0.0,Already_Downloaded
2015-08-15,12Z,gdas1.fnl.0p25.2015081512.f00.grib2,0.0,Already_Downloaded
2015-08-15,18Z,gdas1.fnl.0p25.2015081518.f00.grib2,0.0,Already_Downloaded
2015-08-16,00Z,gdas1.fnl.0p25.2015081600.f00.grib2,0.0,Already_Downloaded
2015-08-16,06Z,gdas1.fnl.0p25.2015081606.f00.grib2,0.0,Already_Downloaded
2015-08-16,12Z,gdas1.fnl.0p25.2015081612.f00.grib2,0.0,Already_Downloaded
2015-08-16,18Z,gdas1.fnl.0p25.2015081618.f00.grib2,0.0,Already_Downloaded
2015-08-17,00Z,gdas1.fnl.0p25.2015081700.f00.grib2,0.0,Already_Downloaded
2015-08-17,06Z,gdas1.fnl.0p25.2015081706.f00.grib2,0.0,Already_Downloaded
2015-08-17,12Z,gdas1.fnl.0p25.2015081712.f00.grib2,0.0,Already_Downloaded
2015-08-17,18Z,gdas1.fnl.0p25.2015081718.f00.grib2,0.0,Already_Downloaded
2015-08-18,00Z,gdas1.fnl.0p25.2015081800.f00.grib2,0.0,Already_Downloaded
2015-08-18,06Z,gdas1.fnl.0p25.2015081806.f00.grib2,0.0,Already_Downloaded
2015-08-18,12Z,gdas1.fnl.0p25.2015081812.f00.grib2,0.0,Already_Downloaded
2015-08-18,18Z,gdas1.fnl.0p25.2015081818.f00.grib2,0.0,Already_Downloaded
2015-08-19,00Z,gdas1.fnl.0p25.2015081900.f00.grib2,0.0,Already_Downloaded
2015-08-19,06Z,gdas1.fnl.0p25.2015081906.f00.grib2,0.0,Already_Downloaded
2015-08-19,12Z,gdas1.fnl.0p25.2015081912.f00.grib2,0.0,Already_Downloaded
2015-08-19,18Z,gdas1.fnl.0p25.2015081918.f00.grib2,0.0,Already_Downloaded
2015-08-20,00Z,gdas1.fnl.0p25.2015082000.f00.grib2,0.0,Already_Downloaded
2015-08-20,06Z,gdas1.fnl.0p25.2015082006.f00.grib2,0.0,Already_Downloaded
2015-08-20,12Z,gdas1.fnl.0p25.2015082012.f00.grib2,0.0,Already_Downloaded
2015-08-20,18Z,gdas1.fnl.0p25.2015082018.f00.grib2,0.0,Already_Downloaded
2015-08-21,00Z,gdas1.fnl.0p25.2015082100.f00.grib2,0.0,Already_Downloaded
2015-08-21,06Z,gdas1.fnl.0p25.2015082106.f00.grib2,0.0,Already_Downloaded
2015-08-21,12Z,gdas1.fnl.0p25.2015082112.f00.grib2,0.0,Already_Downloaded
2015-08-21,18Z,gdas1.fnl.0p25.2015082118.f00.grib2,0.0,Already_Downloaded
2015-08-22,00Z,gdas1.fnl.0p25.2015082200.f00.grib2,0.0,Already_Downloaded
2015-08-22,06Z,gdas1.fnl.0p25.2015082206.f00.grib2,0.0,Already_Downloaded
2015-08-22,12Z,gdas1.fnl.0p25.2015082212.f00.grib2,0.0,Already_Downloaded
2015-08-22,18Z,gdas1.fnl.0p25.2015082218.f00.grib2,0.0,Already_Downloaded
2015-08-23,00Z,gdas1.fnl.0p25.2015082300.f00.grib2,0.0,Already_Downloaded
2015-08-23,06Z,gdas1.fnl.0p25.2015082306.f00.grib2,0.0,Already_Downloaded
2015-08-23,12Z,gdas1.fnl.0p25.2015082312.f00.grib2,0.0,Already_Downloaded
2015-08-23,18Z,gdas1.fnl.0p25.2015082318.f00.grib2,0.0,Already_Downloaded
2015-08-24,00Z,gdas1.fnl.0p25.2015082400.f00.grib2,0.0,Already_Downloaded
2015-08-24,06Z,gdas1.fnl.0p25.2015082406.f00.grib2,0.0,Already_Downloaded
2015-08-24,12Z,gdas1.fnl.0p25.2015082412.f00.grib2,0.0,Already_Downloaded
2015-08-24,18Z,gdas1.fnl.0p25.2015082418.f00.grib2,0.0,Already_Downloaded
2015-08-25,00Z,gdas1.fnl.0p25.2015082500.f00.grib2,0.0,Already_Downloaded
2015-08-25,06Z,gdas1.fnl.0p25.2015082506.f00.grib2,0.0,Already_Downloaded
2015-08-25,12Z,gdas1.fnl.0p25.2015082512.f00.grib2,0.0,Already_Downloaded
2015-08-25,18Z,gdas1.fnl.0p25.2015082518.f00.grib2,0.0,Already_Downloaded
2015-08-26,00Z,gdas1.fnl.0p25.2015082600.f00.grib2,0.0,Already_Downloaded
2015-08-26,06Z,gdas1.fnl.0p25.2015082606.f00.grib2,0.0,Already_Downloaded
2015-08-26,12Z,gdas1.fnl.0p25.2015082612.f00.grib2,0.0,Already_Downloaded
2015-08-26,18Z,gdas1.fnl.0p25.2015082618.f00.grib2,0.0,Already_Downloaded
2015-08-27,00Z,gdas1.fnl.0p25.2015082700.f00.grib2,0.0,Already_Downloaded
2015-08-27,06Z,gdas1.fnl.0p25.2015082706.f00.grib2,0.0,Already_Downloaded
2015-08-27,12Z,gdas1.fnl.0p25.2015082712.f00.grib2,0.0,Already_Downloaded
2015-08-27,18Z,gdas1.fnl.0p25.2015082718.f00.grib2,0.0,Already_Downloaded
2015-08-28,00Z,gdas1.fnl.0p25.2015082800.f00.grib2,0.0,Already_Downloaded
2015-08-28,06Z,gdas1.fnl.0p25.2015082806.f00.grib2,0.0,Already_Downloaded
2015-08-28,12Z,gdas1.fnl.0p25.2015082812.f00.grib2,0.0,Already_Downloaded
2015-08-28,18Z,gdas1.fnl.0p25.2015082818.f00.grib2,0.0,Already_Downloaded
2015-08-29,00Z,gdas1.fnl.0p25.2015082900.f00.grib2,0.0,Already_Downloaded
2015-08-29,06Z,gdas1.fnl.0p25.2015082906.f00.grib2,0.0,Already_Downloaded
2015-08-29,12Z,gdas1.fnl.0p25.2015082912.f00.grib2,0.0,Already_Downloaded
2015-08-29,18Z,gdas1.fnl.0p25.2015082918.f00.grib2,0.0,Already_Downloaded
2015-08-30,00Z,gdas1.fnl.0p25.2015083000.f00.grib2,0.0,Already_Downloaded
2015-08-30,06Z,gdas1.fnl.0p25.2015083006.f00.grib2,0.0,Already_Downloaded
2015-08-30,12Z,gdas1.fnl.0p25.2015083012.f00.grib2,0.0,Already_Downloaded
2015-08-30,18Z,gdas1.fnl.0p25.2015083018.f00.grib2,0.0,Already_Downloaded
2015-08-31,00Z,gdas1.fnl.0p25.2015083100.f00.grib2,0.0,Already_Downloaded
2015-08-31,06Z,gdas1.fnl.0p25.2015083106.f00.grib2,0.0,Already_Downloaded
2015-08-31,12Z,gdas1.fnl.0p25.2015083112.f00.grib2,0.0,Already_Downloaded
2015-08-31,18Z,gdas1.fnl.0p25.2015083118.f00.grib2,0.0,Already_Downloaded
2015-09-01,00Z,gdas1.fnl.0p25.2015090100.f00.grib2,0.0,Already_Downloaded
2015-09-01,06Z,gdas1.fnl.0p25.2015090106.f00.grib2,0.0,Already_Downloaded
2015-09-01,12Z,gdas1.fnl.0p25.2015090112.f00.grib2,0.0,Already_Downloaded
2015-09-01,18Z,gdas1.fnl.0p25.2015090118.f00.grib2,0.0,Already_Downloaded
2015-09-02,00Z,gdas1.fnl.0p25.2015090200.f00.grib2,0.0,Already_Downloaded
2015-09-02,06Z,gdas1.fnl.0p25.2015090206.f00.grib2,0.0,Already_Downloaded
2015-09-02,12Z,gdas1.fnl.0p25.2015090212.f00.grib2,0.0,Already_Downloaded
2015-09-02,18Z,gdas1.fnl.0p25.2015090218.f00.grib2,0.0,Already_Downloaded
2015-09-03,00Z,gdas1.fnl.0p25.2015090300.f00.grib2,0.0,Already_Downloaded
2015-09-03,06Z,gdas1.fnl.0p25.2015090306.f00.grib2,0.0,Already_Downloaded
2015-09-03,12Z,gdas1.fnl.0p25.2015090312.f00.grib2,0.0,Already_Downloaded
2015-09-03,18Z,gdas1.fnl.0p25.2015090318.f00.grib2,0.0,Already_Downloaded
2015-09-04,00Z,gdas1.fnl.0p25.2015090400.f00.grib2,0.0,Already_Downloaded
2015-09-04,06Z,gdas1.fnl.0p25.2015090406.f00.grib2,0.0,Already_Downloaded
2015-09-04,12Z,gdas1.fnl.0p25.2015090412.f00.grib2,0.0,Already_Downloaded
2015-09-04,18Z,gdas1.fnl.0p25.2015090418.f00.grib2,0.0,Already_Downloaded
2015-09-05,00Z,gdas1.fnl.0p25.2015090500.f00.grib2,0.0,Already_Downloaded
2015-09-05,06Z,gdas1.fnl.0p25.2015090506.f00.grib2,0.0,Already_Downloaded
2015-09-05,12Z,gdas1.fnl.0p25.2015090512.f00.grib2,0.0,Already_Downloaded
2015-09-05,18Z,gdas1.fnl.0p25.2015090518.f00.grib2,0.0,Already_Downloaded
2015-09-06,00Z,gdas1.fnl.0p25.2015090600.f00.grib2,0.0,Already_Downloaded
2015-09-06,06Z,gdas1.fnl.0p25.2015090606.f00.grib2,0.0,Already_Downloaded
2015-09-06,12Z,gdas1.fnl.0p25.2015090612.f00.grib2,0.0,Already_Downloaded
2015-09-06,18Z,gdas1.fnl.0p25.2015090618.f00.grib2,0.0,Already_Downloaded
2015-09-07,00Z,gdas1.fnl.0p25.2015090700.f00.grib2,0.0,Already_Downloaded
2015-09-07,06Z,gdas1.fnl.0p25.2015090706.f00.grib2,0.0,Already_Downloaded
2015-09-07,12Z,gdas1.fnl.0p25.2015090712.f00.grib2,0.0,Already_Downloaded
2015-09-07,18Z,gdas1.fnl.0p25.2015090718.f00.grib2,0.0,Already_Downloaded
2015-09-08,00Z,gdas1.fnl.0p25.2015090800.f00.grib2,0.0,Already_Downloaded
2015-09-08,06Z,gdas1.fnl.0p25.2015090806.f00.grib2,0.0,Already_Downloaded
2015-09-08,12Z,gdas1.fnl.0p25.2015090812.f00.grib2,0.0,Already_Downloaded
2015-09-08,18Z,gdas1.fnl.0p25.2015090818.f00.grib2,0.0,Already_Downloaded
2015-09-09,00Z,gdas1.fnl.0p25.2015090900.f00.grib2,0.0,Already_Downloaded
2015-09-09,06Z,gdas1.fnl.0p25.2015090906.f00.grib2,0.0,Already_Downloaded
2015-09-09,12Z,gdas1.fnl.0p25.2015090912.f00.grib2,0.0,Already_Downloaded
2015-09-09,18Z,gdas1.fnl.0p25.2015090918.f00.grib2,0.0,Already_Downloaded
2015-09-10,00Z,gdas1.fnl.0p25.2015091000.f00.grib2,0.0,Already_Downloaded
2015-09-10,06Z,gdas1.fnl.0p25.2015091006.f00.grib2,0.0,Already_Downloaded
2015-09-10,12Z,gdas1.fnl.0p25.2015091012.f00.grib2,0.0,Already_Downloaded
2015-09-10,18Z,gdas1.fnl.0p25.2015091018.f00.grib2,0.0,Already_Downloaded
2015-09-11,00Z,gdas1.fnl.0p25.2015091100.f00.grib2,0.0,Already_Downloaded
2015-09-11,06Z,gdas1.fnl.0p25.2015091106.f00.grib2,0.0,Already_Downloaded
2015-09-11,12Z,gdas1.fnl.0p25.2015091112.f00.grib2,0.0,Already_Downloaded
2015-09-11,18Z,gdas1.fnl.0p25.2015091118.f00.grib2,0.0,Already_Downloaded
2015-09-12,00Z,gdas1.fnl.0p25.2015091200.f00.grib2,0.0,Already_Downloaded
2015-09-12,06Z,gdas1.fnl.0p25.2015091206.f00.grib2,0.0,Already_Downloaded
2015-09-12,12Z,gdas1.fnl.0p25.2015091212.f00.grib2,0.0,Already_Downloaded
2015-09-12,18Z,gdas1.fnl.0p25.2015091218.f00.grib2,0.0,Already_Downloaded
2015-09-13,00Z,gdas1.fnl.0p25.2015091300.f00.grib2,0.0,Already_Downloaded
2015-09-13,06Z,gdas1.fnl.0p25.2015091306.f00.grib2,0.0,Already_Downloaded
2015-09-13,12Z,gdas1.fnl.0p25.2015091312.f00.grib2,0.0,Already_Downloaded
2015-09-13,18Z,gdas1.fnl.0p25.2015091318.f00.grib2,0.0,Already_Downloaded
2015-09-14,00Z,gdas1.fnl.0p25.2015091400.f00.grib2,0.0,Already_Downloaded
2015-09-14,06Z,gdas1.fnl.0p25.2015091406.f00.grib2,0.0,Already_Downloaded
2015-09-14,12Z,gdas1.fnl.0p25.2015091412.f00.grib2,0.0,Already_Downloaded
2015-09-14,18Z,gdas1.fnl.0p25.2015091418.f00.grib2,0.0,Already_Downloaded
2015-09-15,00Z,gdas1.fnl.0p25.2015091500.f00.grib2,0.0,Already_Downloaded
2015-09-15,06Z,gdas1.fnl.0p25.2015091506.f00.grib2,0.0,Already_Downloaded
2015-09-15,12Z,gdas1.fnl.0p25.2015091512.f00.grib2,0.0,Already_Downloaded
2015-09-15,18Z,gdas1.fnl.0p25.2015091518.f00.grib2,0.0,Already_Downloaded
2015-09-16,00Z,gdas1.fnl.0p25.2015091600.f00.grib2,0.0,Already_Downloaded
2015-09-16,06Z,gdas1.fnl.0p25.2015091606.f00.grib2,0.0,Already_Downloaded
2015-09-16,12Z,gdas1.fnl.0p25.2015091612.f00.grib2,0.0,Already_Downloaded
2015-09-16,18Z,gdas1.fnl.0p25.2015091618.f00.grib2,0.0,Already_Downloaded
2015-09-17,00Z,gdas1.fnl.0p25.2015091700.f00.grib2,0.0,Already_Downloaded
2015-09-17,06Z,gdas1.fnl.0p25.2015091706.f00.grib2,0.0,Already_Downloaded
2015-09-17,12Z,gdas1.fnl.0p25.2015091712.f00.grib2,0.0,Already_Downloaded
2015-09-17,18Z,gdas1.fnl.0p25.2015091718.f00.grib2,0.0,Already_Downloaded
2015-09-18,00Z,gdas1.fnl.0p25.2015091800.f00.grib2,0.0,Already_Downloaded
2015-09-18,06Z,gdas1.fnl.0p25.2015091806.f00.grib2,0.0,Already_Downloaded
2015-09-18,12Z,gdas1.fnl.0p25.2015091812.f00.grib2,0.0,Already_Downloaded
2015-09-18,18Z,gdas1.fnl.0p25.2015091818.f00.grib2,0.0,Already_Downloaded
2015-09-19,00Z,gdas1.fnl.0p25.2015091900.f00.grib2,0.0,Already_Downloaded
2015-09-19,06Z,gdas1.fnl.0p25.2015091906.f00.grib2,0.0,Already_Downloaded
2015-09-19,12Z,gdas1.fnl.0p25.2015091912.f00.grib2,0.0,Already_Downloaded
2015-09-19,18Z,gdas1.fnl.0p25.2015091918.f00.grib2,0.0,Already_Downloaded
2015-09-20,00Z,gdas1.fnl.0p25.2015092000.f00.grib2,0.0,Already_Downloaded
2015-09-20,06Z,gdas1.fnl.0p25.2015092006.f00.grib2,0.0,Already_Downloaded
2015-09-20,12Z,gdas1.fnl.0p25.2015092012.f00.grib2,0.0,Already_Downloaded
2015-09-20,18Z,gdas1.fnl.0p25.2015092018.f00.grib2,0.0,Already_Downloaded
2015-09-21,00Z,gdas1.fnl.0p25.2015092100.f00.grib2,0.0,Already_Downloaded
2015-09-21,06Z,gdas1.fnl.0p25.2015092106.f00.grib2,0.0,Already_Downloaded
2015-09-21,12Z,gdas1.fnl.0p25.2015092112.f00.grib2,0.0,Already_Downloaded
2015-09-21,18Z,gdas1.fnl.0p25.2015092118.f00.grib2,0.0,Already_Downloaded
2015-09-22,00Z,gdas1.fnl.0p25.2015092200.f00.grib2,0.0,Already_Downloaded
2015-09-22,06Z,gdas1.fnl.0p25.2015092206.f00.grib2,0.0,Already_Downloaded
2015-09-22,12Z,gdas1.fnl.0p25.2015092212.f00.grib2,0.0,Already_Downloaded
2015-09-22,18Z,gdas1.fnl.0p25.2015092218.f00.grib2,0.0,Already_Downloaded
2015-09-23,00Z,gdas1.fnl.0p25.2015092300.f00.grib2,0.0,Already_Downloaded
2015-09-23,06Z,gdas1.fnl.0p25.2015092306.f00.grib2,0.0,Already_Downloaded
2015-09-23,12Z,gdas1.fnl.0p25.2015092312.f00.grib2,0.0,Already_Downloaded
2015-09-23,18Z,gdas1.fnl.0p25.2015092318.f00.grib2,0.0,Already_Downloaded
2015-09-24,00Z,gdas1.fnl.0p25.2015092400.f00.grib2,0.0,Already_Downloaded
2015-09-24,06Z,gdas1.fnl.0p25.2015092406.f00.grib2,0.0,Already_Downloaded
2015-09-24,12Z,gdas1.fnl.0p25.2015092412.f00.grib2,0.0,Already_Downloaded
2015-09-24,18Z,gdas1.fnl.0p25.2015092418.f00.grib2,0.0,Already_Downloaded
2015-09-25,00Z,gdas1.fnl.0p25.2015092500.f00.grib2,0.0,Already_Downloaded
2015-09-25,06Z,gdas1.fnl.0p25.2015092506.f00.grib2,0.0,Already_Downloaded
2015-09-25,12Z,gdas1.fnl.0p25.2015092512.f00.grib2,0.0,Already_Downloaded
2015-09-25,18Z,gdas1.fnl.0p25.2015092518.f00.grib2,0.0,Already_Downloaded
2015-09-26,00Z,gdas1.fnl.0p25.2015092600.f00.grib2,0.0,Already_Downloaded
2015-09-26,06Z,gdas1.fnl.0p25.2015092606.f00.grib2,0.0,Already_Downloaded
2015-09-26,12Z,gdas1.fnl.0p25.2015092612.f00.grib2,0.0,Already_Downloaded
2015-09-26,18Z,gdas1.fnl.0p25.2015092618.f00.grib2,0.0,Already_Downloaded
2015-09-27,00Z,gdas1.fnl.0p25.2015092700.f00.grib2,0.0,Already_Downloaded
2015-09-27,06Z,gdas1.fnl.0p25.2015092706.f00.grib2,0.0,Already_Downloaded
2015-09-27,12Z,gdas1.fnl.0p25.2015092712.f00.grib2,0.0,Already_Downloaded
2015-09-27,18Z,gdas1.fnl.0p25.2015092718.f00.grib2,0.0,Already_Downloaded
2015-09-28,00Z,gdas1.fnl.0p25.2015092800.f00.grib2,0.0,Already_Downloaded
2015-09-28,06Z,gdas1.fnl.0p25.2015092806.f00.grib2,0.0,Already_Downloaded
2015-09-28,12Z,gdas1.fnl.0p25.2015092812.f00.grib2,0.0,Already_Downloaded
2015-09-28,18Z,gdas1.fnl.0p25.2015092818.f00.grib2,0.0,Already_Downloaded
2015-09-29,00Z,gdas1.fnl.0p25.2015092900.f00.grib2,0.0,Already_Downloaded
2015-09-29,06Z,gdas1.fnl.0p25.2015092906.f00.grib2,0.0,Already_Downloaded
2015-09-29,12Z,gdas1.fnl.0p25.2015092912.f00.grib2,0.0,Already_Downloaded
2015-09-29,18Z,gdas1.fnl.0p25.2015092918.f00.grib2,0.0,Already_Downloaded
2015-09-30,00Z,gdas1.fnl.0p25.2015093000.f00.grib2,0.0,Already_Downloaded
2015-09-30,06Z,gdas1.fnl.0p25.2015093006.f00.grib2,0.0,Already_Downloaded
2015-09-30,12Z,gdas1.fnl.0p25.2015093012.f00.grib2,0.0,Already_Downloaded
2015-09-30,18Z,gdas1.fnl.0p25.2015093018.f00.grib2,0.0,Already_Downloaded
2015-10-01,00Z,gdas1.fnl.0p25.2015100100.f00.grib2,0.0,Already_Downloaded
2015-10-01,06Z,gdas1.fnl.0p25.2015100106.f00.grib2,0.0,Already_Downloaded
2015-10-01,12Z,gdas1.fnl.0p25.2015100112.f00.grib2,0.0,Already_Downloaded
2015-10-01,18Z,gdas1.fnl.0p25.2015100118.f00.grib2,0.0,Already_Downloaded
2015-10-02,00Z,gdas1.fnl.0p25.2015100200.f00.grib2,0.0,Already_Downloaded
2015-10-02,06Z,gdas1.fnl.0p25.2015100206.f00.grib2,0.0,Already_Downloaded
2015-10-02,12Z,gdas1.fnl.0p25.2015100212.f00.grib2,0.0,Already_Downloaded
2015-10-02,18Z,gdas1.fnl.0p25.2015100218.f00.grib2,0.0,Already_Downloaded
2015-10-03,00Z,gdas1.fnl.0p25.2015100300.f00.grib2,0.0,Already_Downloaded
2015-10-03,06Z,gdas1.fnl.0p25.2015100306.f00.grib2,0.0,Already_Downloaded
2015-10-03,12Z,gdas1.fnl.0p25.2015100312.f00.grib2,0.0,Already_Downloaded
2015-10-03,18Z,gdas1.fnl.0p25.2015100318.f00.grib2,0.0,Already_Downloaded
2015-10-04,00Z,gdas1.fnl.0p25.2015100400.f00.grib2,0.0,Already_Downloaded
2015-10-04,06Z,gdas1.fnl.0p25.2015100406.f00.grib2,0.0,Already_Downloaded
2015-10-04,12Z,gdas1.fnl.0p25.2015100412.f00.grib2,0.0,Already_Downloaded
2015-10-04,18Z,gdas1.fnl.0p25.2015100418.f00.grib2,0.0,Already_Downloaded
2015-10-05,00Z,gdas1.fnl.0p25.2015100500.f00.grib2,0.0,Already_Downloaded
2015-10-05,06Z,gdas1.fnl.0p25.2015100506.f00.grib2,0.0,Already_Downloaded
2015-10-05,12Z,gdas1.fnl.0p25.2015100512.f00.grib2,0.0,Already_Downloaded
2015-10-05,18Z,gdas1.fnl.0p25.2015100518.f00.grib2,0.0,Already_Downloaded
2015-10-06,00Z,gdas1.fnl.0p25.2015100600.f00.grib2,0.0,Already_Downloaded
2015-10-06,06Z,gdas1.fnl.0p25.2015100606.f00.grib2,0.0,Already_Downloaded
2015-10-06,12Z,gdas1.fnl.0p25.2015100612.f00.grib2,0.0,Already_Downloaded
2015-10-06,18Z,gdas1.fnl.0p25.2015100618.f00.grib2,0.0,Already_Downloaded
2015-10-07,00Z,gdas1.fnl.0p25.2015100700.f00.grib2,0.0,Already_Downloaded
2015-10-07,06Z,gdas1.fnl.0p25.2015100706.f00.grib2,0.0,Already_Downloaded
2015-10-07,12Z,gdas1.fnl.0p25.2015100712.f00.grib2,0.0,Already_Downloaded
2015-10-07,18Z,gdas1.fnl.0p25.2015100718.f00.grib2,0.0,Already_Downloaded
2015-10-08,00Z,gdas1.fnl.0p25.2015100800.f00.grib2,0.0,Already_Downloaded
2015-10-08,06Z,gdas1.fnl.0p25.2015100806.f00.grib2,0.0,Already_Downloaded
2015-10-08,12Z,gdas1.fnl.0p25.2015100812.f00.grib2,0.0,Already_Downloaded
2015-10-08,18Z,gdas1.fnl.0p25.2015100818.f00.grib2,0.0,Already_Downloaded
2015-10-09,00Z,gdas1.fnl.0p25.2015100900.f00.grib2,0.0,Already_Downloaded
2015-10-09,06Z,gdas1.fnl.0p25.2015100906.f00.grib2,0.0,Already_Downloaded
2015-10-09,12Z,gdas1.fnl.0p25.2015100912.f00.grib2,0.0,Already_Downloaded
2015-10-09,18Z,gdas1.fnl.0p25.2015100918.f00.grib2,0.0,Already_Downloaded
2015-10-10,00Z,gdas1.fnl.0p25.2015101000.f00.grib2,0.0,Already_Downloaded
2015-10-10,06Z,gdas1.fnl.0p25.2015101006.f00.grib2,0.0,Already_Downloaded
2015-10-10,12Z,gdas1.fnl.0p25.2015101012.f00.grib2,0.0,Already_Downloaded
2015-10-10,18Z,gdas1.fnl.0p25.2015101018.f00.grib2,0.0,Already_Downloaded
2015-10-11,00Z,gdas1.fnl.0p25.2015101100.f00.grib2,0.0,Already_Downloaded
2015-10-11,06Z,gdas1.fnl.0p25.2015101106.f00.grib2,0.0,Already_Downloaded
2015-10-11,12Z,gdas1.fnl.0p25.2015101112.f00.grib2,0.0,Already_Downloaded
2015-10-11,18Z,gdas1.fnl.0p25.2015101118.f00.grib2,0.0,Already_Downloaded
2015-10-12,00Z,gdas1.fnl.0p25.2015101200.f00.grib2,0.0,Already_Downloaded
2015-10-12,06Z,gdas1.fnl.0p25.2015101206.f00.grib2,0.0,Already_Downloaded
2015-10-12,12Z,gdas1.fnl.0p25.2015101212.f00.grib2,0.0,Already_Downloaded
2015-10-12,18Z,gdas1.fnl.0p25.2015101218.f00.grib2,0.0,Already_Downloaded
2015-10-13,00Z,gdas1.fnl.0p25.2015101300.f00.grib2,0.0,Already_Downloaded
2015-10-13,06Z,gdas1.fnl.0p25.2015101306.f00.grib2,0.0,Already_Downloaded
2015-10-13,12Z,gdas1.fnl.0p25.2015101312.f00.grib2,0.0,Already_Downloaded
2015-10-13,18Z,gdas1.fnl.0p25.2015101318.f00.grib2,0.0,Already_Downloaded
2015-10-14,00Z,gdas1.fnl.0p25.2015101400.f00.grib2,0.0,Already_Downloaded
2015-10-14,06Z,gdas1.fnl.0p25.2015101406.f00.grib2,0.0,Already_Downloaded
2015-10-14,12Z,gdas1.fnl.0p25.2015101412.f00.grib2,0.0,Already_Downloaded
2015-10-14,18Z,gdas1.fnl.0p25.2015101418.f00.grib2,0.0,Already_Downloaded
2015-10-15,00Z,gdas1.fnl.0p25.2015101500.f00.grib2,0.0,Already_Downloaded
2015-10-15,06Z,gdas1.fnl.0p25.2015101506.f00.grib2,0.0,Already_Downloaded
2015-10-15,12Z,gdas1.fnl.0p25.2015101512.f00.grib2,0.0,Already_Downloaded
2015-10-15,18Z,gdas1.fnl.0p25.2015101518.f00.grib2,0.0,Already_Downloaded
2015-10-16,00Z,gdas1.fnl.0p25.2015101600.f00.grib2,0.0,Already_Downloaded
2015-10-16,06Z,gdas1.fnl.0p25.2015101606.f00.grib2,0.0,Already_Downloaded
2015-10-16,12Z,gdas1.fnl.0p25.2015101612.f00.grib2,0.0,Already_Downloaded
2015-10-16,18Z,gdas1.fnl.0p25.2015101618.f00.grib2,0.0,Already_Downloaded
2015-10-17,00Z,gdas1.fnl.0p25.2015101700.f00.grib2,0.0,Already_Downloaded
2015-10-17,06Z,gdas1.fnl.0p25.2015101706.f00.grib2,0.0,Already_Downloaded
2015-10-17,12Z,gdas1.fnl.0p25.2015101712.f00.grib2,0.0,Already_Downloaded
2015-10-17,18Z,gdas1.fnl.0p25.2015101718.f00.grib2,0.0,Already_Downloaded
2015-10-18,00Z,gdas1.fnl.0p25.2015101800.f00.grib2,0.0,Already_Downloaded
2015-10-18,06Z,gdas1.fnl.0p25.2015101806.f00.grib2,0.0,Already_Downloaded
2015-10-18,12Z,gdas1.fnl.0p25.2015101812.f00.grib2,0.0,Already_Downloaded
2015-10-18,18Z,gdas1.fnl.0p25.2015101818.f00.grib2,0.0,Already_Downloaded
2015-10-19,00Z,gdas1.fnl.0p25.2015101900.f00.grib2,0.0,Already_Downloaded
2015-10-19,06Z,gdas1.fnl.0p25.2015101906.f00.grib2,0.0,Already_Downloaded
2015-10-19,12Z,gdas1.fnl.0p25.2015101912.f00.grib2,0.0,Already_Downloaded
2015-10-19,18Z,gdas1.fnl.0p25.2015101918.f00.grib2,0.0,Already_Downloaded
2015-10-20,00Z,gdas1.fnl.0p25.2015102000.f00.grib2,0.0,Already_Downloaded
2015-10-20,06Z,gdas1.fnl.0p25.2015102006.f00.grib2,0.0,Already_Downloaded
2015-10-20,12Z,gdas1.fnl.0p25.2015102012.f00.grib2,0.0,Already_Downloaded
2015-10-20,18Z,gdas1.fnl.0p25.2015102018.f00.grib2,0.0,Already_Downloaded
2015-10-21,00Z,gdas1.fnl.0p25.2015102100.f00.grib2,0.0,Already_Downloaded
2015-10-21,06Z,gdas1.fnl.0p25.2015102106.f00.grib2,0.0,Already_Downloaded
2015-10-21,12Z,gdas1.fnl.0p25.2015102112.f00.grib2,0.0,Already_Downloaded
2015-10-21,18Z,gdas1.fnl.0p25.2015102118.f00.grib2,0.0,Already_Downloaded
2015-10-22,00Z,gdas1.fnl.0p25.2015102200.f00.grib2,0.0,Already_Downloaded
2015-10-22,06Z,gdas1.fnl.0p25.2015102206.f00.grib2,0.0,Already_Downloaded
2015-10-22,12Z,gdas1.fnl.0p25.2015102212.f00.grib2,0.0,Already_Downloaded
2015-10-22,18Z,gdas1.fnl.0p25.2015102218.f00.grib2,0.0,Already_Downloaded
2015-10-23,00Z,gdas1.fnl.0p25.2015102300.f00.grib2,0.0,Already_Downloaded
2015-10-23,06Z,gdas1.fnl.0p25.2015102306.f00.grib2,0.0,Already_Downloaded
2015-10-23,12Z,gdas1.fnl.0p25.2015102312.f00.grib2,0.0,Already_Downloaded
2015-10-23,18Z,gdas1.fnl.0p25.2015102318.f00.grib2,0.0,Already_Downloaded
2015-10-24,00Z,gdas1.fnl.0p25.2015102400.f00.grib2,0.0,Already_Downloaded
2015-10-24,06Z,gdas1.fnl.0p25.2015102406.f00.grib2,0.0,Already_Downloaded
2015-10-24,12Z,gdas1.fnl.0p25.2015102412.f00.grib2,0.0,Already_Downloaded
2015-10-24,18Z,gdas1.fnl.0p25.2015102418.f00.grib2,0.0,Already_Downloaded
2015-10-25,00Z,gdas1.fnl.0p25.2015102500.f00.grib2,0.0,Already_Downloaded
2015-10-25,06Z,gdas1.fnl.0p25.2015102506.f00.grib2,0.0,Already_Downloaded
2015-10-25,12Z,gdas1.fnl.0p25.2015102512.f00.grib2,0.0,Already_Downloaded
2015-10-25,18Z,gdas1.fnl.0p25.2015102518.f00.grib2,0.0,Already_Downloaded
2015-10-26,00Z,gdas1.fnl.0p25.2015102600.f00.grib2,0.0,Already_Downloaded
2015-10-26,06Z,gdas1.fnl.0p25.2015102606.f00.grib2,0.0,Already_Downloaded
2015-10-26,12Z,gdas1.fnl.0p25.2015102612.f00.grib2,0.0,Already_Downloaded
2015-10-26,18Z,gdas1.fnl.0p25.2015102618.f00.grib2,0.0,Already_Downloaded
2015-10-27,00Z,gdas1.fnl.0p25.2015102700.f00.grib2,0.0,Already_Downloaded
2015-10-27,06Z,gdas1.fnl.0p25.2015102706.f00.grib2,0.0,Already_Downloaded
2015-10-27,12Z,gdas1.fnl.0p25.2015102712.f00.grib2,0.0,Already_Downloaded
2015-10-27,18Z,gdas1.fnl.0p25.2015102718.f00.grib2,0.0,Already_Downloaded
2015-10-28,00Z,gdas1.fnl.0p25.2015102800.f00.grib2,0.0,Already_Downloaded
2015-10-28,06Z,gdas1.fnl.0p25.2015102806.f00.grib2,0.0,Already_Downloaded
2015-10-28,12Z,gdas1.fnl.0p25.2015102812.f00.grib2,0.0,Already_Downloaded
2015-10-28,18Z,gdas1.fnl.0p25.2015102818.f00.grib2,0.0,Already_Downloaded
2015-10-29,00Z,gdas1.fnl.0p25.2015102900.f00.grib2,0.0,Already_Downloaded
2015-10-29,06Z,gdas1.fnl.0p25.2015102906.f00.grib2,0.0,Already_Downloaded
2015-10-29,12Z,gdas1.fnl.0p25.2015102912.f00.grib2,0.0,Already_Downloaded
2015-10-29,18Z,gdas1.fnl.0p25.2015102918.f00.grib2,0.0,Already_Downloaded
2015-10-30,00Z,gdas1.fnl.0p25.2015103000.f00.grib2,0.0,Already_Downloaded
2015-10-30,06Z,gdas1.fnl.0p25.2015103006.f00.grib2,0.0,Already_Downloaded
2015-10-30,12Z,gdas1.fnl.0p25.2015103012.f00.grib2,0.0,Already_Downloaded
2015-10-30,18Z,gdas1.fnl.0p25.2015103018.f00.grib2,0.0,Already_Downloaded
2015-10-31,00Z,gdas1.fnl.0p25.2015103100.f00.grib2,0.0,Already_Downloaded
2015-10-31,06Z,gdas1.fnl.0p25.2015103106.f00.grib2,0.0,Already_Downloaded
2015-10-31,12Z,gdas1.fnl.0p25.2015103112.f00.grib2,0.0,Already_Downloaded
2015-10-31,18Z,gdas1.fnl.0p25.2015103118.f00.grib2,0.0,Already_Downloaded
2015-11-01,00Z,gdas1.fnl.0p25.2015110100.f00.grib2,0.0,Already_Downloaded
2015-11-01,06Z,gdas1.fnl.0p25.2015110106.f00.grib2,0.0,Already_Downloaded
2015-11-01,12Z,gdas1.fnl.0p25.2015110112.f00.grib2,0.0,Already_Downloaded
2015-11-01,18Z,gdas1.fnl.0p25.2015110118.f00.grib2,0.0,Already_Downloaded
2015-11-02,00Z,gdas1.fnl.0p25.2015110200.f00.grib2,0.0,Already_Downloaded
2015-11-02,06Z,gdas1.fnl.0p25.2015110206.f00.grib2,0.0,Already_Downloaded
2015-11-02,12Z,gdas1.fnl.0p25.2015110212.f00.grib2,0.0,Already_Downloaded
2015-11-02,18Z,gdas1.fnl.0p25.2015110218.f00.grib2,0.0,Already_Downloaded
2015-11-03,00Z,gdas1.fnl.0p25.2015110300.f00.grib2,0.0,Already_Downloaded
2015-11-03,06Z,gdas1.fnl.0p25.2015110306.f00.grib2,0.0,Already_Downloaded
2015-11-03,12Z,gdas1.fnl.0p25.2015110312.f00.grib2,0.0,Already_Downloaded
2015-11-03,18Z,gdas1.fnl.0p25.2015110318.f00.grib2,0.0,Already_Downloaded
2015-11-04,00Z,gdas1.fnl.0p25.2015110400.f00.grib2,0.0,Already_Downloaded
2015-11-04,06Z,gdas1.fnl.0p25.2015110406.f00.grib2,0.0,Already_Downloaded
2015-11-04,12Z,gdas1.fnl.0p25.2015110412.f00.grib2,0.0,Already_Downloaded
2015-11-04,18Z,gdas1.fnl.0p25.2015110418.f00.grib2,0.0,Already_Downloaded
2015-11-05,00Z,gdas1.fnl.0p25.2015110500.f00.grib2,0.0,Already_Downloaded
2015-11-05,06Z,gdas1.fnl.0p25.2015110506.f00.grib2,0.0,Already_Downloaded
2015-11-05,12Z,gdas1.fnl.0p25.2015110512.f00.grib2,0.0,Already_Downloaded
2015-11-05,18Z,gdas1.fnl.0p25.2015110518.f00.grib2,0.0,Already_Downloaded
2015-11-06,00Z,gdas1.fnl.0p25.2015110600.f00.grib2,0.0,Already_Downloaded
2015-11-06,06Z,gdas1.fnl.0p25.2015110606.f00.grib2,0.0,Already_Downloaded
2015-11-06,12Z,gdas1.fnl.0p25.2015110612.f00.grib2,0.0,Already_Downloaded
2015-11-06,18Z,gdas1.fnl.0p25.2015110618.f00.grib2,0.0,Already_Downloaded
2015-11-07,00Z,gdas1.fnl.0p25.2015110700.f00.grib2,0.0,Already_Downloaded
2015-11-07,06Z,gdas1.fnl.0p25.2015110706.f00.grib2,0.0,Already_Downloaded
2015-11-07,12Z,gdas1.fnl.0p25.2015110712.f00.grib2,0.0,Already_Downloaded
2015-11-07,18Z,gdas1.fnl.0p25.2015110718.f00.grib2,0.0,Already_Downloaded
2015-11-08,00Z,gdas1.fnl.0p25.2015110800.f00.grib2,0.0,Already_Downloaded
2015-11-08,06Z,gdas1.fnl.0p25.2015110806.f00.grib2,0.0,Already_Downloaded
2015-11-08,12Z,gdas1.fnl.0p25.2015110812.f00.grib2,0.0,Already_Downloaded
2015-11-08,18Z,gdas1.fnl.0p25.2015110818.f00.grib2,0.0,Already_Downloaded
2015-11-09,00Z,gdas1.fnl.0p25.2015110900.f00.grib2,0.0,Already_Downloaded
2015-11-09,06Z,gdas1.fnl.0p25.2015110906.f00.grib2,0.0,Already_Downloaded
2015-11-09,12Z,gdas1.fnl.0p25.2015110912.f00.grib2,0.0,Already_Downloaded
2015-11-09,18Z,gdas1.fnl.0p25.2015110918.f00.grib2,0.0,Already_Downloaded
2015-11-10,00Z,gdas1.fnl.0p25.2015111000.f00.grib2,0.0,Already_Downloaded
2015-11-10,06Z,gdas1.fnl.0p25.2015111006.f00.grib2,0.0,Already_Downloaded
2015-11-10,12Z,gdas1.fnl.0p25.2015111012.f00.grib2,0.0,Already_Downloaded
2015-11-10,18Z,gdas1.fnl.0p25.2015111018.f00.grib2,0.0,Already_Downloaded
2015-11-11,00Z,gdas1.fnl.0p25.2015111100.f00.grib2,0.0,Already_Downloaded
2015-11-11,06Z,gdas1.fnl.0p25.2015111106.f00.grib2,0.0,Already_Downloaded
2015-11-11,12Z,gdas1.fnl.0p25.2015111112.f00.grib2,0.0,Already_Downloaded
2015-11-11,18Z,gdas1.fnl.0p25.2015111118.f00.grib2,0.0,Already_Downloaded
2015-11-12,00Z,gdas1.fnl.0p25.2015111200.f00.grib2,0.0,Already_Downloaded
2015-11-12,06Z,gdas1.fnl.0p25.2015111206.f00.grib2,0.0,Already_Downloaded
2015-11-12,12Z,gdas1.fnl.0p25.2015111212.f00.grib2,0.0,Already_Downloaded
2015-11-12,18Z,gdas1.fnl.0p25.2015111218.f00.grib2,0.0,Already_Downloaded
2015-11-13,00Z,gdas1.fnl.0p25.2015111300.f00.grib2,0.0,Already_Downloaded
2015-11-13,06Z,gdas1.fnl.0p25.2015111306.f00.grib2,0.0,Already_Downloaded
2015-11-13,12Z,gdas1.fnl.0p25.2015111312.f00.grib2,0.0,Already_Downloaded
2015-11-13,18Z,gdas1.fnl.0p25.2015111318.f00.grib2,0.0,Already_Downloaded
2015-11-14,00Z,gdas1.fnl.0p25.2015111400.f00.grib2,0.0,Already_Downloaded
2015-11-14,06Z,gdas1.fnl.0p25.2015111406.f00.grib2,0.0,Already_Downloaded
2015-11-14,12Z,gdas1.fnl.0p25.2015111412.f00.grib2,0.0,Already_Downloaded
2015-11-14,18Z,gdas1.fnl.0p25.2015111418.f00.grib2,0.0,Already_Downloaded
2015-11-15,00Z,gdas1.fnl.0p25.2015111500.f00.grib2,0.0,Already_Downloaded
2015-11-15,06Z,gdas1.fnl.0p25.2015111506.f00.grib2,0.0,Already_Downloaded
2015-11-15,12Z,gdas1.fnl.0p25.2015111512.f00.grib2,0.0,Already_Downloaded
2015-11-15,18Z,gdas1.fnl.0p25.2015111518.f00.grib2,0.0,Already_Downloaded
2015-11-16,00Z,gdas1.fnl.0p25.2015111600.f00.grib2,0.0,Already_Downloaded
2015-11-16,06Z,gdas1.fnl.0p25.2015111606.f00.grib2,0.0,Already_Downloaded
2015-11-16,12Z,gdas1.fnl.0p25.2015111612.f00.grib2,0.0,Already_Downloaded
2015-11-16,18Z,gdas1.fnl.0p25.2015111618.f00.grib2,0.0,Already_Downloaded
2015-11-17,00Z,gdas1.fnl.0p25.2015111700.f00.grib2,0.0,Already_Downloaded
2015-11-17,06Z,gdas1.fnl.0p25.2015111706.f00.grib2,0.0,Already_Downloaded
2015-11-17,12Z,gdas1.fnl.0p25.2015111712.f00.grib2,0.0,Already_Downloaded
2015-11-17,18Z,gdas1.fnl.0p25.2015111718.f00.grib2,0.0,Already_Downloaded
2015-11-18,00Z,gdas1.fnl.0p25.2015111800.f00.grib2,0.0,Already_Downloaded
2015-11-18,06Z,gdas1.fnl.0p25.2015111806.f00.grib2,0.0,Already_Downloaded
2015-11-18,12Z,gdas1.fnl.0p25.2015111812.f00.grib2,0.0,Already_Downloaded
2015-11-18,18Z,gdas1.fnl.0p25.2015111818.f00.grib2,0.0,Already_Downloaded
2015-11-19,00Z,gdas1.fnl.0p25.2015111900.f00.grib2,0.0,Already_Downloaded
2015-11-19,06Z,gdas1.fnl.0p25.2015111906.f00.grib2,0.0,Already_Downloaded
2015-11-19,12Z,gdas1.fnl.0p25.2015111912.f00.grib2,0.0,Already_Downloaded
2015-11-19,18Z,gdas1.fnl.0p25.2015111918.f00.grib2,0.0,Already_Downloaded
2015-11-20,00Z,gdas1.fnl.0p25.2015112000.f00.grib2,0.0,Already_Downloaded
2015-11-20,06Z,gdas1.fnl.0p25.2015112006.f00.grib2,0.0,Already_Downloaded
2015-11-20,12Z,gdas1.fnl.0p25.2015112012.f00.grib2,0.0,Already_Downloaded
2015-11-20,18Z,gdas1.fnl.0p25.2015112018.f00.grib2,0.0,Already_Downloaded
2015-11-21,00Z,gdas1.fnl.0p25.2015112100.f00.grib2,0.0,Already_Downloaded
2015-11-21,06Z,gdas1.fnl.0p25.2015112106.f00.grib2,0.0,Already_Downloaded
2015-11-21,12Z,gdas1.fnl.0p25.2015112112.f00.grib2,0.0,Already_Downloaded
2015-11-21,18Z,gdas1.fnl.0p25.2015112118.f00.grib2,0.0,Already_Downloaded
2015-11-22,00Z,gdas1.fnl.0p25.2015112200.f00.grib2,0.0,Already_Downloaded
2015-11-22,06Z,gdas1.fnl.0p25.2015112206.f00.grib2,0.0,Already_Downloaded
2015-11-22,12Z,gdas1.fnl.0p25.2015112212.f00.grib2,0.0,Already_Downloaded
2015-11-22,18Z,gdas1.fnl.0p25.2015112218.f00.grib2,0.0,Already_Downloaded
2015-11-23,00Z,gdas1.fnl.0p25.2015112300.f00.grib2,0.0,Already_Downloaded
2015-11-23,06Z,gdas1.fnl.0p25.2015112306.f00.grib2,0.0,Already_Downloaded
2015-11-23,12Z,gdas1.fnl.0p25.2015112312.f00.grib2,0.0,Already_Downloaded
2015-11-23,18Z,gdas1.fnl.0p25.2015112318.f00.grib2,0.0,Already_Downloaded
2015-11-24,00Z,gdas1.fnl.0p25.2015112400.f00.grib2,0.0,Already_Downloaded
2015-11-24,06Z,gdas1.fnl.0p25.2015112406.f00.grib2,0.0,Already_Downloaded
2015-11-24,12Z,gdas1.fnl.0p25.2015112412.f00.grib2,0.0,Already_Downloaded
2015-11-24,18Z,gdas1.fnl.0p25.2015112418.f00.grib2,0.0,Already_Downloaded
2015-11-25,00Z,gdas1.fnl.0p25.2015112500.f00.grib2,0.0,Already_Downloaded
2015-11-25,06Z,gdas1.fnl.0p25.2015112506.f00.grib2,0.0,Already_Downloaded
2015-11-25,12Z,gdas1.fnl.0p25.2015112512.f00.grib2,0.0,Already_Downloaded
2015-11-25,18Z,gdas1.fnl.0p25.2015112518.f00.grib2,0.0,Already_Downloaded
2015-11-26,00Z,gdas1.fnl.0p25.2015112600.f00.grib2,0.0,Already_Downloaded
2015-11-26,06Z,gdas1.fnl.0p25.2015112606.f00.grib2,0.0,Already_Downloaded
2015-11-26,12Z,gdas1.fnl.0p25.2015112612.f00.grib2,0.0,Already_Downloaded
2015-11-26,18Z,gdas1.fnl.0p25.2015112618.f00.grib2,0.0,Already_Downloaded
2015-11-27,00Z,gdas1.fnl.0p25.2015112700.f00.grib2,0.0,Already_Downloaded
2015-11-27,06Z,gdas1.fnl.0p25.2015112706.f00.grib2,0.0,Already_Downloaded
2015-11-27,12Z,gdas1.fnl.0p25.2015112712.f00.grib2,0.0,Already_Downloaded
2015-11-27,18Z,gdas1.fnl.0p25.2015112718.f00.grib2,0.0,Already_Downloaded
2015-11-28,00Z,gdas1.fnl.0p25.2015112800.f00.grib2,0.0,Already_Downloaded
2015-11-28,06Z,gdas1.fnl.0p25.2015112806.f00.grib2,0.0,Already_Downloaded
2015-11-28,12Z,gdas1.fnl.0p25.2015112812.f00.grib2,0.0,Already_Downloaded
2015-11-28,18Z,gdas1.fnl.0p25.2015112818.f00.grib2,0.0,Already_Downloaded
2015-11-29,00Z,gdas1.fnl.0p25.2015112900.f00.grib2,0.0,Already_Downloaded
2015-11-29,06Z,gdas1.fnl.0p25.2015112906.f00.grib2,0.0,Already_Downloaded
2015-11-29,12Z,gdas1.fnl.0p25.2015112912.f00.grib2,0.0,Already_Downloaded
2015-11-29,18Z,gdas1.fnl.0p25.2015112918.f00.grib2,0.0,Already_Downloaded
2015-11-30,00Z,gdas1.fnl.0p25.2015113000.f00.grib2,0.0,Already_Downloaded
2015-11-30,06Z,gdas1.fnl.0p25.2015113006.f00.grib2,0.0,Already_Downloaded
2015-11-30,12Z,gdas1.fnl.0p25.2015113012.f00.grib2,0.0,Already_Downloaded
2015-11-30,18Z,gdas1.fnl.0p25.2015113018.f00.grib2,0.0,Already_Downloaded
2015-12-01,00Z,gdas1.fnl.0p25.2015120100.f00.grib2,0.0,Already_Downloaded
2015-12-01,06Z,gdas1.fnl.0p25.2015120106.f00.grib2,0.0,Already_Downloaded
2015-12-01,12Z,gdas1.fnl.0p25.2015120112.f00.grib2,0.0,Already_Downloaded
2015-12-01,18Z,gdas1.fnl.0p25.2015120118.f00.grib2,0.0,Already_Downloaded
2015-12-02,00Z,gdas1.fnl.0p25.2015120200.f00.grib2,0.0,Already_Downloaded
2015-12-02,06Z,gdas1.fnl.0p25.2015120206.f00.grib2,0.0,Already_Downloaded
2015-12-02,12Z,gdas1.fnl.0p25.2015120212.f00.grib2,0.0,Already_Downloaded
2015-12-02,18Z,gdas1.fnl.0p25.2015120218.f00.grib2,0.0,Already_Downloaded
2015-12-03,00Z,gdas1.fnl.0p25.2015120300.f00.grib2,0.0,Already_Downloaded
2015-12-03,06Z,gdas1.fnl.0p25.2015120306.f00.grib2,0.0,Already_Downloaded
2015-12-03,12Z,gdas1.fnl.0p25.2015120312.f00.grib2,0.0,Already_Downloaded
2015-12-03,18Z,gdas1.fnl.0p25.2015120318.f00.grib2,0.0,Already_Downloaded
2015-12-04,00Z,gdas1.fnl.0p25.2015120400.f00.grib2,0.0,Already_Downloaded
2015-12-04,06Z,gdas1.fnl.0p25.2015120406.f00.grib2,0.0,Already_Downloaded
2015-12-04,12Z,gdas1.fnl.0p25.2015120412.f00.grib2,0.0,Already_Downloaded
2015-12-04,18Z,gdas1.fnl.0p25.2015120418.f00.grib2,0.0,Already_Downloaded
2015-12-05,00Z,gdas1.fnl.0p25.2015120500.f00.grib2,0.0,Already_Downloaded
2015-12-05,06Z,gdas1.fnl.0p25.2015120506.f00.grib2,0.0,Already_Downloaded
2015-12-05,12Z,gdas1.fnl.0p25.2015120512.f00.grib2,0.0,Already_Downloaded
2015-12-05,18Z,gdas1.fnl.0p25.2015120518.f00.grib2,0.0,Already_Downloaded
2015-12-06,00Z,gdas1.fnl.0p25.2015120600.f00.grib2,0.0,Already_Downloaded
2015-12-06,06Z,gdas1.fnl.0p25.2015120606.f00.grib2,0.0,Already_Downloaded
2015-12-06,12Z,gdas1.fnl.0p25.2015120612.f00.grib2,0.0,Already_Downloaded
2015-12-06,18Z,gdas1.fnl.0p25.2015120618.f00.grib2,0.0,Already_Downloaded
2015-12-07,00Z,gdas1.fnl.0p25.2015120700.f00.grib2,0.0,Already_Downloaded
2015-12-07,06Z,gdas1.fnl.0p25.2015120706.f00.grib2,0.0,Already_Downloaded
2015-12-07,12Z,gdas1.fnl.0p25.2015120712.f00.grib2,0.0,Already_Downloaded
2015-12-07,18Z,gdas1.fnl.0p25.2015120718.f00.grib2,0.0,Already_Downloaded
2015-12-08,00Z,gdas1.fnl.0p25.2015120800.f00.grib2,0.0,Already_Downloaded
2015-12-08,06Z,gdas1.fnl.0p25.2015120806.f00.grib2,0.0,Already_Downloaded
2015-12-08,12Z,gdas1.fnl.0p25.2015120812.f00.grib2,0.0,Already_Downloaded
2015-12-08,18Z,gdas1.fnl.0p25.2015120818.f00.grib2,0.0,Already_Downloaded
2015-12-09,00Z,gdas1.fnl.0p25.2015120900.f00.grib2,0.0,Already_Downloaded
2015-12-09,06Z,gdas1.fnl.0p25.2015120906.f00.grib2,0.0,Already_Downloaded
2015-12-09,12Z,gdas1.fnl.0p25.2015120912.f00.grib2,0.0,Already_Downloaded
2015-12-09,18Z,gdas1.fnl.0p25.2015120918.f00.grib2,0.0,Already_Downloaded
2015-12-10,00Z,gdas1.fnl.0p25.2015121000.f00.grib2,0.0,Already_Downloaded
2015-12-10,06Z,gdas1.fnl.0p25.2015121006.f00.grib2,0.0,Already_Downloaded
2015-12-10,12Z,gdas1.fnl.0p25.2015121012.f00.grib2,0.0,Already_Downloaded
2015-12-10,18Z,gdas1.fnl.0p25.2015121018.f00.grib2,0.0,Already_Downloaded
2015-12-11,00Z,gdas1.fnl.0p25.2015121100.f00.grib2,0.0,Already_Downloaded
2015-12-11,06Z,gdas1.fnl.0p25.2015121106.f00.grib2,0.0,Already_Downloaded
2015-12-11,12Z,gdas1.fnl.0p25.2015121112.f00.grib2,0.0,Already_Downloaded
2015-12-11,18Z,gdas1.fnl.0p25.2015121118.f00.grib2,0.0,Already_Downloaded
2015-12-12,00Z,gdas1.fnl.0p25.2015121200.f00.grib2,0.0,Already_Downloaded
2015-12-12,06Z,gdas1.fnl.0p25.2015121206.f00.grib2,0.0,Already_Downloaded
2015-12-12,12Z,gdas1.fnl.0p25.2015121212.f00.grib2,0.0,Already_Downloaded
2015-12-12,18Z,gdas1.fnl.0p25.2015121218.f00.grib2,0.0,Already_Downloaded
2015-12-13,00Z,gdas1.fnl.0p25.2015121300.f00.grib2,0.0,Already_Downloaded
2015-12-13,06Z,gdas1.fnl.0p25.2015121306.f00.grib2,0.0,Already_Downloaded
2015-12-13,12Z,gdas1.fnl.0p25.2015121312.f00.grib2,0.0,Already_Downloaded
2015-12-13,18Z,gdas1.fnl.0p25.2015121318.f00.grib2,0.0,Already_Downloaded
2015-12-14,00Z,gdas1.fnl.0p25.2015121400.f00.grib2,0.0,Already_Downloaded
2015-12-14,06Z,gdas1.fnl.0p25.2015121406.f00.grib2,0.0,Already_Downloaded
2015-12-14,12Z,gdas1.fnl.0p25.2015121412.f00.grib2,0.0,Already_Downloaded
2015-12-14,18Z,gdas1.fnl.0p25.2015121418.f00.grib2,0.0,Already_Downloaded
2015-12-15,00Z,gdas1.fnl.0p25.2015121500.f00.grib2,0.0,Already_Downloaded
2015-12-15,06Z,gdas1.fnl.0p25.2015121506.f00.grib2,0.0,Already_Downloaded
2015-12-15,12Z,gdas1.fnl.0p25.2015121512.f00.grib2,0.0,Already_Downloaded
2015-12-15,18Z,gdas1.fnl.0p25.2015121518.f00.grib2,0.0,Already_Downloaded
2015-12-16,00Z,gdas1.fnl.0p25.2015121600.f00.grib2,0.0,Already_Downloaded
2015-12-16,06Z,gdas1.fnl.0p25.2015121606.f00.grib2,0.0,Already_Downloaded
2015-12-16,12Z,gdas1.fnl.0p25.2015121612.f00.grib2,0.0,Already_Downloaded
2015-12-16,18Z,gdas1.fnl.0p25.2015121618.f00.grib2,0.0,Already_Downloaded
2015-12-17,00Z,gdas1.fnl.0p25.2015121700.f00.grib2,0.0,Already_Downloaded
2015-12-17,06Z,gdas1.fnl.0p25.2015121706.f00.grib2,0.0,Already_Downloaded
2015-12-17,12Z,gdas1.fnl.0p25.2015121712.f00.grib2,0.0,Already_Downloaded
2015-12-17,18Z,gdas1.fnl.0p25.2015121718.f00.grib2,0.0,Already_Downloaded
2015-12-18,00Z,gdas1.fnl.0p25.2015121800.f00.grib2,0.0,Already_Downloaded
2015-12-18,06Z,gdas1.fnl.0p25.2015121806.f00.grib2,0.0,Already_Downloaded
2015-12-18,12Z,gdas1.fnl.0p25.2015121812.f00.grib2,0.0,Already_Downloaded
2015-12-18,18Z,gdas1.fnl.0p25.2015121818.f00.grib2,0.0,Already_Downloaded
2015-12-19,00Z,gdas1.fnl.0p25.2015121900.f00.grib2,0.0,Already_Downloaded
2015-12-19,06Z,gdas1.fnl.0p25.2015121906.f00.grib2,0.0,Already_Downloaded
2015-12-19,12Z,gdas1.fnl.0p25.2015121912.f00.grib2,0.0,Already_Downloaded
2015-12-19,18Z,gdas1.fnl.0p25.2015121918.f00.grib2,0.0,Already_Downloaded
2015-12-20,00Z,gdas1.fnl.0p25.2015122000.f00.grib2,0.0,Already_Downloaded
2015-12-20,06Z,gdas1.fnl.0p25.2015122006.f00.grib2,0.0,Already_Downloaded
2015-12-20,12Z,gdas1.fnl.0p25.2015122012.f00.grib2,0.0,Already_Downloaded
2015-12-20,18Z,gdas1.fnl.0p25.2015122018.f00.grib2,0.0,Already_Downloaded
2015-12-21,00Z,gdas1.fnl.0p25.2015122100.f00.grib2,0.0,Already_Downloaded
2015-12-21,06Z,gdas1.fnl.0p25.2015122106.f00.grib2,0.0,Already_Downloaded
2015-12-21,12Z,gdas1.fnl.0p25.2015122112.f00.grib2,0.0,Already_Downloaded
2015-12-21,18Z,gdas1.fnl.0p25.2015122118.f00.grib2,0.0,Already_Downloaded
2015-12-22,00Z,gdas1.fnl.0p25.2015122200.f00.grib2,0.0,Already_Downloaded
2015-12-22,06Z,gdas1.fnl.0p25.2015122206.f00.grib2,0.0,Already_Downloaded
2015-12-22,12Z,gdas1.fnl.0p25.2015122212.f00.grib2,0.0,Already_Downloaded
2015-12-22,18Z,gdas1.fnl.0p25.2015122218.f00.grib2,0.0,Already_Downloaded
2015-12-23,00Z,gdas1.fnl.0p25.2015122300.f00.grib2,0.0,Already_Downloaded
2015-12-23,06Z,gdas1.fnl.0p25.2015122306.f00.grib2,0.0,Already_Downloaded
2015-12-23,12Z,gdas1.fnl.0p25.2015122312.f00.grib2,0.0,Already_Downloaded
2015-12-23,18Z,gdas1.fnl.0p25.2015122318.f00.grib2,0.0,Already_Downloaded
2015-12-24,00Z,gdas1.fnl.0p25.2015122400.f00.grib2,0.0,Already_Downloaded
2015-12-24,06Z,gdas1.fnl.0p25.2015122406.f00.grib2,0.0,Already_Downloaded
2015-12-24,12Z,gdas1.fnl.0p25.2015122412.f00.grib2,0.0,Already_Downloaded
2015-12-24,18Z,gdas1.fnl.0p25.2015122418.f00.grib2,0.0,Already_Downloaded
2015-12-25,00Z,gdas1.fnl.0p25.2015122500.f00.grib2,0.0,Already_Downloaded
2015-12-25,06Z,gdas1.fnl.0p25.2015122506.f00.grib2,0.0,Already_Downloaded
2015-12-25,12Z,gdas1.fnl.0p25.2015122512.f00.grib2,0.0,Already_Downloaded
2015-12-25,18Z,gdas1.fnl.0p25.2015122518.f00.grib2,0.0,Already_Downloaded
2015-12-26,00Z,gdas1.fnl.0p25.2015122600.f00.grib2,0.0,Already_Downloaded
2015-12-26,06Z,gdas1.fnl.0p25.2015122606.f00.grib2,0.0,Already_Downloaded
2015-12-26,12Z,gdas1.fnl.0p25.2015122612.f00.grib2,0.0,Already_Downloaded
2015-12-26,18Z,gdas1.fnl.0p25.2015122618.f00.grib2,0.0,Already_Downloaded
2015-12-27,00Z,gdas1.fnl.0p25.2015122700.f00.grib2,0.0,Already_Downloaded
2015-12-27,06Z,gdas1.fnl.0p25.2015122706.f00.grib2,0.0,Already_Downloaded
2015-12-27,12Z,gdas1.fnl.0p25.2015122712.f00.grib2,0.0,Already_Downloaded
2015-12-27,18Z,gdas1.fnl.0p25.2015122718.f00.grib2,0.0,Already_Downloaded
2015-12-28,00Z,gdas1.fnl.0p25.2015122800.f00.grib2,0.0,Already_Downloaded
2015-12-28,06Z,gdas1.fnl.0p25.2015122806.f00.grib2,0.0,Already_Downloaded
2015-12-28,12Z,gdas1.fnl.0p25.2015122812.f00.grib2,0.0,Already_Downloaded
2015-12-28,18Z,gdas1.fnl.0p25.2015122818.f00.grib2,0.0,Already_Downloaded
2015-12-29,00Z,gdas1.fnl.0p25.2015122900.f00.grib2,0.0,Already_Downloaded
2015-12-29,06Z,gdas1.fnl.0p25.2015122906.f00.grib2,0.0,Already_Downloaded
2015-12-29,12Z,gdas1.fnl.0p25.2015122912.f00.grib2,0.0,Already_Downloaded
2015-12-29,18Z,gdas1.fnl.0p25.2015122918.f00.grib2,0.0,Already_Downloaded
2015-12-30,00Z,gdas1.fnl.0p25.2015123000.f00.grib2,0.0,Already_Downloaded
2015-12-30,06Z,gdas1.fnl.0p25.2015123006.f00.grib2,0.0,Already_Downloaded
2015-12-30,12Z,gdas1.fnl.0p25.2015123012.f00.grib2,0.0,Already_Downloaded
2015-12-30,18Z,gdas1.fnl.0p25.2015123018.f00.grib2,0.0,Already_Downloaded
2015-12-31,00Z,gdas1.fnl.0p25.2015123100.f00.grib2,0.0,Already_Downloaded
2015-12-31,06Z,gdas1.fnl.0p25.2015123106.f00.grib2,0.0,Already_Downloaded
2015-12-31,12Z,gdas1.fnl.0p25.2015123112.f00.grib2,0.0,Already_Downloaded
2015-12-31,18Z,gdas1.fnl.0p25.2015123118.f00.grib2,0.0,Already_Downloaded
2016-01-01,00Z,gdas1.fnl.0p25.2016010100.f00.grib2,0.0,Already_Downloaded
2016-01-01,06Z,gdas1.fnl.0p25.2016010106.f00.grib2,0.0,Already_Downloaded
2016-01-01,12Z,gdas1.fnl.0p25.2016010112.f00.grib2,0.0,Already_Downloaded
2016-01-01,18Z,gdas1.fnl.0p25.2016010118.f00.grib2,0.0,Already_Downloaded
2016-01-02,00Z,gdas1.fnl.0p25.2016010200.f00.grib2,0.0,Already_Downloaded
2016-01-02,06Z,gdas1.fnl.0p25.2016010206.f00.grib2,0.0,Already_Downloaded
2016-01-02,12Z,gdas1.fnl.0p25.2016010212.f00.grib2,0.0,Already_Downloaded
2016-01-02,18Z,gdas1.fnl.0p25.2016010218.f00.grib2,0.0,Already_Downloaded
2016-01-03,00Z,gdas1.fnl.0p25.2016010300.f00.grib2,0.0,Already_Downloaded
2016-01-03,06Z,gdas1.fnl.0p25.2016010306.f00.grib2,0.0,Already_Downloaded
2016-01-03,12Z,gdas1.fnl.0p25.2016010312.f00.grib2,0.0,Already_Downloaded
2016-01-03,18Z,gdas1.fnl.0p25.2016010318.f00.grib2,0.0,Already_Downloaded
2016-01-04,00Z,gdas1.fnl.0p25.2016010400.f00.grib2,0.0,Already_Downloaded
2016-01-04,06Z,gdas1.fnl.0p25.2016010406.f00.grib2,0.0,Already_Downloaded
2016-01-04,12Z,gdas1.fnl.0p25.2016010412.f00.grib2,0.0,Already_Downloaded
2016-01-04,18Z,gdas1.fnl.0p25.2016010418.f00.grib2,0.0,Already_Downloaded
2016-01-05,00Z,gdas1.fnl.0p25.2016010500.f00.grib2,0.0,Already_Downloaded
2016-01-05,06Z,gdas1.fnl.0p25.2016010506.f00.grib2,0.0,Already_Downloaded
2016-01-05,12Z,gdas1.fnl.0p25.2016010512.f00.grib2,0.0,Already_Downloaded
2016-01-05,18Z,gdas1.fnl.0p25.2016010518.f00.grib2,0.0,Already_Downloaded
2016-01-06,00Z,gdas1.fnl.0p25.2016010600.f00.grib2,0.0,Already_Downloaded
2016-01-06,06Z,gdas1.fnl.0p25.2016010606.f00.grib2,0.0,Already_Downloaded
2016-01-06,12Z,gdas1.fnl.0p25.2016010612.f00.grib2,0.0,Already_Downloaded
2016-01-06,18Z,gdas1.fnl.0p25.2016010618.f00.grib2,0.0,Already_Downloaded
2016-01-07,00Z,gdas1.fnl.0p25.2016010700.f00.grib2,0.0,Already_Downloaded
2016-01-07,06Z,gdas1.fnl.0p25.2016010706.f00.grib2,0.0,Already_Downloaded
2016-01-07,12Z,gdas1.fnl.0p25.2016010712.f00.grib2,0.0,Already_Downloaded
2016-01-07,18Z,gdas1.fnl.0p25.2016010718.f00.grib2,0.0,Already_Downloaded
2016-01-08,00Z,gdas1.fnl.0p25.2016010800.f00.grib2,0.0,Already_Downloaded
2016-01-08,06Z,gdas1.fnl.0p25.2016010806.f00.grib2,0.0,Already_Downloaded
2016-01-08,12Z,gdas1.fnl.0p25.2016010812.f00.grib2,0.0,Already_Downloaded
2016-01-08,18Z,gdas1.fnl.0p25.2016010818.f00.grib2,0.0,Already_Downloaded
2016-01-09,00Z,gdas1.fnl.0p25.2016010900.f00.grib2,0.0,Already_Downloaded
2016-01-09,06Z,gdas1.fnl.0p25.2016010906.f00.grib2,0.0,Already_Downloaded
2016-01-09,12Z,gdas1.fnl.0p25.2016010912.f00.grib2,0.0,Already_Downloaded
2016-01-09,18Z,gdas1.fnl.0p25.2016010918.f00.grib2,0.0,Already_Downloaded
2016-01-10,00Z,gdas1.fnl.0p25.2016011000.f00.grib2,0.0,Already_Downloaded
2016-01-10,06Z,gdas1.fnl.0p25.2016011006.f00.grib2,0.0,Already_Downloaded
2016-01-10,12Z,gdas1.fnl.0p25.2016011012.f00.grib2,0.0,Already_Downloaded
2016-01-10,18Z,gdas1.fnl.0p25.2016011018.f00.grib2,0.0,Already_Downloaded
2016-01-11,00Z,gdas1.fnl.0p25.2016011100.f00.grib2,0.0,Already_Downloaded
2016-01-11,06Z,gdas1.fnl.0p25.2016011106.f00.grib2,0.0,Already_Downloaded
2016-01-11,12Z,gdas1.fnl.0p25.2016011112.f00.grib2,0.0,Already_Downloaded
2016-01-11,18Z,gdas1.fnl.0p25.2016011118.f00.grib2,0.0,Already_Downloaded
2016-01-12,00Z,gdas1.fnl.0p25.2016011200.f00.grib2,0.0,Already_Downloaded
2016-01-12,06Z,gdas1.fnl.0p25.2016011206.f00.grib2,0.0,Already_Downloaded
2016-01-12,12Z,gdas1.fnl.0p25.2016011212.f00.grib2,0.0,Already_Downloaded
2016-01-12,18Z,gdas1.fnl.0p25.2016011218.f00.grib2,0.0,Already_Downloaded
2016-01-13,00Z,gdas1.fnl.0p25.2016011300.f00.grib2,0.0,Already_Downloaded
2016-01-13,06Z,gdas1.fnl.0p25.2016011306.f00.grib2,0.0,Already_Downloaded
2016-01-13,12Z,gdas1.fnl.0p25.2016011312.f00.grib2,0.0,Already_Downloaded
2016-01-13,18Z,gdas1.fnl.0p25.2016011318.f00.grib2,0.0,Already_Downloaded
2016-01-14,00Z,gdas1.fnl.0p25.2016011400.f00.grib2,0.0,Already_Downloaded
2016-01-14,06Z,gdas1.fnl.0p25.2016011406.f00.grib2,0.0,Already_Downloaded
2016-01-14,12Z,gdas1.fnl.0p25.2016011412.f00.grib2,0.0,Already_Downloaded
2016-01-14,18Z,gdas1.fnl.0p25.2016011418.f00.grib2,0.0,Already_Downloaded
2016-01-15,00Z,gdas1.fnl.0p25.2016011500.f00.grib2,0.0,Already_Downloaded
2016-01-15,06Z,gdas1.fnl.0p25.2016011506.f00.grib2,0.0,Already_Downloaded
2016-01-15,12Z,gdas1.fnl.0p25.2016011512.f00.grib2,0.0,Already_Downloaded
2016-01-15,18Z,gdas1.fnl.0p25.2016011518.f00.grib2,0.0,Already_Downloaded
2016-01-16,00Z,gdas1.fnl.0p25.2016011600.f00.grib2,0.0,Already_Downloaded
2016-01-16,06Z,gdas1.fnl.0p25.2016011606.f00.grib2,0.0,Already_Downloaded
2016-01-16,12Z,gdas1.fnl.0p25.2016011612.f00.grib2,0.0,Already_Downloaded
2016-01-16,18Z,gdas1.fnl.0p25.2016011618.f00.grib2,0.0,Already_Downloaded
2016-01-17,00Z,gdas1.fnl.0p25.2016011700.f00.grib2,0.0,Already_Downloaded
2016-01-17,06Z,gdas1.fnl.0p25.2016011706.f00.grib2,0.0,Already_Downloaded
2016-01-17,12Z,gdas1.fnl.0p25.2016011712.f00.grib2,0.0,Already_Downloaded
2016-01-17,18Z,gdas1.fnl.0p25.2016011718.f00.grib2,0.0,Already_Downloaded
2016-01-18,00Z,gdas1.fnl.0p25.2016011800.f00.grib2,0.0,Already_Downloaded
2016-01-18,06Z,gdas1.fnl.0p25.2016011806.f00.grib2,0.0,Already_Downloaded
2016-01-18,12Z,gdas1.fnl.0p25.2016011812.f00.grib2,0.0,Already_Downloaded
2016-01-18,18Z,gdas1.fnl.0p25.2016011818.f00.grib2,0.0,Already_Downloaded
2016-01-19,00Z,gdas1.fnl.0p25.2016011900.f00.grib2,0.0,Already_Downloaded
2016-01-19,06Z,gdas1.fnl.0p25.2016011906.f00.grib2,0.0,Already_Downloaded
2016-01-19,12Z,gdas1.fnl.0p25.2016011912.f00.grib2,0.0,Already_Downloaded
2016-01-19,18Z,gdas1.fnl.0p25.2016011918.f00.grib2,0.0,Already_Downloaded
2016-01-20,00Z,gdas1.fnl.0p25.2016012000.f00.grib2,0.0,Already_Downloaded
2016-01-20,06Z,gdas1.fnl.0p25.2016012006.f00.grib2,0.0,Already_Downloaded
2016-01-20,12Z,gdas1.fnl.0p25.2016012012.f00.grib2,0.0,Already_Downloaded
2016-01-20,18Z,gdas1.fnl.0p25.2016012018.f00.grib2,0.0,Already_Downloaded
2016-01-21,00Z,gdas1.fnl.0p25.2016012100.f00.grib2,0.0,Already_Downloaded
2016-01-21,06Z,gdas1.fnl.0p25.2016012106.f00.grib2,0.0,Already_Downloaded
2016-01-21,12Z,gdas1.fnl.0p25.2016012112.f00.grib2,0.0,Already_Downloaded
2016-01-21,18Z,gdas1.fnl.0p25.2016012118.f00.grib2,0.0,Already_Downloaded
2016-01-22,00Z,gdas1.fnl.0p25.2016012200.f00.grib2,0.0,Already_Downloaded
2016-01-22,06Z,gdas1.fnl.0p25.2016012206.f00.grib2,0.0,Already_Downloaded
2016-01-22,12Z,gdas1.fnl.0p25.2016012212.f00.grib2,0.0,Already_Downloaded
2016-01-22,18Z,gdas1.fnl.0p25.2016012218.f00.grib2,0.0,Already_Downloaded
2016-01-23,00Z,gdas1.fnl.0p25.2016012300.f00.grib2,0.0,Already_Downloaded
2016-01-23,06Z,gdas1.fnl.0p25.2016012306.f00.grib2,0.0,Already_Downloaded
2016-01-23,12Z,gdas1.fnl.0p25.2016012312.f00.grib2,0.0,Already_Downloaded
2016-01-23,18Z,gdas1.fnl.0p25.2016012318.f00.grib2,0.0,Already_Downloaded
2016-01-24,00Z,gdas1.fnl.0p25.2016012400.f00.grib2,0.0,Already_Downloaded
2016-01-24,06Z,gdas1.fnl.0p25.2016012406.f00.grib2,0.0,Already_Downloaded
2016-01-24,12Z,gdas1.fnl.0p25.2016012412.f00.grib2,0.0,Already_Downloaded
2016-01-24,18Z,gdas1.fnl.0p25.2016012418.f00.grib2,0.0,Already_Downloaded
2016-01-25,00Z,gdas1.fnl.0p25.2016012500.f00.grib2,0.0,Already_Downloaded
2016-01-25,06Z,gdas1.fnl.0p25.2016012506.f00.grib2,0.0,Already_Downloaded
2016-01-25,12Z,gdas1.fnl.0p25.2016012512.f00.grib2,0.0,Already_Downloaded
2016-01-25,18Z,gdas1.fnl.0p25.2016012518.f00.grib2,0.0,Already_Downloaded
2016-01-26,00Z,gdas1.fnl.0p25.2016012600.f00.grib2,0.0,Already_Downloaded
2016-01-26,06Z,gdas1.fnl.0p25.2016012606.f00.grib2,0.0,Already_Downloaded
2016-01-26,12Z,gdas1.fnl.0p25.2016012612.f00.grib2,0.0,Already_Downloaded
2016-01-26,18Z,gdas1.fnl.0p25.2016012618.f00.grib2,0.0,Already_Downloaded
2016-01-27,00Z,gdas1.fnl.0p25.2016012700.f00.grib2,0.0,Already_Downloaded
2016-01-27,06Z,gdas1.fnl.0p25.2016012706.f00.grib2,0.0,Already_Downloaded
2016-01-27,12Z,gdas1.fnl.0p25.2016012712.f00.grib2,0.0,Already_Downloaded
2016-01-27,18Z,gdas1.fnl.0p25.2016012718.f00.grib2,0.0,Already_Downloaded
2016-01-28,00Z,gdas1.fnl.0p25.2016012800.f00.grib2,0.0,Already_Downloaded
2016-01-28,06Z,gdas1.fnl.0p25.2016012806.f00.grib2,0.0,Already_Downloaded
2016-01-28,12Z,gdas1.fnl.0p25.2016012812.f00.grib2,0.0,Already_Downloaded
2016-01-28,18Z,gdas1.fnl.0p25.2016012818.f00.grib2,0.0,Already_Downloaded
2016-01-29,00Z,gdas1.fnl.0p25.2016012900.f00.grib2,0.0,Already_Downloaded
2016-01-29,06Z,gdas1.fnl.0p25.2016012906.f00.grib2,0.0,Already_Downloaded
2016-01-29,12Z,gdas1.fnl.0p25.2016012912.f00.grib2,0.0,Already_Downloaded
2016-01-29,18Z,gdas1.fnl.0p25.2016012918.f00.grib2,0.0,Already_Downloaded
2016-01-30,00Z,gdas1.fnl.0p25.2016013000.f00.grib2,0.0,Already_Downloaded
2016-01-30,06Z,gdas1.fnl.0p25.2016013006.f00.grib2,0.0,Already_Downloaded
2016-01-30,12Z,gdas1.fnl.0p25.2016013012.f00.grib2,0.0,Already_Downloaded
2016-01-30,18Z,gdas1.fnl.0p25.2016013018.f00.grib2,0.0,Already_Downloaded
2016-01-31,00Z,gdas1.fnl.0p25.2016013100.f00.grib2,0.0,Already_Downloaded
2016-01-31,06Z,gdas1.fnl.0p25.2016013106.f00.grib2,0.0,Already_Downloaded
2016-01-31,12Z,gdas1.fnl.0p25.2016013112.f00.grib2,0.0,Already_Downloaded
2016-01-31,18Z,gdas1.fnl.0p25.2016013118.f00.grib2,0.0,Already_Downloaded
2016-02-01,00Z,gdas1.fnl.0p25.2016020100.f00.grib2,0.0,Already_Downloaded
2016-02-01,06Z,gdas1.fnl.0p25.2016020106.f00.grib2,0.0,Already_Downloaded
2016-02-01,12Z,gdas1.fnl.0p25.2016020112.f00.grib2,0.0,Already_Downloaded
2016-02-01,18Z,gdas1.fnl.0p25.2016020118.f00.grib2,0.0,Already_Downloaded
2016-02-02,00Z,gdas1.fnl.0p25.2016020200.f00.grib2,0.0,Already_Downloaded
2016-02-02,06Z,gdas1.fnl.0p25.2016020206.f00.grib2,0.0,Already_Downloaded
2016-02-02,12Z,gdas1.fnl.0p25.2016020212.f00.grib2,0.0,Already_Downloaded
2016-02-02,18Z,gdas1.fnl.0p25.2016020218.f00.grib2,0.0,Already_Downloaded
2016-02-03,00Z,gdas1.fnl.0p25.2016020300.f00.grib2,0.0,Already_Downloaded
2016-02-03,06Z,gdas1.fnl.0p25.2016020306.f00.grib2,0.0,Already_Downloaded
2016-02-03,12Z,gdas1.fnl.0p25.2016020312.f00.grib2,0.0,Already_Downloaded
2016-02-03,18Z,gdas1.fnl.0p25.2016020318.f00.grib2,0.0,Already_Downloaded
2016-02-04,00Z,gdas1.fnl.0p25.2016020400.f00.grib2,0.0,Already_Downloaded
2016-02-04,06Z,gdas1.fnl.0p25.2016020406.f00.grib2,0.0,Already_Downloaded
2016-02-04,12Z,gdas1.fnl.0p25.2016020412.f00.grib2,0.0,Already_Downloaded
2016-02-04,18Z,gdas1.fnl.0p25.2016020418.f00.grib2,0.0,Already_Downloaded
2016-02-05,00Z,gdas1.fnl.0p25.2016020500.f00.grib2,0.0,Already_Downloaded
2016-02-05,06Z,gdas1.fnl.0p25.2016020506.f00.grib2,0.0,Already_Downloaded
2016-02-05,12Z,gdas1.fnl.0p25.2016020512.f00.grib2,0.0,Already_Downloaded
2016-02-05,18Z,gdas1.fnl.0p25.2016020518.f00.grib2,0.0,Already_Downloaded
2016-02-06,00Z,gdas1.fnl.0p25.2016020600.f00.grib2,0.0,Already_Downloaded
2016-02-06,06Z,gdas1.fnl.0p25.2016020606.f00.grib2,0.0,Already_Downloaded
2016-02-06,12Z,gdas1.fnl.0p25.2016020612.f00.grib2,0.0,Already_Downloaded
2016-02-06,18Z,gdas1.fnl.0p25.2016020618.f00.grib2,0.0,Already_Downloaded
2016-02-07,00Z,gdas1.fnl.0p25.2016020700.f00.grib2,0.0,Already_Downloaded
2016-02-07,06Z,gdas1.fnl.0p25.2016020706.f00.grib2,0.0,Already_Downloaded
2016-02-07,12Z,gdas1.fnl.0p25.2016020712.f00.grib2,0.0,Already_Downloaded
2016-02-07,18Z,gdas1.fnl.0p25.2016020718.f00.grib2,0.0,Already_Downloaded
2016-02-08,00Z,gdas1.fnl.0p25.2016020800.f00.grib2,0.0,Already_Downloaded
2016-02-08,06Z,gdas1.fnl.0p25.2016020806.f00.grib2,0.0,Already_Downloaded
2016-02-08,12Z,gdas1.fnl.0p25.2016020812.f00.grib2,0.0,Already_Downloaded
2016-02-08,18Z,gdas1.fnl.0p25.2016020818.f00.grib2,0.0,Already_Downloaded
2016-02-09,00Z,gdas1.fnl.0p25.2016020900.f00.grib2,0.0,Already_Downloaded
2016-02-09,06Z,gdas1.fnl.0p25.2016020906.f00.grib2,0.0,Already_Downloaded
2016-02-09,12Z,gdas1.fnl.0p25.2016020912.f00.grib2,0.0,Already_Downloaded
2016-02-09,18Z,gdas1.fnl.0p25.2016020918.f00.grib2,0.0,Already_Downloaded
2016-02-10,00Z,gdas1.fnl.0p25.2016021000.f00.grib2,0.0,Already_Downloaded
2016-02-10,06Z,gdas1.fnl.0p25.2016021006.f00.grib2,0.0,Already_Downloaded
2016-02-10,12Z,gdas1.fnl.0p25.2016021012.f00.grib2,0.0,Already_Downloaded
2016-02-10,18Z,gdas1.fnl.0p25.2016021018.f00.grib2,0.0,Already_Downloaded
2016-02-11,00Z,gdas1.fnl.0p25.2016021100.f00.grib2,0.0,Already_Downloaded
2016-02-11,06Z,gdas1.fnl.0p25.2016021106.f00.grib2,0.0,Already_Downloaded
2016-02-11,12Z,gdas1.fnl.0p25.2016021112.f00.grib2,0.0,Already_Downloaded
2016-02-11,18Z,gdas1.fnl.0p25.2016021118.f00.grib2,0.0,Already_Downloaded
2016-02-12,00Z,gdas1.fnl.0p25.2016021200.f00.grib2,0.0,Already_Downloaded
2016-02-12,06Z,gdas1.fnl.0p25.2016021206.f00.grib2,0.0,Already_Downloaded
2016-02-12,12Z,gdas1.fnl.0p25.2016021212.f00.grib2,0.0,Already_Downloaded
2016-02-12,18Z,gdas1.fnl.0p25.2016021218.f00.grib2,0.0,Already_Downloaded
2016-02-13,00Z,gdas1.fnl.0p25.2016021300.f00.grib2,0.0,Already_Downloaded
2016-02-13,06Z,gdas1.fnl.0p25.2016021306.f00.grib2,0.0,Already_Downloaded
2016-02-13,12Z,gdas1.fnl.0p25.2016021312.f00.grib2,0.0,Already_Downloaded
2016-02-13,18Z,gdas1.fnl.0p25.2016021318.f00.grib2,0.0,Already_Downloaded
2016-02-14,00Z,gdas1.fnl.0p25.2016021400.f00.grib2,0.0,Already_Downloaded
2016-02-14,06Z,gdas1.fnl.0p25.2016021406.f00.grib2,0.0,Already_Downloaded
2016-02-14,12Z,gdas1.fnl.0p25.2016021412.f00.grib2,0.0,Already_Downloaded
2016-02-14,18Z,gdas1.fnl.0p25.2016021418.f00.grib2,0.0,Already_Downloaded
2016-02-15,00Z,gdas1.fnl.0p25.2016021500.f00.grib2,0.0,Already_Downloaded
2016-02-15,06Z,gdas1.fnl.0p25.2016021506.f00.grib2,0.0,Already_Downloaded
2016-02-15,12Z,gdas1.fnl.0p25.2016021512.f00.grib2,0.0,Already_Downloaded
2016-02-15,18Z,gdas1.fnl.0p25.2016021518.f00.grib2,0.0,Already_Downloaded
2016-02-16,00Z,gdas1.fnl.0p25.2016021600.f00.grib2,0.0,Already_Downloaded
2016-02-16,06Z,gdas1.fnl.0p25.2016021606.f00.grib2,0.0,Already_Downloaded
2016-02-16,12Z,gdas1.fnl.0p25.2016021612.f00.grib2,0.0,Already_Downloaded
2016-02-16,18Z,gdas1.fnl.0p25.2016021618.f00.grib2,0.0,Already_Downloaded
2016-02-17,00Z,gdas1.fnl.0p25.2016021700.f00.grib2,0.0,Already_Downloaded
2016-02-17,06Z,gdas1.fnl.0p25.2016021706.f00.grib2,0.0,Already_Downloaded
2016-02-17,12Z,gdas1.fnl.0p25.2016021712.f00.grib2,0.0,Already_Downloaded
2016-02-17,18Z,gdas1.fnl.0p25.2016021718.f00.grib2,0.0,Already_Downloaded
2016-02-18,00Z,gdas1.fnl.0p25.2016021800.f00.grib2,0.0,Already_Downloaded
2016-02-18,06Z,gdas1.fnl.0p25.2016021806.f00.grib2,0.0,Already_Downloaded
2016-02-18,12Z,gdas1.fnl.0p25.2016021812.f00.grib2,0.0,Already_Downloaded
2016-02-18,18Z,gdas1.fnl.0p25.2016021818.f00.grib2,0.0,Already_Downloaded
2016-02-19,00Z,gdas1.fnl.0p25.2016021900.f00.grib2,0.0,Already_Downloaded
2016-02-19,06Z,gdas1.fnl.0p25.2016021906.f00.grib2,0.0,Already_Downloaded
2016-02-19,12Z,gdas1.fnl.0p25.2016021912.f00.grib2,0.0,Already_Downloaded
2016-02-19,18Z,gdas1.fnl.0p25.2016021918.f00.grib2,0.0,Already_Downloaded
2016-02-20,00Z,gdas1.fnl.0p25.2016022000.f00.grib2,0.0,Already_Downloaded
2016-02-20,06Z,gdas1.fnl.0p25.2016022006.f00.grib2,0.0,Already_Downloaded
2016-02-20,12Z,gdas1.fnl.0p25.2016022012.f00.grib2,0.0,Already_Downloaded
2016-02-20,18Z,gdas1.fnl.0p25.2016022018.f00.grib2,0.0,Already_Downloaded
2016-02-21,00Z,gdas1.fnl.0p25.2016022100.f00.grib2,0.0,Already_Downloaded
2016-02-21,06Z,gdas1.fnl.0p25.2016022106.f00.grib2,0.0,Already_Downloaded
2016-02-21,12Z,gdas1.fnl.0p25.2016022112.f00.grib2,0.0,Already_Downloaded
2016-02-21,18Z,gdas1.fnl.0p25.2016022118.f00.grib2,0.0,Already_Downloaded
2016-02-22,00Z,gdas1.fnl.0p25.2016022200.f00.grib2,0.0,Already_Downloaded
2016-02-22,06Z,gdas1.fnl.0p25.2016022206.f00.grib2,0.0,Already_Downloaded
2016-02-22,12Z,gdas1.fnl.0p25.2016022212.f00.grib2,0.0,Already_Downloaded
2016-02-22,18Z,gdas1.fnl.0p25.2016022218.f00.grib2,0.0,Already_Downloaded
2016-02-23,00Z,gdas1.fnl.0p25.2016022300.f00.grib2,0.0,Already_Downloaded
2016-02-23,06Z,gdas1.fnl.0p25.2016022306.f00.grib2,0.0,Already_Downloaded
2016-02-23,12Z,gdas1.fnl.0p25.2016022312.f00.grib2,0.0,Already_Downloaded
2016-02-23,18Z,gdas1.fnl.0p25.2016022318.f00.grib2,0.0,Already_Downloaded
2016-02-24,00Z,gdas1.fnl.0p25.2016022400.f00.grib2,0.0,Already_Downloaded
2016-02-24,06Z,gdas1.fnl.0p25.2016022406.f00.grib2,0.0,Already_Downloaded
2016-02-24,12Z,gdas1.fnl.0p25.2016022412.f00.grib2,0.0,Already_Downloaded
2016-02-24,18Z,gdas1.fnl.0p25.2016022418.f00.grib2,0.0,Already_Downloaded
2016-02-25,00Z,gdas1.fnl.0p25.2016022500.f00.grib2,0.0,Already_Downloaded
2016-02-25,06Z,gdas1.fnl.0p25.2016022506.f00.grib2,0.0,Already_Downloaded
2016-02-25,12Z,gdas1.fnl.0p25.2016022512.f00.grib2,0.0,Already_Downloaded
2016-02-25,18Z,gdas1.fnl.0p25.2016022518.f00.grib2,0.0,Already_Downloaded
2016-02-26,00Z,gdas1.fnl.0p25.2016022600.f00.grib2,0.0,Already_Downloaded
2016-02-26,06Z,gdas1.fnl.0p25.2016022606.f00.grib2,0.0,Already_Downloaded
2016-02-26,12Z,gdas1.fnl.0p25.2016022612.f00.grib2,0.0,Already_Downloaded
2016-02-26,18Z,gdas1.fnl.0p25.2016022618.f00.grib2,0.0,Already_Downloaded
2016-02-27,00Z,gdas1.fnl.0p25.2016022700.f00.grib2,0.0,Already_Downloaded
2016-02-27,06Z,gdas1.fnl.0p25.2016022706.f00.grib2,0.0,Already_Downloaded
2016-02-27,12Z,gdas1.fnl.0p25.2016022712.f00.grib2,0.0,Already_Downloaded
2016-02-27,18Z,gdas1.fnl.0p25.2016022718.f00.grib2,0.0,Already_Downloaded
2016-02-28,00Z,gdas1.fnl.0p25.2016022800.f00.grib2,0.0,Already_Downloaded
2016-02-28,06Z,gdas1.fnl.0p25.2016022806.f00.grib2,0.0,Already_Downloaded
2016-02-28,12Z,gdas1.fnl.0p25.2016022812.f00.grib2,0.0,Already_Downloaded
2016-02-28,18Z,gdas1.fnl.0p25.2016022818.f00.grib2,0.0,Already_Downloaded
2016-02-29,00Z,gdas1.fnl.0p25.2016022900.f00.grib2,0.0,Already_Downloaded
2016-02-29,06Z,gdas1.fnl.0p25.2016022906.f00.grib2,0.0,Already_Downloaded
2016-02-29,12Z,gdas1.fnl.0p25.2016022912.f00.grib2,0.0,Already_Downloaded
2016-02-29,18Z,gdas1.fnl.0p25.2016022918.f00.grib2,0.0,Already_Downloaded
2016-03-01,00Z,gdas1.fnl.0p25.2016030100.f00.grib2,0.0,Already_Downloaded
2016-03-01,06Z,gdas1.fnl.0p25.2016030106.f00.grib2,0.0,Already_Downloaded
2016-03-01,12Z,gdas1.fnl.0p25.2016030112.f00.grib2,0.0,Already_Downloaded
2016-03-01,18Z,gdas1.fnl.0p25.2016030118.f00.grib2,0.0,Already_Downloaded
2016-03-02,00Z,gdas1.fnl.0p25.2016030200.f00.grib2,0.0,Already_Downloaded
2016-03-02,06Z,gdas1.fnl.0p25.2016030206.f00.grib2,0.0,Already_Downloaded
2016-03-02,12Z,gdas1.fnl.0p25.2016030212.f00.grib2,0.0,Already_Downloaded
2016-03-02,18Z,gdas1.fnl.0p25.2016030218.f00.grib2,0.0,Already_Downloaded
2016-03-03,00Z,gdas1.fnl.0p25.2016030300.f00.grib2,0.0,Already_Downloaded
2016-03-03,06Z,gdas1.fnl.0p25.2016030306.f00.grib2,0.0,Already_Downloaded
2016-03-03,12Z,gdas1.fnl.0p25.2016030312.f00.grib2,0.0,Already_Downloaded
2016-03-03,18Z,gdas1.fnl.0p25.2016030318.f00.grib2,0.0,Already_Downloaded
2016-03-04,00Z,gdas1.fnl.0p25.2016030400.f00.grib2,0.0,Already_Downloaded
2016-03-04,06Z,gdas1.fnl.0p25.2016030406.f00.grib2,0.0,Already_Downloaded
2016-03-04,12Z,gdas1.fnl.0p25.2016030412.f00.grib2,0.0,Already_Downloaded
2016-03-04,18Z,gdas1.fnl.0p25.2016030418.f00.grib2,0.0,Already_Downloaded
2016-03-05,00Z,gdas1.fnl.0p25.2016030500.f00.grib2,0.0,Already_Downloaded
2016-03-05,06Z,gdas1.fnl.0p25.2016030506.f00.grib2,0.0,Already_Downloaded
2016-03-05,12Z,gdas1.fnl.0p25.2016030512.f00.grib2,0.0,Already_Downloaded
2016-03-05,18Z,gdas1.fnl.0p25.2016030518.f00.grib2,0.0,Already_Downloaded
2016-03-06,00Z,gdas1.fnl.0p25.2016030600.f00.grib2,0.0,Already_Downloaded
2016-03-06,06Z,gdas1.fnl.0p25.2016030606.f00.grib2,0.0,Already_Downloaded
2016-03-06,12Z,gdas1.fnl.0p25.2016030612.f00.grib2,0.0,Already_Downloaded
2016-03-06,18Z,gdas1.fnl.0p25.2016030618.f00.grib2,0.0,Already_Downloaded
2016-03-07,00Z,gdas1.fnl.0p25.2016030700.f00.grib2,0.0,Already_Downloaded
2016-03-07,06Z,gdas1.fnl.0p25.2016030706.f00.grib2,0.0,Already_Downloaded
2016-03-07,12Z,gdas1.fnl.0p25.2016030712.f00.grib2,0.0,Already_Downloaded
2016-03-07,18Z,gdas1.fnl.0p25.2016030718.f00.grib2,0.0,Already_Downloaded
2016-03-08,00Z,gdas1.fnl.0p25.2016030800.f00.grib2,0.0,Already_Downloaded
2016-03-08,06Z,gdas1.fnl.0p25.2016030806.f00.grib2,0.0,Already_Downloaded
2016-03-08,12Z,gdas1.fnl.0p25.2016030812.f00.grib2,0.0,Already_Downloaded
2016-03-08,18Z,gdas1.fnl.0p25.2016030818.f00.grib2,0.0,Already_Downloaded
2016-03-09,00Z,gdas1.fnl.0p25.2016030900.f00.grib2,0.0,Already_Downloaded
2016-03-09,06Z,gdas1.fnl.0p25.2016030906.f00.grib2,0.0,Already_Downloaded
2016-03-09,12Z,gdas1.fnl.0p25.2016030912.f00.grib2,0.0,Already_Downloaded
2016-03-09,18Z,gdas1.fnl.0p25.2016030918.f00.grib2,0.0,Already_Downloaded
2016-03-10,00Z,gdas1.fnl.0p25.2016031000.f00.grib2,0.0,Already_Downloaded
2016-03-10,06Z,gdas1.fnl.0p25.2016031006.f00.grib2,0.0,Already_Downloaded
2016-03-10,12Z,gdas1.fnl.0p25.2016031012.f00.grib2,0.0,Already_Downloaded
2016-03-10,18Z,gdas1.fnl.0p25.2016031018.f00.grib2,0.0,Already_Downloaded
2016-03-11,00Z,gdas1.fnl.0p25.2016031100.f00.grib2,0.0,Already_Downloaded
2016-03-11,06Z,gdas1.fnl.0p25.2016031106.f00.grib2,0.0,Already_Downloaded
2016-03-11,12Z,gdas1.fnl.0p25.2016031112.f00.grib2,0.0,Already_Downloaded
2016-03-11,18Z,gdas1.fnl.0p25.2016031118.f00.grib2,0.0,Already_Downloaded
2016-03-12,00Z,gdas1.fnl.0p25.2016031200.f00.grib2,0.0,Already_Downloaded
2016-03-12,06Z,gdas1.fnl.0p25.2016031206.f00.grib2,0.0,Already_Downloaded
2016-03-12,12Z,gdas1.fnl.0p25.2016031212.f00.grib2,0.0,Already_Downloaded
2016-03-12,18Z,gdas1.fnl.0p25.2016031218.f00.grib2,0.0,Already_Downloaded
2016-03-13,00Z,gdas1.fnl.0p25.2016031300.f00.grib2,0.0,Already_Downloaded
2016-03-13,06Z,gdas1.fnl.0p25.2016031306.f00.grib2,0.0,Already_Downloaded
2016-03-13,12Z,gdas1.fnl.0p25.2016031312.f00.grib2,0.0,Already_Downloaded
2016-03-13,18Z,gdas1.fnl.0p25.2016031318.f00.grib2,0.0,Already_Downloaded
2016-03-14,00Z,gdas1.fnl.0p25.2016031400.f00.grib2,0.0,Already_Downloaded
2016-03-14,06Z,gdas1.fnl.0p25.2016031406.f00.grib2,0.0,Already_Downloaded
2016-03-14,12Z,gdas1.fnl.0p25.2016031412.f00.grib2,0.0,Already_Downloaded
2016-03-14,18Z,gdas1.fnl.0p25.2016031418.f00.grib2,0.0,Already_Downloaded
2016-03-15,00Z,gdas1.fnl.0p25.2016031500.f00.grib2,0.0,Already_Downloaded
2016-03-15,06Z,gdas1.fnl.0p25.2016031506.f00.grib2,0.0,Already_Downloaded
2016-03-15,12Z,gdas1.fnl.0p25.2016031512.f00.grib2,0.0,Already_Downloaded
2016-03-15,18Z,gdas1.fnl.0p25.2016031518.f00.grib2,0.0,Already_Downloaded
2016-03-16,00Z,gdas1.fnl.0p25.2016031600.f00.grib2,0.0,Already_Downloaded
2016-03-16,06Z,gdas1.fnl.0p25.2016031606.f00.grib2,0.0,Already_Downloaded
2016-03-16,12Z,gdas1.fnl.0p25.2016031612.f00.grib2,0.0,Already_Downloaded
2016-03-16,18Z,gdas1.fnl.0p25.2016031618.f00.grib2,0.0,Already_Downloaded
2016-03-17,00Z,gdas1.fnl.0p25.2016031700.f00.grib2,0.0,Already_Downloaded
2016-03-17,06Z,gdas1.fnl.0p25.2016031706.f00.grib2,0.0,Already_Downloaded
2016-03-17,12Z,gdas1.fnl.0p25.2016031712.f00.grib2,0.0,Already_Downloaded
2016-03-17,18Z,gdas1.fnl.0p25.2016031718.f00.grib2,0.0,Already_Downloaded
2016-03-18,00Z,gdas1.fnl.0p25.2016031800.f00.grib2,0.0,Already_Downloaded
2016-03-18,06Z,gdas1.fnl.0p25.2016031806.f00.grib2,0.0,Already_Downloaded
2016-03-18,12Z,gdas1.fnl.0p25.2016031812.f00.grib2,0.0,Already_Downloaded
2016-03-18,18Z,gdas1.fnl.0p25.2016031818.f00.grib2,0.0,Already_Downloaded
2016-03-19,00Z,gdas1.fnl.0p25.2016031900.f00.grib2,0.0,Already_Downloaded
2016-03-19,06Z,gdas1.fnl.0p25.2016031906.f00.grib2,0.0,Already_Downloaded
2016-03-19,12Z,gdas1.fnl.0p25.2016031912.f00.grib2,0.0,Already_Downloaded
2016-03-19,18Z,gdas1.fnl.0p25.2016031918.f00.grib2,0.0,Already_Downloaded
2016-03-20,00Z,gdas1.fnl.0p25.2016032000.f00.grib2,0.0,Already_Downloaded
2016-03-20,06Z,gdas1.fnl.0p25.2016032006.f00.grib2,0.0,Already_Downloaded
2016-03-20,12Z,gdas1.fnl.0p25.2016032012.f00.grib2,0.0,Already_Downloaded
2016-03-20,18Z,gdas1.fnl.0p25.2016032018.f00.grib2,0.0,Already_Downloaded
2016-03-21,00Z,gdas1.fnl.0p25.2016032100.f00.grib2,0.0,Already_Downloaded
2016-03-21,06Z,gdas1.fnl.0p25.2016032106.f00.grib2,0.0,Already_Downloaded
2016-03-21,12Z,gdas1.fnl.0p25.2016032112.f00.grib2,0.0,Already_Downloaded
2016-03-21,18Z,gdas1.fnl.0p25.2016032118.f00.grib2,0.0,Already_Downloaded
2016-03-22,00Z,gdas1.fnl.0p25.2016032200.f00.grib2,0.0,Already_Downloaded
2016-03-22,06Z,gdas1.fnl.0p25.2016032206.f00.grib2,0.0,Already_Downloaded
2016-03-22,12Z,gdas1.fnl.0p25.2016032212.f00.grib2,0.0,Already_Downloaded
2016-03-22,18Z,gdas1.fnl.0p25.2016032218.f00.grib2,0.0,Already_Downloaded
2016-03-23,00Z,gdas1.fnl.0p25.2016032300.f00.grib2,0.0,Already_Downloaded
2016-03-23,06Z,gdas1.fnl.0p25.2016032306.f00.grib2,0.0,Already_Downloaded
2016-03-23,12Z,gdas1.fnl.0p25.2016032312.f00.grib2,0.0,Already_Downloaded
2016-03-23,18Z,gdas1.fnl.0p25.2016032318.f00.grib2,0.0,Already_Downloaded
2016-03-24,00Z,gdas1.fnl.0p25.2016032400.f00.grib2,0.0,Already_Downloaded
2016-03-24,06Z,gdas1.fnl.0p25.2016032406.f00.grib2,0.0,Already_Downloaded
2016-03-24,12Z,gdas1.fnl.0p25.2016032412.f00.grib2,0.0,Already_Downloaded
2016-03-24,18Z,gdas1.fnl.0p25.2016032418.f00.grib2,0.0,Already_Downloaded
2016-03-25,00Z,gdas1.fnl.0p25.2016032500.f00.grib2,0.0,Already_Downloaded
2016-03-25,06Z,gdas1.fnl.0p25.2016032506.f00.grib2,0.0,Already_Downloaded
2016-03-25,12Z,gdas1.fnl.0p25.2016032512.f00.grib2,0.0,Already_Downloaded
2016-03-25,18Z,gdas1.fnl.0p25.2016032518.f00.grib2,0.0,Already_Downloaded
2016-03-26,00Z,gdas1.fnl.0p25.2016032600.f00.grib2,0.0,Already_Downloaded
2016-03-26,06Z,gdas1.fnl.0p25.2016032606.f00.grib2,0.0,Already_Downloaded
2016-03-26,12Z,gdas1.fnl.0p25.2016032612.f00.grib2,0.0,Already_Downloaded
2016-03-26,18Z,gdas1.fnl.0p25.2016032618.f00.grib2,0.0,Already_Downloaded
2016-03-27,00Z,gdas1.fnl.0p25.2016032700.f00.grib2,0.0,Already_Downloaded
2016-03-27,06Z,gdas1.fnl.0p25.2016032706.f00.grib2,0.0,Already_Downloaded
2016-03-27,12Z,gdas1.fnl.0p25.2016032712.f00.grib2,0.0,Already_Downloaded
2016-03-27,18Z,gdas1.fnl.0p25.2016032718.f00.grib2,0.0,Already_Downloaded
2016-03-28,00Z,gdas1.fnl.0p25.2016032800.f00.grib2,0.0,Already_Downloaded
2016-03-28,06Z,gdas1.fnl.0p25.2016032806.f00.grib2,0.0,Already_Downloaded
2016-03-28,12Z,gdas1.fnl.0p25.2016032812.f00.grib2,0.0,Already_Downloaded
2016-03-28,18Z,gdas1.fnl.0p25.2016032818.f00.grib2,0.0,Already_Downloaded
2016-03-29,00Z,gdas1.fnl.0p25.2016032900.f00.grib2,0.0,Already_Downloaded
2016-03-29,06Z,gdas1.fnl.0p25.2016032906.f00.grib2,0.0,Already_Downloaded
2016-03-29,12Z,gdas1.fnl.0p25.2016032912.f00.grib2,0.0,Already_Downloaded
2016-03-29,18Z,gdas1.fnl.0p25.2016032918.f00.grib2,0.0,Already_Downloaded
2016-03-30,00Z,gdas1.fnl.0p25.2016033000.f00.grib2,0.0,Already_Downloaded
2016-03-30,06Z,gdas1.fnl.0p25.2016033006.f00.grib2,0.0,Already_Downloaded
2016-03-30,12Z,gdas1.fnl.0p25.2016033012.f00.grib2,0.0,Already_Downloaded
2016-03-30,18Z,gdas1.fnl.0p25.2016033018.f00.grib2,0.0,Already_Downloaded
2016-03-31,00Z,gdas1.fnl.0p25.2016033100.f00.grib2,0.0,Already_Downloaded
2016-03-31,06Z,gdas1.fnl.0p25.2016033106.f00.grib2,0.0,Already_Downloaded
2016-03-31,12Z,gdas1.fnl.0p25.2016033112.f00.grib2,0.0,Already_Downloaded
2016-03-31,18Z,gdas1.fnl.0p25.2016033118.f00.grib2,0.0,Already_Downloaded
2016-04-01,00Z,gdas1.fnl.0p25.2016040100.f00.grib2,0.0,Already_Downloaded
2016-04-01,06Z,gdas1.fnl.0p25.2016040106.f00.grib2,0.0,Already_Downloaded
2016-04-01,12Z,gdas1.fnl.0p25.2016040112.f00.grib2,0.0,Already_Downloaded
2016-04-01,18Z,gdas1.fnl.0p25.2016040118.f00.grib2,0.0,Already_Downloaded
2016-04-02,00Z,gdas1.fnl.0p25.2016040200.f00.grib2,0.0,Already_Downloaded
2016-04-02,06Z,gdas1.fnl.0p25.2016040206.f00.grib2,0.0,Already_Downloaded
2016-04-02,12Z,gdas1.fnl.0p25.2016040212.f00.grib2,0.0,Already_Downloaded
2016-04-02,18Z,gdas1.fnl.0p25.2016040218.f00.grib2,0.0,Already_Downloaded
2016-04-03,00Z,gdas1.fnl.0p25.2016040300.f00.grib2,0.0,Already_Downloaded
2016-04-03,06Z,gdas1.fnl.0p25.2016040306.f00.grib2,0.0,Already_Downloaded
2016-04-03,12Z,gdas1.fnl.0p25.2016040312.f00.grib2,0.0,Already_Downloaded
2016-04-03,18Z,gdas1.fnl.0p25.2016040318.f00.grib2,0.0,Already_Downloaded
2016-04-04,00Z,gdas1.fnl.0p25.2016040400.f00.grib2,0.0,Already_Downloaded
2016-04-04,06Z,gdas1.fnl.0p25.2016040406.f00.grib2,0.0,Already_Downloaded
2016-04-04,12Z,gdas1.fnl.0p25.2016040412.f00.grib2,0.0,Already_Downloaded
2016-04-04,18Z,gdas1.fnl.0p25.2016040418.f00.grib2,0.0,Already_Downloaded
2016-04-05,00Z,gdas1.fnl.0p25.2016040500.f00.grib2,0.0,Already_Downloaded
2016-04-05,06Z,gdas1.fnl.0p25.2016040506.f00.grib2,0.0,Already_Downloaded
2016-04-05,12Z,gdas1.fnl.0p25.2016040512.f00.grib2,0.0,Already_Downloaded
2016-04-05,18Z,gdas1.fnl.0p25.2016040518.f00.grib2,0.0,Already_Downloaded
2016-04-06,00Z,gdas1.fnl.0p25.2016040600.f00.grib2,0.0,Already_Downloaded
2016-04-06,06Z,gdas1.fnl.0p25.2016040606.f00.grib2,0.0,Already_Downloaded
2016-04-06,12Z,gdas1.fnl.0p25.2016040612.f00.grib2,0.0,Already_Downloaded
2016-04-06,18Z,gdas1.fnl.0p25.2016040618.f00.grib2,0.0,Already_Downloaded
2016-04-07,00Z,gdas1.fnl.0p25.2016040700.f00.grib2,0.0,Already_Downloaded
2016-04-07,06Z,gdas1.fnl.0p25.2016040706.f00.grib2,0.0,Already_Downloaded
2016-04-07,12Z,gdas1.fnl.0p25.2016040712.f00.grib2,0.0,Already_Downloaded
2016-04-07,18Z,gdas1.fnl.0p25.2016040718.f00.grib2,0.0,Already_Downloaded
2016-04-08,00Z,gdas1.fnl.0p25.2016040800.f00.grib2,0.0,Already_Downloaded
2016-04-08,06Z,gdas1.fnl.0p25.2016040806.f00.grib2,0.0,Already_Downloaded
2016-04-08,12Z,gdas1.fnl.0p25.2016040812.f00.grib2,0.0,Already_Downloaded
2016-04-08,18Z,gdas1.fnl.0p25.2016040818.f00.grib2,0.0,Already_Downloaded
2016-04-09,00Z,gdas1.fnl.0p25.2016040900.f00.grib2,0.0,Already_Downloaded
2016-04-09,06Z,gdas1.fnl.0p25.2016040906.f00.grib2,0.0,Already_Downloaded
2016-04-09,12Z,gdas1.fnl.0p25.2016040912.f00.grib2,0.0,Already_Downloaded
2016-04-09,18Z,gdas1.fnl.0p25.2016040918.f00.grib2,0.0,Already_Downloaded
2016-04-10,00Z,gdas1.fnl.0p25.2016041000.f00.grib2,0.0,Already_Downloaded
2016-04-10,06Z,gdas1.fnl.0p25.2016041006.f00.grib2,0.0,Already_Downloaded
2016-04-10,12Z,gdas1.fnl.0p25.2016041012.f00.grib2,0.0,Already_Downloaded
2016-04-10,18Z,gdas1.fnl.0p25.2016041018.f00.grib2,0.0,Already_Downloaded
2016-04-11,00Z,gdas1.fnl.0p25.2016041100.f00.grib2,0.0,Already_Downloaded
2016-04-11,06Z,gdas1.fnl.0p25.2016041106.f00.grib2,0.0,Already_Downloaded
2016-04-11,12Z,gdas1.fnl.0p25.2016041112.f00.grib2,0.0,Already_Downloaded
2016-04-11,18Z,gdas1.fnl.0p25.2016041118.f00.grib2,0.0,Already_Downloaded
2016-04-12,00Z,gdas1.fnl.0p25.2016041200.f00.grib2,0.0,Already_Downloaded
2016-04-12,06Z,gdas1.fnl.0p25.2016041206.f00.grib2,0.0,Already_Downloaded
2016-04-12,12Z,gdas1.fnl.0p25.2016041212.f00.grib2,0.0,Already_Downloaded
2016-04-12,18Z,gdas1.fnl.0p25.2016041218.f00.grib2,0.0,Already_Downloaded
2016-04-13,00Z,gdas1.fnl.0p25.2016041300.f00.grib2,0.0,Already_Downloaded
2016-04-13,06Z,gdas1.fnl.0p25.2016041306.f00.grib2,0.0,Already_Downloaded
2016-04-13,12Z,gdas1.fnl.0p25.2016041312.f00.grib2,0.0,Already_Downloaded
2016-04-13,18Z,gdas1.fnl.0p25.2016041318.f00.grib2,0.0,Already_Downloaded
2016-04-14,00Z,gdas1.fnl.0p25.2016041400.f00.grib2,0.0,Already_Downloaded
2016-04-14,06Z,gdas1.fnl.0p25.2016041406.f00.grib2,0.0,Already_Downloaded
2016-04-14,12Z,gdas1.fnl.0p25.2016041412.f00.grib2,0.0,Already_Downloaded
2016-04-14,18Z,gdas1.fnl.0p25.2016041418.f00.grib2,0.0,Already_Downloaded
2016-04-15,00Z,gdas1.fnl.0p25.2016041500.f00.grib2,0.0,Already_Downloaded
2016-04-15,06Z,gdas1.fnl.0p25.2016041506.f00.grib2,0.0,Already_Downloaded
2016-04-15,12Z,gdas1.fnl.0p25.2016041512.f00.grib2,0.0,Already_Downloaded
2016-04-15,18Z,gdas1.fnl.0p25.2016041518.f00.grib2,0.0,Already_Downloaded
2016-04-16,00Z,gdas1.fnl.0p25.2016041600.f00.grib2,0.0,Already_Downloaded
2016-04-16,06Z,gdas1.fnl.0p25.2016041606.f00.grib2,0.0,Already_Downloaded
2016-04-16,12Z,gdas1.fnl.0p25.2016041612.f00.grib2,0.0,Already_Downloaded
2016-04-16,18Z,gdas1.fnl.0p25.2016041618.f00.grib2,0.0,Already_Downloaded
2016-04-17,00Z,gdas1.fnl.0p25.2016041700.f00.grib2,0.0,Already_Downloaded
2016-04-17,06Z,gdas1.fnl.0p25.2016041706.f00.grib2,0.0,Already_Downloaded
2016-04-17,12Z,gdas1.fnl.0p25.2016041712.f00.grib2,0.0,Already_Downloaded
2016-04-17,18Z,gdas1.fnl.0p25.2016041718.f00.grib2,0.0,Already_Downloaded
2016-04-18,00Z,gdas1.fnl.0p25.2016041800.f00.grib2,0.0,Already_Downloaded
2016-04-18,06Z,gdas1.fnl.0p25.2016041806.f00.grib2,0.0,Already_Downloaded
2016-04-18,12Z,gdas1.fnl.0p25.2016041812.f00.grib2,0.0,Already_Downloaded
2016-04-18,18Z,gdas1.fnl.0p25.2016041818.f00.grib2,0.0,Already_Downloaded
2016-04-19,00Z,gdas1.fnl.0p25.2016041900.f00.grib2,0.0,Already_Downloaded
2016-04-19,06Z,gdas1.fnl.0p25.2016041906.f00.grib2,0.0,Already_Downloaded
2016-04-19,12Z,gdas1.fnl.0p25.2016041912.f00.grib2,0.0,Already_Downloaded
2016-04-19,18Z,gdas1.fnl.0p25.2016041918.f00.grib2,0.0,Already_Downloaded
2016-04-20,00Z,gdas1.fnl.0p25.2016042000.f00.grib2,0.0,Already_Downloaded
2016-04-20,06Z,gdas1.fnl.0p25.2016042006.f00.grib2,0.0,Already_Downloaded
2016-04-20,12Z,gdas1.fnl.0p25.2016042012.f00.grib2,0.0,Already_Downloaded
2016-04-20,18Z,gdas1.fnl.0p25.2016042018.f00.grib2,0.0,Already_Downloaded
2016-04-21,00Z,gdas1.fnl.0p25.2016042100.f00.grib2,0.0,Already_Downloaded
2016-04-21,06Z,gdas1.fnl.0p25.2016042106.f00.grib2,0.0,Already_Downloaded
2016-04-21,12Z,gdas1.fnl.0p25.2016042112.f00.grib2,0.0,Already_Downloaded
2016-04-21,18Z,gdas1.fnl.0p25.2016042118.f00.grib2,0.0,Already_Downloaded
2016-04-22,00Z,gdas1.fnl.0p25.2016042200.f00.grib2,0.0,Already_Downloaded
2016-04-22,06Z,gdas1.fnl.0p25.2016042206.f00.grib2,0.0,Already_Downloaded
2016-04-22,12Z,gdas1.fnl.0p25.2016042212.f00.grib2,0.0,Already_Downloaded
2016-04-22,18Z,gdas1.fnl.0p25.2016042218.f00.grib2,0.0,Already_Downloaded
2016-04-23,00Z,gdas1.fnl.0p25.2016042300.f00.grib2,0.0,Already_Downloaded
2016-04-23,06Z,gdas1.fnl.0p25.2016042306.f00.grib2,0.0,Already_Downloaded
2016-04-23,12Z,gdas1.fnl.0p25.2016042312.f00.grib2,0.0,Already_Downloaded
2016-04-23,18Z,gdas1.fnl.0p25.2016042318.f00.grib2,0.0,Already_Downloaded
2016-04-24,00Z,gdas1.fnl.0p25.2016042400.f00.grib2,0.0,Already_Downloaded
2016-04-24,06Z,gdas1.fnl.0p25.2016042406.f00.grib2,0.0,Already_Downloaded
2016-04-24,12Z,gdas1.fnl.0p25.2016042412.f00.grib2,0.0,Already_Downloaded
2016-04-24,18Z,gdas1.fnl.0p25.2016042418.f00.grib2,0.0,Already_Downloaded
2016-04-25,00Z,gdas1.fnl.0p25.2016042500.f00.grib2,0.0,Already_Downloaded
2016-04-25,06Z,gdas1.fnl.0p25.2016042506.f00.grib2,0.0,Already_Downloaded
2016-04-25,12Z,gdas1.fnl.0p25.2016042512.f00.grib2,0.0,Already_Downloaded
2016-04-25,18Z,gdas1.fnl.0p25.2016042518.f00.grib2,0.0,Already_Downloaded
2016-04-26,00Z,gdas1.fnl.0p25.2016042600.f00.grib2,0.0,Already_Downloaded
2016-04-26,06Z,gdas1.fnl.0p25.2016042606.f00.grib2,0.0,Already_Downloaded
2016-04-26,12Z,gdas1.fnl.0p25.2016042612.f00.grib2,0.0,Already_Downloaded
2016-04-26,18Z,gdas1.fnl.0p25.2016042618.f00.grib2,0.0,Already_Downloaded
2016-04-27,00Z,gdas1.fnl.0p25.2016042700.f00.grib2,0.0,Already_Downloaded
2016-04-27,06Z,gdas1.fnl.0p25.2016042706.f00.grib2,0.0,Already_Downloaded
2016-04-27,12Z,gdas1.fnl.0p25.2016042712.f00.grib2,0.0,Already_Downloaded
2016-04-27,18Z,gdas1.fnl.0p25.2016042718.f00.grib2,0.0,Already_Downloaded
2016-04-28,00Z,gdas1.fnl.0p25.2016042800.f00.grib2,0.0,Already_Downloaded
2016-04-28,06Z,gdas1.fnl.0p25.2016042806.f00.grib2,0.0,Already_Downloaded
2016-04-28,12Z,gdas1.fnl.0p25.2016042812.f00.grib2,0.0,Already_Downloaded
2016-04-28,18Z,gdas1.fnl.0p25.2016042818.f00.grib2,0.0,Already_Downloaded
2016-04-29,00Z,gdas1.fnl.0p25.2016042900.f00.grib2,0.0,Already_Downloaded
2016-04-29,06Z,gdas1.fnl.0p25.2016042906.f00.grib2,0.0,Already_Downloaded
2016-04-29,12Z,gdas1.fnl.0p25.2016042912.f00.grib2,0.0,Already_Downloaded
2016-04-29,18Z,gdas1.fnl.0p25.2016042918.f00.grib2,0.0,Already_Downloaded
2016-04-30,00Z,gdas1.fnl.0p25.2016043000.f00.grib2,0.0,Already_Downloaded
2016-04-30,06Z,gdas1.fnl.0p25.2016043006.f00.grib2,0.0,Already_Downloaded
2016-04-30,12Z,gdas1.fnl.0p25.2016043012.f00.grib2,0.0,Already_Downloaded
2016-04-30,18Z,gdas1.fnl.0p25.2016043018.f00.grib2,0.0,Already_Downloaded
2016-05-01,00Z,gdas1.fnl.0p25.2016050100.f00.grib2,0.0,Already_Downloaded
2016-05-01,06Z,gdas1.fnl.0p25.2016050106.f00.grib2,0.0,Already_Downloaded
2016-05-01,12Z,gdas1.fnl.0p25.2016050112.f00.grib2,0.0,Already_Downloaded
2016-05-01,18Z,gdas1.fnl.0p25.2016050118.f00.grib2,0.0,Already_Downloaded
2016-05-02,00Z,gdas1.fnl.0p25.2016050200.f00.grib2,0.0,Already_Downloaded
2016-05-02,06Z,gdas1.fnl.0p25.2016050206.f00.grib2,0.0,Already_Downloaded
2016-05-02,12Z,gdas1.fnl.0p25.2016050212.f00.grib2,0.0,Already_Downloaded
2016-05-02,18Z,gdas1.fnl.0p25.2016050218.f00.grib2,0.0,Already_Downloaded
2016-05-03,00Z,gdas1.fnl.0p25.2016050300.f00.grib2,0.0,Already_Downloaded
2016-05-03,06Z,gdas1.fnl.0p25.2016050306.f00.grib2,0.0,Already_Downloaded
2016-05-03,12Z,gdas1.fnl.0p25.2016050312.f00.grib2,0.0,Already_Downloaded
2016-05-03,18Z,gdas1.fnl.0p25.2016050318.f00.grib2,0.0,Already_Downloaded
2016-05-04,00Z,gdas1.fnl.0p25.2016050400.f00.grib2,0.0,Already_Downloaded
2016-05-04,06Z,gdas1.fnl.0p25.2016050406.f00.grib2,0.0,Already_Downloaded
2016-05-04,12Z,gdas1.fnl.0p25.2016050412.f00.grib2,0.0,Already_Downloaded
2016-05-04,18Z,gdas1.fnl.0p25.2016050418.f00.grib2,0.0,Already_Downloaded
2016-05-05,00Z,gdas1.fnl.0p25.2016050500.f00.grib2,0.0,Already_Downloaded
2016-05-05,06Z,gdas1.fnl.0p25.2016050506.f00.grib2,0.0,Already_Downloaded
2016-05-05,12Z,gdas1.fnl.0p25.2016050512.f00.grib2,0.0,Already_Downloaded
2016-05-05,18Z,gdas1.fnl.0p25.2016050518.f00.grib2,0.0,Already_Downloaded
2016-05-06,00Z,gdas1.fnl.0p25.2016050600.f00.grib2,0.0,Already_Downloaded
2016-05-06,06Z,gdas1.fnl.0p25.2016050606.f00.grib2,0.0,Already_Downloaded
2016-05-06,12Z,gdas1.fnl.0p25.2016050612.f00.grib2,0.0,Already_Downloaded
2016-05-06,18Z,gdas1.fnl.0p25.2016050618.f00.grib2,0.0,Already_Downloaded
2016-05-07,00Z,gdas1.fnl.0p25.2016050700.f00.grib2,0.0,Already_Downloaded
2016-05-07,06Z,gdas1.fnl.0p25.2016050706.f00.grib2,0.0,Already_Downloaded
2016-05-07,12Z,gdas1.fnl.0p25.2016050712.f00.grib2,0.0,Already_Downloaded
2016-05-07,18Z,gdas1.fnl.0p25.2016050718.f00.grib2,0.0,Already_Downloaded
2016-05-08,00Z,gdas1.fnl.0p25.2016050800.f00.grib2,0.0,Already_Downloaded
2016-05-08,06Z,gdas1.fnl.0p25.2016050806.f00.grib2,0.0,Already_Downloaded
2016-05-08,12Z,gdas1.fnl.0p25.2016050812.f00.grib2,0.0,Already_Downloaded
2016-05-08,18Z,gdas1.fnl.0p25.2016050818.f00.grib2,0.0,Already_Downloaded
2016-05-09,00Z,gdas1.fnl.0p25.2016050900.f00.grib2,0.0,Already_Downloaded
2016-05-09,06Z,gdas1.fnl.0p25.2016050906.f00.grib2,0.0,Already_Downloaded
2016-05-09,12Z,gdas1.fnl.0p25.2016050912.f00.grib2,0.0,Already_Downloaded
2016-05-09,18Z,gdas1.fnl.0p25.2016050918.f00.grib2,0.0,Already_Downloaded
2016-05-10,00Z,gdas1.fnl.0p25.2016051000.f00.grib2,0.0,Already_Downloaded
2016-05-10,06Z,gdas1.fnl.0p25.2016051006.f00.grib2,0.0,Already_Downloaded
2016-05-10,12Z,gdas1.fnl.0p25.2016051012.f00.grib2,0.0,Already_Downloaded
2016-05-10,18Z,gdas1.fnl.0p25.2016051018.f00.grib2,0.0,Already_Downloaded
2016-05-11,00Z,gdas1.fnl.0p25.2016051100.f00.grib2,0.0,Already_Downloaded
2016-05-11,06Z,gdas1.fnl.0p25.2016051106.f00.grib2,0.0,Already_Downloaded
2016-05-11,12Z,gdas1.fnl.0p25.2016051112.f00.grib2,0.0,Already_Downloaded
2016-05-11,18Z,gdas1.fnl.0p25.2016051118.f00.grib2,0.0,Already_Downloaded
2016-05-12,00Z,gdas1.fnl.0p25.2016051200.f00.grib2,0.0,Already_Downloaded
2016-05-12,06Z,gdas1.fnl.0p25.2016051206.f00.grib2,0.0,Already_Downloaded
2016-05-12,12Z,gdas1.fnl.0p25.2016051212.f00.grib2,0.0,Already_Downloaded
2016-05-12,18Z,gdas1.fnl.0p25.2016051218.f00.grib2,0.0,Already_Downloaded
2016-05-13,00Z,gdas1.fnl.0p25.2016051300.f00.grib2,0.0,Already_Downloaded
2016-05-13,06Z,gdas1.fnl.0p25.2016051306.f00.grib2,0.0,Already_Downloaded
2016-05-13,12Z,gdas1.fnl.0p25.2016051312.f00.grib2,0.0,Already_Downloaded
2016-05-13,18Z,gdas1.fnl.0p25.2016051318.f00.grib2,0.0,Already_Downloaded
2016-05-14,00Z,gdas1.fnl.0p25.2016051400.f00.grib2,0.0,Already_Downloaded
2016-05-14,06Z,gdas1.fnl.0p25.2016051406.f00.grib2,0.0,Already_Downloaded
2016-05-14,12Z,gdas1.fnl.0p25.2016051412.f00.grib2,0.0,Already_Downloaded
2016-05-14,18Z,gdas1.fnl.0p25.2016051418.f00.grib2,0.0,Already_Downloaded
2016-05-15,00Z,gdas1.fnl.0p25.2016051500.f00.grib2,0.0,Already_Downloaded
2016-05-15,06Z,gdas1.fnl.0p25.2016051506.f00.grib2,0.0,Already_Downloaded
2016-05-15,12Z,gdas1.fnl.0p25.2016051512.f00.grib2,0.0,Already_Downloaded
2016-05-15,18Z,gdas1.fnl.0p25.2016051518.f00.grib2,0.0,Already_Downloaded
2016-05-16,00Z,gdas1.fnl.0p25.2016051600.f00.grib2,0.0,Already_Downloaded
2016-05-16,06Z,gdas1.fnl.0p25.2016051606.f00.grib2,0.0,Already_Downloaded
2016-05-16,12Z,gdas1.fnl.0p25.2016051612.f00.grib2,0.0,Already_Downloaded
2016-05-16,18Z,gdas1.fnl.0p25.2016051618.f00.grib2,0.0,Already_Downloaded
2016-05-17,00Z,gdas1.fnl.0p25.2016051700.f00.grib2,0.0,Already_Downloaded
2016-05-17,06Z,gdas1.fnl.0p25.2016051706.f00.grib2,0.0,Already_Downloaded
2016-05-17,12Z,gdas1.fnl.0p25.2016051712.f00.grib2,0.0,Already_Downloaded
2016-05-17,18Z,gdas1.fnl.0p25.2016051718.f00.grib2,0.0,Already_Downloaded
2016-05-18,00Z,gdas1.fnl.0p25.2016051800.f00.grib2,0.0,Already_Downloaded
2016-05-18,06Z,gdas1.fnl.0p25.2016051806.f00.grib2,0.0,Already_Downloaded
2016-05-18,12Z,gdas1.fnl.0p25.2016051812.f00.grib2,0.0,Already_Downloaded
2016-05-18,18Z,gdas1.fnl.0p25.2016051818.f00.grib2,0.0,Already_Downloaded
2016-05-19,00Z,gdas1.fnl.0p25.2016051900.f00.grib2,0.0,Already_Downloaded
2016-05-19,06Z,gdas1.fnl.0p25.2016051906.f00.grib2,0.0,Already_Downloaded
2016-05-19,12Z,gdas1.fnl.0p25.2016051912.f00.grib2,0.0,Already_Downloaded
2016-05-19,18Z,gdas1.fnl.0p25.2016051918.f00.grib2,0.0,Already_Downloaded
2016-05-20,00Z,gdas1.fnl.0p25.2016052000.f00.grib2,0.0,Already_Downloaded
2016-05-20,06Z,gdas1.fnl.0p25.2016052006.f00.grib2,0.0,Already_Downloaded
2016-05-20,12Z,gdas1.fnl.0p25.2016052012.f00.grib2,0.0,Already_Downloaded
2016-05-20,18Z,gdas1.fnl.0p25.2016052018.f00.grib2,0.0,Already_Downloaded
2016-05-21,00Z,gdas1.fnl.0p25.2016052100.f00.grib2,0.0,Already_Downloaded
2016-05-21,06Z,gdas1.fnl.0p25.2016052106.f00.grib2,0.0,Already_Downloaded
2016-05-21,12Z,gdas1.fnl.0p25.2016052112.f00.grib2,0.0,Already_Downloaded
2016-05-21,18Z,gdas1.fnl.0p25.2016052118.f00.grib2,0.0,Already_Downloaded
2016-05-22,00Z,gdas1.fnl.0p25.2016052200.f00.grib2,0.0,Already_Downloaded
2016-05-22,06Z,gdas1.fnl.0p25.2016052206.f00.grib2,0.0,Already_Downloaded
2016-05-22,12Z,gdas1.fnl.0p25.2016052212.f00.grib2,0.0,Already_Downloaded
2016-05-22,18Z,gdas1.fnl.0p25.2016052218.f00.grib2,0.0,Already_Downloaded
2016-05-23,00Z,gdas1.fnl.0p25.2016052300.f00.grib2,0.0,Already_Downloaded
2016-05-23,06Z,gdas1.fnl.0p25.2016052306.f00.grib2,0.0,Already_Downloaded
2016-05-23,12Z,gdas1.fnl.0p25.2016052312.f00.grib2,0.0,Already_Downloaded
2016-05-23,18Z,gdas1.fnl.0p25.2016052318.f00.grib2,0.0,Already_Downloaded
2016-05-24,00Z,gdas1.fnl.0p25.2016052400.f00.grib2,0.0,Already_Downloaded
2016-05-24,06Z,gdas1.fnl.0p25.2016052406.f00.grib2,0.0,Already_Downloaded
2016-05-24,12Z,gdas1.fnl.0p25.2016052412.f00.grib2,0.0,Already_Downloaded
2016-05-24,18Z,gdas1.fnl.0p25.2016052418.f00.grib2,0.0,Already_Downloaded
2016-05-25,00Z,gdas1.fnl.0p25.2016052500.f00.grib2,0.0,Already_Downloaded
2016-05-25,06Z,gdas1.fnl.0p25.2016052506.f00.grib2,0.0,Already_Downloaded
2016-05-25,12Z,gdas1.fnl.0p25.2016052512.f00.grib2,0.0,Already_Downloaded
2016-05-25,18Z,gdas1.fnl.0p25.2016052518.f00.grib2,0.0,Already_Downloaded
2016-05-26,00Z,gdas1.fnl.0p25.2016052600.f00.grib2,0.0,Already_Downloaded
2016-05-26,06Z,gdas1.fnl.0p25.2016052606.f00.grib2,0.0,Already_Downloaded
2016-05-26,12Z,gdas1.fnl.0p25.2016052612.f00.grib2,0.0,Already_Downloaded
2016-05-26,18Z,gdas1.fnl.0p25.2016052618.f00.grib2,0.0,Already_Downloaded
2016-05-27,00Z,gdas1.fnl.0p25.2016052700.f00.grib2,0.0,Already_Downloaded
2016-05-27,06Z,gdas1.fnl.0p25.2016052706.f00.grib2,0.0,Already_Downloaded
2016-05-27,12Z,gdas1.fnl.0p25.2016052712.f00.grib2,0.0,Already_Downloaded
2016-05-27,18Z,gdas1.fnl.0p25.2016052718.f00.grib2,0.0,Already_Downloaded
2016-05-28,00Z,gdas1.fnl.0p25.2016052800.f00.grib2,0.0,Already_Downloaded
2016-05-28,06Z,gdas1.fnl.0p25.2016052806.f00.grib2,0.0,Already_Downloaded
2016-05-28,12Z,gdas1.fnl.0p25.2016052812.f00.grib2,0.0,Already_Downloaded
2016-05-28,18Z,gdas1.fnl.0p25.2016052818.f00.grib2,0.0,Already_Downloaded
2016-05-29,00Z,gdas1.fnl.0p25.2016052900.f00.grib2,0.0,Already_Downloaded
2016-05-29,06Z,gdas1.fnl.0p25.2016052906.f00.grib2,0.0,Already_Downloaded
2016-05-29,12Z,gdas1.fnl.0p25.2016052912.f00.grib2,0.0,Already_Downloaded
2016-05-29,18Z,gdas1.fnl.0p25.2016052918.f00.grib2,0.0,Already_Downloaded
2016-05-30,00Z,gdas1.fnl.0p25.2016053000.f00.grib2,0.0,Already_Downloaded
2016-05-30,06Z,gdas1.fnl.0p25.2016053006.f00.grib2,0.0,Already_Downloaded
2016-05-30,12Z,gdas1.fnl.0p25.2016053012.f00.grib2,0.0,Already_Downloaded
2016-05-30,18Z,gdas1.fnl.0p25.2016053018.f00.grib2,0.0,Already_Downloaded
2016-05-31,00Z,gdas1.fnl.0p25.2016053100.f00.grib2,0.0,Already_Downloaded
2016-05-31,06Z,gdas1.fnl.0p25.2016053106.f00.grib2,0.0,Already_Downloaded
2016-05-31,12Z,gdas1.fnl.0p25.2016053112.f00.grib2,0.0,Already_Downloaded
2016-05-31,18Z,gdas1.fnl.0p25.2016053118.f00.grib2,0.0,Already_Downloaded
2016-06-01,00Z,gdas1.fnl.0p25.2016060100.f00.grib2,0.0,Already_Downloaded
2016-06-01,06Z,gdas1.fnl.0p25.2016060106.f00.grib2,0.0,Already_Downloaded
2016-06-01,12Z,gdas1.fnl.0p25.2016060112.f00.grib2,0.0,Already_Downloaded
2016-06-01,18Z,gdas1.fnl.0p25.2016060118.f00.grib2,0.0,Already_Downloaded
2016-06-02,00Z,gdas1.fnl.0p25.2016060200.f00.grib2,0.0,Already_Downloaded
2016-06-02,06Z,gdas1.fnl.0p25.2016060206.f00.grib2,0.0,Already_Downloaded
2016-06-02,12Z,gdas1.fnl.0p25.2016060212.f00.grib2,0.0,Already_Downloaded
2016-06-02,18Z,gdas1.fnl.0p25.2016060218.f00.grib2,0.0,Already_Downloaded
2016-06-03,00Z,gdas1.fnl.0p25.2016060300.f00.grib2,0.0,Already_Downloaded
2016-06-03,06Z,gdas1.fnl.0p25.2016060306.f00.grib2,0.0,Already_Downloaded
2016-06-03,12Z,gdas1.fnl.0p25.2016060312.f00.grib2,0.0,Already_Downloaded
2016-06-03,18Z,gdas1.fnl.0p25.2016060318.f00.grib2,0.0,Already_Downloaded
2016-06-04,00Z,gdas1.fnl.0p25.2016060400.f00.grib2,0.0,Already_Downloaded
2016-06-04,06Z,gdas1.fnl.0p25.2016060406.f00.grib2,0.0,Already_Downloaded
2016-06-04,12Z,gdas1.fnl.0p25.2016060412.f00.grib2,0.0,Already_Downloaded
2016-06-04,18Z,gdas1.fnl.0p25.2016060418.f00.grib2,0.0,Already_Downloaded
2016-06-05,00Z,gdas1.fnl.0p25.2016060500.f00.grib2,0.0,Already_Downloaded
2016-06-05,06Z,gdas1.fnl.0p25.2016060506.f00.grib2,0.0,Already_Downloaded
2016-06-05,12Z,gdas1.fnl.0p25.2016060512.f00.grib2,0.0,Already_Downloaded
2016-06-05,18Z,gdas1.fnl.0p25.2016060518.f00.grib2,0.0,Already_Downloaded
2016-06-06,00Z,gdas1.fnl.0p25.2016060600.f00.grib2,0.0,Already_Downloaded
2016-06-06,06Z,gdas1.fnl.0p25.2016060606.f00.grib2,0.0,Already_Downloaded
2016-06-06,12Z,gdas1.fnl.0p25.2016060612.f00.grib2,0.0,Already_Downloaded
2016-06-06,18Z,gdas1.fnl.0p25.2016060618.f00.grib2,0.0,Already_Downloaded
2016-06-07,00Z,gdas1.fnl.0p25.2016060700.f00.grib2,0.0,Already_Downloaded
2016-06-07,06Z,gdas1.fnl.0p25.2016060706.f00.grib2,0.0,Already_Downloaded
2016-06-07,12Z,gdas1.fnl.0p25.2016060712.f00.grib2,0.0,Already_Downloaded
2016-06-07,18Z,gdas1.fnl.0p25.2016060718.f00.grib2,0.0,Already_Downloaded
2016-06-08,00Z,gdas1.fnl.0p25.2016060800.f00.grib2,0.0,Already_Downloaded
2016-06-08,06Z,gdas1.fnl.0p25.2016060806.f00.grib2,0.0,Already_Downloaded
2016-06-08,12Z,gdas1.fnl.0p25.2016060812.f00.grib2,0.0,Already_Downloaded
2016-06-08,18Z,gdas1.fnl.0p25.2016060818.f00.grib2,0.0,Already_Downloaded
2016-06-09,00Z,gdas1.fnl.0p25.2016060900.f00.grib2,0.0,Already_Downloaded
2016-06-09,06Z,gdas1.fnl.0p25.2016060906.f00.grib2,0.0,Already_Downloaded
2016-06-09,12Z,gdas1.fnl.0p25.2016060912.f00.grib2,0.0,Already_Downloaded
2016-06-09,18Z,gdas1.fnl.0p25.2016060918.f00.grib2,0.0,Already_Downloaded
2016-06-10,00Z,gdas1.fnl.0p25.2016061000.f00.grib2,0.0,Already_Downloaded
2016-06-10,06Z,gdas1.fnl.0p25.2016061006.f00.grib2,0.0,Already_Downloaded
2016-06-10,12Z,gdas1.fnl.0p25.2016061012.f00.grib2,0.0,Already_Downloaded
2016-06-10,18Z,gdas1.fnl.0p25.2016061018.f00.grib2,0.0,Already_Downloaded
2016-06-11,00Z,gdas1.fnl.0p25.2016061100.f00.grib2,0.0,Already_Downloaded
2016-06-11,06Z,gdas1.fnl.0p25.2016061106.f00.grib2,0.0,Already_Downloaded
2016-06-11,12Z,gdas1.fnl.0p25.2016061112.f00.grib2,0.0,Already_Downloaded
2016-06-11,18Z,gdas1.fnl.0p25.2016061118.f00.grib2,0.0,Already_Downloaded
2016-06-12,00Z,gdas1.fnl.0p25.2016061200.f00.grib2,0.0,Already_Downloaded
2016-06-12,06Z,gdas1.fnl.0p25.2016061206.f00.grib2,0.0,Already_Downloaded
2016-06-12,12Z,gdas1.fnl.0p25.2016061212.f00.grib2,0.0,Already_Downloaded
2016-06-12,18Z,gdas1.fnl.0p25.2016061218.f00.grib2,0.0,Already_Downloaded
2016-06-13,00Z,gdas1.fnl.0p25.2016061300.f00.grib2,0.0,Already_Downloaded
2016-06-13,06Z,gdas1.fnl.0p25.2016061306.f00.grib2,0.0,Already_Downloaded
2016-06-13,12Z,gdas1.fnl.0p25.2016061312.f00.grib2,0.0,Already_Downloaded
2016-06-13,18Z,gdas1.fnl.0p25.2016061318.f00.grib2,0.0,Already_Downloaded
2016-06-14,00Z,gdas1.fnl.0p25.2016061400.f00.grib2,0.0,Already_Downloaded
2016-06-14,06Z,gdas1.fnl.0p25.2016061406.f00.grib2,0.0,Already_Downloaded
2016-06-14,12Z,gdas1.fnl.0p25.2016061412.f00.grib2,0.0,Already_Downloaded
2016-06-14,18Z,gdas1.fnl.0p25.2016061418.f00.grib2,0.0,Already_Downloaded
2016-06-15,00Z,gdas1.fnl.0p25.2016061500.f00.grib2,0.0,Already_Downloaded
2016-06-15,06Z,gdas1.fnl.0p25.2016061506.f00.grib2,0.0,Already_Downloaded
2016-06-15,12Z,gdas1.fnl.0p25.2016061512.f00.grib2,0.0,Already_Downloaded
2016-06-15,18Z,gdas1.fnl.0p25.2016061518.f00.grib2,0.0,Already_Downloaded
2016-06-16,00Z,gdas1.fnl.0p25.2016061600.f00.grib2,0.0,Already_Downloaded
2016-06-16,06Z,gdas1.fnl.0p25.2016061606.f00.grib2,0.0,Already_Downloaded
2016-06-16,12Z,gdas1.fnl.0p25.2016061612.f00.grib2,0.0,Already_Downloaded
2016-06-16,18Z,gdas1.fnl.0p25.2016061618.f00.grib2,0.0,Already_Downloaded
2016-06-17,00Z,gdas1.fnl.0p25.2016061700.f00.grib2,0.0,Already_Downloaded
2016-06-17,06Z,gdas1.fnl.0p25.2016061706.f00.grib2,0.0,Already_Downloaded
2016-06-17,12Z,gdas1.fnl.0p25.2016061712.f00.grib2,0.0,Already_Downloaded
2016-06-17,18Z,gdas1.fnl.0p25.2016061718.f00.grib2,0.0,Already_Downloaded
2016-06-18,00Z,gdas1.fnl.0p25.2016061800.f00.grib2,0.0,Already_Downloaded
2016-06-18,06Z,gdas1.fnl.0p25.2016061806.f00.grib2,0.0,Already_Downloaded
2016-06-18,12Z,gdas1.fnl.0p25.2016061812.f00.grib2,0.0,Already_Downloaded
2016-06-18,18Z,gdas1.fnl.0p25.2016061818.f00.grib2,0.0,Already_Downloaded
2016-06-19,00Z,gdas1.fnl.0p25.2016061900.f00.grib2,0.0,Already_Downloaded
2016-06-19,06Z,gdas1.fnl.0p25.2016061906.f00.grib2,0.0,Already_Downloaded
2016-06-19,12Z,gdas1.fnl.0p25.2016061912.f00.grib2,0.0,Already_Downloaded
2016-06-19,18Z,gdas1.fnl.0p25.2016061918.f00.grib2,0.0,Already_Downloaded
2016-06-20,00Z,gdas1.fnl.0p25.2016062000.f00.grib2,0.0,Already_Downloaded
2016-06-20,06Z,gdas1.fnl.0p25.2016062006.f00.grib2,0.0,Already_Downloaded
2016-06-20,12Z,gdas1.fnl.0p25.2016062012.f00.grib2,0.0,Already_Downloaded
2016-06-20,18Z,gdas1.fnl.0p25.2016062018.f00.grib2,0.0,Already_Downloaded
2016-06-21,00Z,gdas1.fnl.0p25.2016062100.f00.grib2,0.0,Already_Downloaded
2016-06-21,06Z,gdas1.fnl.0p25.2016062106.f00.grib2,0.0,Already_Downloaded
2016-06-21,12Z,gdas1.fnl.0p25.2016062112.f00.grib2,0.0,Already_Downloaded
2016-06-21,18Z,gdas1.fnl.0p25.2016062118.f00.grib2,0.0,Already_Downloaded
2016-06-22,00Z,gdas1.fnl.0p25.2016062200.f00.grib2,0.0,Already_Downloaded
2016-06-22,06Z,gdas1.fnl.0p25.2016062206.f00.grib2,0.0,Already_Downloaded
2016-06-22,12Z,gdas1.fnl.0p25.2016062212.f00.grib2,0.0,Already_Downloaded
2016-06-22,18Z,gdas1.fnl.0p25.2016062218.f00.grib2,0.0,Already_Downloaded
2016-06-23,00Z,gdas1.fnl.0p25.2016062300.f00.grib2,0.0,Already_Downloaded
2016-06-23,06Z,gdas1.fnl.0p25.2016062306.f00.grib2,0.0,Already_Downloaded
2016-06-23,12Z,gdas1.fnl.0p25.2016062312.f00.grib2,0.0,Already_Downloaded
2016-06-23,18Z,gdas1.fnl.0p25.2016062318.f00.grib2,0.0,Already_Downloaded
2016-06-24,00Z,gdas1.fnl.0p25.2016062400.f00.grib2,0.0,Already_Downloaded
2016-06-24,06Z,gdas1.fnl.0p25.2016062406.f00.grib2,0.0,Already_Downloaded
2016-06-24,12Z,gdas1.fnl.0p25.2016062412.f00.grib2,0.0,Already_Downloaded
2016-06-24,18Z,gdas1.fnl.0p25.2016062418.f00.grib2,0.0,Already_Downloaded
2016-06-25,00Z,gdas1.fnl.0p25.2016062500.f00.grib2,0.0,Already_Downloaded
2016-06-25,06Z,gdas1.fnl.0p25.2016062506.f00.grib2,0.0,Already_Downloaded
2016-06-25,12Z,gdas1.fnl.0p25.2016062512.f00.grib2,0.0,Already_Downloaded
2016-06-25,18Z,gdas1.fnl.0p25.2016062518.f00.grib2,0.0,Already_Downloaded
2016-06-26,00Z,gdas1.fnl.0p25.2016062600.f00.grib2,0.0,Already_Downloaded
2016-06-26,06Z,gdas1.fnl.0p25.2016062606.f00.grib2,0.0,Already_Downloaded
2016-06-26,12Z,gdas1.fnl.0p25.2016062612.f00.grib2,0.0,Already_Downloaded
2016-06-26,18Z,gdas1.fnl.0p25.2016062618.f00.grib2,0.0,Already_Downloaded
2016-06-27,00Z,gdas1.fnl.0p25.2016062700.f00.grib2,0.0,Already_Downloaded
2016-06-27,06Z,gdas1.fnl.0p25.2016062706.f00.grib2,0.0,Already_Downloaded
2016-06-27,12Z,gdas1.fnl.0p25.2016062712.f00.grib2,0.0,Already_Downloaded
2016-06-27,18Z,gdas1.fnl.0p25.2016062718.f00.grib2,0.0,Already_Downloaded
2016-06-28,00Z,gdas1.fnl.0p25.2016062800.f00.grib2,0.0,Already_Downloaded
2016-06-28,06Z,gdas1.fnl.0p25.2016062806.f00.grib2,0.0,Already_Downloaded
2016-06-28,12Z,gdas1.fnl.0p25.2016062812.f00.grib2,0.0,Already_Downloaded
2016-06-28,18Z,gdas1.fnl.0p25.2016062818.f00.grib2,0.0,Already_Downloaded
2016-06-29,00Z,gdas1.fnl.0p25.2016062900.f00.grib2,0.0,Already_Downloaded
2016-06-29,06Z,gdas1.fnl.0p25.2016062906.f00.grib2,0.0,Already_Downloaded
2016-06-29,12Z,gdas1.fnl.0p25.2016062912.f00.grib2,0.0,Already_Downloaded
2016-06-29,18Z,gdas1.fnl.0p25.2016062918.f00.grib2,0.0,Already_Downloaded
2016-06-30,00Z,gdas1.fnl.0p25.2016063000.f00.grib2,0.0,Already_Downloaded
2016-06-30,06Z,gdas1.fnl.0p25.2016063006.f00.grib2,0.0,Already_Downloaded
2016-06-30,12Z,gdas1.fnl.0p25.2016063012.f00.grib2,0.0,Already_Downloaded
2016-06-30,18Z,gdas1.fnl.0p25.2016063018.f00.grib2,0.0,Already_Downloaded
2016-07-01,00Z,gdas1.fnl.0p25.2016070100.f00.grib2,0.0,Already_Downloaded
2016-07-01,06Z,gdas1.fnl.0p25.2016070106.f00.grib2,0.0,Already_Downloaded
2016-07-01,12Z,gdas1.fnl.0p25.2016070112.f00.grib2,0.0,Already_Downloaded
2016-07-01,18Z,gdas1.fnl.0p25.2016070118.f00.grib2,0.0,Already_Downloaded
2016-07-02,00Z,gdas1.fnl.0p25.2016070200.f00.grib2,0.0,Already_Downloaded
2016-07-02,06Z,gdas1.fnl.0p25.2016070206.f00.grib2,0.0,Already_Downloaded
2016-07-02,12Z,gdas1.fnl.0p25.2016070212.f00.grib2,0.0,Already_Downloaded
2016-07-02,18Z,gdas1.fnl.0p25.2016070218.f00.grib2,0.0,Already_Downloaded
2016-07-03,00Z,gdas1.fnl.0p25.2016070300.f00.grib2,0.0,Already_Downloaded
2016-07-03,06Z,gdas1.fnl.0p25.2016070306.f00.grib2,0.0,Already_Downloaded
2016-07-03,12Z,gdas1.fnl.0p25.2016070312.f00.grib2,0.0,Already_Downloaded
2016-07-03,18Z,gdas1.fnl.0p25.2016070318.f00.grib2,0.0,Already_Downloaded
2016-07-04,00Z,gdas1.fnl.0p25.2016070400.f00.grib2,0.0,Already_Downloaded
2016-07-04,06Z,gdas1.fnl.0p25.2016070406.f00.grib2,0.0,Already_Downloaded
2016-07-04,12Z,gdas1.fnl.0p25.2016070412.f00.grib2,0.0,Already_Downloaded
2016-07-04,18Z,gdas1.fnl.0p25.2016070418.f00.grib2,0.0,Already_Downloaded
2016-07-05,00Z,gdas1.fnl.0p25.2016070500.f00.grib2,0.0,Already_Downloaded
2016-07-05,06Z,gdas1.fnl.0p25.2016070506.f00.grib2,0.0,Already_Downloaded
2016-07-05,12Z,gdas1.fnl.0p25.2016070512.f00.grib2,0.0,Already_Downloaded
2016-07-05,18Z,gdas1.fnl.0p25.2016070518.f00.grib2,0.0,Already_Downloaded
2016-07-06,00Z,gdas1.fnl.0p25.2016070600.f00.grib2,0.0,Already_Downloaded
2016-07-06,06Z,gdas1.fnl.0p25.2016070606.f00.grib2,0.0,Already_Downloaded
2016-07-06,12Z,gdas1.fnl.0p25.2016070612.f00.grib2,0.0,Already_Downloaded
2016-07-06,18Z,gdas1.fnl.0p25.2016070618.f00.grib2,0.0,Already_Downloaded
2016-07-07,00Z,gdas1.fnl.0p25.2016070700.f00.grib2,0.0,Already_Downloaded
2016-07-07,06Z,gdas1.fnl.0p25.2016070706.f00.grib2,0.0,Already_Downloaded
2016-07-07,12Z,gdas1.fnl.0p25.2016070712.f00.grib2,0.0,Already_Downloaded
2016-07-07,18Z,gdas1.fnl.0p25.2016070718.f00.grib2,0.0,Already_Downloaded
2016-07-08,00Z,gdas1.fnl.0p25.2016070800.f00.grib2,0.0,Already_Downloaded
2016-07-08,06Z,gdas1.fnl.0p25.2016070806.f00.grib2,0.0,Already_Downloaded
2016-07-08,12Z,gdas1.fnl.0p25.2016070812.f00.grib2,0.0,Already_Downloaded
2016-07-08,18Z,gdas1.fnl.0p25.2016070818.f00.grib2,0.0,Already_Downloaded
2016-07-09,00Z,gdas1.fnl.0p25.2016070900.f00.grib2,0.0,Already_Downloaded
2016-07-09,06Z,gdas1.fnl.0p25.2016070906.f00.grib2,0.0,Already_Downloaded
2016-07-09,12Z,gdas1.fnl.0p25.2016070912.f00.grib2,0.0,Already_Downloaded
2016-07-09,18Z,gdas1.fnl.0p25.2016070918.f00.grib2,0.0,Already_Downloaded
2016-07-10,00Z,gdas1.fnl.0p25.2016071000.f00.grib2,0.0,Already_Downloaded
2016-07-10,06Z,gdas1.fnl.0p25.2016071006.f00.grib2,0.0,Already_Downloaded
2016-07-10,12Z,gdas1.fnl.0p25.2016071012.f00.grib2,0.0,Already_Downloaded
2016-07-10,18Z,gdas1.fnl.0p25.2016071018.f00.grib2,0.0,Already_Downloaded
2016-07-11,00Z,gdas1.fnl.0p25.2016071100.f00.grib2,0.0,Already_Downloaded
2016-07-11,06Z,gdas1.fnl.0p25.2016071106.f00.grib2,0.0,Already_Downloaded
2016-07-11,12Z,gdas1.fnl.0p25.2016071112.f00.grib2,0.0,Already_Downloaded
2016-07-11,18Z,gdas1.fnl.0p25.2016071118.f00.grib2,0.0,Already_Downloaded
2016-07-12,00Z,gdas1.fnl.0p25.2016071200.f00.grib2,0.0,Already_Downloaded
2016-07-12,06Z,gdas1.fnl.0p25.2016071206.f00.grib2,0.0,Already_Downloaded
2016-07-12,12Z,gdas1.fnl.0p25.2016071212.f00.grib2,0.0,Already_Downloaded
2016-07-12,18Z,gdas1.fnl.0p25.2016071218.f00.grib2,0.0,Already_Downloaded
2016-07-13,00Z,gdas1.fnl.0p25.2016071300.f00.grib2,0.0,Already_Downloaded
2016-07-13,06Z,gdas1.fnl.0p25.2016071306.f00.grib2,0.0,Already_Downloaded
2016-07-13,12Z,gdas1.fnl.0p25.2016071312.f00.grib2,0.0,Already_Downloaded
2016-07-13,18Z,gdas1.fnl.0p25.2016071318.f00.grib2,0.0,Already_Downloaded
2016-07-14,00Z,gdas1.fnl.0p25.2016071400.f00.grib2,0.0,Already_Downloaded
2016-07-14,06Z,gdas1.fnl.0p25.2016071406.f00.grib2,0.0,Already_Downloaded
2016-07-14,12Z,gdas1.fnl.0p25.2016071412.f00.grib2,0.0,Already_Downloaded
2016-07-14,18Z,gdas1.fnl.0p25.2016071418.f00.grib2,0.0,Already_Downloaded
2016-07-15,00Z,gdas1.fnl.0p25.2016071500.f00.grib2,0.0,Already_Downloaded
2016-07-15,06Z,gdas1.fnl.0p25.2016071506.f00.grib2,0.0,Already_Downloaded
2016-07-15,12Z,gdas1.fnl.0p25.2016071512.f00.grib2,0.0,Already_Downloaded
2016-07-15,18Z,gdas1.fnl.0p25.2016071518.f00.grib2,0.0,Already_Downloaded
2016-07-16,00Z,gdas1.fnl.0p25.2016071600.f00.grib2,0.0,Already_Downloaded
2016-07-16,06Z,gdas1.fnl.0p25.2016071606.f00.grib2,0.0,Already_Downloaded
2016-07-16,12Z,gdas1.fnl.0p25.2016071612.f00.grib2,0.0,Already_Downloaded
2016-07-16,18Z,gdas1.fnl.0p25.2016071618.f00.grib2,0.0,Already_Downloaded
2016-07-17,00Z,gdas1.fnl.0p25.2016071700.f00.grib2,0.0,Already_Downloaded
2016-07-17,06Z,gdas1.fnl.0p25.2016071706.f00.grib2,0.0,Already_Downloaded
2016-07-17,12Z,gdas1.fnl.0p25.2016071712.f00.grib2,0.0,Already_Downloaded
2016-07-17,18Z,gdas1.fnl.0p25.2016071718.f00.grib2,0.0,Already_Downloaded
2016-07-18,00Z,gdas1.fnl.0p25.2016071800.f00.grib2,0.0,Already_Downloaded
2016-07-18,06Z,gdas1.fnl.0p25.2016071806.f00.grib2,0.0,Already_Downloaded
2016-07-18,12Z,gdas1.fnl.0p25.2016071812.f00.grib2,0.0,Already_Downloaded
2016-07-18,18Z,gdas1.fnl.0p25.2016071818.f00.grib2,0.0,Already_Downloaded
2016-07-19,00Z,gdas1.fnl.0p25.2016071900.f00.grib2,0.0,Already_Downloaded
2016-07-19,06Z,gdas1.fnl.0p25.2016071906.f00.grib2,0.0,Already_Downloaded
2016-07-19,12Z,gdas1.fnl.0p25.2016071912.f00.grib2,0.0,Already_Downloaded
2016-07-19,18Z,gdas1.fnl.0p25.2016071918.f00.grib2,0.0,Already_Downloaded
2016-07-20,00Z,gdas1.fnl.0p25.2016072000.f00.grib2,0.0,Already_Downloaded
2016-07-20,06Z,gdas1.fnl.0p25.2016072006.f00.grib2,0.0,Already_Downloaded
2016-07-20,12Z,gdas1.fnl.0p25.2016072012.f00.grib2,0.0,Already_Downloaded
2016-07-20,18Z,gdas1.fnl.0p25.2016072018.f00.grib2,0.0,Already_Downloaded
2016-07-21,00Z,gdas1.fnl.0p25.2016072100.f00.grib2,0.0,Already_Downloaded
2016-07-21,06Z,gdas1.fnl.0p25.2016072106.f00.grib2,0.0,Already_Downloaded
2016-07-21,12Z,gdas1.fnl.0p25.2016072112.f00.grib2,0.0,Already_Downloaded
2016-07-21,18Z,gdas1.fnl.0p25.2016072118.f00.grib2,0.0,Already_Downloaded
2016-07-22,00Z,gdas1.fnl.0p25.2016072200.f00.grib2,0.0,Already_Downloaded
2016-07-22,06Z,gdas1.fnl.0p25.2016072206.f00.grib2,0.0,Already_Downloaded
2016-07-22,12Z,gdas1.fnl.0p25.2016072212.f00.grib2,0.0,Already_Downloaded
2016-07-22,18Z,gdas1.fnl.0p25.2016072218.f00.grib2,0.0,Already_Downloaded
2016-07-23,00Z,gdas1.fnl.0p25.2016072300.f00.grib2,0.0,Already_Downloaded
2016-07-23,06Z,gdas1.fnl.0p25.2016072306.f00.grib2,0.0,Already_Downloaded
2016-07-23,12Z,gdas1.fnl.0p25.2016072312.f00.grib2,0.0,Already_Downloaded
2016-07-23,18Z,gdas1.fnl.0p25.2016072318.f00.grib2,0.0,Already_Downloaded
2016-07-24,00Z,gdas1.fnl.0p25.2016072400.f00.grib2,0.0,Already_Downloaded
2016-07-24,06Z,gdas1.fnl.0p25.2016072406.f00.grib2,0.0,Already_Downloaded
2016-07-24,12Z,gdas1.fnl.0p25.2016072412.f00.grib2,0.0,Already_Downloaded
2016-07-24,18Z,gdas1.fnl.0p25.2016072418.f00.grib2,0.0,Already_Downloaded
2016-07-25,00Z,gdas1.fnl.0p25.2016072500.f00.grib2,0.0,Already_Downloaded
2016-07-25,06Z,gdas1.fnl.0p25.2016072506.f00.grib2,0.0,Already_Downloaded
2016-07-25,12Z,gdas1.fnl.0p25.2016072512.f00.grib2,0.0,Already_Downloaded
2016-07-25,18Z,gdas1.fnl.0p25.2016072518.f00.grib2,0.0,Already_Downloaded
2016-07-26,00Z,gdas1.fnl.0p25.2016072600.f00.grib2,0.0,Already_Downloaded
2016-07-26,06Z,gdas1.fnl.0p25.2016072606.f00.grib2,0.0,Already_Downloaded
2016-07-26,12Z,gdas1.fnl.0p25.2016072612.f00.grib2,0.0,Already_Downloaded
2016-07-26,18Z,gdas1.fnl.0p25.2016072618.f00.grib2,0.0,Already_Downloaded
2016-07-27,00Z,gdas1.fnl.0p25.2016072700.f00.grib2,0.0,Already_Downloaded
2016-07-27,06Z,gdas1.fnl.0p25.2016072706.f00.grib2,0.0,Already_Downloaded
2016-07-27,12Z,gdas1.fnl.0p25.2016072712.f00.grib2,0.0,Already_Downloaded
2016-07-27,18Z,gdas1.fnl.0p25.2016072718.f00.grib2,0.0,Already_Downloaded
2016-07-28,00Z,gdas1.fnl.0p25.2016072800.f00.grib2,0.0,Already_Downloaded
2016-07-28,06Z,gdas1.fnl.0p25.2016072806.f00.grib2,0.0,Already_Downloaded
2016-07-28,12Z,gdas1.fnl.0p25.2016072812.f00.grib2,0.0,Already_Downloaded
2016-07-28,18Z,gdas1.fnl.0p25.2016072818.f00.grib2,0.0,Already_Downloaded
2016-07-29,00Z,gdas1.fnl.0p25.2016072900.f00.grib2,0.0,Already_Downloaded
2016-07-29,06Z,gdas1.fnl.0p25.2016072906.f00.grib2,0.0,Already_Downloaded
2016-07-29,12Z,gdas1.fnl.0p25.2016072912.f00.grib2,0.0,Already_Downloaded
2016-07-29,18Z,gdas1.fnl.0p25.2016072918.f00.grib2,0.0,Already_Downloaded
2016-07-30,00Z,gdas1.fnl.0p25.2016073000.f00.grib2,0.0,Already_Downloaded
2016-07-30,06Z,gdas1.fnl.0p25.2016073006.f00.grib2,0.0,Already_Downloaded
2016-07-30,12Z,gdas1.fnl.0p25.2016073012.f00.grib2,0.0,Already_Downloaded
2016-07-30,18Z,gdas1.fnl.0p25.2016073018.f00.grib2,0.0,Already_Downloaded
2016-07-31,00Z,gdas1.fnl.0p25.2016073100.f00.grib2,0.0,Already_Downloaded
2016-07-31,06Z,gdas1.fnl.0p25.2016073106.f00.grib2,0.0,Already_Downloaded
2016-07-31,12Z,gdas1.fnl.0p25.2016073112.f00.grib2,0.0,Already_Downloaded
2016-07-31,18Z,gdas1.fnl.0p25.2016073118.f00.grib2,0.0,Already_Downloaded
2016-08-01,00Z,gdas1.fnl.0p25.2016080100.f00.grib2,0.0,Already_Downloaded
2016-08-01,06Z,gdas1.fnl.0p25.2016080106.f00.grib2,0.0,Already_Downloaded
2016-08-01,12Z,gdas1.fnl.0p25.2016080112.f00.grib2,0.0,Already_Downloaded
2016-08-01,18Z,gdas1.fnl.0p25.2016080118.f00.grib2,0.0,Already_Downloaded
2016-08-02,00Z,gdas1.fnl.0p25.2016080200.f00.grib2,0.0,Already_Downloaded
2016-08-02,06Z,gdas1.fnl.0p25.2016080206.f00.grib2,0.0,Already_Downloaded
2016-08-02,12Z,gdas1.fnl.0p25.2016080212.f00.grib2,0.0,Already_Downloaded
2016-08-02,18Z,gdas1.fnl.0p25.2016080218.f00.grib2,0.0,Already_Downloaded
2016-08-03,00Z,gdas1.fnl.0p25.2016080300.f00.grib2,0.0,Already_Downloaded
2016-08-03,06Z,gdas1.fnl.0p25.2016080306.f00.grib2,0.0,Already_Downloaded
2016-08-03,12Z,gdas1.fnl.0p25.2016080312.f00.grib2,0.0,Already_Downloaded
2016-08-03,18Z,gdas1.fnl.0p25.2016080318.f00.grib2,0.0,Already_Downloaded
2016-08-04,00Z,gdas1.fnl.0p25.2016080400.f00.grib2,0.0,Already_Downloaded
2016-08-04,06Z,gdas1.fnl.0p25.2016080406.f00.grib2,0.0,Already_Downloaded
2016-08-04,12Z,gdas1.fnl.0p25.2016080412.f00.grib2,0.0,Already_Downloaded
2016-08-04,18Z,gdas1.fnl.0p25.2016080418.f00.grib2,0.0,Already_Downloaded
2016-08-05,00Z,gdas1.fnl.0p25.2016080500.f00.grib2,0.0,Already_Downloaded
2016-08-05,06Z,gdas1.fnl.0p25.2016080506.f00.grib2,0.0,Already_Downloaded
2016-08-05,12Z,gdas1.fnl.0p25.2016080512.f00.grib2,0.0,Already_Downloaded
2016-08-05,18Z,gdas1.fnl.0p25.2016080518.f00.grib2,0.0,Already_Downloaded
2016-08-06,00Z,gdas1.fnl.0p25.2016080600.f00.grib2,0.0,Already_Downloaded
2016-08-06,06Z,gdas1.fnl.0p25.2016080606.f00.grib2,0.0,Already_Downloaded
2016-08-06,12Z,gdas1.fnl.0p25.2016080612.f00.grib2,0.0,Already_Downloaded
2016-08-06,18Z,gdas1.fnl.0p25.2016080618.f00.grib2,0.0,Already_Downloaded
2016-08-07,00Z,gdas1.fnl.0p25.2016080700.f00.grib2,0.0,Already_Downloaded
2016-08-07,06Z,gdas1.fnl.0p25.2016080706.f00.grib2,0.0,Already_Downloaded
2016-08-07,12Z,gdas1.fnl.0p25.2016080712.f00.grib2,0.0,Already_Downloaded
2016-08-07,18Z,gdas1.fnl.0p25.2016080718.f00.grib2,0.0,Already_Downloaded
2016-08-08,00Z,gdas1.fnl.0p25.2016080800.f00.grib2,0.0,Already_Downloaded
2016-08-08,06Z,gdas1.fnl.0p25.2016080806.f00.grib2,0.0,Already_Downloaded
2016-08-08,12Z,gdas1.fnl.0p25.2016080812.f00.grib2,0.0,Already_Downloaded
2016-08-08,18Z,gdas1.fnl.0p25.2016080818.f00.grib2,0.0,Already_Downloaded
2016-08-09,00Z,gdas1.fnl.0p25.2016080900.f00.grib2,0.0,Already_Downloaded
2016-08-09,06Z,gdas1.fnl.0p25.2016080906.f00.grib2,0.0,Already_Downloaded
2016-08-09,12Z,gdas1.fnl.0p25.2016080912.f00.grib2,0.0,Already_Downloaded
2016-08-09,18Z,gdas1.fnl.0p25.2016080918.f00.grib2,0.0,Already_Downloaded
2016-08-10,00Z,gdas1.fnl.0p25.2016081000.f00.grib2,0.0,Already_Downloaded
2016-08-10,06Z,gdas1.fnl.0p25.2016081006.f00.grib2,0.0,Already_Downloaded
2016-08-10,12Z,gdas1.fnl.0p25.2016081012.f00.grib2,0.0,Already_Downloaded
2016-08-10,18Z,gdas1.fnl.0p25.2016081018.f00.grib2,0.0,Already_Downloaded
2016-08-11,00Z,gdas1.fnl.0p25.2016081100.f00.grib2,0.0,Already_Downloaded
2016-08-11,06Z,gdas1.fnl.0p25.2016081106.f00.grib2,0.0,Already_Downloaded
2016-08-11,12Z,gdas1.fnl.0p25.2016081112.f00.grib2,0.0,Already_Downloaded
2016-08-11,18Z,gdas1.fnl.0p25.2016081118.f00.grib2,0.0,Already_Downloaded
2016-08-12,00Z,gdas1.fnl.0p25.2016081200.f00.grib2,0.0,Already_Downloaded
2016-08-12,06Z,gdas1.fnl.0p25.2016081206.f00.grib2,0.0,Already_Downloaded
2016-08-12,12Z,gdas1.fnl.0p25.2016081212.f00.grib2,0.0,Already_Downloaded
2016-08-12,18Z,gdas1.fnl.0p25.2016081218.f00.grib2,0.0,Already_Downloaded
2016-08-13,00Z,gdas1.fnl.0p25.2016081300.f00.grib2,0.0,Already_Downloaded
2016-08-13,06Z,gdas1.fnl.0p25.2016081306.f00.grib2,0.0,Already_Downloaded
2016-08-13,12Z,gdas1.fnl.0p25.2016081312.f00.grib2,0.0,Already_Downloaded
2016-08-13,18Z,gdas1.fnl.0p25.2016081318.f00.grib2,0.0,Already_Downloaded
2016-08-14,00Z,gdas1.fnl.0p25.2016081400.f00.grib2,0.0,Already_Downloaded
2016-08-14,06Z,gdas1.fnl.0p25.2016081406.f00.grib2,0.0,Already_Downloaded
2016-08-14,12Z,gdas1.fnl.0p25.2016081412.f00.grib2,0.0,Already_Downloaded
2016-08-14,18Z,gdas1.fnl.0p25.2016081418.f00.grib2,0.0,Already_Downloaded
2016-08-15,00Z,gdas1.fnl.0p25.2016081500.f00.grib2,0.0,Already_Downloaded
2016-08-15,06Z,gdas1.fnl.0p25.2016081506.f00.grib2,0.0,Already_Downloaded
2016-08-15,12Z,gdas1.fnl.0p25.2016081512.f00.grib2,0.0,Already_Downloaded
2016-08-15,18Z,gdas1.fnl.0p25.2016081518.f00.grib2,0.0,Already_Downloaded
2016-08-16,00Z,gdas1.fnl.0p25.2016081600.f00.grib2,0.0,Already_Downloaded
2016-08-16,06Z,gdas1.fnl.0p25.2016081606.f00.grib2,0.0,Already_Downloaded
2016-08-16,12Z,gdas1.fnl.0p25.2016081612.f00.grib2,0.0,Already_Downloaded
2016-08-16,18Z,gdas1.fnl.0p25.2016081618.f00.grib2,0.0,Already_Downloaded
2016-08-17,00Z,gdas1.fnl.0p25.2016081700.f00.grib2,0.0,Already_Downloaded
2016-08-17,06Z,gdas1.fnl.0p25.2016081706.f00.grib2,0.0,Already_Downloaded
2016-08-17,12Z,gdas1.fnl.0p25.2016081712.f00.grib2,0.0,Already_Downloaded
2016-08-17,18Z,gdas1.fnl.0p25.2016081718.f00.grib2,0.0,Already_Downloaded
2016-08-18,00Z,gdas1.fnl.0p25.2016081800.f00.grib2,0.0,Already_Downloaded
2016-08-18,06Z,gdas1.fnl.0p25.2016081806.f00.grib2,0.0,Already_Downloaded
2016-08-18,12Z,gdas1.fnl.0p25.2016081812.f00.grib2,0.0,Already_Downloaded
2016-08-18,18Z,gdas1.fnl.0p25.2016081818.f00.grib2,0.0,Already_Downloaded
2016-08-19,00Z,gdas1.fnl.0p25.2016081900.f00.grib2,0.0,Already_Downloaded
2016-08-19,06Z,gdas1.fnl.0p25.2016081906.f00.grib2,0.0,Already_Downloaded
2016-08-19,12Z,gdas1.fnl.0p25.2016081912.f00.grib2,0.0,Already_Downloaded
2016-08-19,18Z,gdas1.fnl.0p25.2016081918.f00.grib2,0.0,Already_Downloaded
2016-08-20,00Z,gdas1.fnl.0p25.2016082000.f00.grib2,0.0,Already_Downloaded
2016-08-20,06Z,gdas1.fnl.0p25.2016082006.f00.grib2,0.0,Already_Downloaded
2016-08-20,12Z,gdas1.fnl.0p25.2016082012.f00.grib2,0.0,Already_Downloaded
2016-08-20,18Z,gdas1.fnl.0p25.2016082018.f00.grib2,0.0,Already_Downloaded
2016-08-21,00Z,gdas1.fnl.0p25.2016082100.f00.grib2,0.0,Already_Downloaded
2016-08-21,06Z,gdas1.fnl.0p25.2016082106.f00.grib2,0.0,Already_Downloaded
2016-08-21,12Z,gdas1.fnl.0p25.2016082112.f00.grib2,0.0,Already_Downloaded
2016-08-21,18Z,gdas1.fnl.0p25.2016082118.f00.grib2,0.0,Already_Downloaded
2016-08-22,00Z,gdas1.fnl.0p25.2016082200.f00.grib2,0.0,Already_Downloaded
2016-08-22,06Z,gdas1.fnl.0p25.2016082206.f00.grib2,0.0,Already_Downloaded
2016-08-22,12Z,gdas1.fnl.0p25.2016082212.f00.grib2,0.0,Already_Downloaded
2016-08-22,18Z,gdas1.fnl.0p25.2016082218.f00.grib2,0.0,Already_Downloaded
2016-08-23,00Z,gdas1.fnl.0p25.2016082300.f00.grib2,0.0,Already_Downloaded
2016-08-23,06Z,gdas1.fnl.0p25.2016082306.f00.grib2,0.0,Already_Downloaded
2016-08-23,12Z,gdas1.fnl.0p25.2016082312.f00.grib2,0.0,Already_Downloaded
2016-08-23,18Z,gdas1.fnl.0p25.2016082318.f00.grib2,0.0,Already_Downloaded
2016-08-24,00Z,gdas1.fnl.0p25.2016082400.f00.grib2,0.0,Already_Downloaded
2016-08-24,06Z,gdas1.fnl.0p25.2016082406.f00.grib2,0.0,Already_Downloaded
2016-08-24,12Z,gdas1.fnl.0p25.2016082412.f00.grib2,0.0,Already_Downloaded
2016-08-24,18Z,gdas1.fnl.0p25.2016082418.f00.grib2,0.0,Already_Downloaded
2016-08-25,00Z,gdas1.fnl.0p25.2016082500.f00.grib2,0.0,Already_Downloaded
2016-08-25,06Z,gdas1.fnl.0p25.2016082506.f00.grib2,0.0,Already_Downloaded
2016-08-25,12Z,gdas1.fnl.0p25.2016082512.f00.grib2,0.0,Already_Downloaded
2016-08-25,18Z,gdas1.fnl.0p25.2016082518.f00.grib2,0.0,Already_Downloaded
2016-08-26,00Z,gdas1.fnl.0p25.2016082600.f00.grib2,0.0,Already_Downloaded
2016-08-26,06Z,gdas1.fnl.0p25.2016082606.f00.grib2,0.0,Already_Downloaded
2016-08-26,12Z,gdas1.fnl.0p25.2016082612.f00.grib2,0.0,Already_Downloaded
2016-08-26,18Z,gdas1.fnl.0p25.2016082618.f00.grib2,0.0,Already_Downloaded
2016-08-27,00Z,gdas1.fnl.0p25.2016082700.f00.grib2,0.0,Already_Downloaded
2016-08-27,06Z,gdas1.fnl.0p25.2016082706.f00.grib2,0.0,Already_Downloaded
2016-08-27,12Z,gdas1.fnl.0p25.2016082712.f00.grib2,0.0,Already_Downloaded
2016-08-27,18Z,gdas1.fnl.0p25.2016082718.f00.grib2,0.0,Already_Downloaded
2016-08-28,00Z,gdas1.fnl.0p25.2016082800.f00.grib2,0.0,Already_Downloaded
2016-08-28,06Z,gdas1.fnl.0p25.2016082806.f00.grib2,0.0,Already_Downloaded
2016-08-28,12Z,gdas1.fnl.0p25.2016082812.f00.grib2,0.0,Already_Downloaded
2016-08-28,18Z,gdas1.fnl.0p25.2016082818.f00.grib2,0.0,Already_Downloaded
2016-08-29,00Z,gdas1.fnl.0p25.2016082900.f00.grib2,0.0,Already_Downloaded
2016-08-29,06Z,gdas1.fnl.0p25.2016082906.f00.grib2,0.0,Already_Downloaded
2016-08-29,12Z,gdas1.fnl.0p25.2016082912.f00.grib2,0.0,Already_Downloaded
2016-08-29,18Z,gdas1.fnl.0p25.2016082918.f00.grib2,0.0,Already_Downloaded
2016-08-30,00Z,gdas1.fnl.0p25.2016083000.f00.grib2,0.0,Already_Downloaded
2016-08-30,06Z,gdas1.fnl.0p25.2016083006.f00.grib2,0.0,Already_Downloaded
2016-08-30,12Z,gdas1.fnl.0p25.2016083012.f00.grib2,0.0,Already_Downloaded
2016-08-30,18Z,gdas1.fnl.0p25.2016083018.f00.grib2,0.0,Already_Downloaded
2016-08-31,00Z,gdas1.fnl.0p25.2016083100.f00.grib2,0.0,Already_Downloaded
2016-08-31,06Z,gdas1.fnl.0p25.2016083106.f00.grib2,0.0,Already_Downloaded
2016-08-31,12Z,gdas1.fnl.0p25.2016083112.f00.grib2,0.0,Already_Downloaded
2016-08-31,18Z,gdas1.fnl.0p25.2016083118.f00.grib2,0.0,Already_Downloaded
2016-09-01,00Z,gdas1.fnl.0p25.2016090100.f00.grib2,0.0,Already_Downloaded
2016-09-01,06Z,gdas1.fnl.0p25.2016090106.f00.grib2,0.0,Already_Downloaded
2016-09-01,12Z,gdas1.fnl.0p25.2016090112.f00.grib2,0.0,Already_Downloaded
2016-09-01,18Z,gdas1.fnl.0p25.2016090118.f00.grib2,0.0,Already_Downloaded
2016-09-02,00Z,gdas1.fnl.0p25.2016090200.f00.grib2,0.0,Already_Downloaded
2016-09-02,06Z,gdas1.fnl.0p25.2016090206.f00.grib2,0.0,Already_Downloaded
2016-09-02,12Z,gdas1.fnl.0p25.2016090212.f00.grib2,0.0,Already_Downloaded
2016-09-02,18Z,gdas1.fnl.0p25.2016090218.f00.grib2,0.0,Already_Downloaded
2016-09-03,00Z,gdas1.fnl.0p25.2016090300.f00.grib2,0.0,Already_Downloaded
2016-09-03,06Z,gdas1.fnl.0p25.2016090306.f00.grib2,0.0,Already_Downloaded
2016-09-03,12Z,gdas1.fnl.0p25.2016090312.f00.grib2,0.0,Already_Downloaded
2016-09-03,18Z,gdas1.fnl.0p25.2016090318.f00.grib2,0.0,Already_Downloaded
2016-09-04,00Z,gdas1.fnl.0p25.2016090400.f00.grib2,0.0,Already_Downloaded
2016-09-04,06Z,gdas1.fnl.0p25.2016090406.f00.grib2,0.0,Already_Downloaded
2016-09-04,12Z,gdas1.fnl.0p25.2016090412.f00.grib2,0.0,Already_Downloaded
2016-09-04,18Z,gdas1.fnl.0p25.2016090418.f00.grib2,0.0,Already_Downloaded
2016-09-05,00Z,gdas1.fnl.0p25.2016090500.f00.grib2,0.0,Already_Downloaded
2016-09-05,06Z,gdas1.fnl.0p25.2016090506.f00.grib2,0.0,Already_Downloaded
2016-09-05,12Z,gdas1.fnl.0p25.2016090512.f00.grib2,0.0,Already_Downloaded
2016-09-05,18Z,gdas1.fnl.0p25.2016090518.f00.grib2,0.0,Already_Downloaded
2016-09-06,00Z,gdas1.fnl.0p25.2016090600.f00.grib2,0.0,Already_Downloaded
2016-09-06,06Z,gdas1.fnl.0p25.2016090606.f00.grib2,0.0,Already_Downloaded
2016-09-06,12Z,gdas1.fnl.0p25.2016090612.f00.grib2,0.0,Already_Downloaded
2016-09-06,18Z,gdas1.fnl.0p25.2016090618.f00.grib2,0.0,Already_Downloaded
2016-09-07,00Z,gdas1.fnl.0p25.2016090700.f00.grib2,0.0,Already_Downloaded
2016-09-07,06Z,gdas1.fnl.0p25.2016090706.f00.grib2,0.0,Already_Downloaded
2016-09-07,12Z,gdas1.fnl.0p25.2016090712.f00.grib2,0.0,Already_Downloaded
2016-09-07,18Z,gdas1.fnl.0p25.2016090718.f00.grib2,0.0,Already_Downloaded
2016-09-08,00Z,gdas1.fnl.0p25.2016090800.f00.grib2,0.0,Already_Downloaded
2016-09-08,06Z,gdas1.fnl.0p25.2016090806.f00.grib2,0.0,Already_Downloaded
2016-09-08,12Z,gdas1.fnl.0p25.2016090812.f00.grib2,0.0,Already_Downloaded
2016-09-08,18Z,gdas1.fnl.0p25.2016090818.f00.grib2,0.0,Already_Downloaded
2016-09-09,00Z,gdas1.fnl.0p25.2016090900.f00.grib2,0.0,Already_Downloaded
2016-09-09,06Z,gdas1.fnl.0p25.2016090906.f00.grib2,0.0,Already_Downloaded
2016-09-09,12Z,gdas1.fnl.0p25.2016090912.f00.grib2,0.0,Already_Downloaded
2016-09-09,18Z,gdas1.fnl.0p25.2016090918.f00.grib2,0.0,Already_Downloaded
2016-09-10,00Z,gdas1.fnl.0p25.2016091000.f00.grib2,0.0,Already_Downloaded
2016-09-10,06Z,gdas1.fnl.0p25.2016091006.f00.grib2,0.0,Already_Downloaded
2016-09-10,12Z,gdas1.fnl.0p25.2016091012.f00.grib2,0.0,Already_Downloaded
2016-09-10,18Z,gdas1.fnl.0p25.2016091018.f00.grib2,0.0,Already_Downloaded
2016-09-11,00Z,gdas1.fnl.0p25.2016091100.f00.grib2,0.0,Already_Downloaded
2016-09-11,06Z,gdas1.fnl.0p25.2016091106.f00.grib2,0.0,Already_Downloaded
2016-09-11,12Z,gdas1.fnl.0p25.2016091112.f00.grib2,0.0,Already_Downloaded
2016-09-11,18Z,gdas1.fnl.0p25.2016091118.f00.grib2,0.0,Already_Downloaded
2016-09-12,00Z,gdas1.fnl.0p25.2016091200.f00.grib2,0.0,Already_Downloaded
2016-09-12,06Z,gdas1.fnl.0p25.2016091206.f00.grib2,0.0,Already_Downloaded
2016-09-12,12Z,gdas1.fnl.0p25.2016091212.f00.grib2,0.0,Already_Downloaded
2016-09-12,18Z,gdas1.fnl.0p25.2016091218.f00.grib2,0.0,Already_Downloaded
2016-09-13,00Z,gdas1.fnl.0p25.2016091300.f00.grib2,0.0,Already_Downloaded
2016-09-13,06Z,gdas1.fnl.0p25.2016091306.f00.grib2,0.0,Already_Downloaded
2016-09-13,12Z,gdas1.fnl.0p25.2016091312.f00.grib2,0.0,Already_Downloaded
2016-09-13,18Z,gdas1.fnl.0p25.2016091318.f00.grib2,0.0,Already_Downloaded
2016-09-14,00Z,gdas1.fnl.0p25.2016091400.f00.grib2,0.0,Already_Downloaded
2016-09-14,06Z,gdas1.fnl.0p25.2016091406.f00.grib2,0.0,Already_Downloaded
2016-09-14,12Z,gdas1.fnl.0p25.2016091412.f00.grib2,0.0,Already_Downloaded
2016-09-14,18Z,gdas1.fnl.0p25.2016091418.f00.grib2,0.0,Already_Downloaded
2016-09-15,00Z,gdas1.fnl.0p25.2016091500.f00.grib2,0.0,Already_Downloaded
2016-09-15,06Z,gdas1.fnl.0p25.2016091506.f00.grib2,0.0,Already_Downloaded
2016-09-15,12Z,gdas1.fnl.0p25.2016091512.f00.grib2,0.0,Already_Downloaded
2016-09-15,18Z,gdas1.fnl.0p25.2016091518.f00.grib2,0.0,Already_Downloaded
2016-09-16,00Z,gdas1.fnl.0p25.2016091600.f00.grib2,0.0,Already_Downloaded
2016-09-16,06Z,gdas1.fnl.0p25.2016091606.f00.grib2,0.0,Already_Downloaded
2016-09-16,12Z,gdas1.fnl.0p25.2016091612.f00.grib2,0.0,Already_Downloaded
2016-09-16,18Z,gdas1.fnl.0p25.2016091618.f00.grib2,0.0,Already_Downloaded
2016-09-17,00Z,gdas1.fnl.0p25.2016091700.f00.grib2,0.0,Already_Downloaded
2016-09-17,06Z,gdas1.fnl.0p25.2016091706.f00.grib2,0.0,Already_Downloaded
2016-09-17,12Z,gdas1.fnl.0p25.2016091712.f00.grib2,0.0,Already_Downloaded
2016-09-17,18Z,gdas1.fnl.0p25.2016091718.f00.grib2,0.0,Already_Downloaded
2016-09-18,00Z,gdas1.fnl.0p25.2016091800.f00.grib2,0.0,Already_Downloaded
2016-09-18,06Z,gdas1.fnl.0p25.2016091806.f00.grib2,0.0,Already_Downloaded
2016-09-18,12Z,gdas1.fnl.0p25.2016091812.f00.grib2,0.0,Already_Downloaded
2016-09-18,18Z,gdas1.fnl.0p25.2016091818.f00.grib2,0.0,Already_Downloaded
2016-09-19,00Z,gdas1.fnl.0p25.2016091900.f00.grib2,0.0,Already_Downloaded
2016-09-19,06Z,gdas1.fnl.0p25.2016091906.f00.grib2,0.0,Already_Downloaded
2016-09-19,12Z,gdas1.fnl.0p25.2016091912.f00.grib2,0.0,Already_Downloaded
2016-09-19,18Z,gdas1.fnl.0p25.2016091918.f00.grib2,0.0,Already_Downloaded
2016-09-20,00Z,gdas1.fnl.0p25.2016092000.f00.grib2,0.0,Already_Downloaded
2016-09-20,06Z,gdas1.fnl.0p25.2016092006.f00.grib2,0.0,Already_Downloaded
2016-09-20,12Z,gdas1.fnl.0p25.2016092012.f00.grib2,0.0,Already_Downloaded
2016-09-20,18Z,gdas1.fnl.0p25.2016092018.f00.grib2,0.0,Already_Downloaded
2016-09-21,00Z,gdas1.fnl.0p25.2016092100.f00.grib2,0.0,Already_Downloaded
2016-09-21,06Z,gdas1.fnl.0p25.2016092106.f00.grib2,0.0,Already_Downloaded
2016-09-21,12Z,gdas1.fnl.0p25.2016092112.f00.grib2,0.0,Already_Downloaded
2016-09-21,18Z,gdas1.fnl.0p25.2016092118.f00.grib2,0.0,Already_Downloaded
2016-09-22,00Z,gdas1.fnl.0p25.2016092200.f00.grib2,0.0,Already_Downloaded
2016-09-22,06Z,gdas1.fnl.0p25.2016092206.f00.grib2,0.0,Already_Downloaded
2016-09-22,12Z,gdas1.fnl.0p25.2016092212.f00.grib2,0.0,Already_Downloaded
2016-09-22,18Z,gdas1.fnl.0p25.2016092218.f00.grib2,0.0,Already_Downloaded
2016-09-23,00Z,gdas1.fnl.0p25.2016092300.f00.grib2,0.0,Already_Downloaded
2016-09-23,06Z,gdas1.fnl.0p25.2016092306.f00.grib2,0.0,Already_Downloaded
2016-09-23,12Z,gdas1.fnl.0p25.2016092312.f00.grib2,0.0,Already_Downloaded
2016-09-23,18Z,gdas1.fnl.0p25.2016092318.f00.grib2,0.0,Already_Downloaded
2016-09-24,00Z,gdas1.fnl.0p25.2016092400.f00.grib2,0.0,Already_Downloaded
2016-09-24,06Z,gdas1.fnl.0p25.2016092406.f00.grib2,0.0,Already_Downloaded
2016-09-24,12Z,gdas1.fnl.0p25.2016092412.f00.grib2,0.0,Already_Downloaded
2016-09-24,18Z,gdas1.fnl.0p25.2016092418.f00.grib2,0.0,Already_Downloaded
2016-09-25,00Z,gdas1.fnl.0p25.2016092500.f00.grib2,0.0,Already_Downloaded
2016-09-25,06Z,gdas1.fnl.0p25.2016092506.f00.grib2,0.0,Already_Downloaded
2016-09-25,12Z,gdas1.fnl.0p25.2016092512.f00.grib2,0.0,Already_Downloaded
2016-09-25,18Z,gdas1.fnl.0p25.2016092518.f00.grib2,0.0,Already_Downloaded
2016-09-26,00Z,gdas1.fnl.0p25.2016092600.f00.grib2,0.0,Already_Downloaded
2016-09-26,06Z,gdas1.fnl.0p25.2016092606.f00.grib2,0.0,Already_Downloaded
2016-09-26,12Z,gdas1.fnl.0p25.2016092612.f00.grib2,0.0,Already_Downloaded
2016-09-26,18Z,gdas1.fnl.0p25.2016092618.f00.grib2,0.0,Already_Downloaded
2016-09-27,00Z,gdas1.fnl.0p25.2016092700.f00.grib2,0.0,Already_Downloaded
2016-09-27,06Z,gdas1.fnl.0p25.2016092706.f00.grib2,0.0,Already_Downloaded
2016-09-27,12Z,gdas1.fnl.0p25.2016092712.f00.grib2,0.0,Already_Downloaded
2016-09-27,18Z,gdas1.fnl.0p25.2016092718.f00.grib2,0.0,Already_Downloaded
2016-09-28,00Z,gdas1.fnl.0p25.2016092800.f00.grib2,0.0,Already_Downloaded
2016-09-28,06Z,gdas1.fnl.0p25.2016092806.f00.grib2,0.0,Already_Downloaded
2016-09-28,12Z,gdas1.fnl.0p25.2016092812.f00.grib2,0.0,Already_Downloaded
2016-09-28,18Z,gdas1.fnl.0p25.2016092818.f00.grib2,0.0,Already_Downloaded
2016-09-29,00Z,gdas1.fnl.0p25.2016092900.f00.grib2,0.0,Already_Downloaded
2016-09-29,06Z,gdas1.fnl.0p25.2016092906.f00.grib2,0.0,Already_Downloaded
2016-09-29,12Z,gdas1.fnl.0p25.2016092912.f00.grib2,0.0,Already_Downloaded
2016-09-29,18Z,gdas1.fnl.0p25.2016092918.f00.grib2,0.0,Already_Downloaded
2016-09-30,00Z,gdas1.fnl.0p25.2016093000.f00.grib2,0.0,Already_Downloaded
2016-09-30,06Z,gdas1.fnl.0p25.2016093006.f00.grib2,0.0,Already_Downloaded
2016-09-30,12Z,gdas1.fnl.0p25.2016093012.f00.grib2,0.0,Already_Downloaded
2016-09-30,18Z,gdas1.fnl.0p25.2016093018.f00.grib2,0.0,Already_Downloaded
2016-10-01,00Z,gdas1.fnl.0p25.2016100100.f00.grib2,0.0,Already_Downloaded
2016-10-01,06Z,gdas1.fnl.0p25.2016100106.f00.grib2,0.0,Already_Downloaded
2016-10-01,12Z,gdas1.fnl.0p25.2016100112.f00.grib2,0.0,Already_Downloaded
2016-10-01,18Z,gdas1.fnl.0p25.2016100118.f00.grib2,0.0,Already_Downloaded
2016-10-02,00Z,gdas1.fnl.0p25.2016100200.f00.grib2,0.0,Already_Downloaded
2016-10-02,06Z,gdas1.fnl.0p25.2016100206.f00.grib2,0.0,Already_Downloaded
2016-10-02,12Z,gdas1.fnl.0p25.2016100212.f00.grib2,0.0,Already_Downloaded
2016-10-02,18Z,gdas1.fnl.0p25.2016100218.f00.grib2,0.0,Already_Downloaded
2016-10-03,00Z,gdas1.fnl.0p25.2016100300.f00.grib2,0.0,Already_Downloaded
2016-10-03,06Z,gdas1.fnl.0p25.2016100306.f00.grib2,0.0,Already_Downloaded
2016-10-03,12Z,gdas1.fnl.0p25.2016100312.f00.grib2,0.0,Already_Downloaded
2016-10-03,18Z,gdas1.fnl.0p25.2016100318.f00.grib2,0.0,Already_Downloaded
2016-10-04,00Z,gdas1.fnl.0p25.2016100400.f00.grib2,0.0,Already_Downloaded
2016-10-04,06Z,gdas1.fnl.0p25.2016100406.f00.grib2,0.0,Already_Downloaded
2016-10-04,12Z,gdas1.fnl.0p25.2016100412.f00.grib2,0.0,Already_Downloaded
2016-10-04,18Z,gdas1.fnl.0p25.2016100418.f00.grib2,0.0,Already_Downloaded
2016-10-05,00Z,gdas1.fnl.0p25.2016100500.f00.grib2,0.0,Already_Downloaded
2016-10-05,06Z,gdas1.fnl.0p25.2016100506.f00.grib2,0.0,Already_Downloaded
2016-10-05,12Z,gdas1.fnl.0p25.2016100512.f00.grib2,0.0,Already_Downloaded
2016-10-05,18Z,gdas1.fnl.0p25.2016100518.f00.grib2,0.0,Already_Downloaded
2016-10-06,00Z,gdas1.fnl.0p25.2016100600.f00.grib2,0.0,Already_Downloaded
2016-10-06,06Z,gdas1.fnl.0p25.2016100606.f00.grib2,0.0,Already_Downloaded
2016-10-06,12Z,gdas1.fnl.0p25.2016100612.f00.grib2,0.0,Already_Downloaded
2016-10-06,18Z,gdas1.fnl.0p25.2016100618.f00.grib2,0.0,Already_Downloaded
2016-10-07,00Z,gdas1.fnl.0p25.2016100700.f00.grib2,0.0,Already_Downloaded
2016-10-07,06Z,gdas1.fnl.0p25.2016100706.f00.grib2,0.0,Already_Downloaded
2016-10-07,12Z,gdas1.fnl.0p25.2016100712.f00.grib2,0.0,Already_Downloaded
2016-10-07,18Z,gdas1.fnl.0p25.2016100718.f00.grib2,0.0,Already_Downloaded
2016-10-08,00Z,gdas1.fnl.0p25.2016100800.f00.grib2,0.0,Already_Downloaded
2016-10-08,06Z,gdas1.fnl.0p25.2016100806.f00.grib2,0.0,Already_Downloaded
2016-10-08,12Z,gdas1.fnl.0p25.2016100812.f00.grib2,0.0,Already_Downloaded
2016-10-08,18Z,gdas1.fnl.0p25.2016100818.f00.grib2,0.0,Already_Downloaded
2016-10-09,00Z,gdas1.fnl.0p25.2016100900.f00.grib2,0.0,Already_Downloaded
2016-10-09,06Z,gdas1.fnl.0p25.2016100906.f00.grib2,0.0,Already_Downloaded
2016-10-09,12Z,gdas1.fnl.0p25.2016100912.f00.grib2,0.0,Already_Downloaded
2016-10-09,18Z,gdas1.fnl.0p25.2016100918.f00.grib2,0.0,Already_Downloaded
2016-10-10,00Z,gdas1.fnl.0p25.2016101000.f00.grib2,0.0,Already_Downloaded
2016-10-10,06Z,gdas1.fnl.0p25.2016101006.f00.grib2,0.0,Already_Downloaded
2016-10-10,12Z,gdas1.fnl.0p25.2016101012.f00.grib2,0.0,Already_Downloaded
2016-10-10,18Z,gdas1.fnl.0p25.2016101018.f00.grib2,0.0,Already_Downloaded
2016-10-11,00Z,gdas1.fnl.0p25.2016101100.f00.grib2,0.0,Already_Downloaded
2016-10-11,06Z,gdas1.fnl.0p25.2016101106.f00.grib2,0.0,Already_Downloaded
2016-10-11,12Z,gdas1.fnl.0p25.2016101112.f00.grib2,0.0,Already_Downloaded
2016-10-11,18Z,gdas1.fnl.0p25.2016101118.f00.grib2,0.0,Already_Downloaded
2016-10-12,00Z,gdas1.fnl.0p25.2016101200.f00.grib2,0.0,Already_Downloaded
2016-10-12,06Z,gdas1.fnl.0p25.2016101206.f00.grib2,0.0,Already_Downloaded
2016-10-12,12Z,gdas1.fnl.0p25.2016101212.f00.grib2,0.0,Already_Downloaded
2016-10-12,18Z,gdas1.fnl.0p25.2016101218.f00.grib2,0.0,Already_Downloaded
2016-10-13,00Z,gdas1.fnl.0p25.2016101300.f00.grib2,0.0,Already_Downloaded
2016-10-13,06Z,gdas1.fnl.0p25.2016101306.f00.grib2,0.0,Already_Downloaded
2016-10-13,12Z,gdas1.fnl.0p25.2016101312.f00.grib2,0.0,Already_Downloaded
2016-10-13,18Z,gdas1.fnl.0p25.2016101318.f00.grib2,0.0,Already_Downloaded
2016-10-14,00Z,gdas1.fnl.0p25.2016101400.f00.grib2,0.0,Already_Downloaded
2016-10-14,06Z,gdas1.fnl.0p25.2016101406.f00.grib2,0.0,Already_Downloaded
2016-10-14,12Z,gdas1.fnl.0p25.2016101412.f00.grib2,0.0,Already_Downloaded
2016-10-14,18Z,gdas1.fnl.0p25.2016101418.f00.grib2,0.0,Already_Downloaded
2016-10-15,00Z,gdas1.fnl.0p25.2016101500.f00.grib2,0.0,Already_Downloaded
2016-10-15,06Z,gdas1.fnl.0p25.2016101506.f00.grib2,0.0,Already_Downloaded
2016-10-15,12Z,gdas1.fnl.0p25.2016101512.f00.grib2,0.0,Already_Downloaded
2016-10-15,18Z,gdas1.fnl.0p25.2016101518.f00.grib2,0.0,Already_Downloaded
2016-10-16,00Z,gdas1.fnl.0p25.2016101600.f00.grib2,0.0,Already_Downloaded
2016-10-16,06Z,gdas1.fnl.0p25.2016101606.f00.grib2,0.0,Already_Downloaded
2016-10-16,12Z,gdas1.fnl.0p25.2016101612.f00.grib2,0.0,Already_Downloaded
2016-10-16,18Z,gdas1.fnl.0p25.2016101618.f00.grib2,0.0,Already_Downloaded
2016-10-17,00Z,gdas1.fnl.0p25.2016101700.f00.grib2,0.0,Already_Downloaded
2016-10-17,06Z,gdas1.fnl.0p25.2016101706.f00.grib2,0.0,Already_Downloaded
2016-10-17,12Z,gdas1.fnl.0p25.2016101712.f00.grib2,0.0,Already_Downloaded
2016-10-17,18Z,gdas1.fnl.0p25.2016101718.f00.grib2,0.0,Already_Downloaded
2016-10-18,00Z,gdas1.fnl.0p25.2016101800.f00.grib2,0.0,Already_Downloaded
2016-10-18,06Z,gdas1.fnl.0p25.2016101806.f00.grib2,0.0,Already_Downloaded
2016-10-18,12Z,gdas1.fnl.0p25.2016101812.f00.grib2,0.0,Already_Downloaded
2016-10-18,18Z,gdas1.fnl.0p25.2016101818.f00.grib2,0.0,Already_Downloaded
2016-10-19,00Z,gdas1.fnl.0p25.2016101900.f00.grib2,0.0,Already_Downloaded
2016-10-19,06Z,gdas1.fnl.0p25.2016101906.f00.grib2,0.0,Already_Downloaded
2016-10-19,12Z,gdas1.fnl.0p25.2016101912.f00.grib2,0.0,Already_Downloaded
2016-10-19,18Z,gdas1.fnl.0p25.2016101918.f00.grib2,0.0,Already_Downloaded
2016-10-20,00Z,gdas1.fnl.0p25.2016102000.f00.grib2,0.0,Already_Downloaded
2016-10-20,06Z,gdas1.fnl.0p25.2016102006.f00.grib2,0.0,Already_Downloaded
2016-10-20,12Z,gdas1.fnl.0p25.2016102012.f00.grib2,0.0,Already_Downloaded
2016-10-20,18Z,gdas1.fnl.0p25.2016102018.f00.grib2,0.0,Already_Downloaded
2016-10-21,00Z,gdas1.fnl.0p25.2016102100.f00.grib2,0.0,Already_Downloaded
2016-10-21,06Z,gdas1.fnl.0p25.2016102106.f00.grib2,0.0,Already_Downloaded
2016-10-21,12Z,gdas1.fnl.0p25.2016102112.f00.grib2,0.0,Already_Downloaded
2016-10-21,18Z,gdas1.fnl.0p25.2016102118.f00.grib2,0.0,Already_Downloaded
2016-10-22,00Z,gdas1.fnl.0p25.2016102200.f00.grib2,0.0,Already_Downloaded
2016-10-22,06Z,gdas1.fnl.0p25.2016102206.f00.grib2,0.0,Already_Downloaded
2016-10-22,12Z,gdas1.fnl.0p25.2016102212.f00.grib2,0.0,Already_Downloaded
2016-10-22,18Z,gdas1.fnl.0p25.2016102218.f00.grib2,0.0,Already_Downloaded
2016-10-23,00Z,gdas1.fnl.0p25.2016102300.f00.grib2,0.0,Already_Downloaded
2016-10-23,06Z,gdas1.fnl.0p25.2016102306.f00.grib2,0.0,Already_Downloaded
2016-10-23,12Z,gdas1.fnl.0p25.2016102312.f00.grib2,0.0,Already_Downloaded
2016-10-23,18Z,gdas1.fnl.0p25.2016102318.f00.grib2,0.0,Already_Downloaded
2016-10-24,00Z,gdas1.fnl.0p25.2016102400.f00.grib2,0.0,Already_Downloaded
2016-10-24,06Z,gdas1.fnl.0p25.2016102406.f00.grib2,0.0,Already_Downloaded
2016-10-24,12Z,gdas1.fnl.0p25.2016102412.f00.grib2,0.0,Already_Downloaded
2016-10-24,18Z,gdas1.fnl.0p25.2016102418.f00.grib2,0.0,Already_Downloaded
2016-10-25,00Z,gdas1.fnl.0p25.2016102500.f00.grib2,0.0,Already_Downloaded
2016-10-25,06Z,gdas1.fnl.0p25.2016102506.f00.grib2,0.0,Already_Downloaded
2016-10-25,12Z,gdas1.fnl.0p25.2016102512.f00.grib2,0.0,Already_Downloaded
2016-10-25,18Z,gdas1.fnl.0p25.2016102518.f00.grib2,0.0,Already_Downloaded
2016-10-26,00Z,gdas1.fnl.0p25.2016102600.f00.grib2,0.0,Already_Downloaded
2016-10-26,06Z,gdas1.fnl.0p25.2016102606.f00.grib2,0.0,Already_Downloaded
2016-10-26,12Z,gdas1.fnl.0p25.2016102612.f00.grib2,0.0,Already_Downloaded
2016-10-26,18Z,gdas1.fnl.0p25.2016102618.f00.grib2,0.0,Already_Downloaded
2016-10-27,00Z,gdas1.fnl.0p25.2016102700.f00.grib2,0.0,Already_Downloaded
2016-10-27,06Z,gdas1.fnl.0p25.2016102706.f00.grib2,0.0,Already_Downloaded
2016-10-27,12Z,gdas1.fnl.0p25.2016102712.f00.grib2,0.0,Already_Downloaded
2016-10-27,18Z,gdas1.fnl.0p25.2016102718.f00.grib2,0.0,Already_Downloaded
2016-10-28,00Z,gdas1.fnl.0p25.2016102800.f00.grib2,0.0,Already_Downloaded
2016-10-28,06Z,gdas1.fnl.0p25.2016102806.f00.grib2,0.0,Already_Downloaded
2016-10-28,12Z,gdas1.fnl.0p25.2016102812.f00.grib2,0.0,Already_Downloaded
2016-10-28,18Z,gdas1.fnl.0p25.2016102818.f00.grib2,0.0,Already_Downloaded
2016-10-29,00Z,gdas1.fnl.0p25.2016102900.f00.grib2,0.0,Already_Downloaded
2016-10-29,06Z,gdas1.fnl.0p25.2016102906.f00.grib2,0.0,Already_Downloaded
2016-10-29,12Z,gdas1.fnl.0p25.2016102912.f00.grib2,0.0,Already_Downloaded
2016-10-29,18Z,gdas1.fnl.0p25.2016102918.f00.grib2,0.0,Already_Downloaded
2016-10-30,00Z,gdas1.fnl.0p25.2016103000.f00.grib2,0.0,Already_Downloaded
2016-10-30,06Z,gdas1.fnl.0p25.2016103006.f00.grib2,0.0,Already_Downloaded
2016-10-30,12Z,gdas1.fnl.0p25.2016103012.f00.grib2,0.0,Already_Downloaded
2016-10-30,18Z,gdas1.fnl.0p25.2016103018.f00.grib2,0.0,Already_Downloaded
2016-10-31,00Z,gdas1.fnl.0p25.2016103100.f00.grib2,0.0,Already_Downloaded
2016-10-31,06Z,gdas1.fnl.0p25.2016103106.f00.grib2,0.0,Already_Downloaded
2016-10-31,12Z,gdas1.fnl.0p25.2016103112.f00.grib2,0.0,Already_Downloaded
2016-10-31,18Z,gdas1.fnl.0p25.2016103118.f00.grib2,0.0,Already_Downloaded
2016-11-01,00Z,gdas1.fnl.0p25.2016110100.f00.grib2,0.0,Already_Downloaded
2016-11-01,06Z,gdas1.fnl.0p25.2016110106.f00.grib2,0.0,Already_Downloaded
2016-11-01,12Z,gdas1.fnl.0p25.2016110112.f00.grib2,0.0,Already_Downloaded
2016-11-01,18Z,gdas1.fnl.0p25.2016110118.f00.grib2,0.0,Already_Downloaded
2016-11-02,00Z,gdas1.fnl.0p25.2016110200.f00.grib2,0.0,Already_Downloaded
2016-11-02,06Z,gdas1.fnl.0p25.2016110206.f00.grib2,0.0,Already_Downloaded
2016-11-02,12Z,gdas1.fnl.0p25.2016110212.f00.grib2,0.0,Already_Downloaded
2016-11-02,18Z,gdas1.fnl.0p25.2016110218.f00.grib2,0.0,Already_Downloaded
2016-11-03,00Z,gdas1.fnl.0p25.2016110300.f00.grib2,0.0,Already_Downloaded
2016-11-03,06Z,gdas1.fnl.0p25.2016110306.f00.grib2,0.0,Already_Downloaded
2016-11-03,12Z,gdas1.fnl.0p25.2016110312.f00.grib2,0.0,Already_Downloaded
2016-11-03,18Z,gdas1.fnl.0p25.2016110318.f00.grib2,0.0,Already_Downloaded
2016-11-04,00Z,gdas1.fnl.0p25.2016110400.f00.grib2,0.0,Already_Downloaded
2016-11-04,06Z,gdas1.fnl.0p25.2016110406.f00.grib2,0.0,Already_Downloaded
2016-11-04,12Z,gdas1.fnl.0p25.2016110412.f00.grib2,0.0,Already_Downloaded
2016-11-04,18Z,gdas1.fnl.0p25.2016110418.f00.grib2,0.0,Already_Downloaded
2016-11-05,00Z,gdas1.fnl.0p25.2016110500.f00.grib2,0.0,Already_Downloaded
2016-11-05,06Z,gdas1.fnl.0p25.2016110506.f00.grib2,0.0,Already_Downloaded
2016-11-05,12Z,gdas1.fnl.0p25.2016110512.f00.grib2,0.0,Already_Downloaded
2016-11-05,18Z,gdas1.fnl.0p25.2016110518.f00.grib2,0.0,Already_Downloaded
2016-11-06,00Z,gdas1.fnl.0p25.2016110600.f00.grib2,0.0,Already_Downloaded
2016-11-06,06Z,gdas1.fnl.0p25.2016110606.f00.grib2,0.0,Already_Downloaded
2016-11-06,12Z,gdas1.fnl.0p25.2016110612.f00.grib2,0.0,Already_Downloaded
2016-11-06,18Z,gdas1.fnl.0p25.2016110618.f00.grib2,0.0,Already_Downloaded
2016-11-07,00Z,gdas1.fnl.0p25.2016110700.f00.grib2,0.0,Already_Downloaded
2016-11-07,06Z,gdas1.fnl.0p25.2016110706.f00.grib2,0.0,Already_Downloaded
2016-11-07,12Z,gdas1.fnl.0p25.2016110712.f00.grib2,0.0,Already_Downloaded
2016-11-07,18Z,gdas1.fnl.0p25.2016110718.f00.grib2,0.0,Already_Downloaded
2016-11-08,00Z,gdas1.fnl.0p25.2016110800.f00.grib2,0.0,Already_Downloaded
2016-11-08,06Z,gdas1.fnl.0p25.2016110806.f00.grib2,0.0,Already_Downloaded
2016-11-08,12Z,gdas1.fnl.0p25.2016110812.f00.grib2,0.0,Already_Downloaded
2016-11-08,18Z,gdas1.fnl.0p25.2016110818.f00.grib2,0.0,Already_Downloaded
2016-11-09,00Z,gdas1.fnl.0p25.2016110900.f00.grib2,0.0,Already_Downloaded
2016-11-09,06Z,gdas1.fnl.0p25.2016110906.f00.grib2,0.0,Already_Downloaded
2016-11-09,12Z,gdas1.fnl.0p25.2016110912.f00.grib2,0.0,Already_Downloaded
2016-11-09,18Z,gdas1.fnl.0p25.2016110918.f00.grib2,0.0,Already_Downloaded
2016-11-10,00Z,gdas1.fnl.0p25.2016111000.f00.grib2,0.0,Already_Downloaded
2016-11-10,06Z,gdas1.fnl.0p25.2016111006.f00.grib2,0.0,Already_Downloaded
2016-11-10,12Z,gdas1.fnl.0p25.2016111012.f00.grib2,0.0,Already_Downloaded
2016-11-10,18Z,gdas1.fnl.0p25.2016111018.f00.grib2,0.0,Already_Downloaded
2016-11-11,00Z,gdas1.fnl.0p25.2016111100.f00.grib2,0.0,Already_Downloaded
2016-11-11,06Z,gdas1.fnl.0p25.2016111106.f00.grib2,0.0,Already_Downloaded
2016-11-11,12Z,gdas1.fnl.0p25.2016111112.f00.grib2,0.0,Already_Downloaded
2016-11-11,18Z,gdas1.fnl.0p25.2016111118.f00.grib2,0.0,Already_Downloaded
2016-11-12,00Z,gdas1.fnl.0p25.2016111200.f00.grib2,0.0,Already_Downloaded
2016-11-12,06Z,gdas1.fnl.0p25.2016111206.f00.grib2,0.0,Already_Downloaded
2016-11-12,12Z,gdas1.fnl.0p25.2016111212.f00.grib2,0.0,Already_Downloaded
2016-11-12,18Z,gdas1.fnl.0p25.2016111218.f00.grib2,0.0,Already_Downloaded
2016-11-13,00Z,gdas1.fnl.0p25.2016111300.f00.grib2,0.0,Already_Downloaded
2016-11-13,06Z,gdas1.fnl.0p25.2016111306.f00.grib2,0.0,Already_Downloaded
2016-11-13,12Z,gdas1.fnl.0p25.2016111312.f00.grib2,0.0,Already_Downloaded
2016-11-13,18Z,gdas1.fnl.0p25.2016111318.f00.grib2,0.0,Already_Downloaded
2016-11-14,00Z,gdas1.fnl.0p25.2016111400.f00.grib2,0.0,Already_Downloaded
2016-11-14,06Z,gdas1.fnl.0p25.2016111406.f00.grib2,0.0,Already_Downloaded
2016-11-14,12Z,gdas1.fnl.0p25.2016111412.f00.grib2,0.0,Already_Downloaded
2016-11-14,18Z,gdas1.fnl.0p25.2016111418.f00.grib2,0.0,Already_Downloaded
2016-11-15,00Z,gdas1.fnl.0p25.2016111500.f00.grib2,0.0,Already_Downloaded
2016-11-15,06Z,gdas1.fnl.0p25.2016111506.f00.grib2,0.0,Already_Downloaded
2016-11-15,12Z,gdas1.fnl.0p25.2016111512.f00.grib2,0.0,Already_Downloaded
2016-11-15,18Z,gdas1.fnl.0p25.2016111518.f00.grib2,0.0,Already_Downloaded
2016-11-16,00Z,gdas1.fnl.0p25.2016111600.f00.grib2,0.0,Already_Downloaded
2016-11-16,06Z,gdas1.fnl.0p25.2016111606.f00.grib2,0.0,Already_Downloaded
2016-11-16,12Z,gdas1.fnl.0p25.2016111612.f00.grib2,0.0,Already_Downloaded
2016-11-16,18Z,gdas1.fnl.0p25.2016111618.f00.grib2,0.0,Already_Downloaded
2016-11-17,00Z,gdas1.fnl.0p25.2016111700.f00.grib2,0.0,Already_Downloaded
2016-11-17,06Z,gdas1.fnl.0p25.2016111706.f00.grib2,0.0,Already_Downloaded
2016-11-17,12Z,gdas1.fnl.0p25.2016111712.f00.grib2,0.0,Already_Downloaded
2016-11-17,18Z,gdas1.fnl.0p25.2016111718.f00.grib2,0.0,Already_Downloaded
2016-11-18,00Z,gdas1.fnl.0p25.2016111800.f00.grib2,0.0,Already_Downloaded
2016-11-18,06Z,gdas1.fnl.0p25.2016111806.f00.grib2,0.0,Already_Downloaded
2016-11-18,12Z,gdas1.fnl.0p25.2016111812.f00.grib2,0.0,Already_Downloaded
2016-11-18,18Z,gdas1.fnl.0p25.2016111818.f00.grib2,0.0,Already_Downloaded
2016-11-19,00Z,gdas1.fnl.0p25.2016111900.f00.grib2,0.0,Already_Downloaded
2016-11-19,06Z,gdas1.fnl.0p25.2016111906.f00.grib2,0.0,Already_Downloaded
2016-11-19,12Z,gdas1.fnl.0p25.2016111912.f00.grib2,0.0,Already_Downloaded
2016-11-19,18Z,gdas1.fnl.0p25.2016111918.f00.grib2,0.0,Already_Downloaded
2016-11-20,00Z,gdas1.fnl.0p25.2016112000.f00.grib2,0.0,Already_Downloaded
2016-11-20,06Z,gdas1.fnl.0p25.2016112006.f00.grib2,0.0,Already_Downloaded
2016-11-20,12Z,gdas1.fnl.0p25.2016112012.f00.grib2,0.0,Already_Downloaded
2016-11-20,18Z,gdas1.fnl.0p25.2016112018.f00.grib2,0.0,Already_Downloaded
2016-11-21,00Z,gdas1.fnl.0p25.2016112100.f00.grib2,0.0,Already_Downloaded
2016-11-21,06Z,gdas1.fnl.0p25.2016112106.f00.grib2,0.0,Already_Downloaded
2016-11-21,12Z,gdas1.fnl.0p25.2016112112.f00.grib2,0.0,Already_Downloaded
2016-11-21,18Z,gdas1.fnl.0p25.2016112118.f00.grib2,0.0,Already_Downloaded
2016-11-22,00Z,gdas1.fnl.0p25.2016112200.f00.grib2,0.0,Already_Downloaded
2016-11-22,06Z,gdas1.fnl.0p25.2016112206.f00.grib2,0.0,Already_Downloaded
2016-11-22,12Z,gdas1.fnl.0p25.2016112212.f00.grib2,0.0,Already_Downloaded
2016-11-22,18Z,gdas1.fnl.0p25.2016112218.f00.grib2,0.0,Already_Downloaded
2016-11-23,00Z,gdas1.fnl.0p25.2016112300.f00.grib2,0.0,Already_Downloaded
2016-11-23,06Z,gdas1.fnl.0p25.2016112306.f00.grib2,0.0,Already_Downloaded
2016-11-23,12Z,gdas1.fnl.0p25.2016112312.f00.grib2,0.0,Already_Downloaded
2016-11-23,18Z,gdas1.fnl.0p25.2016112318.f00.grib2,0.0,Already_Downloaded
2016-11-24,00Z,gdas1.fnl.0p25.2016112400.f00.grib2,0.0,Already_Downloaded
2016-11-24,06Z,gdas1.fnl.0p25.2016112406.f00.grib2,0.0,Already_Downloaded
2016-11-24,12Z,gdas1.fnl.0p25.2016112412.f00.grib2,0.0,Already_Downloaded
2016-11-24,18Z,gdas1.fnl.0p25.2016112418.f00.grib2,0.0,Already_Downloaded
2016-11-25,00Z,gdas1.fnl.0p25.2016112500.f00.grib2,0.0,Already_Downloaded
2016-11-25,06Z,gdas1.fnl.0p25.2016112506.f00.grib2,0.0,Already_Downloaded
2016-11-25,12Z,gdas1.fnl.0p25.2016112512.f00.grib2,0.0,Already_Downloaded
2016-11-25,18Z,gdas1.fnl.0p25.2016112518.f00.grib2,0.0,Already_Downloaded
2016-11-26,00Z,gdas1.fnl.0p25.2016112600.f00.grib2,0.0,Already_Downloaded
2016-11-26,06Z,gdas1.fnl.0p25.2016112606.f00.grib2,0.0,Already_Downloaded
2016-11-26,12Z,gdas1.fnl.0p25.2016112612.f00.grib2,0.0,Already_Downloaded
2016-11-26,18Z,gdas1.fnl.0p25.2016112618.f00.grib2,0.0,Already_Downloaded
2016-11-27,00Z,gdas1.fnl.0p25.2016112700.f00.grib2,0.0,Already_Downloaded
2016-11-27,06Z,gdas1.fnl.0p25.2016112706.f00.grib2,0.0,Already_Downloaded
2016-11-27,12Z,gdas1.fnl.0p25.2016112712.f00.grib2,0.0,Already_Downloaded
2016-11-27,18Z,gdas1.fnl.0p25.2016112718.f00.grib2,0.0,Already_Downloaded
2016-11-28,00Z,gdas1.fnl.0p25.2016112800.f00.grib2,0.0,Already_Downloaded
2016-11-28,06Z,gdas1.fnl.0p25.2016112806.f00.grib2,0.0,Already_Downloaded
2016-11-28,12Z,gdas1.fnl.0p25.2016112812.f00.grib2,0.0,Already_Downloaded
2016-11-28,18Z,gdas1.fnl.0p25.2016112818.f00.grib2,0.0,Already_Downloaded
2016-11-29,00Z,gdas1.fnl.0p25.2016112900.f00.grib2,0.0,Already_Downloaded
2016-11-29,06Z,gdas1.fnl.0p25.2016112906.f00.grib2,0.0,Already_Downloaded
2016-11-29,12Z,gdas1.fnl.0p25.2016112912.f00.grib2,0.0,Already_Downloaded
2016-11-29,18Z,gdas1.fnl.0p25.2016112918.f00.grib2,0.0,Already_Downloaded
2016-11-30,00Z,gdas1.fnl.0p25.2016113000.f00.grib2,0.0,Already_Downloaded
2016-11-30,06Z,gdas1.fnl.0p25.2016113006.f00.grib2,0.0,Already_Downloaded
2016-11-30,12Z,gdas1.fnl.0p25.2016113012.f00.grib2,0.0,Already_Downloaded
2016-11-30,18Z,gdas1.fnl.0p25.2016113018.f00.grib2,0.0,Already_Downloaded
2016-12-01,00Z,gdas1.fnl.0p25.2016120100.f00.grib2,0.0,Already_Downloaded
2016-12-01,06Z,gdas1.fnl.0p25.2016120106.f00.grib2,0.0,Already_Downloaded
2016-12-01,12Z,gdas1.fnl.0p25.2016120112.f00.grib2,0.0,Already_Downloaded
2016-12-01,18Z,gdas1.fnl.0p25.2016120118.f00.grib2,0.0,Already_Downloaded
2016-12-02,00Z,gdas1.fnl.0p25.2016120200.f00.grib2,0.0,Already_Downloaded
2016-12-02,06Z,gdas1.fnl.0p25.2016120206.f00.grib2,0.0,Already_Downloaded
2016-12-02,12Z,gdas1.fnl.0p25.2016120212.f00.grib2,0.0,Already_Downloaded
2016-12-02,18Z,gdas1.fnl.0p25.2016120218.f00.grib2,0.0,Already_Downloaded
2016-12-03,00Z,gdas1.fnl.0p25.2016120300.f00.grib2,0.0,Already_Downloaded
2016-12-03,06Z,gdas1.fnl.0p25.2016120306.f00.grib2,0.0,Already_Downloaded
2016-12-03,12Z,gdas1.fnl.0p25.2016120312.f00.grib2,0.0,Already_Downloaded
2016-12-03,18Z,gdas1.fnl.0p25.2016120318.f00.grib2,0.0,Already_Downloaded
2016-12-04,00Z,gdas1.fnl.0p25.2016120400.f00.grib2,0.0,Already_Downloaded
2016-12-04,06Z,gdas1.fnl.0p25.2016120406.f00.grib2,0.0,Already_Downloaded
2016-12-04,12Z,gdas1.fnl.0p25.2016120412.f00.grib2,0.0,Already_Downloaded
2016-12-04,18Z,gdas1.fnl.0p25.2016120418.f00.grib2,0.0,Already_Downloaded
2016-12-05,00Z,gdas1.fnl.0p25.2016120500.f00.grib2,0.0,Already_Downloaded
2016-12-05,06Z,gdas1.fnl.0p25.2016120506.f00.grib2,0.0,Already_Downloaded
2016-12-05,12Z,gdas1.fnl.0p25.2016120512.f00.grib2,0.0,Already_Downloaded
2016-12-05,18Z,gdas1.fnl.0p25.2016120518.f00.grib2,0.0,Already_Downloaded
2016-12-06,00Z,gdas1.fnl.0p25.2016120600.f00.grib2,0.0,Already_Downloaded
2016-12-06,06Z,gdas1.fnl.0p25.2016120606.f00.grib2,0.0,Already_Downloaded
2016-12-06,12Z,gdas1.fnl.0p25.2016120612.f00.grib2,0.0,Already_Downloaded
2016-12-06,18Z,gdas1.fnl.0p25.2016120618.f00.grib2,0.0,Already_Downloaded
2016-12-07,00Z,gdas1.fnl.0p25.2016120700.f00.grib2,0.0,Already_Downloaded
2016-12-07,06Z,gdas1.fnl.0p25.2016120706.f00.grib2,0.0,Already_Downloaded
2016-12-07,12Z,gdas1.fnl.0p25.2016120712.f00.grib2,0.0,Already_Downloaded
2016-12-07,18Z,gdas1.fnl.0p25.2016120718.f00.grib2,0.0,Already_Downloaded
2016-12-08,00Z,gdas1.fnl.0p25.2016120800.f00.grib2,0.0,Already_Downloaded
2016-12-08,06Z,gdas1.fnl.0p25.2016120806.f00.grib2,0.0,Already_Downloaded
2016-12-08,12Z,gdas1.fnl.0p25.2016120812.f00.grib2,0.0,Already_Downloaded
2016-12-08,18Z,gdas1.fnl.0p25.2016120818.f00.grib2,0.0,Already_Downloaded
2016-12-09,00Z,gdas1.fnl.0p25.2016120900.f00.grib2,0.0,Already_Downloaded
2016-12-09,06Z,gdas1.fnl.0p25.2016120906.f00.grib2,0.0,Already_Downloaded
2016-12-09,12Z,gdas1.fnl.0p25.2016120912.f00.grib2,0.0,Already_Downloaded
2016-12-09,18Z,gdas1.fnl.0p25.2016120918.f00.grib2,0.0,Already_Downloaded
2016-12-10,00Z,gdas1.fnl.0p25.2016121000.f00.grib2,0.0,Already_Downloaded
2016-12-10,06Z,gdas1.fnl.0p25.2016121006.f00.grib2,0.0,Already_Downloaded
2016-12-10,12Z,gdas1.fnl.0p25.2016121012.f00.grib2,0.0,Already_Downloaded
2016-12-10,18Z,gdas1.fnl.0p25.2016121018.f00.grib2,0.0,Already_Downloaded
2016-12-11,00Z,gdas1.fnl.0p25.2016121100.f00.grib2,0.0,Already_Downloaded
2016-12-11,06Z,gdas1.fnl.0p25.2016121106.f00.grib2,0.0,Already_Downloaded
2016-12-11,12Z,gdas1.fnl.0p25.2016121112.f00.grib2,0.0,Already_Downloaded
2016-12-11,18Z,gdas1.fnl.0p25.2016121118.f00.grib2,0.0,Already_Downloaded
2016-12-12,00Z,gdas1.fnl.0p25.2016121200.f00.grib2,0.0,Already_Downloaded
2016-12-12,06Z,gdas1.fnl.0p25.2016121206.f00.grib2,0.0,Already_Downloaded
2016-12-12,12Z,gdas1.fnl.0p25.2016121212.f00.grib2,0.0,Already_Downloaded
2016-12-12,18Z,gdas1.fnl.0p25.2016121218.f00.grib2,0.0,Already_Downloaded
2016-12-13,00Z,gdas1.fnl.0p25.2016121300.f00.grib2,0.0,Already_Downloaded
2016-12-13,06Z,gdas1.fnl.0p25.2016121306.f00.grib2,0.0,Already_Downloaded
2016-12-13,12Z,gdas1.fnl.0p25.2016121312.f00.grib2,0.0,Already_Downloaded
2016-12-13,18Z,gdas1.fnl.0p25.2016121318.f00.grib2,0.0,Already_Downloaded
2016-12-14,00Z,gdas1.fnl.0p25.2016121400.f00.grib2,0.0,Already_Downloaded
2016-12-14,06Z,gdas1.fnl.0p25.2016121406.f00.grib2,0.0,Already_Downloaded
2016-12-14,12Z,gdas1.fnl.0p25.2016121412.f00.grib2,0.0,Already_Downloaded
2016-12-14,18Z,gdas1.fnl.0p25.2016121418.f00.grib2,0.0,Already_Downloaded
2016-12-15,00Z,gdas1.fnl.0p25.2016121500.f00.grib2,0.0,Already_Downloaded
2016-12-15,06Z,gdas1.fnl.0p25.2016121506.f00.grib2,0.0,Already_Downloaded
2016-12-15,12Z,gdas1.fnl.0p25.2016121512.f00.grib2,0.0,Already_Downloaded
2016-12-15,18Z,gdas1.fnl.0p25.2016121518.f00.grib2,0.0,Already_Downloaded
2016-12-16,00Z,gdas1.fnl.0p25.2016121600.f00.grib2,0.0,Already_Downloaded
2016-12-16,06Z,gdas1.fnl.0p25.2016121606.f00.grib2,0.0,Already_Downloaded
2016-12-16,12Z,gdas1.fnl.0p25.2016121612.f00.grib2,0.0,Already_Downloaded
2016-12-16,18Z,gdas1.fnl.0p25.2016121618.f00.grib2,0.0,Already_Downloaded
2016-12-17,00Z,gdas1.fnl.0p25.2016121700.f00.grib2,0.0,Already_Downloaded
2016-12-17,06Z,gdas1.fnl.0p25.2016121706.f00.grib2,0.0,Already_Downloaded
2016-12-17,12Z,gdas1.fnl.0p25.2016121712.f00.grib2,0.0,Already_Downloaded
2016-12-17,18Z,gdas1.fnl.0p25.2016121718.f00.grib2,0.0,Already_Downloaded
2016-12-18,00Z,gdas1.fnl.0p25.2016121800.f00.grib2,0.0,Already_Downloaded
2016-12-18,06Z,gdas1.fnl.0p25.2016121806.f00.grib2,0.0,Already_Downloaded
2016-12-18,12Z,gdas1.fnl.0p25.2016121812.f00.grib2,0.0,Already_Downloaded
2016-12-18,18Z,gdas1.fnl.0p25.2016121818.f00.grib2,0.0,Already_Downloaded
2016-12-19,00Z,gdas1.fnl.0p25.2016121900.f00.grib2,0.0,Already_Downloaded
2016-12-19,06Z,gdas1.fnl.0p25.2016121906.f00.grib2,0.0,Already_Downloaded
2016-12-19,12Z,gdas1.fnl.0p25.2016121912.f00.grib2,0.0,Already_Downloaded
2016-12-19,18Z,gdas1.fnl.0p25.2016121918.f00.grib2,0.0,Already_Downloaded
2016-12-20,00Z,gdas1.fnl.0p25.2016122000.f00.grib2,0.0,Already_Downloaded
2016-12-20,06Z,gdas1.fnl.0p25.2016122006.f00.grib2,0.0,Already_Downloaded
2016-12-20,12Z,gdas1.fnl.0p25.2016122012.f00.grib2,0.0,Already_Downloaded
2016-12-20,18Z,gdas1.fnl.0p25.2016122018.f00.grib2,0.0,Already_Downloaded
2016-12-21,00Z,gdas1.fnl.0p25.2016122100.f00.grib2,0.0,Already_Downloaded
2016-12-21,06Z,gdas1.fnl.0p25.2016122106.f00.grib2,0.0,Already_Downloaded
2016-12-21,12Z,gdas1.fnl.0p25.2016122112.f00.grib2,0.0,Already_Downloaded
2016-12-21,18Z,gdas1.fnl.0p25.2016122118.f00.grib2,0.0,Already_Downloaded
2016-12-22,00Z,gdas1.fnl.0p25.2016122200.f00.grib2,0.0,Already_Downloaded
2016-12-22,06Z,gdas1.fnl.0p25.2016122206.f00.grib2,0.0,Already_Downloaded
2016-12-22,12Z,gdas1.fnl.0p25.2016122212.f00.grib2,0.0,Already_Downloaded
2016-12-22,18Z,gdas1.fnl.0p25.2016122218.f00.grib2,0.0,Already_Downloaded
2016-12-23,00Z,gdas1.fnl.0p25.2016122300.f00.grib2,0.0,Already_Downloaded
2016-12-23,06Z,gdas1.fnl.0p25.2016122306.f00.grib2,0.0,Already_Downloaded
2016-12-23,12Z,gdas1.fnl.0p25.2016122312.f00.grib2,0.0,Already_Downloaded
2016-12-23,18Z,gdas1.fnl.0p25.2016122318.f00.grib2,0.0,Already_Downloaded
2016-12-24,00Z,gdas1.fnl.0p25.2016122400.f00.grib2,0.0,Already_Downloaded
2016-12-24,06Z,gdas1.fnl.0p25.2016122406.f00.grib2,0.0,Already_Downloaded
2016-12-24,12Z,gdas1.fnl.0p25.2016122412.f00.grib2,0.0,Already_Downloaded
2016-12-24,18Z,gdas1.fnl.0p25.2016122418.f00.grib2,0.0,Already_Downloaded
2016-12-25,00Z,gdas1.fnl.0p25.2016122500.f00.grib2,0.0,Already_Downloaded
2016-12-25,06Z,gdas1.fnl.0p25.2016122506.f00.grib2,0.0,Already_Downloaded
2016-12-25,12Z,gdas1.fnl.0p25.2016122512.f00.grib2,0.0,Already_Downloaded
2016-12-25,18Z,gdas1.fnl.0p25.2016122518.f00.grib2,0.0,Already_Downloaded
2016-12-26,00Z,gdas1.fnl.0p25.2016122600.f00.grib2,0.0,Already_Downloaded
2016-12-26,06Z,gdas1.fnl.0p25.2016122606.f00.grib2,0.0,Already_Downloaded
2016-12-26,12Z,gdas1.fnl.0p25.2016122612.f00.grib2,0.0,Already_Downloaded
2016-12-26,18Z,gdas1.fnl.0p25.2016122618.f00.grib2,0.0,Already_Downloaded
2016-12-27,00Z,gdas1.fnl.0p25.2016122700.f00.grib2,0.0,Already_Downloaded
2016-12-27,06Z,gdas1.fnl.0p25.2016122706.f00.grib2,0.0,Already_Downloaded
2016-12-27,12Z,gdas1.fnl.0p25.2016122712.f00.grib2,0.0,Already_Downloaded
2016-12-27,18Z,gdas1.fnl.0p25.2016122718.f00.grib2,0.0,Already_Downloaded
2016-12-28,00Z,gdas1.fnl.0p25.2016122800.f00.grib2,0.0,Already_Downloaded
2016-12-28,06Z,gdas1.fnl.0p25.2016122806.f00.grib2,0.0,Already_Downloaded
2016-12-28,12Z,gdas1.fnl.0p25.2016122812.f00.grib2,0.0,Already_Downloaded
2016-12-28,18Z,gdas1.fnl.0p25.2016122818.f00.grib2,0.0,Already_Downloaded
2016-12-29,00Z,gdas1.fnl.0p25.2016122900.f00.grib2,0.0,Already_Downloaded
2016-12-29,06Z,gdas1.fnl.0p25.2016122906.f00.grib2,0.0,Already_Downloaded
2016-12-29,12Z,gdas1.fnl.0p25.2016122912.f00.grib2,0.0,Already_Downloaded
2016-12-29,18Z,gdas1.fnl.0p25.2016122918.f00.grib2,0.0,Already_Downloaded
2016-12-30,00Z,gdas1.fnl.0p25.2016123000.f00.grib2,0.0,Already_Downloaded
2016-12-30,06Z,gdas1.fnl.0p25.2016123006.f00.grib2,0.0,Already_Downloaded
2016-12-30,12Z,gdas1.fnl.0p25.2016123012.f00.grib2,0.0,Already_Downloaded
2016-12-30,18Z,gdas1.fnl.0p25.2016123018.f00.grib2,0.0,Already_Downloaded
2016-12-31,00Z,gdas1.fnl.0p25.2016123100.f00.grib2,0.0,Already_Downloaded
2016-12-31,06Z,gdas1.fnl.0p25.2016123106.f00.grib2,0.0,Already_Downloaded
2016-12-31,12Z,gdas1.fnl.0p25.2016123112.f00.grib2,0.0,Already_Downloaded
2016-12-31,18Z,gdas1.fnl.0p25.2016123118.f00.grib2,0.0,Already_Downloaded
2017-01-01,00Z,gdas1.fnl.0p25.2017010100.f00.grib2,0.0,Already_Downloaded
2017-01-01,06Z,gdas1.fnl.0p25.2017010106.f00.grib2,0.0,Already_Downloaded
2017-01-01,12Z,gdas1.fnl.0p25.2017010112.f00.grib2,0.0,Already_Downloaded
2017-01-01,18Z,gdas1.fnl.0p25.2017010118.f00.grib2,0.0,Already_Downloaded
2017-01-02,00Z,gdas1.fnl.0p25.2017010200.f00.grib2,0.0,Already_Downloaded
2017-01-02,06Z,gdas1.fnl.0p25.2017010206.f00.grib2,0.0,Already_Downloaded
2017-01-02,12Z,gdas1.fnl.0p25.2017010212.f00.grib2,0.0,Already_Downloaded
2017-01-02,18Z,gdas1.fnl.0p25.2017010218.f00.grib2,0.0,Already_Downloaded
2017-01-03,00Z,gdas1.fnl.0p25.2017010300.f00.grib2,0.0,Already_Downloaded
2017-01-03,06Z,gdas1.fnl.0p25.2017010306.f00.grib2,0.0,Already_Downloaded
2017-01-03,12Z,gdas1.fnl.0p25.2017010312.f00.grib2,0.0,Already_Downloaded
2017-01-03,18Z,gdas1.fnl.0p25.2017010318.f00.grib2,0.0,Already_Downloaded
2017-01-04,00Z,gdas1.fnl.0p25.2017010400.f00.grib2,0.0,Already_Downloaded
2017-01-04,06Z,gdas1.fnl.0p25.2017010406.f00.grib2,0.0,Already_Downloaded
2017-01-04,12Z,gdas1.fnl.0p25.2017010412.f00.grib2,0.0,Already_Downloaded
2017-01-04,18Z,gdas1.fnl.0p25.2017010418.f00.grib2,0.0,Already_Downloaded
2017-01-05,00Z,gdas1.fnl.0p25.2017010500.f00.grib2,0.0,Already_Downloaded
2017-01-05,06Z,gdas1.fnl.0p25.2017010506.f00.grib2,0.0,Already_Downloaded
2017-01-05,12Z,gdas1.fnl.0p25.2017010512.f00.grib2,0.0,Already_Downloaded
2017-01-05,18Z,gdas1.fnl.0p25.2017010518.f00.grib2,0.0,Already_Downloaded
2017-01-06,00Z,gdas1.fnl.0p25.2017010600.f00.grib2,0.0,Already_Downloaded
2017-01-06,06Z,gdas1.fnl.0p25.2017010606.f00.grib2,0.0,Already_Downloaded
2017-01-06,12Z,gdas1.fnl.0p25.2017010612.f00.grib2,0.0,Already_Downloaded
2017-01-06,18Z,gdas1.fnl.0p25.2017010618.f00.grib2,0.0,Already_Downloaded
2017-01-07,00Z,gdas1.fnl.0p25.2017010700.f00.grib2,0.0,Already_Downloaded
2017-01-07,06Z,gdas1.fnl.0p25.2017010706.f00.grib2,0.0,Already_Downloaded
2017-01-07,12Z,gdas1.fnl.0p25.2017010712.f00.grib2,0.0,Already_Downloaded
2017-01-07,18Z,gdas1.fnl.0p25.2017010718.f00.grib2,0.0,Already_Downloaded
2017-01-08,00Z,gdas1.fnl.0p25.2017010800.f00.grib2,0.0,Already_Downloaded
2017-01-08,06Z,gdas1.fnl.0p25.2017010806.f00.grib2,0.0,Already_Downloaded
2017-01-08,12Z,gdas1.fnl.0p25.2017010812.f00.grib2,0.0,Already_Downloaded
2017-01-08,18Z,gdas1.fnl.0p25.2017010818.f00.grib2,0.0,Already_Downloaded
2017-01-09,00Z,gdas1.fnl.0p25.2017010900.f00.grib2,0.0,Already_Downloaded
2017-01-09,06Z,gdas1.fnl.0p25.2017010906.f00.grib2,0.0,Already_Downloaded
2017-01-09,12Z,gdas1.fnl.0p25.2017010912.f00.grib2,0.0,Already_Downloaded
2017-01-09,18Z,gdas1.fnl.0p25.2017010918.f00.grib2,0.0,Already_Downloaded
2017-01-10,00Z,gdas1.fnl.0p25.2017011000.f00.grib2,0.0,Already_Downloaded
2017-01-10,06Z,gdas1.fnl.0p25.2017011006.f00.grib2,0.0,Already_Downloaded
2017-01-10,12Z,gdas1.fnl.0p25.2017011012.f00.grib2,0.0,Already_Downloaded
2017-01-10,18Z,gdas1.fnl.0p25.2017011018.f00.grib2,0.0,Already_Downloaded
2017-01-11,00Z,gdas1.fnl.0p25.2017011100.f00.grib2,0.0,Already_Downloaded
2017-01-11,06Z,gdas1.fnl.0p25.2017011106.f00.grib2,0.0,Already_Downloaded
2017-01-11,12Z,gdas1.fnl.0p25.2017011112.f00.grib2,0.0,Already_Downloaded
2017-01-11,18Z,gdas1.fnl.0p25.2017011118.f00.grib2,0.0,Already_Downloaded
2017-01-12,00Z,gdas1.fnl.0p25.2017011200.f00.grib2,0.0,Already_Downloaded
2017-01-12,06Z,gdas1.fnl.0p25.2017011206.f00.grib2,0.0,Already_Downloaded
2017-01-12,12Z,gdas1.fnl.0p25.2017011212.f00.grib2,0.0,Already_Downloaded
2017-01-12,18Z,gdas1.fnl.0p25.2017011218.f00.grib2,0.0,Already_Downloaded
2017-01-13,00Z,gdas1.fnl.0p25.2017011300.f00.grib2,0.0,Already_Downloaded
2017-01-13,06Z,gdas1.fnl.0p25.2017011306.f00.grib2,0.0,Already_Downloaded
2017-01-13,12Z,gdas1.fnl.0p25.2017011312.f00.grib2,0.0,Already_Downloaded
2017-01-13,18Z,gdas1.fnl.0p25.2017011318.f00.grib2,0.0,Already_Downloaded
2017-01-14,00Z,gdas1.fnl.0p25.2017011400.f00.grib2,0.0,Already_Downloaded
2017-01-14,06Z,gdas1.fnl.0p25.2017011406.f00.grib2,0.0,Already_Downloaded
2017-01-14,12Z,gdas1.fnl.0p25.2017011412.f00.grib2,0.0,Already_Downloaded
2017-01-14,18Z,gdas1.fnl.0p25.2017011418.f00.grib2,0.0,Already_Downloaded
2017-01-15,00Z,gdas1.fnl.0p25.2017011500.f00.grib2,0.0,Already_Downloaded
2017-01-15,06Z,gdas1.fnl.0p25.2017011506.f00.grib2,0.0,Already_Downloaded
2017-01-15,12Z,gdas1.fnl.0p25.2017011512.f00.grib2,0.0,Already_Downloaded
2017-01-15,18Z,gdas1.fnl.0p25.2017011518.f00.grib2,0.0,Already_Downloaded
2017-01-16,00Z,gdas1.fnl.0p25.2017011600.f00.grib2,0.0,Already_Downloaded
2017-01-16,06Z,gdas1.fnl.0p25.2017011606.f00.grib2,0.0,Already_Downloaded
2017-01-16,12Z,gdas1.fnl.0p25.2017011612.f00.grib2,0.0,Already_Downloaded
2017-01-16,18Z,gdas1.fnl.0p25.2017011618.f00.grib2,0.0,Already_Downloaded
2017-01-17,00Z,gdas1.fnl.0p25.2017011700.f00.grib2,0.0,Already_Downloaded
2017-01-17,06Z,gdas1.fnl.0p25.2017011706.f00.grib2,0.0,Already_Downloaded
2017-01-17,12Z,gdas1.fnl.0p25.2017011712.f00.grib2,0.0,Already_Downloaded
2017-01-17,18Z,gdas1.fnl.0p25.2017011718.f00.grib2,0.0,Already_Downloaded
2017-01-18,00Z,gdas1.fnl.0p25.2017011800.f00.grib2,0.0,Already_Downloaded
2017-01-18,06Z,gdas1.fnl.0p25.2017011806.f00.grib2,0.0,Already_Downloaded
2017-01-18,12Z,gdas1.fnl.0p25.2017011812.f00.grib2,0.0,Already_Downloaded
2017-01-18,18Z,gdas1.fnl.0p25.2017011818.f00.grib2,0.0,Already_Downloaded
2017-01-19,00Z,gdas1.fnl.0p25.2017011900.f00.grib2,0.0,Already_Downloaded
2017-01-19,06Z,gdas1.fnl.0p25.2017011906.f00.grib2,0.0,Already_Downloaded
2017-01-19,12Z,gdas1.fnl.0p25.2017011912.f00.grib2,0.0,Already_Downloaded
2017-01-19,18Z,gdas1.fnl.0p25.2017011918.f00.grib2,0.0,Already_Downloaded
2017-01-20,00Z,gdas1.fnl.0p25.2017012000.f00.grib2,0.0,Already_Downloaded
2017-01-20,06Z,gdas1.fnl.0p25.2017012006.f00.grib2,0.0,Already_Downloaded
2017-01-20,12Z,gdas1.fnl.0p25.2017012012.f00.grib2,0.0,Already_Downloaded
2017-01-20,18Z,gdas1.fnl.0p25.2017012018.f00.grib2,0.0,Already_Downloaded
2017-01-21,00Z,gdas1.fnl.0p25.2017012100.f00.grib2,0.0,Already_Downloaded
2017-01-21,06Z,gdas1.fnl.0p25.2017012106.f00.grib2,0.0,Already_Downloaded
2017-01-21,12Z,gdas1.fnl.0p25.2017012112.f00.grib2,0.0,Already_Downloaded
2017-01-21,18Z,gdas1.fnl.0p25.2017012118.f00.grib2,0.0,Already_Downloaded
2017-01-22,00Z,gdas1.fnl.0p25.2017012200.f00.grib2,0.0,Already_Downloaded
2017-01-22,06Z,gdas1.fnl.0p25.2017012206.f00.grib2,0.0,Already_Downloaded
2017-01-22,12Z,gdas1.fnl.0p25.2017012212.f00.grib2,0.0,Already_Downloaded
2017-01-22,18Z,gdas1.fnl.0p25.2017012218.f00.grib2,0.0,Already_Downloaded
2017-01-23,00Z,gdas1.fnl.0p25.2017012300.f00.grib2,0.0,Already_Downloaded
2017-01-23,06Z,gdas1.fnl.0p25.2017012306.f00.grib2,0.0,Already_Downloaded
2017-01-23,12Z,gdas1.fnl.0p25.2017012312.f00.grib2,0.0,Already_Downloaded
2017-01-23,18Z,gdas1.fnl.0p25.2017012318.f00.grib2,0.0,Already_Downloaded
2017-01-24,00Z,gdas1.fnl.0p25.2017012400.f00.grib2,0.0,Already_Downloaded
2017-01-24,06Z,gdas1.fnl.0p25.2017012406.f00.grib2,0.0,Already_Downloaded
2017-01-24,12Z,gdas1.fnl.0p25.2017012412.f00.grib2,0.0,Already_Downloaded
2017-01-24,18Z,gdas1.fnl.0p25.2017012418.f00.grib2,0.0,Already_Downloaded
2017-01-25,00Z,gdas1.fnl.0p25.2017012500.f00.grib2,0.0,Already_Downloaded
2017-01-25,06Z,gdas1.fnl.0p25.2017012506.f00.grib2,0.0,Already_Downloaded
2017-01-25,12Z,gdas1.fnl.0p25.2017012512.f00.grib2,0.0,Already_Downloaded
2017-01-25,18Z,gdas1.fnl.0p25.2017012518.f00.grib2,0.0,Already_Downloaded
2017-01-26,00Z,gdas1.fnl.0p25.2017012600.f00.grib2,0.0,Already_Downloaded
2017-01-26,06Z,gdas1.fnl.0p25.2017012606.f00.grib2,0.0,Already_Downloaded
2017-01-26,12Z,gdas1.fnl.0p25.2017012612.f00.grib2,0.0,Already_Downloaded
2017-01-26,18Z,gdas1.fnl.0p25.2017012618.f00.grib2,0.0,Already_Downloaded
2017-01-27,00Z,gdas1.fnl.0p25.2017012700.f00.grib2,0.0,Already_Downloaded
2017-01-27,06Z,gdas1.fnl.0p25.2017012706.f00.grib2,0.0,Already_Downloaded
2017-01-27,12Z,gdas1.fnl.0p25.2017012712.f00.grib2,0.0,Already_Downloaded
2017-01-27,18Z,gdas1.fnl.0p25.2017012718.f00.grib2,0.0,Already_Downloaded
2017-01-28,00Z,gdas1.fnl.0p25.2017012800.f00.grib2,0.0,Already_Downloaded
2017-01-28,06Z,gdas1.fnl.0p25.2017012806.f00.grib2,0.0,Already_Downloaded
2017-01-28,12Z,gdas1.fnl.0p25.2017012812.f00.grib2,0.0,Already_Downloaded
2017-01-28,18Z,gdas1.fnl.0p25.2017012818.f00.grib2,0.0,Already_Downloaded
2017-01-29,00Z,gdas1.fnl.0p25.2017012900.f00.grib2,0.0,Already_Downloaded
2017-01-29,06Z,gdas1.fnl.0p25.2017012906.f00.grib2,0.0,Already_Downloaded
2017-01-29,12Z,gdas1.fnl.0p25.2017012912.f00.grib2,0.0,Already_Downloaded
2017-01-29,18Z,gdas1.fnl.0p25.2017012918.f00.grib2,0.0,Already_Downloaded
2017-01-30,00Z,gdas1.fnl.0p25.2017013000.f00.grib2,0.0,Already_Downloaded
2017-01-30,06Z,gdas1.fnl.0p25.2017013006.f00.grib2,0.0,Already_Downloaded
2017-01-30,12Z,gdas1.fnl.0p25.2017013012.f00.grib2,0.0,Already_Downloaded
2017-01-30,18Z,gdas1.fnl.0p25.2017013018.f00.grib2,0.0,Already_Downloaded
2017-01-31,00Z,gdas1.fnl.0p25.2017013100.f00.grib2,0.0,Already_Downloaded
2017-01-31,06Z,gdas1.fnl.0p25.2017013106.f00.grib2,0.0,Already_Downloaded
2017-01-31,12Z,gdas1.fnl.0p25.2017013112.f00.grib2,0.0,Already_Downloaded
2017-01-31,18Z,gdas1.fnl.0p25.2017013118.f00.grib2,0.0,Already_Downloaded
2017-02-01,00Z,gdas1.fnl.0p25.2017020100.f00.grib2,0.0,Already_Downloaded
2017-02-01,06Z,gdas1.fnl.0p25.2017020106.f00.grib2,0.0,Already_Downloaded
2017-02-01,12Z,gdas1.fnl.0p25.2017020112.f00.grib2,0.0,Already_Downloaded
2017-02-01,18Z,gdas1.fnl.0p25.2017020118.f00.grib2,0.0,Already_Downloaded
2017-02-02,00Z,gdas1.fnl.0p25.2017020200.f00.grib2,0.0,Already_Downloaded
2017-02-02,06Z,gdas1.fnl.0p25.2017020206.f00.grib2,0.0,Already_Downloaded
2017-02-02,12Z,gdas1.fnl.0p25.2017020212.f00.grib2,0.0,Already_Downloaded
2017-02-02,18Z,gdas1.fnl.0p25.2017020218.f00.grib2,0.0,Already_Downloaded
2017-02-03,00Z,gdas1.fnl.0p25.2017020300.f00.grib2,0.0,Already_Downloaded
2017-02-03,06Z,gdas1.fnl.0p25.2017020306.f00.grib2,0.0,Already_Downloaded
2017-02-03,12Z,gdas1.fnl.0p25.2017020312.f00.grib2,0.0,Already_Downloaded
2017-02-03,18Z,gdas1.fnl.0p25.2017020318.f00.grib2,0.0,Already_Downloaded
2017-02-04,00Z,gdas1.fnl.0p25.2017020400.f00.grib2,0.0,Already_Downloaded
2017-02-04,06Z,gdas1.fnl.0p25.2017020406.f00.grib2,0.0,Already_Downloaded
2017-02-04,12Z,gdas1.fnl.0p25.2017020412.f00.grib2,0.0,Already_Downloaded
2017-02-04,18Z,gdas1.fnl.0p25.2017020418.f00.grib2,0.0,Already_Downloaded
2017-02-05,00Z,gdas1.fnl.0p25.2017020500.f00.grib2,0.0,Already_Downloaded
2017-02-05,06Z,gdas1.fnl.0p25.2017020506.f00.grib2,0.0,Already_Downloaded
2017-02-05,12Z,gdas1.fnl.0p25.2017020512.f00.grib2,0.0,Already_Downloaded
2017-02-05,18Z,gdas1.fnl.0p25.2017020518.f00.grib2,0.0,Already_Downloaded
2017-02-06,00Z,gdas1.fnl.0p25.2017020600.f00.grib2,0.0,Already_Downloaded
2017-02-06,06Z,gdas1.fnl.0p25.2017020606.f00.grib2,0.0,Already_Downloaded
2017-02-06,12Z,gdas1.fnl.0p25.2017020612.f00.grib2,0.0,Already_Downloaded
2017-02-06,18Z,gdas1.fnl.0p25.2017020618.f00.grib2,0.0,Already_Downloaded
2017-02-07,00Z,gdas1.fnl.0p25.2017020700.f00.grib2,0.0,Already_Downloaded
2017-02-07,06Z,gdas1.fnl.0p25.2017020706.f00.grib2,0.0,Already_Downloaded
2017-02-07,12Z,gdas1.fnl.0p25.2017020712.f00.grib2,0.0,Already_Downloaded
2017-02-07,18Z,gdas1.fnl.0p25.2017020718.f00.grib2,0.0,Already_Downloaded
2017-02-08,00Z,gdas1.fnl.0p25.2017020800.f00.grib2,0.0,Already_Downloaded
2017-02-08,06Z,gdas1.fnl.0p25.2017020806.f00.grib2,0.0,Already_Downloaded
2017-02-08,12Z,gdas1.fnl.0p25.2017020812.f00.grib2,0.0,Already_Downloaded
2017-02-08,18Z,gdas1.fnl.0p25.2017020818.f00.grib2,0.0,Already_Downloaded
2017-02-09,00Z,gdas1.fnl.0p25.2017020900.f00.grib2,0.0,Already_Downloaded
2017-02-09,06Z,gdas1.fnl.0p25.2017020906.f00.grib2,0.0,Already_Downloaded
2017-02-09,12Z,gdas1.fnl.0p25.2017020912.f00.grib2,0.0,Already_Downloaded
2017-02-09,18Z,gdas1.fnl.0p25.2017020918.f00.grib2,0.0,Already_Downloaded
2017-02-10,00Z,gdas1.fnl.0p25.2017021000.f00.grib2,0.0,Already_Downloaded
2017-02-10,06Z,gdas1.fnl.0p25.2017021006.f00.grib2,0.0,Already_Downloaded
2017-02-10,12Z,gdas1.fnl.0p25.2017021012.f00.grib2,0.0,Already_Downloaded
2017-02-10,18Z,gdas1.fnl.0p25.2017021018.f00.grib2,0.0,Already_Downloaded
2017-02-11,00Z,gdas1.fnl.0p25.2017021100.f00.grib2,0.0,Already_Downloaded
2017-02-11,06Z,gdas1.fnl.0p25.2017021106.f00.grib2,0.0,Already_Downloaded
2017-02-11,12Z,gdas1.fnl.0p25.2017021112.f00.grib2,0.0,Already_Downloaded
2017-02-11,18Z,gdas1.fnl.0p25.2017021118.f00.grib2,0.0,Already_Downloaded
2017-02-12,00Z,gdas1.fnl.0p25.2017021200.f00.grib2,0.0,Already_Downloaded
2017-02-12,06Z,gdas1.fnl.0p25.2017021206.f00.grib2,0.0,Already_Downloaded
2017-02-12,12Z,gdas1.fnl.0p25.2017021212.f00.grib2,0.0,Already_Downloaded
2017-02-12,18Z,gdas1.fnl.0p25.2017021218.f00.grib2,0.0,Already_Downloaded
2017-02-13,00Z,gdas1.fnl.0p25.2017021300.f00.grib2,0.0,Already_Downloaded
2017-02-13,06Z,gdas1.fnl.0p25.2017021306.f00.grib2,0.0,Already_Downloaded
2017-02-13,12Z,gdas1.fnl.0p25.2017021312.f00.grib2,0.0,Already_Downloaded
2017-02-13,18Z,gdas1.fnl.0p25.2017021318.f00.grib2,0.0,Already_Downloaded
2017-02-14,00Z,gdas1.fnl.0p25.2017021400.f00.grib2,0.0,Already_Downloaded
2017-02-14,06Z,gdas1.fnl.0p25.2017021406.f00.grib2,0.0,Already_Downloaded
2017-02-14,12Z,gdas1.fnl.0p25.2017021412.f00.grib2,0.0,Already_Downloaded
2017-02-14,18Z,gdas1.fnl.0p25.2017021418.f00.grib2,0.0,Already_Downloaded
2017-02-15,00Z,gdas1.fnl.0p25.2017021500.f00.grib2,0.0,Already_Downloaded
2017-02-15,06Z,gdas1.fnl.0p25.2017021506.f00.grib2,0.0,Already_Downloaded
2017-02-15,12Z,gdas1.fnl.0p25.2017021512.f00.grib2,0.0,Already_Downloaded
2017-02-15,18Z,gdas1.fnl.0p25.2017021518.f00.grib2,0.0,Already_Downloaded
2017-02-16,00Z,gdas1.fnl.0p25.2017021600.f00.grib2,0.0,Already_Downloaded
2017-02-16,06Z,gdas1.fnl.0p25.2017021606.f00.grib2,0.0,Already_Downloaded
2017-02-16,12Z,gdas1.fnl.0p25.2017021612.f00.grib2,0.0,Already_Downloaded
2017-02-16,18Z,gdas1.fnl.0p25.2017021618.f00.grib2,0.0,Already_Downloaded
2017-02-17,00Z,gdas1.fnl.0p25.2017021700.f00.grib2,0.0,Already_Downloaded
2017-02-17,06Z,gdas1.fnl.0p25.2017021706.f00.grib2,0.0,Already_Downloaded
2017-02-17,12Z,gdas1.fnl.0p25.2017021712.f00.grib2,0.0,Already_Downloaded
2017-02-17,18Z,gdas1.fnl.0p25.2017021718.f00.grib2,0.0,Already_Downloaded
2017-02-18,00Z,gdas1.fnl.0p25.2017021800.f00.grib2,0.0,Already_Downloaded
2017-02-18,06Z,gdas1.fnl.0p25.2017021806.f00.grib2,0.0,Already_Downloaded
2017-02-18,12Z,gdas1.fnl.0p25.2017021812.f00.grib2,0.0,Already_Downloaded
2017-02-18,18Z,gdas1.fnl.0p25.2017021818.f00.grib2,0.0,Already_Downloaded
2017-02-19,00Z,gdas1.fnl.0p25.2017021900.f00.grib2,0.0,Already_Downloaded
2017-02-19,06Z,gdas1.fnl.0p25.2017021906.f00.grib2,0.0,Already_Downloaded
2017-02-19,12Z,gdas1.fnl.0p25.2017021912.f00.grib2,0.0,Already_Downloaded
2017-02-19,18Z,gdas1.fnl.0p25.2017021918.f00.grib2,0.0,Already_Downloaded
2017-02-20,00Z,gdas1.fnl.0p25.2017022000.f00.grib2,0.0,Already_Downloaded
2017-02-20,06Z,gdas1.fnl.0p25.2017022006.f00.grib2,0.0,Already_Downloaded
2017-02-20,12Z,gdas1.fnl.0p25.2017022012.f00.grib2,0.0,Already_Downloaded
2017-02-20,18Z,gdas1.fnl.0p25.2017022018.f00.grib2,0.0,Already_Downloaded
2017-02-21,00Z,gdas1.fnl.0p25.2017022100.f00.grib2,0.0,Already_Downloaded
2017-02-21,06Z,gdas1.fnl.0p25.2017022106.f00.grib2,0.0,Already_Downloaded
2017-02-21,12Z,gdas1.fnl.0p25.2017022112.f00.grib2,0.0,Already_Downloaded
2017-02-21,18Z,gdas1.fnl.0p25.2017022118.f00.grib2,0.0,Already_Downloaded
2017-02-22,00Z,gdas1.fnl.0p25.2017022200.f00.grib2,0.0,Already_Downloaded
2017-02-22,06Z,gdas1.fnl.0p25.2017022206.f00.grib2,0.0,Already_Downloaded
2017-02-22,12Z,gdas1.fnl.0p25.2017022212.f00.grib2,0.0,Already_Downloaded
2017-02-22,18Z,gdas1.fnl.0p25.2017022218.f00.grib2,0.0,Already_Downloaded
2017-02-23,00Z,gdas1.fnl.0p25.2017022300.f00.grib2,0.0,Already_Downloaded
2017-02-23,06Z,gdas1.fnl.0p25.2017022306.f00.grib2,0.0,Already_Downloaded
2017-02-23,12Z,gdas1.fnl.0p25.2017022312.f00.grib2,0.0,Already_Downloaded
2017-02-23,18Z,gdas1.fnl.0p25.2017022318.f00.grib2,0.0,Already_Downloaded
2017-02-24,00Z,gdas1.fnl.0p25.2017022400.f00.grib2,0.0,Already_Downloaded
2017-02-24,06Z,gdas1.fnl.0p25.2017022406.f00.grib2,0.0,Already_Downloaded
2017-02-24,12Z,gdas1.fnl.0p25.2017022412.f00.grib2,0.0,Already_Downloaded
2017-02-24,18Z,gdas1.fnl.0p25.2017022418.f00.grib2,0.0,Already_Downloaded
2017-02-25,00Z,gdas1.fnl.0p25.2017022500.f00.grib2,0.0,Already_Downloaded
2017-02-25,06Z,gdas1.fnl.0p25.2017022506.f00.grib2,0.0,Already_Downloaded
2017-02-25,12Z,gdas1.fnl.0p25.2017022512.f00.grib2,0.0,Already_Downloaded
2017-02-25,18Z,gdas1.fnl.0p25.2017022518.f00.grib2,0.0,Already_Downloaded
2017-02-26,00Z,gdas1.fnl.0p25.2017022600.f00.grib2,0.0,Already_Downloaded
2017-02-26,06Z,gdas1.fnl.0p25.2017022606.f00.grib2,0.0,Already_Downloaded
2017-02-26,12Z,gdas1.fnl.0p25.2017022612.f00.grib2,0.0,Already_Downloaded
2017-02-26,18Z,gdas1.fnl.0p25.2017022618.f00.grib2,0.0,Already_Downloaded
2017-02-27,00Z,gdas1.fnl.0p25.2017022700.f00.grib2,0.0,Already_Downloaded
2017-02-27,06Z,gdas1.fnl.0p25.2017022706.f00.grib2,0.0,Already_Downloaded
2017-02-27,12Z,gdas1.fnl.0p25.2017022712.f00.grib2,0.0,Already_Downloaded
2017-02-27,18Z,gdas1.fnl.0p25.2017022718.f00.grib2,0.0,Already_Downloaded
2017-02-28,00Z,gdas1.fnl.0p25.2017022800.f00.grib2,0.0,Already_Downloaded
2017-02-28,06Z,gdas1.fnl.0p25.2017022806.f00.grib2,0.0,Already_Downloaded
2017-02-28,12Z,gdas1.fnl.0p25.2017022812.f00.grib2,0.0,Already_Downloaded
2017-02-28,18Z,gdas1.fnl.0p25.2017022818.f00.grib2,0.0,Already_Downloaded
2017-03-01,00Z,gdas1.fnl.0p25.2017030100.f00.grib2,0.0,Already_Downloaded
2017-03-01,06Z,gdas1.fnl.0p25.2017030106.f00.grib2,0.0,Already_Downloaded
2017-03-01,12Z,gdas1.fnl.0p25.2017030112.f00.grib2,0.0,Already_Downloaded
2017-03-01,18Z,gdas1.fnl.0p25.2017030118.f00.grib2,0.0,Already_Downloaded
2017-03-02,00Z,gdas1.fnl.0p25.2017030200.f00.grib2,0.0,Already_Downloaded
2017-03-02,06Z,gdas1.fnl.0p25.2017030206.f00.grib2,0.0,Already_Downloaded
2017-03-02,12Z,gdas1.fnl.0p25.2017030212.f00.grib2,0.0,Already_Downloaded
2017-03-02,18Z,gdas1.fnl.0p25.2017030218.f00.grib2,0.0,Already_Downloaded
2017-03-03,00Z,gdas1.fnl.0p25.2017030300.f00.grib2,0.0,Already_Downloaded
2017-03-03,06Z,gdas1.fnl.0p25.2017030306.f00.grib2,0.0,Already_Downloaded
2017-03-03,12Z,gdas1.fnl.0p25.2017030312.f00.grib2,0.0,Already_Downloaded
2017-03-03,18Z,gdas1.fnl.0p25.2017030318.f00.grib2,0.0,Already_Downloaded
2017-03-04,00Z,gdas1.fnl.0p25.2017030400.f00.grib2,0.0,Already_Downloaded
2017-03-04,06Z,gdas1.fnl.0p25.2017030406.f00.grib2,0.0,Already_Downloaded
2017-03-04,12Z,gdas1.fnl.0p25.2017030412.f00.grib2,0.0,Already_Downloaded
2017-03-04,18Z,gdas1.fnl.0p25.2017030418.f00.grib2,0.0,Already_Downloaded
2017-03-05,00Z,gdas1.fnl.0p25.2017030500.f00.grib2,0.0,Already_Downloaded
2017-03-05,06Z,gdas1.fnl.0p25.2017030506.f00.grib2,0.0,Already_Downloaded
2017-03-05,12Z,gdas1.fnl.0p25.2017030512.f00.grib2,0.0,Already_Downloaded
2017-03-05,18Z,gdas1.fnl.0p25.2017030518.f00.grib2,0.0,Already_Downloaded
2017-03-06,00Z,gdas1.fnl.0p25.2017030600.f00.grib2,0.0,Already_Downloaded
2017-03-06,06Z,gdas1.fnl.0p25.2017030606.f00.grib2,0.0,Already_Downloaded
2017-03-06,12Z,gdas1.fnl.0p25.2017030612.f00.grib2,0.0,Already_Downloaded
2017-03-06,18Z,gdas1.fnl.0p25.2017030618.f00.grib2,0.0,Already_Downloaded
2017-03-07,00Z,gdas1.fnl.0p25.2017030700.f00.grib2,0.0,Already_Downloaded
2017-03-07,06Z,gdas1.fnl.0p25.2017030706.f00.grib2,0.0,Already_Downloaded
2017-03-07,12Z,gdas1.fnl.0p25.2017030712.f00.grib2,0.0,Already_Downloaded
2017-03-07,18Z,gdas1.fnl.0p25.2017030718.f00.grib2,0.0,Already_Downloaded
2017-03-08,00Z,gdas1.fnl.0p25.2017030800.f00.grib2,0.0,Already_Downloaded
2017-03-08,06Z,gdas1.fnl.0p25.2017030806.f00.grib2,0.0,Already_Downloaded
2017-03-08,12Z,gdas1.fnl.0p25.2017030812.f00.grib2,0.0,Already_Downloaded
2017-03-08,18Z,gdas1.fnl.0p25.2017030818.f00.grib2,0.0,Already_Downloaded
2017-03-09,00Z,gdas1.fnl.0p25.2017030900.f00.grib2,0.0,Already_Downloaded
2017-03-09,06Z,gdas1.fnl.0p25.2017030906.f00.grib2,0.0,Already_Downloaded
2017-03-09,12Z,gdas1.fnl.0p25.2017030912.f00.grib2,0.0,Already_Downloaded
2017-03-09,18Z,gdas1.fnl.0p25.2017030918.f00.grib2,0.0,Already_Downloaded
2017-03-10,00Z,gdas1.fnl.0p25.2017031000.f00.grib2,0.0,Already_Downloaded
2017-03-10,06Z,gdas1.fnl.0p25.2017031006.f00.grib2,0.0,Already_Downloaded
2017-03-10,12Z,gdas1.fnl.0p25.2017031012.f00.grib2,0.0,Already_Downloaded
2017-03-10,18Z,gdas1.fnl.0p25.2017031018.f00.grib2,0.0,Already_Downloaded
2017-03-11,00Z,gdas1.fnl.0p25.2017031100.f00.grib2,0.0,Already_Downloaded
2017-03-11,06Z,gdas1.fnl.0p25.2017031106.f00.grib2,0.0,Already_Downloaded
2017-03-11,12Z,gdas1.fnl.0p25.2017031112.f00.grib2,0.0,Already_Downloaded
2017-03-11,18Z,gdas1.fnl.0p25.2017031118.f00.grib2,0.0,Already_Downloaded
2017-03-12,00Z,gdas1.fnl.0p25.2017031200.f00.grib2,0.0,Already_Downloaded
2017-03-12,06Z,gdas1.fnl.0p25.2017031206.f00.grib2,0.0,Already_Downloaded
2017-03-12,12Z,gdas1.fnl.0p25.2017031212.f00.grib2,0.0,Already_Downloaded
2017-03-12,18Z,gdas1.fnl.0p25.2017031218.f00.grib2,0.0,Already_Downloaded
2017-03-13,00Z,gdas1.fnl.0p25.2017031300.f00.grib2,0.0,Already_Downloaded
2017-03-13,06Z,gdas1.fnl.0p25.2017031306.f00.grib2,0.0,Already_Downloaded
2017-03-13,12Z,gdas1.fnl.0p25.2017031312.f00.grib2,0.0,Already_Downloaded
2017-03-13,18Z,gdas1.fnl.0p25.2017031318.f00.grib2,0.0,Already_Downloaded
2017-03-14,00Z,gdas1.fnl.0p25.2017031400.f00.grib2,0.0,Already_Downloaded
2017-03-14,06Z,gdas1.fnl.0p25.2017031406.f00.grib2,0.0,Already_Downloaded
2017-03-14,12Z,gdas1.fnl.0p25.2017031412.f00.grib2,0.0,Already_Downloaded
2017-03-14,18Z,gdas1.fnl.0p25.2017031418.f00.grib2,0.0,Already_Downloaded
2017-03-15,00Z,gdas1.fnl.0p25.2017031500.f00.grib2,0.0,Already_Downloaded
2017-03-15,06Z,gdas1.fnl.0p25.2017031506.f00.grib2,0.0,Already_Downloaded
2017-03-15,12Z,gdas1.fnl.0p25.2017031512.f00.grib2,0.0,Already_Downloaded
2017-03-15,18Z,gdas1.fnl.0p25.2017031518.f00.grib2,0.0,Already_Downloaded
2017-03-16,00Z,gdas1.fnl.0p25.2017031600.f00.grib2,0.0,Already_Downloaded
2017-03-16,06Z,gdas1.fnl.0p25.2017031606.f00.grib2,0.0,Already_Downloaded
2017-03-16,12Z,gdas1.fnl.0p25.2017031612.f00.grib2,0.0,Already_Downloaded
2017-03-16,18Z,gdas1.fnl.0p25.2017031618.f00.grib2,0.0,Already_Downloaded
2017-03-17,00Z,gdas1.fnl.0p25.2017031700.f00.grib2,0.0,Already_Downloaded
2017-03-17,06Z,gdas1.fnl.0p25.2017031706.f00.grib2,0.0,Already_Downloaded
2017-03-17,12Z,gdas1.fnl.0p25.2017031712.f00.grib2,0.0,Already_Downloaded
2017-03-17,18Z,gdas1.fnl.0p25.2017031718.f00.grib2,0.0,Already_Downloaded
2017-03-18,00Z,gdas1.fnl.0p25.2017031800.f00.grib2,0.0,Already_Downloaded
2017-03-18,06Z,gdas1.fnl.0p25.2017031806.f00.grib2,0.0,Already_Downloaded
2017-03-18,12Z,gdas1.fnl.0p25.2017031812.f00.grib2,0.0,Already_Downloaded
2017-03-18,18Z,gdas1.fnl.0p25.2017031818.f00.grib2,0.0,Already_Downloaded
2017-03-19,00Z,gdas1.fnl.0p25.2017031900.f00.grib2,0.0,Already_Downloaded
2017-03-19,06Z,gdas1.fnl.0p25.2017031906.f00.grib2,0.0,Already_Downloaded
2017-03-19,12Z,gdas1.fnl.0p25.2017031912.f00.grib2,0.0,Already_Downloaded
2017-03-19,18Z,gdas1.fnl.0p25.2017031918.f00.grib2,0.0,Already_Downloaded
2017-03-20,00Z,gdas1.fnl.0p25.2017032000.f00.grib2,0.0,Already_Downloaded
2017-03-20,06Z,gdas1.fnl.0p25.2017032006.f00.grib2,0.0,Already_Downloaded
2017-03-20,12Z,gdas1.fnl.0p25.2017032012.f00.grib2,0.0,Already_Downloaded
2017-03-20,18Z,gdas1.fnl.0p25.2017032018.f00.grib2,0.0,Already_Downloaded
2017-03-21,00Z,gdas1.fnl.0p25.2017032100.f00.grib2,0.0,Already_Downloaded
2017-03-21,06Z,gdas1.fnl.0p25.2017032106.f00.grib2,0.0,Already_Downloaded
2017-03-21,12Z,gdas1.fnl.0p25.2017032112.f00.grib2,0.0,Already_Downloaded
2017-03-21,18Z,gdas1.fnl.0p25.2017032118.f00.grib2,0.0,Already_Downloaded
2017-03-22,00Z,gdas1.fnl.0p25.2017032200.f00.grib2,0.0,Already_Downloaded
2017-03-22,06Z,gdas1.fnl.0p25.2017032206.f00.grib2,0.0,Already_Downloaded
2017-03-22,12Z,gdas1.fnl.0p25.2017032212.f00.grib2,0.0,Already_Downloaded
2017-03-22,18Z,gdas1.fnl.0p25.2017032218.f00.grib2,0.0,Already_Downloaded
2017-03-23,00Z,gdas1.fnl.0p25.2017032300.f00.grib2,0.0,Already_Downloaded
2017-03-23,06Z,gdas1.fnl.0p25.2017032306.f00.grib2,0.0,Already_Downloaded
2017-03-23,12Z,gdas1.fnl.0p25.2017032312.f00.grib2,0.0,Already_Downloaded
2017-03-23,18Z,gdas1.fnl.0p25.2017032318.f00.grib2,0.0,Already_Downloaded
2017-03-24,00Z,gdas1.fnl.0p25.2017032400.f00.grib2,0.0,Already_Downloaded
2017-03-24,06Z,gdas1.fnl.0p25.2017032406.f00.grib2,0.0,Already_Downloaded
2017-03-24,12Z,gdas1.fnl.0p25.2017032412.f00.grib2,0.0,Already_Downloaded
2017-03-24,18Z,gdas1.fnl.0p25.2017032418.f00.grib2,0.0,Already_Downloaded
2017-03-25,00Z,gdas1.fnl.0p25.2017032500.f00.grib2,0.0,Already_Downloaded
2017-03-25,06Z,gdas1.fnl.0p25.2017032506.f00.grib2,0.0,Already_Downloaded
2017-03-25,12Z,gdas1.fnl.0p25.2017032512.f00.grib2,0.0,Already_Downloaded
2017-03-25,18Z,gdas1.fnl.0p25.2017032518.f00.grib2,0.0,Already_Downloaded
2017-03-26,00Z,gdas1.fnl.0p25.2017032600.f00.grib2,0.0,Already_Downloaded
2017-03-26,06Z,gdas1.fnl.0p25.2017032606.f00.grib2,0.0,Already_Downloaded
2017-03-26,12Z,gdas1.fnl.0p25.2017032612.f00.grib2,0.0,Already_Downloaded
2017-03-26,18Z,gdas1.fnl.0p25.2017032618.f00.grib2,0.0,Already_Downloaded
2017-03-27,00Z,gdas1.fnl.0p25.2017032700.f00.grib2,0.0,Already_Downloaded
2017-03-27,06Z,gdas1.fnl.0p25.2017032706.f00.grib2,0.0,Already_Downloaded
2017-03-27,12Z,gdas1.fnl.0p25.2017032712.f00.grib2,0.0,Already_Downloaded
2017-03-27,18Z,gdas1.fnl.0p25.2017032718.f00.grib2,0.0,Already_Downloaded
2017-03-28,00Z,gdas1.fnl.0p25.2017032800.f00.grib2,0.0,Already_Downloaded
2017-03-28,06Z,gdas1.fnl.0p25.2017032806.f00.grib2,0.0,Already_Downloaded
2017-03-28,12Z,gdas1.fnl.0p25.2017032812.f00.grib2,0.0,Already_Downloaded
2017-03-28,18Z,gdas1.fnl.0p25.2017032818.f00.grib2,0.0,Already_Downloaded
2017-03-29,00Z,gdas1.fnl.0p25.2017032900.f00.grib2,0.0,Already_Downloaded
2017-03-29,06Z,gdas1.fnl.0p25.2017032906.f00.grib2,0.0,Already_Downloaded
2017-03-29,12Z,gdas1.fnl.0p25.2017032912.f00.grib2,0.0,Already_Downloaded
2017-03-29,18Z,gdas1.fnl.0p25.2017032918.f00.grib2,0.0,Already_Downloaded
2017-03-30,00Z,gdas1.fnl.0p25.2017033000.f00.grib2,0.0,Already_Downloaded
2017-03-30,06Z,gdas1.fnl.0p25.2017033006.f00.grib2,0.0,Already_Downloaded
2017-03-30,12Z,gdas1.fnl.0p25.2017033012.f00.grib2,0.0,Already_Downloaded
2017-03-30,18Z,gdas1.fnl.0p25.2017033018.f00.grib2,0.0,Already_Downloaded
2017-03-31,00Z,gdas1.fnl.0p25.2017033100.f00.grib2,0.0,Already_Downloaded
2017-03-31,06Z,gdas1.fnl.0p25.2017033106.f00.grib2,0.0,Already_Downloaded
2017-03-31,12Z,gdas1.fnl.0p25.2017033112.f00.grib2,0.0,Already_Downloaded
2017-03-31,18Z,gdas1.fnl.0p25.2017033118.f00.grib2,0.0,Already_Downloaded
2017-04-01,00Z,gdas1.fnl.0p25.2017040100.f00.grib2,0.0,Already_Downloaded
2017-04-01,06Z,gdas1.fnl.0p25.2017040106.f00.grib2,0.0,Already_Downloaded
2017-04-01,12Z,gdas1.fnl.0p25.2017040112.f00.grib2,0.0,Already_Downloaded
2017-04-01,18Z,gdas1.fnl.0p25.2017040118.f00.grib2,0.0,Already_Downloaded
2017-04-02,00Z,gdas1.fnl.0p25.2017040200.f00.grib2,0.0,Already_Downloaded
2017-04-02,06Z,gdas1.fnl.0p25.2017040206.f00.grib2,0.0,Already_Downloaded
2017-04-02,12Z,gdas1.fnl.0p25.2017040212.f00.grib2,0.0,Already_Downloaded
2017-04-02,18Z,gdas1.fnl.0p25.2017040218.f00.grib2,0.0,Already_Downloaded
2017-04-03,00Z,gdas1.fnl.0p25.2017040300.f00.grib2,0.0,Already_Downloaded
2017-04-03,06Z,gdas1.fnl.0p25.2017040306.f00.grib2,0.0,Already_Downloaded
2017-04-03,12Z,gdas1.fnl.0p25.2017040312.f00.grib2,0.0,Already_Downloaded
2017-04-03,18Z,gdas1.fnl.0p25.2017040318.f00.grib2,0.0,Already_Downloaded
2017-04-04,00Z,gdas1.fnl.0p25.2017040400.f00.grib2,0.0,Already_Downloaded
2017-04-04,06Z,gdas1.fnl.0p25.2017040406.f00.grib2,0.0,Already_Downloaded
2017-04-04,12Z,gdas1.fnl.0p25.2017040412.f00.grib2,0.0,Already_Downloaded
2017-04-04,18Z,gdas1.fnl.0p25.2017040418.f00.grib2,0.0,Already_Downloaded
2017-04-05,00Z,gdas1.fnl.0p25.2017040500.f00.grib2,0.0,Already_Downloaded
2017-04-05,06Z,gdas1.fnl.0p25.2017040506.f00.grib2,0.0,Already_Downloaded
2017-04-05,12Z,gdas1.fnl.0p25.2017040512.f00.grib2,0.0,Already_Downloaded
2017-04-05,18Z,gdas1.fnl.0p25.2017040518.f00.grib2,0.0,Already_Downloaded
2017-04-06,00Z,gdas1.fnl.0p25.2017040600.f00.grib2,0.0,Already_Downloaded
2017-04-06,06Z,gdas1.fnl.0p25.2017040606.f00.grib2,0.0,Already_Downloaded
2017-04-06,12Z,gdas1.fnl.0p25.2017040612.f00.grib2,0.0,Already_Downloaded
2017-04-06,18Z,gdas1.fnl.0p25.2017040618.f00.grib2,0.0,Already_Downloaded
2017-04-07,00Z,gdas1.fnl.0p25.2017040700.f00.grib2,0.0,Already_Downloaded
2017-04-07,06Z,gdas1.fnl.0p25.2017040706.f00.grib2,0.0,Already_Downloaded
2017-04-07,12Z,gdas1.fnl.0p25.2017040712.f00.grib2,0.0,Already_Downloaded
2017-04-07,18Z,gdas1.fnl.0p25.2017040718.f00.grib2,0.0,Already_Downloaded
2017-04-08,00Z,gdas1.fnl.0p25.2017040800.f00.grib2,0.0,Already_Downloaded
2017-04-08,06Z,gdas1.fnl.0p25.2017040806.f00.grib2,0.0,Already_Downloaded
2017-04-08,12Z,gdas1.fnl.0p25.2017040812.f00.grib2,0.0,Already_Downloaded
2017-04-08,18Z,gdas1.fnl.0p25.2017040818.f00.grib2,0.0,Already_Downloaded
2017-04-09,00Z,gdas1.fnl.0p25.2017040900.f00.grib2,0.0,Already_Downloaded
2017-04-09,06Z,gdas1.fnl.0p25.2017040906.f00.grib2,0.0,Already_Downloaded
2017-04-09,12Z,gdas1.fnl.0p25.2017040912.f00.grib2,0.0,Already_Downloaded
2017-04-09,18Z,gdas1.fnl.0p25.2017040918.f00.grib2,0.0,Already_Downloaded
2017-04-10,00Z,gdas1.fnl.0p25.2017041000.f00.grib2,0.0,Already_Downloaded
2017-04-10,06Z,gdas1.fnl.0p25.2017041006.f00.grib2,0.0,Already_Downloaded
2017-04-10,12Z,gdas1.fnl.0p25.2017041012.f00.grib2,0.0,Already_Downloaded
2017-04-10,18Z,gdas1.fnl.0p25.2017041018.f00.grib2,0.0,Already_Downloaded
2017-04-11,00Z,gdas1.fnl.0p25.2017041100.f00.grib2,0.0,Already_Downloaded
2017-04-11,06Z,gdas1.fnl.0p25.2017041106.f00.grib2,0.0,Already_Downloaded
2017-04-11,12Z,gdas1.fnl.0p25.2017041112.f00.grib2,0.0,Already_Downloaded
2017-04-11,18Z,gdas1.fnl.0p25.2017041118.f00.grib2,0.0,Already_Downloaded
2017-04-12,00Z,gdas1.fnl.0p25.2017041200.f00.grib2,0.0,Already_Downloaded
2017-04-12,06Z,gdas1.fnl.0p25.2017041206.f00.grib2,0.0,Already_Downloaded
2017-04-12,12Z,gdas1.fnl.0p25.2017041212.f00.grib2,0.0,Already_Downloaded
2017-04-12,18Z,gdas1.fnl.0p25.2017041218.f00.grib2,0.0,Already_Downloaded
2017-04-13,00Z,gdas1.fnl.0p25.2017041300.f00.grib2,0.0,Already_Downloaded
2017-04-13,06Z,gdas1.fnl.0p25.2017041306.f00.grib2,0.0,Already_Downloaded
2017-04-13,12Z,gdas1.fnl.0p25.2017041312.f00.grib2,0.0,Already_Downloaded
2017-04-13,18Z,gdas1.fnl.0p25.2017041318.f00.grib2,0.0,Already_Downloaded
2017-04-14,00Z,gdas1.fnl.0p25.2017041400.f00.grib2,0.0,Already_Downloaded
2017-04-14,06Z,gdas1.fnl.0p25.2017041406.f00.grib2,0.0,Already_Downloaded
2017-04-14,12Z,gdas1.fnl.0p25.2017041412.f00.grib2,0.0,Already_Downloaded
2017-04-14,18Z,gdas1.fnl.0p25.2017041418.f00.grib2,0.0,Already_Downloaded
2017-04-15,00Z,gdas1.fnl.0p25.2017041500.f00.grib2,0.0,Already_Downloaded
2017-04-15,06Z,gdas1.fnl.0p25.2017041506.f00.grib2,0.0,Already_Downloaded
2017-04-15,12Z,gdas1.fnl.0p25.2017041512.f00.grib2,0.0,Already_Downloaded
2017-04-15,18Z,gdas1.fnl.0p25.2017041518.f00.grib2,0.0,Already_Downloaded
2017-04-16,00Z,gdas1.fnl.0p25.2017041600.f00.grib2,0.0,Already_Downloaded
2017-04-16,06Z,gdas1.fnl.0p25.2017041606.f00.grib2,0.0,Already_Downloaded
2017-04-16,12Z,gdas1.fnl.0p25.2017041612.f00.grib2,0.0,Already_Downloaded
2017-04-16,18Z,gdas1.fnl.0p25.2017041618.f00.grib2,0.0,Already_Downloaded
2017-04-17,00Z,gdas1.fnl.0p25.2017041700.f00.grib2,0.0,Already_Downloaded
2017-04-17,06Z,gdas1.fnl.0p25.2017041706.f00.grib2,0.0,Already_Downloaded
2017-04-17,12Z,gdas1.fnl.0p25.2017041712.f00.grib2,0.0,Already_Downloaded
2017-04-17,18Z,gdas1.fnl.0p25.2017041718.f00.grib2,0.0,Already_Downloaded
2017-04-18,00Z,gdas1.fnl.0p25.2017041800.f00.grib2,0.0,Already_Downloaded
2017-04-18,06Z,gdas1.fnl.0p25.2017041806.f00.grib2,0.0,Already_Downloaded
2017-04-18,12Z,gdas1.fnl.0p25.2017041812.f00.grib2,0.0,Already_Downloaded
2017-04-18,18Z,gdas1.fnl.0p25.2017041818.f00.grib2,0.0,Already_Downloaded
2017-04-19,00Z,gdas1.fnl.0p25.2017041900.f00.grib2,0.0,Already_Downloaded
2017-04-19,06Z,gdas1.fnl.0p25.2017041906.f00.grib2,0.0,Already_Downloaded
2017-04-19,12Z,gdas1.fnl.0p25.2017041912.f00.grib2,0.0,Already_Downloaded
2017-04-19,18Z,gdas1.fnl.0p25.2017041918.f00.grib2,0.0,Already_Downloaded
2017-04-20,00Z,gdas1.fnl.0p25.2017042000.f00.grib2,0.0,Already_Downloaded
2017-04-20,06Z,gdas1.fnl.0p25.2017042006.f00.grib2,0.0,Already_Downloaded
2017-04-20,12Z,gdas1.fnl.0p25.2017042012.f00.grib2,0.0,Already_Downloaded
2017-04-20,18Z,gdas1.fnl.0p25.2017042018.f00.grib2,0.0,Already_Downloaded
2017-04-21,00Z,gdas1.fnl.0p25.2017042100.f00.grib2,0.0,Already_Downloaded
2017-04-21,06Z,gdas1.fnl.0p25.2017042106.f00.grib2,0.0,Already_Downloaded
2017-04-21,12Z,gdas1.fnl.0p25.2017042112.f00.grib2,0.0,Already_Downloaded
2017-04-21,18Z,gdas1.fnl.0p25.2017042118.f00.grib2,0.0,Already_Downloaded
2017-04-22,00Z,gdas1.fnl.0p25.2017042200.f00.grib2,0.0,Already_Downloaded
2017-04-22,06Z,gdas1.fnl.0p25.2017042206.f00.grib2,0.0,Already_Downloaded
2017-04-22,12Z,gdas1.fnl.0p25.2017042212.f00.grib2,0.0,Already_Downloaded
2017-04-22,18Z,gdas1.fnl.0p25.2017042218.f00.grib2,0.0,Already_Downloaded
2017-04-23,00Z,gdas1.fnl.0p25.2017042300.f00.grib2,0.0,Already_Downloaded
2017-04-23,06Z,gdas1.fnl.0p25.2017042306.f00.grib2,0.0,Already_Downloaded
2017-04-23,12Z,gdas1.fnl.0p25.2017042312.f00.grib2,0.0,Already_Downloaded
2017-04-23,18Z,gdas1.fnl.0p25.2017042318.f00.grib2,0.0,Already_Downloaded
2017-04-24,00Z,gdas1.fnl.0p25.2017042400.f00.grib2,0.0,Already_Downloaded
2017-04-24,06Z,gdas1.fnl.0p25.2017042406.f00.grib2,0.0,Already_Downloaded
2017-04-24,12Z,gdas1.fnl.0p25.2017042412.f00.grib2,0.0,Already_Downloaded
2017-04-24,18Z,gdas1.fnl.0p25.2017042418.f00.grib2,0.0,Already_Downloaded
2017-04-25,00Z,gdas1.fnl.0p25.2017042500.f00.grib2,0.0,Already_Downloaded
2017-04-25,06Z,gdas1.fnl.0p25.2017042506.f00.grib2,0.0,Already_Downloaded
2017-04-25,12Z,gdas1.fnl.0p25.2017042512.f00.grib2,0.0,Already_Downloaded
2017-04-25,18Z,gdas1.fnl.0p25.2017042518.f00.grib2,0.0,Already_Downloaded
2017-04-26,00Z,gdas1.fnl.0p25.2017042600.f00.grib2,0.0,Already_Downloaded
2017-04-26,06Z,gdas1.fnl.0p25.2017042606.f00.grib2,0.0,Already_Downloaded
2017-04-26,12Z,gdas1.fnl.0p25.2017042612.f00.grib2,0.0,Already_Downloaded
2017-04-26,18Z,gdas1.fnl.0p25.2017042618.f00.grib2,0.0,Already_Downloaded
2017-04-27,00Z,gdas1.fnl.0p25.2017042700.f00.grib2,0.0,Already_Downloaded
2017-04-27,06Z,gdas1.fnl.0p25.2017042706.f00.grib2,0.0,Already_Downloaded
2017-04-27,12Z,gdas1.fnl.0p25.2017042712.f00.grib2,0.0,Already_Downloaded
2017-04-27,18Z,gdas1.fnl.0p25.2017042718.f00.grib2,0.0,Already_Downloaded
2017-04-28,00Z,gdas1.fnl.0p25.2017042800.f00.grib2,0.0,Already_Downloaded
2017-04-28,06Z,gdas1.fnl.0p25.2017042806.f00.grib2,0.0,Already_Downloaded
2017-04-28,12Z,gdas1.fnl.0p25.2017042812.f00.grib2,0.0,Already_Downloaded
2017-04-28,18Z,gdas1.fnl.0p25.2017042818.f00.grib2,0.0,Already_Downloaded
2017-04-29,00Z,gdas1.fnl.0p25.2017042900.f00.grib2,0.0,Already_Downloaded
2017-04-29,06Z,gdas1.fnl.0p25.2017042906.f00.grib2,0.0,Already_Downloaded
2017-04-29,12Z,gdas1.fnl.0p25.2017042912.f00.grib2,0.0,Already_Downloaded
2017-04-29,18Z,gdas1.fnl.0p25.2017042918.f00.grib2,0.0,Already_Downloaded
2017-04-30,00Z,gdas1.fnl.0p25.2017043000.f00.grib2,0.0,Already_Downloaded
2017-04-30,06Z,gdas1.fnl.0p25.2017043006.f00.grib2,0.0,Already_Downloaded
2017-04-30,12Z,gdas1.fnl.0p25.2017043012.f00.grib2,0.0,Already_Downloaded
2017-04-30,18Z,gdas1.fnl.0p25.2017043018.f00.grib2,0.0,Already_Downloaded
2017-05-01,00Z,gdas1.fnl.0p25.2017050100.f00.grib2,0.0,Already_Downloaded
2017-05-01,06Z,gdas1.fnl.0p25.2017050106.f00.grib2,0.0,Already_Downloaded
2017-05-01,12Z,gdas1.fnl.0p25.2017050112.f00.grib2,0.0,Already_Downloaded
2017-05-01,18Z,gdas1.fnl.0p25.2017050118.f00.grib2,0.0,Already_Downloaded
2017-05-02,00Z,gdas1.fnl.0p25.2017050200.f00.grib2,0.0,Already_Downloaded
2017-05-02,06Z,gdas1.fnl.0p25.2017050206.f00.grib2,0.0,Already_Downloaded
2017-05-02,12Z,gdas1.fnl.0p25.2017050212.f00.grib2,0.0,Already_Downloaded
2017-05-02,18Z,gdas1.fnl.0p25.2017050218.f00.grib2,0.0,Already_Downloaded
2017-05-03,00Z,gdas1.fnl.0p25.2017050300.f00.grib2,0.0,Already_Downloaded
2017-05-03,06Z,gdas1.fnl.0p25.2017050306.f00.grib2,0.0,Already_Downloaded
2017-05-03,12Z,gdas1.fnl.0p25.2017050312.f00.grib2,0.0,Already_Downloaded
2017-05-03,18Z,gdas1.fnl.0p25.2017050318.f00.grib2,0.0,Already_Downloaded
2017-05-04,00Z,gdas1.fnl.0p25.2017050400.f00.grib2,0.0,Already_Downloaded
2017-05-04,06Z,gdas1.fnl.0p25.2017050406.f00.grib2,0.0,Already_Downloaded
2017-05-04,12Z,gdas1.fnl.0p25.2017050412.f00.grib2,0.0,Already_Downloaded
2017-05-04,18Z,gdas1.fnl.0p25.2017050418.f00.grib2,0.0,Already_Downloaded
2017-05-05,00Z,gdas1.fnl.0p25.2017050500.f00.grib2,0.0,Already_Downloaded
2017-05-05,06Z,gdas1.fnl.0p25.2017050506.f00.grib2,0.0,Already_Downloaded
2017-05-05,12Z,gdas1.fnl.0p25.2017050512.f00.grib2,0.0,Already_Downloaded
2017-05-05,18Z,gdas1.fnl.0p25.2017050518.f00.grib2,0.0,Already_Downloaded
2017-05-06,00Z,gdas1.fnl.0p25.2017050600.f00.grib2,0.0,Already_Downloaded
2017-05-06,06Z,gdas1.fnl.0p25.2017050606.f00.grib2,0.0,Already_Downloaded
2017-05-06,12Z,gdas1.fnl.0p25.2017050612.f00.grib2,0.0,Already_Downloaded
2017-05-06,18Z,gdas1.fnl.0p25.2017050618.f00.grib2,0.0,Already_Downloaded
2017-05-07,00Z,gdas1.fnl.0p25.2017050700.f00.grib2,0.0,Already_Downloaded
2017-05-07,06Z,gdas1.fnl.0p25.2017050706.f00.grib2,0.0,Already_Downloaded
2017-05-07,12Z,gdas1.fnl.0p25.2017050712.f00.grib2,0.0,Already_Downloaded
2017-05-07,18Z,gdas1.fnl.0p25.2017050718.f00.grib2,0.0,Already_Downloaded
2017-05-08,00Z,gdas1.fnl.0p25.2017050800.f00.grib2,0.0,Already_Downloaded
2017-05-08,06Z,gdas1.fnl.0p25.2017050806.f00.grib2,0.0,Already_Downloaded
2017-05-08,12Z,gdas1.fnl.0p25.2017050812.f00.grib2,0.0,Already_Downloaded
2017-05-08,18Z,gdas1.fnl.0p25.2017050818.f00.grib2,0.0,Already_Downloaded
2017-05-09,00Z,gdas1.fnl.0p25.2017050900.f00.grib2,0.0,Already_Downloaded
2017-05-09,06Z,gdas1.fnl.0p25.2017050906.f00.grib2,0.0,Already_Downloaded
2017-05-09,12Z,gdas1.fnl.0p25.2017050912.f00.grib2,0.0,Already_Downloaded
2017-05-09,18Z,gdas1.fnl.0p25.2017050918.f00.grib2,0.0,Already_Downloaded
2017-05-10,00Z,gdas1.fnl.0p25.2017051000.f00.grib2,0.0,Already_Downloaded
2017-05-10,06Z,gdas1.fnl.0p25.2017051006.f00.grib2,0.0,Already_Downloaded
2017-05-10,12Z,gdas1.fnl.0p25.2017051012.f00.grib2,0.0,Already_Downloaded
2017-05-10,18Z,gdas1.fnl.0p25.2017051018.f00.grib2,0.0,Already_Downloaded
2017-05-11,00Z,gdas1.fnl.0p25.2017051100.f00.grib2,0.0,Already_Downloaded
2017-05-11,06Z,gdas1.fnl.0p25.2017051106.f00.grib2,0.0,Already_Downloaded
2017-05-11,12Z,gdas1.fnl.0p25.2017051112.f00.grib2,0.0,Already_Downloaded
2017-05-11,18Z,gdas1.fnl.0p25.2017051118.f00.grib2,0.0,Already_Downloaded
2017-05-12,00Z,gdas1.fnl.0p25.2017051200.f00.grib2,0.0,Already_Downloaded
2017-05-12,06Z,gdas1.fnl.0p25.2017051206.f00.grib2,0.0,Already_Downloaded
2017-05-12,12Z,gdas1.fnl.0p25.2017051212.f00.grib2,0.0,Already_Downloaded
2017-05-12,18Z,gdas1.fnl.0p25.2017051218.f00.grib2,0.0,Already_Downloaded
2017-05-13,00Z,gdas1.fnl.0p25.2017051300.f00.grib2,0.0,Already_Downloaded
2017-05-13,06Z,gdas1.fnl.0p25.2017051306.f00.grib2,0.0,Already_Downloaded
2017-05-13,12Z,gdas1.fnl.0p25.2017051312.f00.grib2,0.0,Already_Downloaded
2017-05-13,18Z,gdas1.fnl.0p25.2017051318.f00.grib2,0.0,Already_Downloaded
2017-05-14,00Z,gdas1.fnl.0p25.2017051400.f00.grib2,0.0,Already_Downloaded
2017-05-14,06Z,gdas1.fnl.0p25.2017051406.f00.grib2,0.0,Already_Downloaded
2017-05-14,12Z,gdas1.fnl.0p25.2017051412.f00.grib2,0.0,Already_Downloaded
2017-05-14,18Z,gdas1.fnl.0p25.2017051418.f00.grib2,0.0,Already_Downloaded
2017-05-15,00Z,gdas1.fnl.0p25.2017051500.f00.grib2,0.0,Already_Downloaded
2017-05-15,06Z,gdas1.fnl.0p25.2017051506.f00.grib2,0.0,Already_Downloaded
2017-05-15,12Z,gdas1.fnl.0p25.2017051512.f00.grib2,0.0,Already_Downloaded
2017-05-15,18Z,gdas1.fnl.0p25.2017051518.f00.grib2,0.0,Already_Downloaded
2017-05-16,00Z,gdas1.fnl.0p25.2017051600.f00.grib2,0.0,Already_Downloaded
2017-05-16,06Z,gdas1.fnl.0p25.2017051606.f00.grib2,0.0,Already_Downloaded
2017-05-16,12Z,gdas1.fnl.0p25.2017051612.f00.grib2,0.0,Already_Downloaded
2017-05-16,18Z,gdas1.fnl.0p25.2017051618.f00.grib2,0.0,Already_Downloaded
2017-05-17,00Z,gdas1.fnl.0p25.2017051700.f00.grib2,0.0,Already_Downloaded
2017-05-17,06Z,gdas1.fnl.0p25.2017051706.f00.grib2,0.0,Already_Downloaded
2017-05-17,12Z,gdas1.fnl.0p25.2017051712.f00.grib2,0.0,Already_Downloaded
2017-05-17,18Z,gdas1.fnl.0p25.2017051718.f00.grib2,0.0,Already_Downloaded
2017-05-18,00Z,gdas1.fnl.0p25.2017051800.f00.grib2,0.0,Already_Downloaded
2017-05-18,06Z,gdas1.fnl.0p25.2017051806.f00.grib2,0.0,Already_Downloaded
2017-05-18,12Z,gdas1.fnl.0p25.2017051812.f00.grib2,0.0,Already_Downloaded
2017-05-18,18Z,gdas1.fnl.0p25.2017051818.f00.grib2,0.0,Already_Downloaded
2017-05-19,00Z,gdas1.fnl.0p25.2017051900.f00.grib2,0.0,Already_Downloaded
2017-05-19,06Z,gdas1.fnl.0p25.2017051906.f00.grib2,0.0,Already_Downloaded
2017-05-19,12Z,gdas1.fnl.0p25.2017051912.f00.grib2,0.0,Already_Downloaded
2017-05-19,18Z,gdas1.fnl.0p25.2017051918.f00.grib2,0.0,Already_Downloaded
2017-05-20,00Z,gdas1.fnl.0p25.2017052000.f00.grib2,0.0,Already_Downloaded
2017-05-20,06Z,gdas1.fnl.0p25.2017052006.f00.grib2,0.0,Already_Downloaded
2017-05-20,12Z,gdas1.fnl.0p25.2017052012.f00.grib2,0.0,Already_Downloaded
2017-05-20,18Z,gdas1.fnl.0p25.2017052018.f00.grib2,0.0,Already_Downloaded
2017-05-21,00Z,gdas1.fnl.0p25.2017052100.f00.grib2,0.0,Already_Downloaded
2017-05-21,06Z,gdas1.fnl.0p25.2017052106.f00.grib2,0.0,Already_Downloaded
2017-05-21,12Z,gdas1.fnl.0p25.2017052112.f00.grib2,0.0,Already_Downloaded
2017-05-21,18Z,gdas1.fnl.0p25.2017052118.f00.grib2,0.0,Already_Downloaded
2017-05-22,00Z,gdas1.fnl.0p25.2017052200.f00.grib2,0.0,Already_Downloaded
2017-05-22,06Z,gdas1.fnl.0p25.2017052206.f00.grib2,0.0,Already_Downloaded
2017-05-22,12Z,gdas1.fnl.0p25.2017052212.f00.grib2,0.0,Already_Downloaded
2017-05-22,18Z,gdas1.fnl.0p25.2017052218.f00.grib2,0.0,Already_Downloaded
2017-05-23,00Z,gdas1.fnl.0p25.2017052300.f00.grib2,0.0,Already_Downloaded
2017-05-23,06Z,gdas1.fnl.0p25.2017052306.f00.grib2,0.0,Already_Downloaded
2017-05-23,12Z,gdas1.fnl.0p25.2017052312.f00.grib2,0.0,Already_Downloaded
2017-05-23,18Z,gdas1.fnl.0p25.2017052318.f00.grib2,0.0,Already_Downloaded
2017-05-24,00Z,gdas1.fnl.0p25.2017052400.f00.grib2,0.0,Already_Downloaded
2017-05-24,06Z,gdas1.fnl.0p25.2017052406.f00.grib2,0.0,Already_Downloaded
2017-05-24,12Z,gdas1.fnl.0p25.2017052412.f00.grib2,0.0,Already_Downloaded
2017-05-24,18Z,gdas1.fnl.0p25.2017052418.f00.grib2,0.0,Already_Downloaded
2017-05-25,00Z,gdas1.fnl.0p25.2017052500.f00.grib2,0.0,Already_Downloaded
2017-05-25,06Z,gdas1.fnl.0p25.2017052506.f00.grib2,0.0,Already_Downloaded
2017-05-25,12Z,gdas1.fnl.0p25.2017052512.f00.grib2,0.0,Already_Downloaded
2017-05-25,18Z,gdas1.fnl.0p25.2017052518.f00.grib2,0.0,Already_Downloaded
2017-05-26,00Z,gdas1.fnl.0p25.2017052600.f00.grib2,0.0,Already_Downloaded
2017-05-26,06Z,gdas1.fnl.0p25.2017052606.f00.grib2,0.0,Already_Downloaded
2017-05-26,12Z,gdas1.fnl.0p25.2017052612.f00.grib2,0.0,Already_Downloaded
2017-05-26,18Z,gdas1.fnl.0p25.2017052618.f00.grib2,0.0,Already_Downloaded
2017-05-27,00Z,gdas1.fnl.0p25.2017052700.f00.grib2,0.0,Already_Downloaded
2017-05-27,06Z,gdas1.fnl.0p25.2017052706.f00.grib2,0.0,Already_Downloaded
2017-05-27,12Z,gdas1.fnl.0p25.2017052712.f00.grib2,0.0,Already_Downloaded
2017-05-27,18Z,gdas1.fnl.0p25.2017052718.f00.grib2,0.0,Already_Downloaded
2017-05-28,00Z,gdas1.fnl.0p25.2017052800.f00.grib2,0.0,Already_Downloaded
2017-05-28,06Z,gdas1.fnl.0p25.2017052806.f00.grib2,0.0,Already_Downloaded
2017-05-28,12Z,gdas1.fnl.0p25.2017052812.f00.grib2,0.0,Already_Downloaded
2017-05-28,18Z,gdas1.fnl.0p25.2017052818.f00.grib2,0.0,Already_Downloaded
2017-05-29,00Z,gdas1.fnl.0p25.2017052900.f00.grib2,0.0,Already_Downloaded
2017-05-29,06Z,gdas1.fnl.0p25.2017052906.f00.grib2,0.0,Already_Downloaded
2017-05-29,12Z,gdas1.fnl.0p25.2017052912.f00.grib2,0.0,Already_Downloaded
2017-05-29,18Z,gdas1.fnl.0p25.2017052918.f00.grib2,0.0,Already_Downloaded
2017-05-30,00Z,gdas1.fnl.0p25.2017053000.f00.grib2,0.0,Already_Downloaded
2017-05-30,06Z,gdas1.fnl.0p25.2017053006.f00.grib2,0.0,Already_Downloaded
2017-05-30,12Z,gdas1.fnl.0p25.2017053012.f00.grib2,0.0,Already_Downloaded
2017-05-30,18Z,gdas1.fnl.0p25.2017053018.f00.grib2,0.0,Already_Downloaded
2017-05-31,00Z,gdas1.fnl.0p25.2017053100.f00.grib2,0.0,Already_Downloaded
2017-05-31,06Z,gdas1.fnl.0p25.2017053106.f00.grib2,0.0,Already_Downloaded
2017-05-31,12Z,gdas1.fnl.0p25.2017053112.f00.grib2,0.0,Already_Downloaded
2017-05-31,18Z,gdas1.fnl.0p25.2017053118.f00.grib2,0.0,Already_Downloaded
2017-06-01,00Z,gdas1.fnl.0p25.2017060100.f00.grib2,0.0,Already_Downloaded
2017-06-01,06Z,gdas1.fnl.0p25.2017060106.f00.grib2,0.0,Already_Downloaded
2017-06-01,12Z,gdas1.fnl.0p25.2017060112.f00.grib2,0.0,Already_Downloaded
2017-06-01,18Z,gdas1.fnl.0p25.2017060118.f00.grib2,0.0,Already_Downloaded
2017-06-02,00Z,gdas1.fnl.0p25.2017060200.f00.grib2,0.0,Already_Downloaded
2017-06-02,06Z,gdas1.fnl.0p25.2017060206.f00.grib2,0.0,Already_Downloaded
2017-06-02,12Z,gdas1.fnl.0p25.2017060212.f00.grib2,0.0,Already_Downloaded
2017-06-02,18Z,gdas1.fnl.0p25.2017060218.f00.grib2,0.0,Already_Downloaded
2017-06-03,00Z,gdas1.fnl.0p25.2017060300.f00.grib2,0.0,Already_Downloaded
2017-06-03,06Z,gdas1.fnl.0p25.2017060306.f00.grib2,0.0,Already_Downloaded
2017-06-03,12Z,gdas1.fnl.0p25.2017060312.f00.grib2,0.0,Already_Downloaded
2017-06-03,18Z,gdas1.fnl.0p25.2017060318.f00.grib2,0.0,Already_Downloaded
2017-06-04,00Z,gdas1.fnl.0p25.2017060400.f00.grib2,0.0,Already_Downloaded
2017-06-04,06Z,gdas1.fnl.0p25.2017060406.f00.grib2,0.0,Already_Downloaded
2017-06-04,12Z,gdas1.fnl.0p25.2017060412.f00.grib2,0.0,Already_Downloaded
2017-06-04,18Z,gdas1.fnl.0p25.2017060418.f00.grib2,0.0,Already_Downloaded
2017-06-05,00Z,gdas1.fnl.0p25.2017060500.f00.grib2,0.0,Already_Downloaded
2017-06-05,06Z,gdas1.fnl.0p25.2017060506.f00.grib2,0.0,Already_Downloaded
2017-06-05,12Z,gdas1.fnl.0p25.2017060512.f00.grib2,0.0,Already_Downloaded
2017-06-05,18Z,gdas1.fnl.0p25.2017060518.f00.grib2,0.0,Already_Downloaded
2017-06-06,00Z,gdas1.fnl.0p25.2017060600.f00.grib2,0.0,Already_Downloaded
2017-06-06,06Z,gdas1.fnl.0p25.2017060606.f00.grib2,0.0,Already_Downloaded
2017-06-06,12Z,gdas1.fnl.0p25.2017060612.f00.grib2,0.0,Already_Downloaded
2017-06-06,18Z,gdas1.fnl.0p25.2017060618.f00.grib2,0.0,Already_Downloaded
2017-06-07,00Z,gdas1.fnl.0p25.2017060700.f00.grib2,0.0,Already_Downloaded
2017-06-07,06Z,gdas1.fnl.0p25.2017060706.f00.grib2,0.0,Already_Downloaded
2017-06-07,12Z,gdas1.fnl.0p25.2017060712.f00.grib2,0.0,Already_Downloaded
2017-06-07,18Z,gdas1.fnl.0p25.2017060718.f00.grib2,0.0,Already_Downloaded
2017-06-08,00Z,gdas1.fnl.0p25.2017060800.f00.grib2,0.0,Already_Downloaded
2017-06-08,06Z,gdas1.fnl.0p25.2017060806.f00.grib2,0.0,Already_Downloaded
2017-06-08,12Z,gdas1.fnl.0p25.2017060812.f00.grib2,0.0,Already_Downloaded
2017-06-08,18Z,gdas1.fnl.0p25.2017060818.f00.grib2,0.0,Already_Downloaded
2017-06-09,00Z,gdas1.fnl.0p25.2017060900.f00.grib2,0.0,Already_Downloaded
2017-06-09,06Z,gdas1.fnl.0p25.2017060906.f00.grib2,0.0,Already_Downloaded
2017-06-09,12Z,gdas1.fnl.0p25.2017060912.f00.grib2,0.0,Already_Downloaded
2017-06-09,18Z,gdas1.fnl.0p25.2017060918.f00.grib2,0.0,Already_Downloaded
2017-06-10,00Z,gdas1.fnl.0p25.2017061000.f00.grib2,0.0,Already_Downloaded
2017-06-10,06Z,gdas1.fnl.0p25.2017061006.f00.grib2,0.0,Already_Downloaded
2017-06-10,12Z,gdas1.fnl.0p25.2017061012.f00.grib2,0.0,Already_Downloaded
2017-06-10,18Z,gdas1.fnl.0p25.2017061018.f00.grib2,0.0,Already_Downloaded
2017-06-11,00Z,gdas1.fnl.0p25.2017061100.f00.grib2,0.0,Already_Downloaded
2017-06-11,06Z,gdas1.fnl.0p25.2017061106.f00.grib2,0.0,Already_Downloaded
2017-06-11,12Z,gdas1.fnl.0p25.2017061112.f00.grib2,0.0,Already_Downloaded
2017-06-11,18Z,gdas1.fnl.0p25.2017061118.f00.grib2,0.0,Already_Downloaded
2017-06-12,00Z,gdas1.fnl.0p25.2017061200.f00.grib2,0.0,Already_Downloaded
2017-06-12,06Z,gdas1.fnl.0p25.2017061206.f00.grib2,0.0,Already_Downloaded
2017-06-12,12Z,gdas1.fnl.0p25.2017061212.f00.grib2,0.0,Already_Downloaded
2017-06-12,18Z,gdas1.fnl.0p25.2017061218.f00.grib2,0.0,Already_Downloaded
2017-06-13,00Z,gdas1.fnl.0p25.2017061300.f00.grib2,0.0,Already_Downloaded
2017-06-13,06Z,gdas1.fnl.0p25.2017061306.f00.grib2,0.0,Already_Downloaded
2017-06-13,12Z,gdas1.fnl.0p25.2017061312.f00.grib2,0.0,Already_Downloaded
2017-06-13,18Z,gdas1.fnl.0p25.2017061318.f00.grib2,0.0,Already_Downloaded
2017-06-14,00Z,gdas1.fnl.0p25.2017061400.f00.grib2,0.0,Already_Downloaded
2017-06-14,06Z,gdas1.fnl.0p25.2017061406.f00.grib2,0.0,Already_Downloaded
2017-06-14,12Z,gdas1.fnl.0p25.2017061412.f00.grib2,0.0,Already_Downloaded
2017-06-14,18Z,gdas1.fnl.0p25.2017061418.f00.grib2,0.0,Already_Downloaded
2017-06-15,00Z,gdas1.fnl.0p25.2017061500.f00.grib2,0.0,Already_Downloaded
2017-06-15,06Z,gdas1.fnl.0p25.2017061506.f00.grib2,0.0,Already_Downloaded
2017-06-15,12Z,gdas1.fnl.0p25.2017061512.f00.grib2,0.0,Already_Downloaded
2017-06-15,18Z,gdas1.fnl.0p25.2017061518.f00.grib2,0.0,Already_Downloaded
2017-06-16,00Z,gdas1.fnl.0p25.2017061600.f00.grib2,0.0,Already_Downloaded
2017-06-16,06Z,gdas1.fnl.0p25.2017061606.f00.grib2,0.0,Already_Downloaded
2017-06-16,12Z,gdas1.fnl.0p25.2017061612.f00.grib2,0.0,Already_Downloaded
2017-06-16,18Z,gdas1.fnl.0p25.2017061618.f00.grib2,0.0,Already_Downloaded
2017-06-17,00Z,gdas1.fnl.0p25.2017061700.f00.grib2,0.0,Already_Downloaded
2017-06-17,06Z,gdas1.fnl.0p25.2017061706.f00.grib2,0.0,Already_Downloaded
2017-06-17,12Z,gdas1.fnl.0p25.2017061712.f00.grib2,0.0,Already_Downloaded
2017-06-17,18Z,gdas1.fnl.0p25.2017061718.f00.grib2,0.0,Already_Downloaded
2017-06-18,00Z,gdas1.fnl.0p25.2017061800.f00.grib2,0.0,Already_Downloaded
2017-06-18,06Z,gdas1.fnl.0p25.2017061806.f00.grib2,0.0,Already_Downloaded
2017-06-18,12Z,gdas1.fnl.0p25.2017061812.f00.grib2,0.0,Already_Downloaded
2017-06-18,18Z,gdas1.fnl.0p25.2017061818.f00.grib2,0.0,Already_Downloaded
2017-06-19,00Z,gdas1.fnl.0p25.2017061900.f00.grib2,0.0,Already_Downloaded
2017-06-19,06Z,gdas1.fnl.0p25.2017061906.f00.grib2,0.0,Already_Downloaded
2017-06-19,12Z,gdas1.fnl.0p25.2017061912.f00.grib2,0.0,Already_Downloaded
2017-06-19,18Z,gdas1.fnl.0p25.2017061918.f00.grib2,0.0,Already_Downloaded
2017-06-20,00Z,gdas1.fnl.0p25.2017062000.f00.grib2,0.0,Already_Downloaded
2017-06-20,06Z,gdas1.fnl.0p25.2017062006.f00.grib2,0.0,Already_Downloaded
2017-06-20,12Z,gdas1.fnl.0p25.2017062012.f00.grib2,0.0,Already_Downloaded
2017-06-20,18Z,gdas1.fnl.0p25.2017062018.f00.grib2,0.0,Already_Downloaded
2017-06-21,00Z,gdas1.fnl.0p25.2017062100.f00.grib2,0.0,Already_Downloaded
2017-06-21,06Z,gdas1.fnl.0p25.2017062106.f00.grib2,0.0,Already_Downloaded
2017-06-21,12Z,gdas1.fnl.0p25.2017062112.f00.grib2,0.0,Already_Downloaded
2017-06-21,18Z,gdas1.fnl.0p25.2017062118.f00.grib2,0.0,Already_Downloaded
2017-06-22,00Z,gdas1.fnl.0p25.2017062200.f00.grib2,0.0,Already_Downloaded
2017-06-22,06Z,gdas1.fnl.0p25.2017062206.f00.grib2,0.0,Already_Downloaded
2017-06-22,12Z,gdas1.fnl.0p25.2017062212.f00.grib2,0.0,Already_Downloaded
2017-06-22,18Z,gdas1.fnl.0p25.2017062218.f00.grib2,0.0,Already_Downloaded
2017-06-23,00Z,gdas1.fnl.0p25.2017062300.f00.grib2,0.0,Already_Downloaded
2017-06-23,06Z,gdas1.fnl.0p25.2017062306.f00.grib2,0.0,Already_Downloaded
2017-06-23,12Z,gdas1.fnl.0p25.2017062312.f00.grib2,0.0,Already_Downloaded
2017-06-23,18Z,gdas1.fnl.0p25.2017062318.f00.grib2,0.0,Already_Downloaded
2017-06-24,00Z,gdas1.fnl.0p25.2017062400.f00.grib2,0.0,Already_Downloaded
2017-06-24,06Z,gdas1.fnl.0p25.2017062406.f00.grib2,0.0,Already_Downloaded
2017-06-24,12Z,gdas1.fnl.0p25.2017062412.f00.grib2,0.0,Already_Downloaded
2017-06-24,18Z,gdas1.fnl.0p25.2017062418.f00.grib2,0.0,Already_Downloaded
2017-06-25,00Z,gdas1.fnl.0p25.2017062500.f00.grib2,0.0,Already_Downloaded
2017-06-25,06Z,gdas1.fnl.0p25.2017062506.f00.grib2,0.0,Already_Downloaded
2017-06-25,12Z,gdas1.fnl.0p25.2017062512.f00.grib2,0.0,Already_Downloaded
2017-06-25,18Z,gdas1.fnl.0p25.2017062518.f00.grib2,0.0,Already_Downloaded
2017-06-26,00Z,gdas1.fnl.0p25.2017062600.f00.grib2,0.0,Already_Downloaded
2017-06-26,06Z,gdas1.fnl.0p25.2017062606.f00.grib2,0.0,Already_Downloaded
2017-06-26,12Z,gdas1.fnl.0p25.2017062612.f00.grib2,0.0,Already_Downloaded
2017-06-26,18Z,gdas1.fnl.0p25.2017062618.f00.grib2,0.0,Already_Downloaded
2017-06-27,00Z,gdas1.fnl.0p25.2017062700.f00.grib2,0.0,Already_Downloaded
2017-06-27,06Z,gdas1.fnl.0p25.2017062706.f00.grib2,0.0,Already_Downloaded
2017-06-27,12Z,gdas1.fnl.0p25.2017062712.f00.grib2,0.0,Already_Downloaded
2017-06-27,18Z,gdas1.fnl.0p25.2017062718.f00.grib2,0.0,Already_Downloaded
2017-06-28,00Z,gdas1.fnl.0p25.2017062800.f00.grib2,0.0,Already_Downloaded
2017-06-28,06Z,gdas1.fnl.0p25.2017062806.f00.grib2,0.0,Already_Downloaded
2017-06-28,12Z,gdas1.fnl.0p25.2017062812.f00.grib2,0.0,Already_Downloaded
2017-06-28,18Z,gdas1.fnl.0p25.2017062818.f00.grib2,0.0,Already_Downloaded
2017-06-29,00Z,gdas1.fnl.0p25.2017062900.f00.grib2,0.0,Already_Downloaded
2017-06-29,06Z,gdas1.fnl.0p25.2017062906.f00.grib2,0.0,Already_Downloaded
2017-06-29,12Z,gdas1.fnl.0p25.2017062912.f00.grib2,0.0,Already_Downloaded
2017-06-29,18Z,gdas1.fnl.0p25.2017062918.f00.grib2,0.0,Already_Downloaded
2017-06-30,00Z,gdas1.fnl.0p25.2017063000.f00.grib2,0.0,Already_Downloaded
2017-06-30,06Z,gdas1.fnl.0p25.2017063006.f00.grib2,0.0,Already_Downloaded
2017-06-30,12Z,gdas1.fnl.0p25.2017063012.f00.grib2,0.0,Already_Downloaded
2017-06-30,18Z,gdas1.fnl.0p25.2017063018.f00.grib2,0.0,Already_Downloaded
2017-07-01,00Z,gdas1.fnl.0p25.2017070100.f00.grib2,0.0,Already_Downloaded
2017-07-01,06Z,gdas1.fnl.0p25.2017070106.f00.grib2,0.0,Already_Downloaded
2017-07-01,12Z,gdas1.fnl.0p25.2017070112.f00.grib2,0.0,Already_Downloaded
2017-07-01,18Z,gdas1.fnl.0p25.2017070118.f00.grib2,0.0,Already_Downloaded
2017-07-02,00Z,gdas1.fnl.0p25.2017070200.f00.grib2,0.0,Already_Downloaded
2017-07-02,06Z,gdas1.fnl.0p25.2017070206.f00.grib2,0.0,Already_Downloaded
2017-07-02,12Z,gdas1.fnl.0p25.2017070212.f00.grib2,0.0,Already_Downloaded
2017-07-02,18Z,gdas1.fnl.0p25.2017070218.f00.grib2,0.0,Already_Downloaded
2017-07-03,00Z,gdas1.fnl.0p25.2017070300.f00.grib2,0.0,Already_Downloaded
2017-07-03,06Z,gdas1.fnl.0p25.2017070306.f00.grib2,0.0,Already_Downloaded
2017-07-03,12Z,gdas1.fnl.0p25.2017070312.f00.grib2,0.0,Already_Downloaded
2017-07-03,18Z,gdas1.fnl.0p25.2017070318.f00.grib2,0.0,Already_Downloaded
2017-07-04,00Z,gdas1.fnl.0p25.2017070400.f00.grib2,0.0,Already_Downloaded
2017-07-04,06Z,gdas1.fnl.0p25.2017070406.f00.grib2,0.0,Already_Downloaded
2017-07-04,12Z,gdas1.fnl.0p25.2017070412.f00.grib2,0.0,Already_Downloaded
2017-07-04,18Z,gdas1.fnl.0p25.2017070418.f00.grib2,0.0,Already_Downloaded
2017-07-05,00Z,gdas1.fnl.0p25.2017070500.f00.grib2,0.0,Already_Downloaded
2017-07-05,06Z,gdas1.fnl.0p25.2017070506.f00.grib2,0.0,Already_Downloaded
2017-07-05,12Z,gdas1.fnl.0p25.2017070512.f00.grib2,0.0,Already_Downloaded
2017-07-05,18Z,gdas1.fnl.0p25.2017070518.f00.grib2,0.0,Already_Downloaded
2017-07-06,00Z,gdas1.fnl.0p25.2017070600.f00.grib2,0.0,Already_Downloaded
2017-07-06,06Z,gdas1.fnl.0p25.2017070606.f00.grib2,0.0,Already_Downloaded
2017-07-06,12Z,gdas1.fnl.0p25.2017070612.f00.grib2,0.0,Already_Downloaded
2017-07-06,18Z,gdas1.fnl.0p25.2017070618.f00.grib2,0.0,Already_Downloaded
2017-07-07,00Z,gdas1.fnl.0p25.2017070700.f00.grib2,0.0,Already_Downloaded
2017-07-07,06Z,gdas1.fnl.0p25.2017070706.f00.grib2,0.0,Already_Downloaded
2017-07-07,12Z,gdas1.fnl.0p25.2017070712.f00.grib2,0.0,Already_Downloaded
2017-07-07,18Z,gdas1.fnl.0p25.2017070718.f00.grib2,0.0,Already_Downloaded
2017-07-08,00Z,gdas1.fnl.0p25.2017070800.f00.grib2,0.0,Already_Downloaded
2017-07-08,06Z,gdas1.fnl.0p25.2017070806.f00.grib2,0.0,Already_Downloaded
2017-07-08,12Z,gdas1.fnl.0p25.2017070812.f00.grib2,0.0,Already_Downloaded
2017-07-08,18Z,gdas1.fnl.0p25.2017070818.f00.grib2,0.0,Already_Downloaded
2017-07-09,00Z,gdas1.fnl.0p25.2017070900.f00.grib2,0.0,Already_Downloaded
2017-07-09,06Z,gdas1.fnl.0p25.2017070906.f00.grib2,0.0,Already_Downloaded
2017-07-09,12Z,gdas1.fnl.0p25.2017070912.f00.grib2,0.0,Already_Downloaded
2017-07-09,18Z,gdas1.fnl.0p25.2017070918.f00.grib2,0.0,Already_Downloaded
2017-07-10,00Z,gdas1.fnl.0p25.2017071000.f00.grib2,0.0,Already_Downloaded
2017-07-10,06Z,gdas1.fnl.0p25.2017071006.f00.grib2,0.0,Already_Downloaded
2017-07-10,12Z,gdas1.fnl.0p25.2017071012.f00.grib2,0.0,Already_Downloaded
2017-07-10,18Z,gdas1.fnl.0p25.2017071018.f00.grib2,0.0,Already_Downloaded
2017-07-11,00Z,gdas1.fnl.0p25.2017071100.f00.grib2,0.0,Already_Downloaded
2017-07-11,06Z,gdas1.fnl.0p25.2017071106.f00.grib2,0.0,Already_Downloaded
2017-07-11,12Z,gdas1.fnl.0p25.2017071112.f00.grib2,0.0,Already_Downloaded
2017-07-11,18Z,gdas1.fnl.0p25.2017071118.f00.grib2,0.0,Already_Downloaded
2017-07-12,00Z,gdas1.fnl.0p25.2017071200.f00.grib2,0.0,Already_Downloaded
2017-07-12,06Z,gdas1.fnl.0p25.2017071206.f00.grib2,0.0,Already_Downloaded
2017-07-12,12Z,gdas1.fnl.0p25.2017071212.f00.grib2,0.0,Already_Downloaded
2017-07-12,18Z,gdas1.fnl.0p25.2017071218.f00.grib2,0.0,Already_Downloaded
2017-07-13,00Z,gdas1.fnl.0p25.2017071300.f00.grib2,0.0,Already_Downloaded
2017-07-13,06Z,gdas1.fnl.0p25.2017071306.f00.grib2,0.0,Already_Downloaded
2017-07-13,12Z,gdas1.fnl.0p25.2017071312.f00.grib2,0.0,Already_Downloaded
2017-07-13,18Z,gdas1.fnl.0p25.2017071318.f00.grib2,0.0,Already_Downloaded
2017-07-14,00Z,gdas1.fnl.0p25.2017071400.f00.grib2,0.0,Already_Downloaded
2017-07-14,06Z,gdas1.fnl.0p25.2017071406.f00.grib2,0.0,Already_Downloaded
2017-07-14,12Z,gdas1.fnl.0p25.2017071412.f00.grib2,0.0,Already_Downloaded
2017-07-14,18Z,gdas1.fnl.0p25.2017071418.f00.grib2,0.0,Already_Downloaded
2017-07-15,00Z,gdas1.fnl.0p25.2017071500.f00.grib2,0.0,Already_Downloaded
2017-07-15,06Z,gdas1.fnl.0p25.2017071506.f00.grib2,0.0,Already_Downloaded
2017-07-15,12Z,gdas1.fnl.0p25.2017071512.f00.grib2,0.0,Already_Downloaded
2017-07-15,18Z,gdas1.fnl.0p25.2017071518.f00.grib2,0.0,Already_Downloaded
2017-07-16,00Z,gdas1.fnl.0p25.2017071600.f00.grib2,0.0,Already_Downloaded
2017-07-16,06Z,gdas1.fnl.0p25.2017071606.f00.grib2,0.0,Already_Downloaded
2017-07-16,12Z,gdas1.fnl.0p25.2017071612.f00.grib2,0.0,Already_Downloaded
2017-07-16,18Z,gdas1.fnl.0p25.2017071618.f00.grib2,0.0,Already_Downloaded
2017-07-17,00Z,gdas1.fnl.0p25.2017071700.f00.grib2,0.0,Already_Downloaded
2017-07-17,06Z,gdas1.fnl.0p25.2017071706.f00.grib2,0.0,Already_Downloaded
2017-07-17,12Z,gdas1.fnl.0p25.2017071712.f00.grib2,0.0,Already_Downloaded
2017-07-17,18Z,gdas1.fnl.0p25.2017071718.f00.grib2,0.0,Already_Downloaded
2017-07-18,00Z,gdas1.fnl.0p25.2017071800.f00.grib2,0.0,Already_Downloaded
2017-07-18,06Z,gdas1.fnl.0p25.2017071806.f00.grib2,0.0,Already_Downloaded
2017-07-18,12Z,gdas1.fnl.0p25.2017071812.f00.grib2,0.0,Already_Downloaded
2017-07-18,18Z,gdas1.fnl.0p25.2017071818.f00.grib2,0.0,Already_Downloaded
2017-07-19,00Z,gdas1.fnl.0p25.2017071900.f00.grib2,0.0,Already_Downloaded
2017-07-19,06Z,gdas1.fnl.0p25.2017071906.f00.grib2,0.0,Already_Downloaded
2017-07-19,12Z,gdas1.fnl.0p25.2017071912.f00.grib2,0.0,Already_Downloaded
2017-07-19,18Z,gdas1.fnl.0p25.2017071918.f00.grib2,0.0,Already_Downloaded
2017-07-20,00Z,gdas1.fnl.0p25.2017072000.f00.grib2,0.0,Already_Downloaded
2017-07-20,06Z,gdas1.fnl.0p25.2017072006.f00.grib2,0.0,Already_Downloaded
2017-07-20,12Z,gdas1.fnl.0p25.2017072012.f00.grib2,0.0,Already_Downloaded
2017-07-20,18Z,gdas1.fnl.0p25.2017072018.f00.grib2,0.0,Already_Downloaded
2017-07-21,00Z,gdas1.fnl.0p25.2017072100.f00.grib2,0.0,Already_Downloaded
2017-07-21,06Z,gdas1.fnl.0p25.2017072106.f00.grib2,0.0,Already_Downloaded
2017-07-21,12Z,gdas1.fnl.0p25.2017072112.f00.grib2,0.0,Already_Downloaded
2017-07-21,18Z,gdas1.fnl.0p25.2017072118.f00.grib2,0.0,Already_Downloaded
2017-07-22,00Z,gdas1.fnl.0p25.2017072200.f00.grib2,0.0,Already_Downloaded
2017-07-22,06Z,gdas1.fnl.0p25.2017072206.f00.grib2,0.0,Already_Downloaded
2017-07-22,12Z,gdas1.fnl.0p25.2017072212.f00.grib2,0.0,Already_Downloaded
2017-07-22,18Z,gdas1.fnl.0p25.2017072218.f00.grib2,0.0,Already_Downloaded
2017-07-23,00Z,gdas1.fnl.0p25.2017072300.f00.grib2,0.0,Already_Downloaded
2017-07-23,06Z,gdas1.fnl.0p25.2017072306.f00.grib2,0.0,Already_Downloaded
2017-07-23,12Z,gdas1.fnl.0p25.2017072312.f00.grib2,0.0,Already_Downloaded
2017-07-23,18Z,gdas1.fnl.0p25.2017072318.f00.grib2,0.0,Already_Downloaded
2017-07-24,00Z,gdas1.fnl.0p25.2017072400.f00.grib2,0.0,Already_Downloaded
2017-07-24,06Z,gdas1.fnl.0p25.2017072406.f00.grib2,0.0,Already_Downloaded
2017-07-24,12Z,gdas1.fnl.0p25.2017072412.f00.grib2,0.0,Already_Downloaded
2017-07-24,18Z,gdas1.fnl.0p25.2017072418.f00.grib2,0.0,Already_Downloaded
2017-07-25,00Z,gdas1.fnl.0p25.2017072500.f00.grib2,0.0,Already_Downloaded
2017-07-25,06Z,gdas1.fnl.0p25.2017072506.f00.grib2,0.0,Already_Downloaded
2017-07-25,12Z,gdas1.fnl.0p25.2017072512.f00.grib2,0.0,Already_Downloaded
2017-07-25,18Z,gdas1.fnl.0p25.2017072518.f00.grib2,0.0,Already_Downloaded
2017-07-26,00Z,gdas1.fnl.0p25.2017072600.f00.grib2,0.0,Already_Downloaded
2017-07-26,06Z,gdas1.fnl.0p25.2017072606.f00.grib2,0.0,Already_Downloaded
2017-07-26,12Z,gdas1.fnl.0p25.2017072612.f00.grib2,0.0,Already_Downloaded
2017-07-26,18Z,gdas1.fnl.0p25.2017072618.f00.grib2,0.0,Already_Downloaded
2017-07-27,00Z,gdas1.fnl.0p25.2017072700.f00.grib2,0.0,Already_Downloaded
2017-07-27,06Z,gdas1.fnl.0p25.2017072706.f00.grib2,0.0,Already_Downloaded
2017-07-27,12Z,gdas1.fnl.0p25.2017072712.f00.grib2,0.0,Already_Downloaded
2017-07-27,18Z,gdas1.fnl.0p25.2017072718.f00.grib2,0.0,Already_Downloaded
2017-07-28,00Z,gdas1.fnl.0p25.2017072800.f00.grib2,0.0,Already_Downloaded
2017-07-28,06Z,gdas1.fnl.0p25.2017072806.f00.grib2,0.0,Already_Downloaded
2017-07-28,12Z,gdas1.fnl.0p25.2017072812.f00.grib2,0.0,Already_Downloaded
2017-07-28,18Z,gdas1.fnl.0p25.2017072818.f00.grib2,0.0,Already_Downloaded
2017-07-29,00Z,gdas1.fnl.0p25.2017072900.f00.grib2,0.0,Already_Downloaded
2017-07-29,06Z,gdas1.fnl.0p25.2017072906.f00.grib2,0.0,Already_Downloaded
2017-07-29,12Z,gdas1.fnl.0p25.2017072912.f00.grib2,0.0,Already_Downloaded
2017-07-29,18Z,gdas1.fnl.0p25.2017072918.f00.grib2,0.0,Already_Downloaded
2017-07-30,00Z,gdas1.fnl.0p25.2017073000.f00.grib2,0.0,Already_Downloaded
2017-07-30,06Z,gdas1.fnl.0p25.2017073006.f00.grib2,0.0,Already_Downloaded
2017-07-30,12Z,gdas1.fnl.0p25.2017073012.f00.grib2,0.0,Already_Downloaded
2017-07-30,18Z,gdas1.fnl.0p25.2017073018.f00.grib2,0.0,Already_Downloaded
2017-07-31,00Z,gdas1.fnl.0p25.2017073100.f00.grib2,0.0,Already_Downloaded
2017-07-31,06Z,gdas1.fnl.0p25.2017073106.f00.grib2,0.0,Already_Downloaded
2017-07-31,12Z,gdas1.fnl.0p25.2017073112.f00.grib2,0.0,Already_Downloaded
2017-07-31,18Z,gdas1.fnl.0p25.2017073118.f00.grib2,0.0,Already_Downloaded
2017-08-01,00Z,gdas1.fnl.0p25.2017080100.f00.grib2,0.0,Already_Downloaded
2017-08-01,06Z,gdas1.fnl.0p25.2017080106.f00.grib2,0.0,Already_Downloaded
2017-08-01,12Z,gdas1.fnl.0p25.2017080112.f00.grib2,0.0,Already_Downloaded
2017-08-01,18Z,gdas1.fnl.0p25.2017080118.f00.grib2,0.0,Already_Downloaded
2017-08-02,00Z,gdas1.fnl.0p25.2017080200.f00.grib2,0.0,Already_Downloaded
2017-08-02,06Z,gdas1.fnl.0p25.2017080206.f00.grib2,0.0,Already_Downloaded
2017-08-02,12Z,gdas1.fnl.0p25.2017080212.f00.grib2,0.0,Already_Downloaded
2017-08-02,18Z,gdas1.fnl.0p25.2017080218.f00.grib2,0.0,Already_Downloaded
2017-08-03,00Z,gdas1.fnl.0p25.2017080300.f00.grib2,0.0,Already_Downloaded
2017-08-03,06Z,gdas1.fnl.0p25.2017080306.f00.grib2,0.0,Already_Downloaded
2017-08-03,12Z,gdas1.fnl.0p25.2017080312.f00.grib2,0.0,Already_Downloaded
2017-08-03,18Z,gdas1.fnl.0p25.2017080318.f00.grib2,0.0,Already_Downloaded
2017-08-04,00Z,gdas1.fnl.0p25.2017080400.f00.grib2,0.0,Already_Downloaded
2017-08-04,06Z,gdas1.fnl.0p25.2017080406.f00.grib2,0.0,Already_Downloaded
2017-08-04,12Z,gdas1.fnl.0p25.2017080412.f00.grib2,0.0,Already_Downloaded
2017-08-04,18Z,gdas1.fnl.0p25.2017080418.f00.grib2,0.0,Already_Downloaded
2017-08-05,00Z,gdas1.fnl.0p25.2017080500.f00.grib2,0.0,Already_Downloaded
2017-08-05,06Z,gdas1.fnl.0p25.2017080506.f00.grib2,0.0,Already_Downloaded
2017-08-05,12Z,gdas1.fnl.0p25.2017080512.f00.grib2,0.0,Already_Downloaded
2017-08-05,18Z,gdas1.fnl.0p25.2017080518.f00.grib2,0.0,Already_Downloaded
2017-08-06,00Z,gdas1.fnl.0p25.2017080600.f00.grib2,0.0,Already_Downloaded
2017-08-06,06Z,gdas1.fnl.0p25.2017080606.f00.grib2,0.0,Already_Downloaded
2017-08-06,12Z,gdas1.fnl.0p25.2017080612.f00.grib2,0.0,Already_Downloaded
2017-08-06,18Z,gdas1.fnl.0p25.2017080618.f00.grib2,0.0,Already_Downloaded
2017-08-07,00Z,gdas1.fnl.0p25.2017080700.f00.grib2,0.0,Already_Downloaded
2017-08-07,06Z,gdas1.fnl.0p25.2017080706.f00.grib2,0.0,Already_Downloaded
2017-08-07,12Z,gdas1.fnl.0p25.2017080712.f00.grib2,0.0,Already_Downloaded
2017-08-07,18Z,gdas1.fnl.0p25.2017080718.f00.grib2,0.0,Already_Downloaded
2017-08-08,00Z,gdas1.fnl.0p25.2017080800.f00.grib2,0.0,Already_Downloaded
2017-08-08,06Z,gdas1.fnl.0p25.2017080806.f00.grib2,0.0,Already_Downloaded
2017-08-08,12Z,gdas1.fnl.0p25.2017080812.f00.grib2,0.0,Already_Downloaded
2017-08-08,18Z,gdas1.fnl.0p25.2017080818.f00.grib2,0.0,Already_Downloaded
2017-08-09,00Z,gdas1.fnl.0p25.2017080900.f00.grib2,0.0,Already_Downloaded
2017-08-09,06Z,gdas1.fnl.0p25.2017080906.f00.grib2,0.0,Already_Downloaded
2017-08-09,12Z,gdas1.fnl.0p25.2017080912.f00.grib2,0.0,Already_Downloaded
2017-08-09,18Z,gdas1.fnl.0p25.2017080918.f00.grib2,0.0,Already_Downloaded
2017-08-10,00Z,gdas1.fnl.0p25.2017081000.f00.grib2,0.0,Already_Downloaded
2017-08-10,06Z,gdas1.fnl.0p25.2017081006.f00.grib2,0.0,Already_Downloaded
2017-08-10,12Z,gdas1.fnl.0p25.2017081012.f00.grib2,0.0,Already_Downloaded
2017-08-10,18Z,gdas1.fnl.0p25.2017081018.f00.grib2,0.0,Already_Downloaded
2017-08-11,00Z,gdas1.fnl.0p25.2017081100.f00.grib2,0.0,Already_Downloaded
2017-08-11,06Z,gdas1.fnl.0p25.2017081106.f00.grib2,0.0,Already_Downloaded
2017-08-11,12Z,gdas1.fnl.0p25.2017081112.f00.grib2,0.0,Already_Downloaded
2017-08-11,18Z,gdas1.fnl.0p25.2017081118.f00.grib2,0.0,Already_Downloaded
2017-08-12,00Z,gdas1.fnl.0p25.2017081200.f00.grib2,0.0,Already_Downloaded
2017-08-12,06Z,gdas1.fnl.0p25.2017081206.f00.grib2,0.0,Already_Downloaded
2017-08-12,12Z,gdas1.fnl.0p25.2017081212.f00.grib2,0.0,Already_Downloaded
2017-08-12,18Z,gdas1.fnl.0p25.2017081218.f00.grib2,0.0,Already_Downloaded
2017-08-13,00Z,gdas1.fnl.0p25.2017081300.f00.grib2,0.0,Already_Downloaded
2017-08-13,06Z,gdas1.fnl.0p25.2017081306.f00.grib2,0.0,Already_Downloaded
2017-08-13,12Z,gdas1.fnl.0p25.2017081312.f00.grib2,0.0,Already_Downloaded
2017-08-13,18Z,gdas1.fnl.0p25.2017081318.f00.grib2,0.0,Already_Downloaded
2017-08-14,00Z,gdas1.fnl.0p25.2017081400.f00.grib2,0.0,Already_Downloaded
2017-08-14,06Z,gdas1.fnl.0p25.2017081406.f00.grib2,0.0,Already_Downloaded
2017-08-14,12Z,gdas1.fnl.0p25.2017081412.f00.grib2,0.0,Already_Downloaded
2017-08-14,18Z,gdas1.fnl.0p25.2017081418.f00.grib2,0.0,Already_Downloaded
2017-08-15,00Z,gdas1.fnl.0p25.2017081500.f00.grib2,0.0,Already_Downloaded
2017-08-15,06Z,gdas1.fnl.0p25.2017081506.f00.grib2,0.0,Already_Downloaded
2017-08-15,12Z,gdas1.fnl.0p25.2017081512.f00.grib2,0.0,Already_Downloaded
2017-08-15,18Z,gdas1.fnl.0p25.2017081518.f00.grib2,0.0,Already_Downloaded
2017-08-16,00Z,gdas1.fnl.0p25.2017081600.f00.grib2,0.0,Already_Downloaded
2017-08-16,06Z,gdas1.fnl.0p25.2017081606.f00.grib2,0.0,Already_Downloaded
2017-08-16,12Z,gdas1.fnl.0p25.2017081612.f00.grib2,0.0,Already_Downloaded
2017-08-16,18Z,gdas1.fnl.0p25.2017081618.f00.grib2,0.0,Already_Downloaded
2017-08-17,00Z,gdas1.fnl.0p25.2017081700.f00.grib2,0.0,Already_Downloaded
2017-08-17,06Z,gdas1.fnl.0p25.2017081706.f00.grib2,0.0,Already_Downloaded
2017-08-17,12Z,gdas1.fnl.0p25.2017081712.f00.grib2,0.0,Already_Downloaded
2017-08-17,18Z,gdas1.fnl.0p25.2017081718.f00.grib2,0.0,Already_Downloaded
2017-08-18,00Z,gdas1.fnl.0p25.2017081800.f00.grib2,0.0,Already_Downloaded
2017-08-18,06Z,gdas1.fnl.0p25.2017081806.f00.grib2,0.0,Already_Downloaded
2017-08-18,12Z,gdas1.fnl.0p25.2017081812.f00.grib2,0.0,Already_Downloaded
2017-08-18,18Z,gdas1.fnl.0p25.2017081818.f00.grib2,0.0,Already_Downloaded
2017-08-19,00Z,gdas1.fnl.0p25.2017081900.f00.grib2,0.0,Already_Downloaded
2017-08-19,06Z,gdas1.fnl.0p25.2017081906.f00.grib2,0.0,Already_Downloaded
2017-08-19,12Z,gdas1.fnl.0p25.2017081912.f00.grib2,0.0,Already_Downloaded
2017-08-19,18Z,gdas1.fnl.0p25.2017081918.f00.grib2,0.0,Already_Downloaded
2017-08-20,00Z,gdas1.fnl.0p25.2017082000.f00.grib2,0.0,Already_Downloaded
2017-08-20,06Z,gdas1.fnl.0p25.2017082006.f00.grib2,0.0,Already_Downloaded
2017-08-20,12Z,gdas1.fnl.0p25.2017082012.f00.grib2,0.0,Already_Downloaded
2017-08-20,18Z,gdas1.fnl.0p25.2017082018.f00.grib2,0.0,Already_Downloaded
2017-08-21,00Z,gdas1.fnl.0p25.2017082100.f00.grib2,0.0,Already_Downloaded
2017-08-21,06Z,gdas1.fnl.0p25.2017082106.f00.grib2,0.0,Already_Downloaded
2017-08-21,12Z,gdas1.fnl.0p25.2017082112.f00.grib2,0.0,Already_Downloaded
2017-08-21,18Z,gdas1.fnl.0p25.2017082118.f00.grib2,0.0,Already_Downloaded
2017-08-22,00Z,gdas1.fnl.0p25.2017082200.f00.grib2,0.0,Already_Downloaded
2017-08-22,06Z,gdas1.fnl.0p25.2017082206.f00.grib2,0.0,Already_Downloaded
2017-08-22,12Z,gdas1.fnl.0p25.2017082212.f00.grib2,0.0,Already_Downloaded
2017-08-22,18Z,gdas1.fnl.0p25.2017082218.f00.grib2,0.0,Already_Downloaded
2017-08-23,00Z,gdas1.fnl.0p25.2017082300.f00.grib2,0.0,Already_Downloaded
2017-08-23,06Z,gdas1.fnl.0p25.2017082306.f00.grib2,0.0,Already_Downloaded
2017-08-23,12Z,gdas1.fnl.0p25.2017082312.f00.grib2,0.0,Already_Downloaded
2017-08-23,18Z,gdas1.fnl.0p25.2017082318.f00.grib2,0.0,Already_Downloaded
2017-08-24,00Z,gdas1.fnl.0p25.2017082400.f00.grib2,0.0,Already_Downloaded
2017-08-24,06Z,gdas1.fnl.0p25.2017082406.f00.grib2,0.0,Already_Downloaded
2017-08-24,12Z,gdas1.fnl.0p25.2017082412.f00.grib2,0.0,Already_Downloaded
2017-08-24,18Z,gdas1.fnl.0p25.2017082418.f00.grib2,0.0,Already_Downloaded
2017-08-25,00Z,gdas1.fnl.0p25.2017082500.f00.grib2,0.0,Already_Downloaded
2017-08-25,06Z,gdas1.fnl.0p25.2017082506.f00.grib2,0.0,Already_Downloaded
2017-08-25,12Z,gdas1.fnl.0p25.2017082512.f00.grib2,0.0,Already_Downloaded
2017-08-25,18Z,gdas1.fnl.0p25.2017082518.f00.grib2,0.0,Already_Downloaded
2017-08-26,00Z,gdas1.fnl.0p25.2017082600.f00.grib2,0.0,Already_Downloaded
2017-08-26,06Z,gdas1.fnl.0p25.2017082606.f00.grib2,0.0,Already_Downloaded
2017-08-26,12Z,gdas1.fnl.0p25.2017082612.f00.grib2,0.0,Already_Downloaded
2017-08-26,18Z,gdas1.fnl.0p25.2017082618.f00.grib2,0.0,Already_Downloaded
2017-08-27,00Z,gdas1.fnl.0p25.2017082700.f00.grib2,0.0,Already_Downloaded
2017-08-27,06Z,gdas1.fnl.0p25.2017082706.f00.grib2,0.0,Already_Downloaded
2017-08-27,12Z,gdas1.fnl.0p25.2017082712.f00.grib2,0.0,Already_Downloaded
2017-08-27,18Z,gdas1.fnl.0p25.2017082718.f00.grib2,0.0,Already_Downloaded
2017-08-28,00Z,gdas1.fnl.0p25.2017082800.f00.grib2,0.0,Already_Downloaded
2017-08-28,06Z,gdas1.fnl.0p25.2017082806.f00.grib2,0.0,Already_Downloaded
2017-08-28,12Z,gdas1.fnl.0p25.2017082812.f00.grib2,0.0,Already_Downloaded
2017-08-28,18Z,gdas1.fnl.0p25.2017082818.f00.grib2,0.0,Already_Downloaded
2017-08-29,00Z,gdas1.fnl.0p25.2017082900.f00.grib2,0.0,Already_Downloaded
2017-08-29,06Z,gdas1.fnl.0p25.2017082906.f00.grib2,0.0,Already_Downloaded
2017-08-29,12Z,gdas1.fnl.0p25.2017082912.f00.grib2,0.0,Already_Downloaded
2017-08-29,18Z,gdas1.fnl.0p25.2017082918.f00.grib2,0.0,Already_Downloaded
2017-08-30,00Z,gdas1.fnl.0p25.2017083000.f00.grib2,0.0,Already_Downloaded
2017-08-30,06Z,gdas1.fnl.0p25.2017083006.f00.grib2,0.0,Already_Downloaded
2017-08-30,12Z,gdas1.fnl.0p25.2017083012.f00.grib2,0.0,Already_Downloaded
2017-08-30,18Z,gdas1.fnl.0p25.2017083018.f00.grib2,0.0,Already_Downloaded
2017-08-31,00Z,gdas1.fnl.0p25.2017083100.f00.grib2,0.0,Already_Downloaded
2017-08-31,06Z,gdas1.fnl.0p25.2017083106.f00.grib2,0.0,Already_Downloaded
2017-08-31,12Z,gdas1.fnl.0p25.2017083112.f00.grib2,0.0,Already_Downloaded
2017-08-31,18Z,gdas1.fnl.0p25.2017083118.f00.grib2,0.0,Already_Downloaded
2017-09-01,00Z,gdas1.fnl.0p25.2017090100.f00.grib2,0.0,Already_Downloaded
2017-09-01,06Z,gdas1.fnl.0p25.2017090106.f00.grib2,0.0,Already_Downloaded
2017-09-01,12Z,gdas1.fnl.0p25.2017090112.f00.grib2,0.0,Already_Downloaded
2017-09-01,18Z,gdas1.fnl.0p25.2017090118.f00.grib2,0.0,Already_Downloaded
2017-09-02,00Z,gdas1.fnl.0p25.2017090200.f00.grib2,0.0,Already_Downloaded
2017-09-02,06Z,gdas1.fnl.0p25.2017090206.f00.grib2,0.0,Already_Downloaded
2017-09-02,12Z,gdas1.fnl.0p25.2017090212.f00.grib2,0.0,Already_Downloaded
2017-09-02,18Z,gdas1.fnl.0p25.2017090218.f00.grib2,0.0,Already_Downloaded
2017-09-03,00Z,gdas1.fnl.0p25.2017090300.f00.grib2,0.0,Already_Downloaded
2017-09-03,06Z,gdas1.fnl.0p25.2017090306.f00.grib2,0.0,Already_Downloaded
2017-09-03,12Z,gdas1.fnl.0p25.2017090312.f00.grib2,0.0,Already_Downloaded
2017-09-03,18Z,gdas1.fnl.0p25.2017090318.f00.grib2,0.0,Already_Downloaded
2017-09-04,00Z,gdas1.fnl.0p25.2017090400.f00.grib2,0.0,Already_Downloaded
2017-09-04,06Z,gdas1.fnl.0p25.2017090406.f00.grib2,0.0,Already_Downloaded
2017-09-04,12Z,gdas1.fnl.0p25.2017090412.f00.grib2,0.0,Already_Downloaded
2017-09-04,18Z,gdas1.fnl.0p25.2017090418.f00.grib2,0.0,Already_Downloaded
2017-09-05,00Z,gdas1.fnl.0p25.2017090500.f00.grib2,0.0,Already_Downloaded
2017-09-05,06Z,gdas1.fnl.0p25.2017090506.f00.grib2,0.0,Already_Downloaded
2017-09-05,12Z,gdas1.fnl.0p25.2017090512.f00.grib2,0.0,Already_Downloaded
2017-09-05,18Z,gdas1.fnl.0p25.2017090518.f00.grib2,0.0,Already_Downloaded
2017-09-06,00Z,gdas1.fnl.0p25.2017090600.f00.grib2,0.0,Already_Downloaded
2017-09-06,06Z,gdas1.fnl.0p25.2017090606.f00.grib2,0.0,Already_Downloaded
2017-09-06,12Z,gdas1.fnl.0p25.2017090612.f00.grib2,0.0,Already_Downloaded
2017-09-06,18Z,gdas1.fnl.0p25.2017090618.f00.grib2,0.0,Already_Downloaded
2017-09-07,00Z,gdas1.fnl.0p25.2017090700.f00.grib2,0.0,Already_Downloaded
2017-09-07,06Z,gdas1.fnl.0p25.2017090706.f00.grib2,0.0,Already_Downloaded
2017-09-07,12Z,gdas1.fnl.0p25.2017090712.f00.grib2,0.0,Already_Downloaded
2017-09-07,18Z,gdas1.fnl.0p25.2017090718.f00.grib2,0.0,Already_Downloaded
2017-09-08,00Z,gdas1.fnl.0p25.2017090800.f00.grib2,0.0,Already_Downloaded
2017-09-08,06Z,gdas1.fnl.0p25.2017090806.f00.grib2,0.0,Already_Downloaded
2017-09-08,12Z,gdas1.fnl.0p25.2017090812.f00.grib2,0.0,Already_Downloaded
2017-09-08,18Z,gdas1.fnl.0p25.2017090818.f00.grib2,0.0,Already_Downloaded
2017-09-09,00Z,gdas1.fnl.0p25.2017090900.f00.grib2,0.0,Already_Downloaded
2017-09-09,06Z,gdas1.fnl.0p25.2017090906.f00.grib2,0.0,Already_Downloaded
2017-09-09,12Z,gdas1.fnl.0p25.2017090912.f00.grib2,0.0,Already_Downloaded
2017-09-09,18Z,gdas1.fnl.0p25.2017090918.f00.grib2,0.0,Already_Downloaded
2017-09-10,00Z,gdas1.fnl.0p25.2017091000.f00.grib2,0.0,Already_Downloaded
2017-09-10,06Z,gdas1.fnl.0p25.2017091006.f00.grib2,0.0,Already_Downloaded
2017-09-10,12Z,gdas1.fnl.0p25.2017091012.f00.grib2,0.0,Already_Downloaded
2017-09-10,18Z,gdas1.fnl.0p25.2017091018.f00.grib2,0.0,Already_Downloaded
2017-09-11,00Z,gdas1.fnl.0p25.2017091100.f00.grib2,0.0,Already_Downloaded
2017-09-11,06Z,gdas1.fnl.0p25.2017091106.f00.grib2,0.0,Already_Downloaded
2017-09-11,12Z,gdas1.fnl.0p25.2017091112.f00.grib2,0.0,Already_Downloaded
2017-09-11,18Z,gdas1.fnl.0p25.2017091118.f00.grib2,0.0,Already_Downloaded
2017-09-12,00Z,gdas1.fnl.0p25.2017091200.f00.grib2,0.0,Already_Downloaded
2017-09-12,06Z,gdas1.fnl.0p25.2017091206.f00.grib2,0.0,Already_Downloaded
2017-09-12,12Z,gdas1.fnl.0p25.2017091212.f00.grib2,0.0,Already_Downloaded
2017-09-12,18Z,gdas1.fnl.0p25.2017091218.f00.grib2,0.0,Already_Downloaded
2017-09-13,00Z,gdas1.fnl.0p25.2017091300.f00.grib2,0.0,Already_Downloaded
2017-09-13,06Z,gdas1.fnl.0p25.2017091306.f00.grib2,0.0,Already_Downloaded
2017-09-13,12Z,gdas1.fnl.0p25.2017091312.f00.grib2,0.0,Already_Downloaded
2017-09-13,18Z,gdas1.fnl.0p25.2017091318.f00.grib2,0.0,Already_Downloaded
2017-09-14,00Z,gdas1.fnl.0p25.2017091400.f00.grib2,0.0,Already_Downloaded
2017-09-14,06Z,gdas1.fnl.0p25.2017091406.f00.grib2,0.0,Already_Downloaded
2017-09-14,12Z,gdas1.fnl.0p25.2017091412.f00.grib2,0.0,Already_Downloaded
2017-09-14,18Z,gdas1.fnl.0p25.2017091418.f00.grib2,0.0,Already_Downloaded
2017-09-15,00Z,gdas1.fnl.0p25.2017091500.f00.grib2,0.0,Already_Downloaded
2017-09-15,06Z,gdas1.fnl.0p25.2017091506.f00.grib2,0.0,Already_Downloaded
2017-09-15,12Z,gdas1.fnl.0p25.2017091512.f00.grib2,0.0,Already_Downloaded
2017-09-15,18Z,gdas1.fnl.0p25.2017091518.f00.grib2,0.0,Already_Downloaded
2017-09-16,00Z,gdas1.fnl.0p25.2017091600.f00.grib2,0.0,Already_Downloaded
2017-09-16,06Z,gdas1.fnl.0p25.2017091606.f00.grib2,0.0,Already_Downloaded
2017-09-16,12Z,gdas1.fnl.0p25.2017091612.f00.grib2,0.0,Already_Downloaded
2017-09-16,18Z,gdas1.fnl.0p25.2017091618.f00.grib2,0.0,Already_Downloaded
2017-09-17,00Z,gdas1.fnl.0p25.2017091700.f00.grib2,0.0,Already_Downloaded
2017-09-17,06Z,gdas1.fnl.0p25.2017091706.f00.grib2,0.0,Already_Downloaded
2017-09-17,12Z,gdas1.fnl.0p25.2017091712.f00.grib2,0.0,Already_Downloaded
2017-09-17,18Z,gdas1.fnl.0p25.2017091718.f00.grib2,0.0,Already_Downloaded
2017-09-18,00Z,gdas1.fnl.0p25.2017091800.f00.grib2,0.0,Already_Downloaded
2017-09-18,06Z,gdas1.fnl.0p25.2017091806.f00.grib2,0.0,Already_Downloaded
2017-09-18,12Z,gdas1.fnl.0p25.2017091812.f00.grib2,0.0,Already_Downloaded
2017-09-18,18Z,gdas1.fnl.0p25.2017091818.f00.grib2,0.0,Already_Downloaded
2017-09-19,00Z,gdas1.fnl.0p25.2017091900.f00.grib2,0.0,Already_Downloaded
2017-09-19,06Z,gdas1.fnl.0p25.2017091906.f00.grib2,0.0,Already_Downloaded
2017-09-19,12Z,gdas1.fnl.0p25.2017091912.f00.grib2,0.0,Already_Downloaded
2017-09-19,18Z,gdas1.fnl.0p25.2017091918.f00.grib2,0.0,Already_Downloaded
2017-09-20,00Z,gdas1.fnl.0p25.2017092000.f00.grib2,0.0,Already_Downloaded
2017-09-20,06Z,gdas1.fnl.0p25.2017092006.f00.grib2,0.0,Already_Downloaded
2017-09-20,12Z,gdas1.fnl.0p25.2017092012.f00.grib2,0.0,Already_Downloaded
2017-09-20,18Z,gdas1.fnl.0p25.2017092018.f00.grib2,0.0,Already_Downloaded
2017-09-21,00Z,gdas1.fnl.0p25.2017092100.f00.grib2,0.0,Already_Downloaded
2017-09-21,06Z,gdas1.fnl.0p25.2017092106.f00.grib2,0.0,Already_Downloaded
2017-09-21,12Z,gdas1.fnl.0p25.2017092112.f00.grib2,0.0,Already_Downloaded
2017-09-21,18Z,gdas1.fnl.0p25.2017092118.f00.grib2,0.0,Already_Downloaded
2017-09-22,00Z,gdas1.fnl.0p25.2017092200.f00.grib2,0.0,Already_Downloaded
2017-09-22,06Z,gdas1.fnl.0p25.2017092206.f00.grib2,0.0,Already_Downloaded
2017-09-22,12Z,gdas1.fnl.0p25.2017092212.f00.grib2,0.0,Already_Downloaded
2017-09-22,18Z,gdas1.fnl.0p25.2017092218.f00.grib2,0.0,Already_Downloaded
2017-09-23,00Z,gdas1.fnl.0p25.2017092300.f00.grib2,0.0,Already_Downloaded
2017-09-23,06Z,gdas1.fnl.0p25.2017092306.f00.grib2,0.0,Already_Downloaded
2017-09-23,12Z,gdas1.fnl.0p25.2017092312.f00.grib2,0.0,Already_Downloaded
2017-09-23,18Z,gdas1.fnl.0p25.2017092318.f00.grib2,0.0,Already_Downloaded
2017-09-24,00Z,gdas1.fnl.0p25.2017092400.f00.grib2,0.0,Already_Downloaded
2017-09-24,06Z,gdas1.fnl.0p25.2017092406.f00.grib2,0.0,Already_Downloaded
2017-09-24,12Z,gdas1.fnl.0p25.2017092412.f00.grib2,0.0,Already_Downloaded
2017-09-24,18Z,gdas1.fnl.0p25.2017092418.f00.grib2,0.0,Already_Downloaded
2017-09-25,00Z,gdas1.fnl.0p25.2017092500.f00.grib2,0.0,Already_Downloaded
2017-09-25,06Z,gdas1.fnl.0p25.2017092506.f00.grib2,0.0,Already_Downloaded
2017-09-25,12Z,gdas1.fnl.0p25.2017092512.f00.grib2,0.0,Already_Downloaded
2017-09-25,18Z,gdas1.fnl.0p25.2017092518.f00.grib2,0.0,Already_Downloaded
2017-09-26,00Z,gdas1.fnl.0p25.2017092600.f00.grib2,0.0,Already_Downloaded
2017-09-26,06Z,gdas1.fnl.0p25.2017092606.f00.grib2,0.0,Already_Downloaded
2017-09-26,12Z,gdas1.fnl.0p25.2017092612.f00.grib2,0.0,Already_Downloaded
2017-09-26,18Z,gdas1.fnl.0p25.2017092618.f00.grib2,0.0,Already_Downloaded
2017-09-27,00Z,gdas1.fnl.0p25.2017092700.f00.grib2,0.0,Already_Downloaded
2017-09-27,06Z,gdas1.fnl.0p25.2017092706.f00.grib2,0.0,Already_Downloaded
2017-09-27,12Z,gdas1.fnl.0p25.2017092712.f00.grib2,0.0,Already_Downloaded
2017-09-27,18Z,gdas1.fnl.0p25.2017092718.f00.grib2,0.0,Already_Downloaded
2017-09-28,00Z,gdas1.fnl.0p25.2017092800.f00.grib2,0.0,Already_Downloaded
2017-09-28,06Z,gdas1.fnl.0p25.2017092806.f00.grib2,0.0,Already_Downloaded
2017-09-28,12Z,gdas1.fnl.0p25.2017092812.f00.grib2,0.0,Already_Downloaded
2017-09-28,18Z,gdas1.fnl.0p25.2017092818.f00.grib2,0.0,Already_Downloaded
2017-09-29,00Z,gdas1.fnl.0p25.2017092900.f00.grib2,0.0,Already_Downloaded
2017-09-29,06Z,gdas1.fnl.0p25.2017092906.f00.grib2,0.0,Already_Downloaded
2017-09-29,12Z,gdas1.fnl.0p25.2017092912.f00.grib2,0.0,Already_Downloaded
2017-09-29,18Z,gdas1.fnl.0p25.2017092918.f00.grib2,0.0,Already_Downloaded
2017-09-30,00Z,gdas1.fnl.0p25.2017093000.f00.grib2,0.0,Already_Downloaded
2017-09-30,06Z,gdas1.fnl.0p25.2017093006.f00.grib2,0.0,Already_Downloaded
2017-09-30,12Z,gdas1.fnl.0p25.2017093012.f00.grib2,0.0,Already_Downloaded
2017-09-30,18Z,gdas1.fnl.0p25.2017093018.f00.grib2,0.0,Already_Downloaded
2017-10-01,00Z,gdas1.fnl.0p25.2017100100.f00.grib2,0.0,Already_Downloaded
2017-10-01,06Z,gdas1.fnl.0p25.2017100106.f00.grib2,0.0,Already_Downloaded
2017-10-01,12Z,gdas1.fnl.0p25.2017100112.f00.grib2,0.0,Already_Downloaded
2017-10-01,18Z,gdas1.fnl.0p25.2017100118.f00.grib2,0.0,Already_Downloaded
2017-10-02,00Z,gdas1.fnl.0p25.2017100200.f00.grib2,0.0,Already_Downloaded
2017-10-02,06Z,gdas1.fnl.0p25.2017100206.f00.grib2,0.0,Already_Downloaded
2017-10-02,12Z,gdas1.fnl.0p25.2017100212.f00.grib2,0.0,Already_Downloaded
2017-10-02,18Z,gdas1.fnl.0p25.2017100218.f00.grib2,0.0,Already_Downloaded
2017-10-03,00Z,gdas1.fnl.0p25.2017100300.f00.grib2,0.0,Already_Downloaded
2017-10-03,06Z,gdas1.fnl.0p25.2017100306.f00.grib2,0.0,Already_Downloaded
2017-10-03,12Z,gdas1.fnl.0p25.2017100312.f00.grib2,0.0,Already_Downloaded
2017-10-03,18Z,gdas1.fnl.0p25.2017100318.f00.grib2,0.0,Already_Downloaded
2017-10-04,00Z,gdas1.fnl.0p25.2017100400.f00.grib2,0.0,Already_Downloaded
2017-10-04,06Z,gdas1.fnl.0p25.2017100406.f00.grib2,0.0,Already_Downloaded
2017-10-04,12Z,gdas1.fnl.0p25.2017100412.f00.grib2,0.0,Already_Downloaded
2017-10-04,18Z,gdas1.fnl.0p25.2017100418.f00.grib2,0.0,Already_Downloaded
2017-10-05,00Z,gdas1.fnl.0p25.2017100500.f00.grib2,0.0,Already_Downloaded
2017-10-05,06Z,gdas1.fnl.0p25.2017100506.f00.grib2,0.0,Already_Downloaded
2017-10-05,12Z,gdas1.fnl.0p25.2017100512.f00.grib2,0.0,Already_Downloaded
2017-10-05,18Z,gdas1.fnl.0p25.2017100518.f00.grib2,0.0,Already_Downloaded
2017-10-06,00Z,gdas1.fnl.0p25.2017100600.f00.grib2,0.0,Already_Downloaded
2017-10-06,06Z,gdas1.fnl.0p25.2017100606.f00.grib2,0.0,Already_Downloaded
2017-10-06,12Z,gdas1.fnl.0p25.2017100612.f00.grib2,0.0,Already_Downloaded
2017-10-06,18Z,gdas1.fnl.0p25.2017100618.f00.grib2,0.0,Already_Downloaded
2017-10-07,00Z,gdas1.fnl.0p25.2017100700.f00.grib2,0.0,Already_Downloaded
2017-10-07,06Z,gdas1.fnl.0p25.2017100706.f00.grib2,0.0,Already_Downloaded
2017-10-07,12Z,gdas1.fnl.0p25.2017100712.f00.grib2,0.0,Already_Downloaded
2017-10-07,18Z,gdas1.fnl.0p25.2017100718.f00.grib2,0.0,Already_Downloaded
2017-10-08,00Z,gdas1.fnl.0p25.2017100800.f00.grib2,0.0,Already_Downloaded
2017-10-08,06Z,gdas1.fnl.0p25.2017100806.f00.grib2,0.0,Already_Downloaded
2017-10-08,12Z,gdas1.fnl.0p25.2017100812.f00.grib2,0.0,Already_Downloaded
2017-10-08,18Z,gdas1.fnl.0p25.2017100818.f00.grib2,0.0,Already_Downloaded
2017-10-09,00Z,gdas1.fnl.0p25.2017100900.f00.grib2,0.0,Already_Downloaded
2017-10-09,06Z,gdas1.fnl.0p25.2017100906.f00.grib2,0.0,Already_Downloaded
2017-10-09,12Z,gdas1.fnl.0p25.2017100912.f00.grib2,0.0,Already_Downloaded
2017-10-09,18Z,gdas1.fnl.0p25.2017100918.f00.grib2,0.0,Already_Downloaded
2017-10-10,00Z,gdas1.fnl.0p25.2017101000.f00.grib2,0.0,Already_Downloaded
2017-10-10,06Z,gdas1.fnl.0p25.2017101006.f00.grib2,0.0,Already_Downloaded
2017-10-10,12Z,gdas1.fnl.0p25.2017101012.f00.grib2,0.0,Already_Downloaded
2017-10-10,18Z,gdas1.fnl.0p25.2017101018.f00.grib2,0.0,Already_Downloaded
2017-10-11,00Z,gdas1.fnl.0p25.2017101100.f00.grib2,0.0,Already_Downloaded
2017-10-11,06Z,gdas1.fnl.0p25.2017101106.f00.grib2,0.0,Already_Downloaded
2017-10-11,12Z,gdas1.fnl.0p25.2017101112.f00.grib2,0.0,Already_Downloaded
2017-10-11,18Z,gdas1.fnl.0p25.2017101118.f00.grib2,0.0,Already_Downloaded
2017-10-12,00Z,gdas1.fnl.0p25.2017101200.f00.grib2,0.0,Already_Downloaded
2017-10-12,06Z,gdas1.fnl.0p25.2017101206.f00.grib2,0.0,Already_Downloaded
2017-10-12,12Z,gdas1.fnl.0p25.2017101212.f00.grib2,0.0,Already_Downloaded
2017-10-12,18Z,gdas1.fnl.0p25.2017101218.f00.grib2,0.0,Already_Downloaded
2017-10-13,00Z,gdas1.fnl.0p25.2017101300.f00.grib2,0.0,Already_Downloaded
2017-10-13,06Z,gdas1.fnl.0p25.2017101306.f00.grib2,0.0,Already_Downloaded
2017-10-13,12Z,gdas1.fnl.0p25.2017101312.f00.grib2,0.0,Already_Downloaded
2017-10-13,18Z,gdas1.fnl.0p25.2017101318.f00.grib2,0.0,Already_Downloaded
2017-10-14,00Z,gdas1.fnl.0p25.2017101400.f00.grib2,0.0,Already_Downloaded
2017-10-14,06Z,gdas1.fnl.0p25.2017101406.f00.grib2,0.0,Already_Downloaded
2017-10-14,12Z,gdas1.fnl.0p25.2017101412.f00.grib2,0.0,Already_Downloaded
2017-10-14,18Z,gdas1.fnl.0p25.2017101418.f00.grib2,0.0,Already_Downloaded
2017-10-15,00Z,gdas1.fnl.0p25.2017101500.f00.grib2,0.0,Already_Downloaded
2017-10-15,06Z,gdas1.fnl.0p25.2017101506.f00.grib2,0.0,Already_Downloaded
2017-10-15,12Z,gdas1.fnl.0p25.2017101512.f00.grib2,0.0,Already_Downloaded
2017-10-15,18Z,gdas1.fnl.0p25.2017101518.f00.grib2,0.0,Already_Downloaded
2017-10-16,00Z,gdas1.fnl.0p25.2017101600.f00.grib2,0.0,Already_Downloaded
2017-10-16,06Z,gdas1.fnl.0p25.2017101606.f00.grib2,0.0,Already_Downloaded
2017-10-16,12Z,gdas1.fnl.0p25.2017101612.f00.grib2,0.0,Already_Downloaded
2017-10-16,18Z,gdas1.fnl.0p25.2017101618.f00.grib2,0.0,Already_Downloaded
2017-10-17,00Z,gdas1.fnl.0p25.2017101700.f00.grib2,0.0,Already_Downloaded
2017-10-17,06Z,gdas1.fnl.0p25.2017101706.f00.grib2,0.0,Already_Downloaded
2017-10-17,12Z,gdas1.fnl.0p25.2017101712.f00.grib2,0.0,Already_Downloaded
2017-10-17,18Z,gdas1.fnl.0p25.2017101718.f00.grib2,0.0,Already_Downloaded
2017-10-18,00Z,gdas1.fnl.0p25.2017101800.f00.grib2,0.0,Already_Downloaded
2017-10-18,06Z,gdas1.fnl.0p25.2017101806.f00.grib2,0.0,Already_Downloaded
2017-10-18,12Z,gdas1.fnl.0p25.2017101812.f00.grib2,0.0,Already_Downloaded
2017-10-18,18Z,gdas1.fnl.0p25.2017101818.f00.grib2,0.0,Already_Downloaded
2017-10-19,00Z,gdas1.fnl.0p25.2017101900.f00.grib2,0.0,Already_Downloaded
2017-10-19,06Z,gdas1.fnl.0p25.2017101906.f00.grib2,0.0,Already_Downloaded
2017-10-19,12Z,gdas1.fnl.0p25.2017101912.f00.grib2,0.0,Already_Downloaded
2017-10-19,18Z,gdas1.fnl.0p25.2017101918.f00.grib2,0.0,Already_Downloaded
2017-10-20,00Z,gdas1.fnl.0p25.2017102000.f00.grib2,0.0,Already_Downloaded
2017-10-20,06Z,gdas1.fnl.0p25.2017102006.f00.grib2,0.0,Already_Downloaded
2017-10-20,12Z,gdas1.fnl.0p25.2017102012.f00.grib2,0.0,Already_Downloaded
2017-10-20,18Z,gdas1.fnl.0p25.2017102018.f00.grib2,0.0,Already_Downloaded
2017-10-21,00Z,gdas1.fnl.0p25.2017102100.f00.grib2,0.0,Already_Downloaded
2017-10-21,06Z,gdas1.fnl.0p25.2017102106.f00.grib2,0.0,Already_Downloaded
2017-10-21,12Z,gdas1.fnl.0p25.2017102112.f00.grib2,0.0,Already_Downloaded
2017-10-21,18Z,gdas1.fnl.0p25.2017102118.f00.grib2,0.0,Already_Downloaded
2017-10-22,00Z,gdas1.fnl.0p25.2017102200.f00.grib2,0.0,Already_Downloaded
2017-10-22,06Z,gdas1.fnl.0p25.2017102206.f00.grib2,0.0,Already_Downloaded
2017-10-22,12Z,gdas1.fnl.0p25.2017102212.f00.grib2,0.0,Already_Downloaded
2017-10-22,18Z,gdas1.fnl.0p25.2017102218.f00.grib2,0.0,Already_Downloaded
2017-10-23,00Z,gdas1.fnl.0p25.2017102300.f00.grib2,0.0,Already_Downloaded
2017-10-23,06Z,gdas1.fnl.0p25.2017102306.f00.grib2,0.0,Already_Downloaded
2017-10-23,12Z,gdas1.fnl.0p25.2017102312.f00.grib2,0.0,Already_Downloaded
2017-10-23,18Z,gdas1.fnl.0p25.2017102318.f00.grib2,0.0,Already_Downloaded
2017-10-24,00Z,gdas1.fnl.0p25.2017102400.f00.grib2,0.0,Already_Downloaded
2017-10-24,06Z,gdas1.fnl.0p25.2017102406.f00.grib2,0.0,Already_Downloaded
2017-10-24,12Z,gdas1.fnl.0p25.2017102412.f00.grib2,0.0,Already_Downloaded
2017-10-24,18Z,gdas1.fnl.0p25.2017102418.f00.grib2,0.0,Already_Downloaded
2017-10-25,00Z,gdas1.fnl.0p25.2017102500.f00.grib2,0.0,Already_Downloaded
2017-10-25,06Z,gdas1.fnl.0p25.2017102506.f00.grib2,0.0,Already_Downloaded
2017-10-25,12Z,gdas1.fnl.0p25.2017102512.f00.grib2,0.0,Already_Downloaded
2017-10-25,18Z,gdas1.fnl.0p25.2017102518.f00.grib2,0.0,Already_Downloaded
2017-10-26,00Z,gdas1.fnl.0p25.2017102600.f00.grib2,0.0,Already_Downloaded
2017-10-26,06Z,gdas1.fnl.0p25.2017102606.f00.grib2,0.0,Already_Downloaded
2017-10-26,12Z,gdas1.fnl.0p25.2017102612.f00.grib2,0.0,Already_Downloaded
2017-10-26,18Z,gdas1.fnl.0p25.2017102618.f00.grib2,0.0,Already_Downloaded
2017-10-27,00Z,gdas1.fnl.0p25.2017102700.f00.grib2,0.0,Already_Downloaded
2017-10-27,06Z,gdas1.fnl.0p25.2017102706.f00.grib2,0.0,Already_Downloaded
2017-10-27,12Z,gdas1.fnl.0p25.2017102712.f00.grib2,0.0,Already_Downloaded
2017-10-27,18Z,gdas1.fnl.0p25.2017102718.f00.grib2,0.0,Already_Downloaded
2017-10-28,00Z,gdas1.fnl.0p25.2017102800.f00.grib2,0.0,Already_Downloaded
2017-10-28,06Z,gdas1.fnl.0p25.2017102806.f00.grib2,0.0,Already_Downloaded
2017-10-28,12Z,gdas1.fnl.0p25.2017102812.f00.grib2,0.0,Already_Downloaded
2017-10-28,18Z,gdas1.fnl.0p25.2017102818.f00.grib2,0.0,Already_Downloaded
2017-10-29,00Z,gdas1.fnl.0p25.2017102900.f00.grib2,0.0,Already_Downloaded
2017-10-29,06Z,gdas1.fnl.0p25.2017102906.f00.grib2,0.0,Already_Downloaded
2017-10-29,12Z,gdas1.fnl.0p25.2017102912.f00.grib2,0.0,Already_Downloaded
2017-10-29,18Z,gdas1.fnl.0p25.2017102918.f00.grib2,0.0,Already_Downloaded
2017-10-30,00Z,gdas1.fnl.0p25.2017103000.f00.grib2,0.0,Already_Downloaded
2017-10-30,06Z,gdas1.fnl.0p25.2017103006.f00.grib2,0.0,Already_Downloaded
2017-10-30,12Z,gdas1.fnl.0p25.2017103012.f00.grib2,0.0,Already_Downloaded
2017-10-30,18Z,gdas1.fnl.0p25.2017103018.f00.grib2,0.0,Already_Downloaded
2017-10-31,00Z,gdas1.fnl.0p25.2017103100.f00.grib2,0.0,Already_Downloaded
2017-10-31,06Z,gdas1.fnl.0p25.2017103106.f00.grib2,0.0,Already_Downloaded
2017-10-31,12Z,gdas1.fnl.0p25.2017103112.f00.grib2,0.0,Already_Downloaded
2017-10-31,18Z,gdas1.fnl.0p25.2017103118.f00.grib2,0.0,Already_Downloaded
2017-11-01,00Z,gdas1.fnl.0p25.2017110100.f00.grib2,0.0,Already_Downloaded
2017-11-01,06Z,gdas1.fnl.0p25.2017110106.f00.grib2,0.0,Already_Downloaded
2017-11-01,12Z,gdas1.fnl.0p25.2017110112.f00.grib2,0.0,Already_Downloaded
2017-11-01,18Z,gdas1.fnl.0p25.2017110118.f00.grib2,0.0,Already_Downloaded
2017-11-02,00Z,gdas1.fnl.0p25.2017110200.f00.grib2,0.0,Already_Downloaded
2017-11-02,06Z,gdas1.fnl.0p25.2017110206.f00.grib2,0.0,Already_Downloaded
2017-11-02,12Z,gdas1.fnl.0p25.2017110212.f00.grib2,0.0,Already_Downloaded
2017-11-02,18Z,gdas1.fnl.0p25.2017110218.f00.grib2,0.0,Already_Downloaded
2017-11-03,00Z,gdas1.fnl.0p25.2017110300.f00.grib2,0.0,Already_Downloaded
2017-11-03,06Z,gdas1.fnl.0p25.2017110306.f00.grib2,0.0,Already_Downloaded
2017-11-03,12Z,gdas1.fnl.0p25.2017110312.f00.grib2,0.0,Already_Downloaded
2017-11-03,18Z,gdas1.fnl.0p25.2017110318.f00.grib2,0.0,Already_Downloaded
2017-11-04,00Z,gdas1.fnl.0p25.2017110400.f00.grib2,0.0,Already_Downloaded
2017-11-04,06Z,gdas1.fnl.0p25.2017110406.f00.grib2,0.0,Already_Downloaded
2017-11-04,12Z,gdas1.fnl.0p25.2017110412.f00.grib2,0.0,Already_Downloaded
2017-11-04,18Z,gdas1.fnl.0p25.2017110418.f00.grib2,0.0,Already_Downloaded
2017-11-05,00Z,gdas1.fnl.0p25.2017110500.f00.grib2,0.0,Already_Downloaded
2017-11-05,06Z,gdas1.fnl.0p25.2017110506.f00.grib2,0.0,Already_Downloaded
2017-11-05,12Z,gdas1.fnl.0p25.2017110512.f00.grib2,0.0,Already_Downloaded
2017-11-05,18Z,gdas1.fnl.0p25.2017110518.f00.grib2,0.0,Already_Downloaded
2017-11-06,00Z,gdas1.fnl.0p25.2017110600.f00.grib2,0.0,Already_Downloaded
2017-11-06,06Z,gdas1.fnl.0p25.2017110606.f00.grib2,0.0,Already_Downloaded
2017-11-06,12Z,gdas1.fnl.0p25.2017110612.f00.grib2,0.0,Already_Downloaded
2017-11-06,18Z,gdas1.fnl.0p25.2017110618.f00.grib2,0.0,Already_Downloaded
2017-11-07,00Z,gdas1.fnl.0p25.2017110700.f00.grib2,0.0,Already_Downloaded
2017-11-07,06Z,gdas1.fnl.0p25.2017110706.f00.grib2,0.0,Already_Downloaded
2017-11-07,12Z,gdas1.fnl.0p25.2017110712.f00.grib2,0.0,Already_Downloaded
2017-11-07,18Z,gdas1.fnl.0p25.2017110718.f00.grib2,0.0,Already_Downloaded
2017-11-08,00Z,gdas1.fnl.0p25.2017110800.f00.grib2,0.0,Already_Downloaded
2017-11-08,06Z,gdas1.fnl.0p25.2017110806.f00.grib2,0.0,Already_Downloaded
2017-11-08,12Z,gdas1.fnl.0p25.2017110812.f00.grib2,0.0,Already_Downloaded
2017-11-08,18Z,gdas1.fnl.0p25.2017110818.f00.grib2,0.0,Already_Downloaded
2017-11-09,00Z,gdas1.fnl.0p25.2017110900.f00.grib2,0.0,Already_Downloaded
2017-11-09,06Z,gdas1.fnl.0p25.2017110906.f00.grib2,0.0,Already_Downloaded
2017-11-09,12Z,gdas1.fnl.0p25.2017110912.f00.grib2,0.0,Already_Downloaded
2017-11-09,18Z,gdas1.fnl.0p25.2017110918.f00.grib2,0.0,Already_Downloaded
2017-11-10,00Z,gdas1.fnl.0p25.2017111000.f00.grib2,0.0,Already_Downloaded
2017-11-10,06Z,gdas1.fnl.0p25.2017111006.f00.grib2,0.0,Already_Downloaded
2017-11-10,12Z,gdas1.fnl.0p25.2017111012.f00.grib2,0.0,Already_Downloaded
2017-11-10,18Z,gdas1.fnl.0p25.2017111018.f00.grib2,0.0,Already_Downloaded
2017-11-11,00Z,gdas1.fnl.0p25.2017111100.f00.grib2,0.0,Already_Downloaded
2017-11-11,06Z,gdas1.fnl.0p25.2017111106.f00.grib2,0.0,Already_Downloaded
2017-11-11,12Z,gdas1.fnl.0p25.2017111112.f00.grib2,0.0,Already_Downloaded
2017-11-11,18Z,gdas1.fnl.0p25.2017111118.f00.grib2,0.0,Already_Downloaded
2017-11-12,00Z,gdas1.fnl.0p25.2017111200.f00.grib2,0.0,Already_Downloaded
2017-11-12,06Z,gdas1.fnl.0p25.2017111206.f00.grib2,0.0,Already_Downloaded
2017-11-12,12Z,gdas1.fnl.0p25.2017111212.f00.grib2,0.0,Already_Downloaded
2017-11-12,18Z,gdas1.fnl.0p25.2017111218.f00.grib2,0.0,Already_Downloaded
2017-11-13,00Z,gdas1.fnl.0p25.2017111300.f00.grib2,0.0,Already_Downloaded
2017-11-13,06Z,gdas1.fnl.0p25.2017111306.f00.grib2,0.0,Already_Downloaded
2017-11-13,12Z,gdas1.fnl.0p25.2017111312.f00.grib2,0.0,Already_Downloaded
2017-11-13,18Z,gdas1.fnl.0p25.2017111318.f00.grib2,0.0,Already_Downloaded
2017-11-14,00Z,gdas1.fnl.0p25.2017111400.f00.grib2,0.0,Already_Downloaded
2017-11-14,06Z,gdas1.fnl.0p25.2017111406.f00.grib2,0.0,Already_Downloaded
2017-11-14,12Z,gdas1.fnl.0p25.2017111412.f00.grib2,0.0,Already_Downloaded
2017-11-14,18Z,gdas1.fnl.0p25.2017111418.f00.grib2,0.0,Already_Downloaded
2017-11-15,00Z,gdas1.fnl.0p25.2017111500.f00.grib2,0.0,Already_Downloaded
2017-11-15,06Z,gdas1.fnl.0p25.2017111506.f00.grib2,0.0,Already_Downloaded
2017-11-15,12Z,gdas1.fnl.0p25.2017111512.f00.grib2,0.0,Already_Downloaded
2017-11-15,18Z,gdas1.fnl.0p25.2017111518.f00.grib2,0.0,Already_Downloaded
2017-11-16,00Z,gdas1.fnl.0p25.2017111600.f00.grib2,0.0,Already_Downloaded
2017-11-16,06Z,gdas1.fnl.0p25.2017111606.f00.grib2,0.0,Already_Downloaded
2017-11-16,12Z,gdas1.fnl.0p25.2017111612.f00.grib2,0.0,Already_Downloaded
2017-11-16,18Z,gdas1.fnl.0p25.2017111618.f00.grib2,0.0,Already_Downloaded
2017-11-17,00Z,gdas1.fnl.0p25.2017111700.f00.grib2,0.0,Already_Downloaded
2017-11-17,06Z,gdas1.fnl.0p25.2017111706.f00.grib2,0.0,Already_Downloaded
2017-11-17,12Z,gdas1.fnl.0p25.2017111712.f00.grib2,0.0,Already_Downloaded
2017-11-17,18Z,gdas1.fnl.0p25.2017111718.f00.grib2,0.0,Already_Downloaded
2017-11-18,00Z,gdas1.fnl.0p25.2017111800.f00.grib2,0.0,Already_Downloaded
2017-11-18,06Z,gdas1.fnl.0p25.2017111806.f00.grib2,0.0,Already_Downloaded
2017-11-18,12Z,gdas1.fnl.0p25.2017111812.f00.grib2,0.0,Already_Downloaded
2017-11-18,18Z,gdas1.fnl.0p25.2017111818.f00.grib2,0.0,Already_Downloaded
2017-11-19,00Z,gdas1.fnl.0p25.2017111900.f00.grib2,0.0,Already_Downloaded
2017-11-19,06Z,gdas1.fnl.0p25.2017111906.f00.grib2,0.0,Already_Downloaded
2017-11-19,12Z,gdas1.fnl.0p25.2017111912.f00.grib2,0.0,Already_Downloaded
2017-11-19,18Z,gdas1.fnl.0p25.2017111918.f00.grib2,0.0,Already_Downloaded
2017-11-20,00Z,gdas1.fnl.0p25.2017112000.f00.grib2,0.0,Already_Downloaded
2017-11-20,06Z,gdas1.fnl.0p25.2017112006.f00.grib2,0.0,Already_Downloaded
2017-11-20,12Z,gdas1.fnl.0p25.2017112012.f00.grib2,0.0,Already_Downloaded
2017-11-20,18Z,gdas1.fnl.0p25.2017112018.f00.grib2,0.0,Already_Downloaded
2017-11-21,00Z,gdas1.fnl.0p25.2017112100.f00.grib2,0.0,Already_Downloaded
2017-11-21,06Z,gdas1.fnl.0p25.2017112106.f00.grib2,0.0,Already_Downloaded
2017-11-21,12Z,gdas1.fnl.0p25.2017112112.f00.grib2,0.0,Already_Downloaded
2017-11-21,18Z,gdas1.fnl.0p25.2017112118.f00.grib2,0.0,Already_Downloaded
2017-11-22,00Z,gdas1.fnl.0p25.2017112200.f00.grib2,0.0,Already_Downloaded
2017-11-22,06Z,gdas1.fnl.0p25.2017112206.f00.grib2,0.0,Already_Downloaded
2017-11-22,12Z,gdas1.fnl.0p25.2017112212.f00.grib2,0.0,Already_Downloaded
2017-11-22,18Z,gdas1.fnl.0p25.2017112218.f00.grib2,0.0,Already_Downloaded
2017-11-23,00Z,gdas1.fnl.0p25.2017112300.f00.grib2,0.0,Already_Downloaded
2017-11-23,06Z,gdas1.fnl.0p25.2017112306.f00.grib2,0.0,Already_Downloaded
2017-11-23,12Z,gdas1.fnl.0p25.2017112312.f00.grib2,0.0,Already_Downloaded
2017-11-23,18Z,gdas1.fnl.0p25.2017112318.f00.grib2,0.0,Already_Downloaded
2017-11-24,00Z,gdas1.fnl.0p25.2017112400.f00.grib2,0.0,Already_Downloaded
2017-11-24,06Z,gdas1.fnl.0p25.2017112406.f00.grib2,0.0,Already_Downloaded
2017-11-24,12Z,gdas1.fnl.0p25.2017112412.f00.grib2,0.0,Already_Downloaded
2017-11-24,18Z,gdas1.fnl.0p25.2017112418.f00.grib2,0.0,Already_Downloaded
2017-11-25,00Z,gdas1.fnl.0p25.2017112500.f00.grib2,0.0,Already_Downloaded
2017-11-25,06Z,gdas1.fnl.0p25.2017112506.f00.grib2,0.0,Already_Downloaded
2017-11-25,12Z,gdas1.fnl.0p25.2017112512.f00.grib2,0.0,Already_Downloaded
2017-11-25,18Z,gdas1.fnl.0p25.2017112518.f00.grib2,0.0,Already_Downloaded
2017-11-26,00Z,gdas1.fnl.0p25.2017112600.f00.grib2,0.0,Already_Downloaded
2017-11-26,06Z,gdas1.fnl.0p25.2017112606.f00.grib2,0.0,Already_Downloaded
2017-11-26,12Z,gdas1.fnl.0p25.2017112612.f00.grib2,0.0,Already_Downloaded
2017-11-26,18Z,gdas1.fnl.0p25.2017112618.f00.grib2,0.0,Already_Downloaded
2017-11-27,00Z,gdas1.fnl.0p25.2017112700.f00.grib2,0.0,Already_Downloaded
2017-11-27,06Z,gdas1.fnl.0p25.2017112706.f00.grib2,0.0,Already_Downloaded
2017-11-27,12Z,gdas1.fnl.0p25.2017112712.f00.grib2,0.0,Already_Downloaded
2017-11-27,18Z,gdas1.fnl.0p25.2017112718.f00.grib2,0.0,Already_Downloaded
2017-11-28,00Z,gdas1.fnl.0p25.2017112800.f00.grib2,0.0,Already_Downloaded
2017-11-28,06Z,gdas1.fnl.0p25.2017112806.f00.grib2,0.0,Already_Downloaded
2017-11-28,12Z,gdas1.fnl.0p25.2017112812.f00.grib2,0.0,Already_Downloaded
2017-11-28,18Z,gdas1.fnl.0p25.2017112818.f00.grib2,0.0,Already_Downloaded
2017-11-29,00Z,gdas1.fnl.0p25.2017112900.f00.grib2,0.0,Already_Downloaded
2017-11-29,06Z,gdas1.fnl.0p25.2017112906.f00.grib2,0.0,Already_Downloaded
2017-11-29,12Z,gdas1.fnl.0p25.2017112912.f00.grib2,0.0,Already_Downloaded
2017-11-29,18Z,gdas1.fnl.0p25.2017112918.f00.grib2,0.0,Already_Downloaded
2017-11-30,00Z,gdas1.fnl.0p25.2017113000.f00.grib2,0.0,Already_Downloaded
2017-11-30,06Z,gdas1.fnl.0p25.2017113006.f00.grib2,0.0,Already_Downloaded
2017-11-30,12Z,gdas1.fnl.0p25.2017113012.f00.grib2,0.0,Already_Downloaded
2017-11-30,18Z,gdas1.fnl.0p25.2017113018.f00.grib2,0.0,Already_Downloaded
2017-12-01,00Z,gdas1.fnl.0p25.2017120100.f00.grib2,0.0,Already_Downloaded
2017-12-01,06Z,gdas1.fnl.0p25.2017120106.f00.grib2,0.0,Already_Downloaded
2017-12-01,12Z,gdas1.fnl.0p25.2017120112.f00.grib2,0.0,Already_Downloaded
2017-12-01,18Z,gdas1.fnl.0p25.2017120118.f00.grib2,0.0,Already_Downloaded
2017-12-02,00Z,gdas1.fnl.0p25.2017120200.f00.grib2,0.0,Already_Downloaded
2017-12-02,06Z,gdas1.fnl.0p25.2017120206.f00.grib2,0.0,Already_Downloaded
2017-12-02,12Z,gdas1.fnl.0p25.2017120212.f00.grib2,0.0,Already_Downloaded
2017-12-02,18Z,gdas1.fnl.0p25.2017120218.f00.grib2,0.0,Already_Downloaded
2017-12-03,00Z,gdas1.fnl.0p25.2017120300.f00.grib2,0.0,Already_Downloaded
2017-12-03,06Z,gdas1.fnl.0p25.2017120306.f00.grib2,0.0,Already_Downloaded
2017-12-03,12Z,gdas1.fnl.0p25.2017120312.f00.grib2,0.0,Already_Downloaded
2017-12-03,18Z,gdas1.fnl.0p25.2017120318.f00.grib2,0.0,Already_Downloaded
2017-12-04,00Z,gdas1.fnl.0p25.2017120400.f00.grib2,0.0,Already_Downloaded
2017-12-04,06Z,gdas1.fnl.0p25.2017120406.f00.grib2,0.0,Already_Downloaded
2017-12-04,12Z,gdas1.fnl.0p25.2017120412.f00.grib2,0.0,Already_Downloaded
2017-12-04,18Z,gdas1.fnl.0p25.2017120418.f00.grib2,0.0,Already_Downloaded
2017-12-05,00Z,gdas1.fnl.0p25.2017120500.f00.grib2,0.0,Already_Downloaded
2017-12-05,06Z,gdas1.fnl.0p25.2017120506.f00.grib2,0.0,Already_Downloaded
2017-12-05,12Z,gdas1.fnl.0p25.2017120512.f00.grib2,0.0,Already_Downloaded
2017-12-05,18Z,gdas1.fnl.0p25.2017120518.f00.grib2,0.0,Already_Downloaded
2017-12-06,00Z,gdas1.fnl.0p25.2017120600.f00.grib2,0.0,Already_Downloaded
2017-12-06,06Z,gdas1.fnl.0p25.2017120606.f00.grib2,0.0,Already_Downloaded
2017-12-06,12Z,gdas1.fnl.0p25.2017120612.f00.grib2,0.0,Already_Downloaded
2017-12-06,18Z,gdas1.fnl.0p25.2017120618.f00.grib2,0.0,Already_Downloaded
2017-12-07,00Z,gdas1.fnl.0p25.2017120700.f00.grib2,0.0,Already_Downloaded
2017-12-07,06Z,gdas1.fnl.0p25.2017120706.f00.grib2,0.0,Already_Downloaded
2017-12-07,12Z,gdas1.fnl.0p25.2017120712.f00.grib2,0.0,Already_Downloaded
2017-12-07,18Z,gdas1.fnl.0p25.2017120718.f00.grib2,0.0,Already_Downloaded
2017-12-08,00Z,gdas1.fnl.0p25.2017120800.f00.grib2,0.0,Already_Downloaded
2017-12-08,06Z,gdas1.fnl.0p25.2017120806.f00.grib2,0.0,Already_Downloaded
2017-12-08,12Z,gdas1.fnl.0p25.2017120812.f00.grib2,0.0,Already_Downloaded
2017-12-08,18Z,gdas1.fnl.0p25.2017120818.f00.grib2,0.0,Already_Downloaded
2017-12-09,00Z,gdas1.fnl.0p25.2017120900.f00.grib2,0.0,Already_Downloaded
2017-12-09,06Z,gdas1.fnl.0p25.2017120906.f00.grib2,0.0,Already_Downloaded
2017-12-09,12Z,gdas1.fnl.0p25.2017120912.f00.grib2,0.0,Already_Downloaded
2017-12-09,18Z,gdas1.fnl.0p25.2017120918.f00.grib2,0.0,Already_Downloaded
2017-12-10,00Z,gdas1.fnl.0p25.2017121000.f00.grib2,0.0,Already_Downloaded
2017-12-10,06Z,gdas1.fnl.0p25.2017121006.f00.grib2,0.0,Already_Downloaded
2017-12-10,12Z,gdas1.fnl.0p25.2017121012.f00.grib2,0.0,Already_Downloaded
2017-12-10,18Z,gdas1.fnl.0p25.2017121018.f00.grib2,0.0,Already_Downloaded
2017-12-11,00Z,gdas1.fnl.0p25.2017121100.f00.grib2,0.0,Already_Downloaded
2017-12-11,06Z,gdas1.fnl.0p25.2017121106.f00.grib2,0.0,Already_Downloaded
2017-12-11,12Z,gdas1.fnl.0p25.2017121112.f00.grib2,0.0,Already_Downloaded
2017-12-11,18Z,gdas1.fnl.0p25.2017121118.f00.grib2,0.0,Already_Downloaded
2017-12-12,00Z,gdas1.fnl.0p25.2017121200.f00.grib2,0.0,Already_Downloaded
2017-12-12,06Z,gdas1.fnl.0p25.2017121206.f00.grib2,0.0,Already_Downloaded
2017-12-12,12Z,gdas1.fnl.0p25.2017121212.f00.grib2,0.0,Already_Downloaded
2017-12-12,18Z,gdas1.fnl.0p25.2017121218.f00.grib2,0.0,Already_Downloaded
2017-12-13,00Z,gdas1.fnl.0p25.2017121300.f00.grib2,0.0,Already_Downloaded
2017-12-13,06Z,gdas1.fnl.0p25.2017121306.f00.grib2,0.0,Already_Downloaded
2017-12-13,12Z,gdas1.fnl.0p25.2017121312.f00.grib2,0.0,Already_Downloaded
2017-12-13,18Z,gdas1.fnl.0p25.2017121318.f00.grib2,0.0,Already_Downloaded
2017-12-14,00Z,gdas1.fnl.0p25.2017121400.f00.grib2,0.0,Already_Downloaded
2017-12-14,06Z,gdas1.fnl.0p25.2017121406.f00.grib2,0.0,Already_Downloaded
2017-12-14,12Z,gdas1.fnl.0p25.2017121412.f00.grib2,0.0,Already_Downloaded
2017-12-14,18Z,gdas1.fnl.0p25.2017121418.f00.grib2,0.0,Already_Downloaded
2017-12-15,00Z,gdas1.fnl.0p25.2017121500.f00.grib2,0.0,Already_Downloaded
2017-12-15,06Z,gdas1.fnl.0p25.2017121506.f00.grib2,0.0,Already_Downloaded
2017-12-15,12Z,gdas1.fnl.0p25.2017121512.f00.grib2,0.0,Already_Downloaded
2017-12-15,18Z,gdas1.fnl.0p25.2017121518.f00.grib2,0.0,Already_Downloaded
2017-12-16,00Z,gdas1.fnl.0p25.2017121600.f00.grib2,0.0,Already_Downloaded
2017-12-16,06Z,gdas1.fnl.0p25.2017121606.f00.grib2,0.0,Already_Downloaded
2017-12-16,12Z,gdas1.fnl.0p25.2017121612.f00.grib2,0.0,Already_Downloaded
2017-12-16,18Z,gdas1.fnl.0p25.2017121618.f00.grib2,0.0,Already_Downloaded
2017-12-17,00Z,gdas1.fnl.0p25.2017121700.f00.grib2,0.0,Already_Downloaded
2017-12-17,06Z,gdas1.fnl.0p25.2017121706.f00.grib2,0.0,Already_Downloaded
2017-12-17,12Z,gdas1.fnl.0p25.2017121712.f00.grib2,0.0,Already_Downloaded
2017-12-17,18Z,gdas1.fnl.0p25.2017121718.f00.grib2,0.0,Already_Downloaded
2017-12-18,00Z,gdas1.fnl.0p25.2017121800.f00.grib2,0.0,Already_Downloaded
2017-12-18,06Z,gdas1.fnl.0p25.2017121806.f00.grib2,0.0,Already_Downloaded
2017-12-18,12Z,gdas1.fnl.0p25.2017121812.f00.grib2,0.0,Already_Downloaded
2017-12-18,18Z,gdas1.fnl.0p25.2017121818.f00.grib2,0.0,Already_Downloaded
2017-12-19,00Z,gdas1.fnl.0p25.2017121900.f00.grib2,0.0,Already_Downloaded
2017-12-19,06Z,gdas1.fnl.0p25.2017121906.f00.grib2,0.0,Already_Downloaded
2017-12-19,12Z,gdas1.fnl.0p25.2017121912.f00.grib2,0.0,Already_Downloaded
2017-12-19,18Z,gdas1.fnl.0p25.2017121918.f00.grib2,0.0,Already_Downloaded
2017-12-20,00Z,gdas1.fnl.0p25.2017122000.f00.grib2,0.0,Already_Downloaded
2017-12-20,06Z,gdas1.fnl.0p25.2017122006.f00.grib2,0.0,Already_Downloaded
2017-12-20,12Z,gdas1.fnl.0p25.2017122012.f00.grib2,0.0,Already_Downloaded
2017-12-20,18Z,gdas1.fnl.0p25.2017122018.f00.grib2,0.0,Already_Downloaded
2017-12-21,00Z,gdas1.fnl.0p25.2017122100.f00.grib2,0.0,Already_Downloaded
2017-12-21,06Z,gdas1.fnl.0p25.2017122106.f00.grib2,0.0,Already_Downloaded
2017-12-21,12Z,gdas1.fnl.0p25.2017122112.f00.grib2,0.0,Already_Downloaded
2017-12-21,18Z,gdas1.fnl.0p25.2017122118.f00.grib2,0.0,Already_Downloaded
2017-12-22,00Z,gdas1.fnl.0p25.2017122200.f00.grib2,0.0,Already_Downloaded
2017-12-22,06Z,gdas1.fnl.0p25.2017122206.f00.grib2,0.0,Already_Downloaded
2017-12-22,12Z,gdas1.fnl.0p25.2017122212.f00.grib2,0.0,Already_Downloaded
2017-12-22,18Z,gdas1.fnl.0p25.2017122218.f00.grib2,0.0,Already_Downloaded
2017-12-23,00Z,gdas1.fnl.0p25.2017122300.f00.grib2,0.0,Already_Downloaded
2017-12-23,06Z,gdas1.fnl.0p25.2017122306.f00.grib2,0.0,Already_Downloaded
2017-12-23,12Z,gdas1.fnl.0p25.2017122312.f00.grib2,0.0,Already_Downloaded
2017-12-23,18Z,gdas1.fnl.0p25.2017122318.f00.grib2,0.0,Already_Downloaded
2017-12-24,00Z,gdas1.fnl.0p25.2017122400.f00.grib2,0.0,Already_Downloaded
2017-12-24,06Z,gdas1.fnl.0p25.2017122406.f00.grib2,0.0,Already_Downloaded
2017-12-24,12Z,gdas1.fnl.0p25.2017122412.f00.grib2,0.0,Already_Downloaded
2017-12-24,18Z,gdas1.fnl.0p25.2017122418.f00.grib2,0.0,Already_Downloaded
2017-12-25,00Z,gdas1.fnl.0p25.2017122500.f00.grib2,0.0,Already_Downloaded
2017-12-25,06Z,gdas1.fnl.0p25.2017122506.f00.grib2,0.0,Already_Downloaded
2017-12-25,12Z,gdas1.fnl.0p25.2017122512.f00.grib2,0.0,Already_Downloaded
2017-12-25,18Z,gdas1.fnl.0p25.2017122518.f00.grib2,0.0,Already_Downloaded
2017-12-26,00Z,gdas1.fnl.0p25.2017122600.f00.grib2,0.0,Already_Downloaded
2017-12-26,06Z,gdas1.fnl.0p25.2017122606.f00.grib2,0.0,Already_Downloaded
2017-12-26,12Z,gdas1.fnl.0p25.2017122612.f00.grib2,0.0,Already_Downloaded
2017-12-26,18Z,gdas1.fnl.0p25.2017122618.f00.grib2,0.0,Already_Downloaded
2017-12-27,00Z,gdas1.fnl.0p25.2017122700.f00.grib2,0.0,Already_Downloaded
2017-12-27,06Z,gdas1.fnl.0p25.2017122706.f00.grib2,0.0,Already_Downloaded
2017-12-27,12Z,gdas1.fnl.0p25.2017122712.f00.grib2,0.0,Already_Downloaded
2017-12-27,18Z,gdas1.fnl.0p25.2017122718.f00.grib2,0.0,Already_Downloaded
2017-12-28,00Z,gdas1.fnl.0p25.2017122800.f00.grib2,0.0,Already_Downloaded
2017-12-28,06Z,gdas1.fnl.0p25.2017122806.f00.grib2,0.0,Already_Downloaded
2017-12-28,12Z,gdas1.fnl.0p25.2017122812.f00.grib2,0.0,Already_Downloaded
2017-12-28,18Z,gdas1.fnl.0p25.2017122818.f00.grib2,0.0,Already_Downloaded
2017-12-29,00Z,gdas1.fnl.0p25.2017122900.f00.grib2,0.0,Already_Downloaded
2017-12-29,06Z,gdas1.fnl.0p25.2017122906.f00.grib2,0.0,Already_Downloaded
2017-12-29,12Z,gdas1.fnl.0p25.2017122912.f00.grib2,0.0,Already_Downloaded
2017-12-29,18Z,gdas1.fnl.0p25.2017122918.f00.grib2,0.0,Already_Downloaded
2017-12-30,00Z,gdas1.fnl.0p25.2017123000.f00.grib2,0.0,Already_Downloaded
2017-12-30,06Z,gdas1.fnl.0p25.2017123006.f00.grib2,0.0,Already_Downloaded
2017-12-30,12Z,gdas1.fnl.0p25.2017123012.f00.grib2,0.0,Already_Downloaded
2017-12-30,18Z,gdas1.fnl.0p25.2017123018.f00.grib2,0.0,Already_Downloaded
2017-12-31,00Z,gdas1.fnl.0p25.2017123100.f00.grib2,0.0,Already_Downloaded
2017-12-31,06Z,gdas1.fnl.0p25.2017123106.f00.grib2,0.0,Already_Downloaded
2017-12-31,12Z,gdas1.fnl.0p25.2017123112.f00.grib2,0.0,Already_Downloaded
2017-12-31,18Z,gdas1.fnl.0p25.2017123118.f00.grib2,0.0,Already_Downloaded
2018-01-01,00Z,gdas1.fnl.0p25.2018010100.f00.grib2,0.0,Already_Downloaded
2018-01-01,06Z,gdas1.fnl.0p25.2018010106.f00.grib2,0.0,Already_Downloaded
2018-01-01,12Z,gdas1.fnl.0p25.2018010112.f00.grib2,0.0,Already_Downloaded
2018-01-01,18Z,gdas1.fnl.0p25.2018010118.f00.grib2,0.0,Already_Downloaded
2018-01-02,00Z,gdas1.fnl.0p25.2018010200.f00.grib2,0.0,Already_Downloaded
2018-01-02,06Z,gdas1.fnl.0p25.2018010206.f00.grib2,0.0,Already_Downloaded
2018-01-02,12Z,gdas1.fnl.0p25.2018010212.f00.grib2,0.0,Already_Downloaded
2018-01-02,18Z,gdas1.fnl.0p25.2018010218.f00.grib2,0.0,Already_Downloaded
2018-01-03,00Z,gdas1.fnl.0p25.2018010300.f00.grib2,0.0,Already_Downloaded
2018-01-03,06Z,gdas1.fnl.0p25.2018010306.f00.grib2,0.0,Already_Downloaded
2018-01-03,12Z,gdas1.fnl.0p25.2018010312.f00.grib2,0.0,Already_Downloaded
2018-01-03,18Z,gdas1.fnl.0p25.2018010318.f00.grib2,0.0,Already_Downloaded
2018-01-04,00Z,gdas1.fnl.0p25.2018010400.f00.grib2,0.0,Already_Downloaded
2018-01-04,06Z,gdas1.fnl.0p25.2018010406.f00.grib2,0.0,Already_Downloaded
2018-01-04,12Z,gdas1.fnl.0p25.2018010412.f00.grib2,0.0,Already_Downloaded
2018-01-04,18Z,gdas1.fnl.0p25.2018010418.f00.grib2,0.0,Already_Downloaded
2018-01-05,00Z,gdas1.fnl.0p25.2018010500.f00.grib2,0.0,Already_Downloaded
2018-01-05,06Z,gdas1.fnl.0p25.2018010506.f00.grib2,0.0,Already_Downloaded
2018-01-05,12Z,gdas1.fnl.0p25.2018010512.f00.grib2,0.0,Already_Downloaded
2018-01-05,18Z,gdas1.fnl.0p25.2018010518.f00.grib2,0.0,Already_Downloaded
2018-01-06,00Z,gdas1.fnl.0p25.2018010600.f00.grib2,0.0,Already_Downloaded
2018-01-06,06Z,gdas1.fnl.0p25.2018010606.f00.grib2,0.0,Already_Downloaded
2018-01-06,12Z,gdas1.fnl.0p25.2018010612.f00.grib2,0.0,Already_Downloaded
2018-01-06,18Z,gdas1.fnl.0p25.2018010618.f00.grib2,0.0,Already_Downloaded
2018-01-07,00Z,gdas1.fnl.0p25.2018010700.f00.grib2,0.0,Already_Downloaded
2018-01-07,06Z,gdas1.fnl.0p25.2018010706.f00.grib2,0.0,Already_Downloaded
2018-01-07,12Z,gdas1.fnl.0p25.2018010712.f00.grib2,0.0,Already_Downloaded
2018-01-07,18Z,gdas1.fnl.0p25.2018010718.f00.grib2,0.0,Already_Downloaded
2018-01-08,00Z,gdas1.fnl.0p25.2018010800.f00.grib2,0.0,Already_Downloaded
2018-01-08,06Z,gdas1.fnl.0p25.2018010806.f00.grib2,0.0,Already_Downloaded
2018-01-08,12Z,gdas1.fnl.0p25.2018010812.f00.grib2,0.0,Already_Downloaded
2018-01-08,18Z,gdas1.fnl.0p25.2018010818.f00.grib2,0.0,Already_Downloaded
2018-01-09,00Z,gdas1.fnl.0p25.2018010900.f00.grib2,0.0,Already_Downloaded
2018-01-09,06Z,gdas1.fnl.0p25.2018010906.f00.grib2,0.0,Already_Downloaded
2018-01-09,12Z,gdas1.fnl.0p25.2018010912.f00.grib2,0.0,Already_Downloaded
2018-01-09,18Z,gdas1.fnl.0p25.2018010918.f00.grib2,0.0,Already_Downloaded
2018-01-10,00Z,gdas1.fnl.0p25.2018011000.f00.grib2,0.0,Already_Downloaded
2018-01-10,06Z,gdas1.fnl.0p25.2018011006.f00.grib2,0.0,Already_Downloaded
2018-01-10,12Z,gdas1.fnl.0p25.2018011012.f00.grib2,0.0,Already_Downloaded
2018-01-10,18Z,gdas1.fnl.0p25.2018011018.f00.grib2,0.0,Already_Downloaded
2018-01-11,00Z,gdas1.fnl.0p25.2018011100.f00.grib2,0.0,Already_Downloaded
2018-01-11,06Z,gdas1.fnl.0p25.2018011106.f00.grib2,0.0,Already_Downloaded
2018-01-11,12Z,gdas1.fnl.0p25.2018011112.f00.grib2,0.0,Already_Downloaded
2018-01-11,18Z,gdas1.fnl.0p25.2018011118.f00.grib2,0.0,Already_Downloaded
2018-01-12,00Z,gdas1.fnl.0p25.2018011200.f00.grib2,0.0,Already_Downloaded
2018-01-12,06Z,gdas1.fnl.0p25.2018011206.f00.grib2,0.0,Already_Downloaded
2018-01-12,12Z,gdas1.fnl.0p25.2018011212.f00.grib2,0.0,Already_Downloaded
2018-01-12,18Z,gdas1.fnl.0p25.2018011218.f00.grib2,0.0,Already_Downloaded
2018-01-13,00Z,gdas1.fnl.0p25.2018011300.f00.grib2,0.0,Already_Downloaded
2018-01-13,06Z,gdas1.fnl.0p25.2018011306.f00.grib2,0.0,Already_Downloaded
2018-01-13,12Z,gdas1.fnl.0p25.2018011312.f00.grib2,0.0,Already_Downloaded
2018-01-13,18Z,gdas1.fnl.0p25.2018011318.f00.grib2,0.0,Already_Downloaded
2018-01-14,00Z,gdas1.fnl.0p25.2018011400.f00.grib2,0.0,Already_Downloaded
2018-01-14,06Z,gdas1.fnl.0p25.2018011406.f00.grib2,0.0,Already_Downloaded
2018-01-14,12Z,gdas1.fnl.0p25.2018011412.f00.grib2,0.0,Already_Downloaded
2018-01-14,18Z,gdas1.fnl.0p25.2018011418.f00.grib2,0.0,Already_Downloaded
2018-01-15,00Z,gdas1.fnl.0p25.2018011500.f00.grib2,0.0,Already_Downloaded
2018-01-15,06Z,gdas1.fnl.0p25.2018011506.f00.grib2,0.0,Already_Downloaded
2018-01-15,12Z,gdas1.fnl.0p25.2018011512.f00.grib2,0.0,Already_Downloaded
2018-01-15,18Z,gdas1.fnl.0p25.2018011518.f00.grib2,0.0,Already_Downloaded
2018-01-16,00Z,gdas1.fnl.0p25.2018011600.f00.grib2,0.0,Already_Downloaded
2018-01-16,06Z,gdas1.fnl.0p25.2018011606.f00.grib2,0.0,Already_Downloaded
2018-01-16,12Z,gdas1.fnl.0p25.2018011612.f00.grib2,0.0,Already_Downloaded
2018-01-16,18Z,gdas1.fnl.0p25.2018011618.f00.grib2,0.0,Already_Downloaded
2018-01-17,00Z,gdas1.fnl.0p25.2018011700.f00.grib2,0.0,Already_Downloaded
2018-01-17,06Z,gdas1.fnl.0p25.2018011706.f00.grib2,0.0,Already_Downloaded
2018-01-17,12Z,gdas1.fnl.0p25.2018011712.f00.grib2,0.0,Already_Downloaded
2018-01-17,18Z,gdas1.fnl.0p25.2018011718.f00.grib2,0.0,Already_Downloaded
2018-01-18,00Z,gdas1.fnl.0p25.2018011800.f00.grib2,0.0,Already_Downloaded
2018-01-18,06Z,gdas1.fnl.0p25.2018011806.f00.grib2,0.0,Already_Downloaded
2018-01-18,12Z,gdas1.fnl.0p25.2018011812.f00.grib2,0.0,Already_Downloaded
2018-01-18,18Z,gdas1.fnl.0p25.2018011818.f00.grib2,0.0,Already_Downloaded
2018-01-19,00Z,gdas1.fnl.0p25.2018011900.f00.grib2,0.0,Already_Downloaded
2018-01-19,06Z,gdas1.fnl.0p25.2018011906.f00.grib2,0.0,Already_Downloaded
2018-01-19,12Z,gdas1.fnl.0p25.2018011912.f00.grib2,0.0,Already_Downloaded
2018-01-19,18Z,gdas1.fnl.0p25.2018011918.f00.grib2,0.0,Already_Downloaded
2018-01-20,00Z,gdas1.fnl.0p25.2018012000.f00.grib2,0.0,Already_Downloaded
2018-01-20,06Z,gdas1.fnl.0p25.2018012006.f00.grib2,0.0,Already_Downloaded
2018-01-20,12Z,gdas1.fnl.0p25.2018012012.f00.grib2,0.0,Already_Downloaded
2018-01-20,18Z,gdas1.fnl.0p25.2018012018.f00.grib2,0.0,Already_Downloaded
2018-01-21,00Z,gdas1.fnl.0p25.2018012100.f00.grib2,0.0,Already_Downloaded
2018-01-21,06Z,gdas1.fnl.0p25.2018012106.f00.grib2,0.0,Already_Downloaded
2018-01-21,12Z,gdas1.fnl.0p25.2018012112.f00.grib2,0.0,Already_Downloaded
2018-01-21,18Z,gdas1.fnl.0p25.2018012118.f00.grib2,0.0,Already_Downloaded
2018-01-22,00Z,gdas1.fnl.0p25.2018012200.f00.grib2,0.0,Already_Downloaded
2018-01-22,06Z,gdas1.fnl.0p25.2018012206.f00.grib2,0.0,Already_Downloaded
2018-01-22,12Z,gdas1.fnl.0p25.2018012212.f00.grib2,0.0,Already_Downloaded
2018-01-22,18Z,gdas1.fnl.0p25.2018012218.f00.grib2,0.0,Already_Downloaded
2018-01-23,00Z,gdas1.fnl.0p25.2018012300.f00.grib2,0.0,Already_Downloaded
2018-01-23,06Z,gdas1.fnl.0p25.2018012306.f00.grib2,0.0,Already_Downloaded
2018-01-23,12Z,gdas1.fnl.0p25.2018012312.f00.grib2,0.0,Already_Downloaded
2018-01-23,18Z,gdas1.fnl.0p25.2018012318.f00.grib2,0.0,Already_Downloaded
2018-01-24,00Z,gdas1.fnl.0p25.2018012400.f00.grib2,0.0,Already_Downloaded
2018-01-24,06Z,gdas1.fnl.0p25.2018012406.f00.grib2,0.0,Already_Downloaded
2018-01-24,12Z,gdas1.fnl.0p25.2018012412.f00.grib2,0.0,Already_Downloaded
2018-01-24,18Z,gdas1.fnl.0p25.2018012418.f00.grib2,0.0,Already_Downloaded
2018-01-25,00Z,gdas1.fnl.0p25.2018012500.f00.grib2,0.0,Already_Downloaded
2018-01-25,06Z,gdas1.fnl.0p25.2018012506.f00.grib2,0.0,Already_Downloaded
2018-01-25,12Z,gdas1.fnl.0p25.2018012512.f00.grib2,0.0,Already_Downloaded
2018-01-25,18Z,gdas1.fnl.0p25.2018012518.f00.grib2,0.0,Already_Downloaded
2018-01-26,00Z,gdas1.fnl.0p25.2018012600.f00.grib2,0.0,Already_Downloaded
2018-01-26,06Z,gdas1.fnl.0p25.2018012606.f00.grib2,0.0,Already_Downloaded
2018-01-26,12Z,gdas1.fnl.0p25.2018012612.f00.grib2,0.0,Already_Downloaded
2018-01-26,18Z,gdas1.fnl.0p25.2018012618.f00.grib2,0.0,Already_Downloaded
2018-01-27,00Z,gdas1.fnl.0p25.2018012700.f00.grib2,0.0,Already_Downloaded
2018-01-27,06Z,gdas1.fnl.0p25.2018012706.f00.grib2,0.0,Already_Downloaded
2018-01-27,12Z,gdas1.fnl.0p25.2018012712.f00.grib2,0.0,Already_Downloaded
2018-01-27,18Z,gdas1.fnl.0p25.2018012718.f00.grib2,0.0,Already_Downloaded
2018-01-28,00Z,gdas1.fnl.0p25.2018012800.f00.grib2,0.0,Already_Downloaded
2018-01-28,06Z,gdas1.fnl.0p25.2018012806.f00.grib2,0.0,Already_Downloaded
2018-01-28,12Z,gdas1.fnl.0p25.2018012812.f00.grib2,0.0,Already_Downloaded
2018-01-28,18Z,gdas1.fnl.0p25.2018012818.f00.grib2,0.0,Already_Downloaded
2018-01-29,00Z,gdas1.fnl.0p25.2018012900.f00.grib2,0.0,Already_Downloaded
2018-01-29,06Z,gdas1.fnl.0p25.2018012906.f00.grib2,0.0,Already_Downloaded
2018-01-29,12Z,gdas1.fnl.0p25.2018012912.f00.grib2,0.0,Already_Downloaded
2018-01-29,18Z,gdas1.fnl.0p25.2018012918.f00.grib2,0.0,Already_Downloaded
2018-01-30,00Z,gdas1.fnl.0p25.2018013000.f00.grib2,0.0,Already_Downloaded
2018-01-30,06Z,gdas1.fnl.0p25.2018013006.f00.grib2,0.0,Already_Downloaded
2018-01-30,12Z,gdas1.fnl.0p25.2018013012.f00.grib2,0.0,Already_Downloaded
2018-01-30,18Z,gdas1.fnl.0p25.2018013018.f00.grib2,0.0,Already_Downloaded
2018-01-31,00Z,gdas1.fnl.0p25.2018013100.f00.grib2,0.0,Already_Downloaded
2018-01-31,06Z,gdas1.fnl.0p25.2018013106.f00.grib2,0.0,Already_Downloaded
2018-01-31,12Z,gdas1.fnl.0p25.2018013112.f00.grib2,0.0,Already_Downloaded
2018-01-31,18Z,gdas1.fnl.0p25.2018013118.f00.grib2,0.0,Already_Downloaded
2018-02-01,00Z,gdas1.fnl.0p25.2018020100.f00.grib2,0.0,Already_Downloaded
2018-02-01,06Z,gdas1.fnl.0p25.2018020106.f00.grib2,0.0,Already_Downloaded
2018-02-01,12Z,gdas1.fnl.0p25.2018020112.f00.grib2,0.0,Already_Downloaded
2018-02-01,18Z,gdas1.fnl.0p25.2018020118.f00.grib2,0.0,Already_Downloaded
2018-02-02,00Z,gdas1.fnl.0p25.2018020200.f00.grib2,0.0,Already_Downloaded
2018-02-02,06Z,gdas1.fnl.0p25.2018020206.f00.grib2,0.0,Already_Downloaded
2018-02-02,12Z,gdas1.fnl.0p25.2018020212.f00.grib2,0.0,Already_Downloaded
2018-02-02,18Z,gdas1.fnl.0p25.2018020218.f00.grib2,0.0,Already_Downloaded
2018-02-03,00Z,gdas1.fnl.0p25.2018020300.f00.grib2,0.0,Already_Downloaded
2018-02-03,06Z,gdas1.fnl.0p25.2018020306.f00.grib2,0.0,Already_Downloaded
2018-02-03,12Z,gdas1.fnl.0p25.2018020312.f00.grib2,0.0,Already_Downloaded
2018-02-03,18Z,gdas1.fnl.0p25.2018020318.f00.grib2,0.0,Already_Downloaded
2018-02-04,00Z,gdas1.fnl.0p25.2018020400.f00.grib2,0.0,Already_Downloaded
2018-02-04,06Z,gdas1.fnl.0p25.2018020406.f00.grib2,0.0,Already_Downloaded
2018-02-04,12Z,gdas1.fnl.0p25.2018020412.f00.grib2,0.0,Already_Downloaded
2018-02-04,18Z,gdas1.fnl.0p25.2018020418.f00.grib2,0.0,Already_Downloaded
2018-02-05,00Z,gdas1.fnl.0p25.2018020500.f00.grib2,0.0,Already_Downloaded
2018-02-05,06Z,gdas1.fnl.0p25.2018020506.f00.grib2,0.0,Already_Downloaded
2018-02-05,12Z,gdas1.fnl.0p25.2018020512.f00.grib2,0.0,Already_Downloaded
2018-02-05,18Z,gdas1.fnl.0p25.2018020518.f00.grib2,0.0,Already_Downloaded
2018-02-06,00Z,gdas1.fnl.0p25.2018020600.f00.grib2,0.0,Already_Downloaded
2018-02-06,06Z,gdas1.fnl.0p25.2018020606.f00.grib2,0.0,Already_Downloaded
2018-02-06,12Z,gdas1.fnl.0p25.2018020612.f00.grib2,0.0,Already_Downloaded
2018-02-06,18Z,gdas1.fnl.0p25.2018020618.f00.grib2,0.0,Already_Downloaded
2018-02-07,00Z,gdas1.fnl.0p25.2018020700.f00.grib2,0.0,Already_Downloaded
2018-02-07,06Z,gdas1.fnl.0p25.2018020706.f00.grib2,0.0,Already_Downloaded
2018-02-07,12Z,gdas1.fnl.0p25.2018020712.f00.grib2,0.0,Already_Downloaded
2018-02-07,18Z,gdas1.fnl.0p25.2018020718.f00.grib2,0.0,Already_Downloaded
2018-02-08,00Z,gdas1.fnl.0p25.2018020800.f00.grib2,0.0,Already_Downloaded
2018-02-08,06Z,gdas1.fnl.0p25.2018020806.f00.grib2,0.0,Already_Downloaded
2018-02-08,12Z,gdas1.fnl.0p25.2018020812.f00.grib2,0.0,Already_Downloaded
2018-02-08,18Z,gdas1.fnl.0p25.2018020818.f00.grib2,0.0,Already_Downloaded
2018-02-09,00Z,gdas1.fnl.0p25.2018020900.f00.grib2,0.0,Already_Downloaded
2018-02-09,06Z,gdas1.fnl.0p25.2018020906.f00.grib2,0.0,Already_Downloaded
2018-02-09,12Z,gdas1.fnl.0p25.2018020912.f00.grib2,0.0,Already_Downloaded
2018-02-09,18Z,gdas1.fnl.0p25.2018020918.f00.grib2,0.0,Already_Downloaded
2018-02-10,00Z,gdas1.fnl.0p25.2018021000.f00.grib2,0.0,Already_Downloaded
2018-02-10,06Z,gdas1.fnl.0p25.2018021006.f00.grib2,0.0,Already_Downloaded
2018-02-10,12Z,gdas1.fnl.0p25.2018021012.f00.grib2,0.0,Already_Downloaded
2018-02-10,18Z,gdas1.fnl.0p25.2018021018.f00.grib2,0.0,Already_Downloaded
2018-02-11,00Z,gdas1.fnl.0p25.2018021100.f00.grib2,0.0,Already_Downloaded
2018-02-11,06Z,gdas1.fnl.0p25.2018021106.f00.grib2,0.0,Already_Downloaded
2018-02-11,12Z,gdas1.fnl.0p25.2018021112.f00.grib2,0.0,Already_Downloaded
2018-02-11,18Z,gdas1.fnl.0p25.2018021118.f00.grib2,0.0,Already_Downloaded
2018-02-12,00Z,gdas1.fnl.0p25.2018021200.f00.grib2,0.0,Already_Downloaded
2018-02-12,06Z,gdas1.fnl.0p25.2018021206.f00.grib2,0.0,Already_Downloaded
2018-02-12,12Z,gdas1.fnl.0p25.2018021212.f00.grib2,0.0,Already_Downloaded
2018-02-12,18Z,gdas1.fnl.0p25.2018021218.f00.grib2,0.0,Already_Downloaded
2018-02-13,00Z,gdas1.fnl.0p25.2018021300.f00.grib2,0.0,Already_Downloaded
2018-02-13,06Z,gdas1.fnl.0p25.2018021306.f00.grib2,0.0,Already_Downloaded
2018-02-13,12Z,gdas1.fnl.0p25.2018021312.f00.grib2,0.0,Already_Downloaded
2018-02-13,18Z,gdas1.fnl.0p25.2018021318.f00.grib2,0.0,Already_Downloaded
2018-02-14,00Z,gdas1.fnl.0p25.2018021400.f00.grib2,0.0,Already_Downloaded
2018-02-14,06Z,gdas1.fnl.0p25.2018021406.f00.grib2,0.0,Already_Downloaded
2018-02-14,12Z,gdas1.fnl.0p25.2018021412.f00.grib2,0.0,Already_Downloaded
2018-02-14,18Z,gdas1.fnl.0p25.2018021418.f00.grib2,0.0,Already_Downloaded
2018-02-15,00Z,gdas1.fnl.0p25.2018021500.f00.grib2,0.0,Already_Downloaded
2018-02-15,06Z,gdas1.fnl.0p25.2018021506.f00.grib2,0.0,Already_Downloaded
2018-02-15,12Z,gdas1.fnl.0p25.2018021512.f00.grib2,0.0,Already_Downloaded
2018-02-15,18Z,gdas1.fnl.0p25.2018021518.f00.grib2,0.0,Already_Downloaded
2018-02-16,00Z,gdas1.fnl.0p25.2018021600.f00.grib2,0.0,Already_Downloaded
2018-02-16,06Z,gdas1.fnl.0p25.2018021606.f00.grib2,0.0,Already_Downloaded
2018-02-16,12Z,gdas1.fnl.0p25.2018021612.f00.grib2,0.0,Already_Downloaded
2018-02-16,18Z,gdas1.fnl.0p25.2018021618.f00.grib2,0.0,Already_Downloaded
2018-02-17,00Z,gdas1.fnl.0p25.2018021700.f00.grib2,0.0,Already_Downloaded
2018-02-17,06Z,gdas1.fnl.0p25.2018021706.f00.grib2,0.0,Already_Downloaded
2018-02-17,12Z,gdas1.fnl.0p25.2018021712.f00.grib2,0.0,Already_Downloaded
2018-02-17,18Z,gdas1.fnl.0p25.2018021718.f00.grib2,0.0,Already_Downloaded
2018-02-18,00Z,gdas1.fnl.0p25.2018021800.f00.grib2,0.0,Already_Downloaded
2018-02-18,06Z,gdas1.fnl.0p25.2018021806.f00.grib2,0.0,Already_Downloaded
2018-02-18,12Z,gdas1.fnl.0p25.2018021812.f00.grib2,0.0,Already_Downloaded
2018-02-18,18Z,gdas1.fnl.0p25.2018021818.f00.grib2,0.0,Already_Downloaded
2018-02-19,00Z,gdas1.fnl.0p25.2018021900.f00.grib2,0.0,Already_Downloaded
2018-02-19,06Z,gdas1.fnl.0p25.2018021906.f00.grib2,0.0,Already_Downloaded
2018-02-19,12Z,gdas1.fnl.0p25.2018021912.f00.grib2,0.0,Already_Downloaded
2018-02-19,18Z,gdas1.fnl.0p25.2018021918.f00.grib2,0.0,Already_Downloaded
2018-02-20,00Z,gdas1.fnl.0p25.2018022000.f00.grib2,0.0,Already_Downloaded
2018-02-20,06Z,gdas1.fnl.0p25.2018022006.f00.grib2,0.0,Already_Downloaded
2018-02-20,12Z,gdas1.fnl.0p25.2018022012.f00.grib2,0.0,Already_Downloaded
2018-02-20,18Z,gdas1.fnl.0p25.2018022018.f00.grib2,0.0,Already_Downloaded
2018-02-21,00Z,gdas1.fnl.0p25.2018022100.f00.grib2,0.0,Already_Downloaded
2018-02-21,06Z,gdas1.fnl.0p25.2018022106.f00.grib2,0.0,Already_Downloaded
2018-02-21,12Z,gdas1.fnl.0p25.2018022112.f00.grib2,0.0,Already_Downloaded
2018-02-21,18Z,gdas1.fnl.0p25.2018022118.f00.grib2,0.0,Already_Downloaded
2018-02-22,00Z,gdas1.fnl.0p25.2018022200.f00.grib2,0.0,Already_Downloaded
2018-02-22,06Z,gdas1.fnl.0p25.2018022206.f00.grib2,0.0,Already_Downloaded
2018-02-22,12Z,gdas1.fnl.0p25.2018022212.f00.grib2,0.0,Already_Downloaded
2018-02-22,18Z,gdas1.fnl.0p25.2018022218.f00.grib2,0.0,Already_Downloaded
2018-02-23,00Z,gdas1.fnl.0p25.2018022300.f00.grib2,0.0,Already_Downloaded
2018-02-23,06Z,gdas1.fnl.0p25.2018022306.f00.grib2,0.0,Already_Downloaded
2018-02-23,12Z,gdas1.fnl.0p25.2018022312.f00.grib2,0.0,Already_Downloaded
2018-02-23,18Z,gdas1.fnl.0p25.2018022318.f00.grib2,0.0,Already_Downloaded
2018-02-24,00Z,gdas1.fnl.0p25.2018022400.f00.grib2,0.0,Already_Downloaded
2018-02-24,06Z,gdas1.fnl.0p25.2018022406.f00.grib2,0.0,Already_Downloaded
2018-02-24,12Z,gdas1.fnl.0p25.2018022412.f00.grib2,0.0,Already_Downloaded
2018-02-24,18Z,gdas1.fnl.0p25.2018022418.f00.grib2,0.0,Already_Downloaded
2018-02-25,00Z,gdas1.fnl.0p25.2018022500.f00.grib2,0.0,Already_Downloaded
2018-02-25,06Z,gdas1.fnl.0p25.2018022506.f00.grib2,0.0,Already_Downloaded
2018-02-25,12Z,gdas1.fnl.0p25.2018022512.f00.grib2,0.0,Already_Downloaded
2018-02-25,18Z,gdas1.fnl.0p25.2018022518.f00.grib2,0.0,Already_Downloaded
2018-02-26,00Z,gdas1.fnl.0p25.2018022600.f00.grib2,0.0,Already_Downloaded
2018-02-26,06Z,gdas1.fnl.0p25.2018022606.f00.grib2,0.0,Already_Downloaded
2018-02-26,12Z,gdas1.fnl.0p25.2018022612.f00.grib2,0.0,Already_Downloaded
2018-02-26,18Z,gdas1.fnl.0p25.2018022618.f00.grib2,0.0,Already_Downloaded
2018-02-27,00Z,gdas1.fnl.0p25.2018022700.f00.grib2,0.0,Already_Downloaded
2018-02-27,06Z,gdas1.fnl.0p25.2018022706.f00.grib2,0.0,Already_Downloaded
2018-02-27,12Z,gdas1.fnl.0p25.2018022712.f00.grib2,0.0,Already_Downloaded
2018-02-27,18Z,gdas1.fnl.0p25.2018022718.f00.grib2,0.0,Already_Downloaded
2018-02-28,00Z,gdas1.fnl.0p25.2018022800.f00.grib2,0.0,Already_Downloaded
2018-02-28,06Z,gdas1.fnl.0p25.2018022806.f00.grib2,0.0,Already_Downloaded
2018-02-28,12Z,gdas1.fnl.0p25.2018022812.f00.grib2,0.0,Already_Downloaded
2018-02-28,18Z,gdas1.fnl.0p25.2018022818.f00.grib2,0.0,Already_Downloaded
2018-03-01,00Z,gdas1.fnl.0p25.2018030100.f00.grib2,0.0,Already_Downloaded
2018-03-01,06Z,gdas1.fnl.0p25.2018030106.f00.grib2,0.0,Already_Downloaded
2018-03-01,12Z,gdas1.fnl.0p25.2018030112.f00.grib2,0.0,Already_Downloaded
2018-03-01,18Z,gdas1.fnl.0p25.2018030118.f00.grib2,0.0,Already_Downloaded
2018-03-02,00Z,gdas1.fnl.0p25.2018030200.f00.grib2,0.0,Already_Downloaded
2018-03-02,06Z,gdas1.fnl.0p25.2018030206.f00.grib2,0.0,Already_Downloaded
2018-03-02,12Z,gdas1.fnl.0p25.2018030212.f00.grib2,0.0,Already_Downloaded
2018-03-02,18Z,gdas1.fnl.0p25.2018030218.f00.grib2,0.0,Already_Downloaded
2018-03-03,00Z,gdas1.fnl.0p25.2018030300.f00.grib2,0.0,Already_Downloaded
2018-03-03,06Z,gdas1.fnl.0p25.2018030306.f00.grib2,0.0,Already_Downloaded
2018-03-03,12Z,gdas1.fnl.0p25.2018030312.f00.grib2,0.0,Already_Downloaded
2018-03-03,18Z,gdas1.fnl.0p25.2018030318.f00.grib2,0.0,Already_Downloaded
2018-03-04,00Z,gdas1.fnl.0p25.2018030400.f00.grib2,0.0,Already_Downloaded
2018-03-04,06Z,gdas1.fnl.0p25.2018030406.f00.grib2,0.0,Already_Downloaded
2018-03-04,12Z,gdas1.fnl.0p25.2018030412.f00.grib2,0.0,Already_Downloaded
2018-03-04,18Z,gdas1.fnl.0p25.2018030418.f00.grib2,0.0,Already_Downloaded
2018-03-05,00Z,gdas1.fnl.0p25.2018030500.f00.grib2,0.0,Already_Downloaded
2018-03-05,06Z,gdas1.fnl.0p25.2018030506.f00.grib2,0.0,Already_Downloaded
2018-03-05,12Z,gdas1.fnl.0p25.2018030512.f00.grib2,0.0,Already_Downloaded
2018-03-05,18Z,gdas1.fnl.0p25.2018030518.f00.grib2,0.0,Already_Downloaded
2018-03-06,00Z,gdas1.fnl.0p25.2018030600.f00.grib2,0.0,Already_Downloaded
2018-03-06,06Z,gdas1.fnl.0p25.2018030606.f00.grib2,0.0,Already_Downloaded
2018-03-06,12Z,gdas1.fnl.0p25.2018030612.f00.grib2,0.0,Already_Downloaded
2018-03-06,18Z,gdas1.fnl.0p25.2018030618.f00.grib2,0.0,Already_Downloaded
2018-03-07,00Z,gdas1.fnl.0p25.2018030700.f00.grib2,0.0,Already_Downloaded
2018-03-07,06Z,gdas1.fnl.0p25.2018030706.f00.grib2,0.0,Already_Downloaded
2018-03-07,12Z,gdas1.fnl.0p25.2018030712.f00.grib2,0.0,Already_Downloaded
2018-03-07,18Z,gdas1.fnl.0p25.2018030718.f00.grib2,0.0,Already_Downloaded
2018-03-08,00Z,gdas1.fnl.0p25.2018030800.f00.grib2,0.0,Already_Downloaded
2018-03-08,06Z,gdas1.fnl.0p25.2018030806.f00.grib2,0.0,Already_Downloaded
2018-03-08,12Z,gdas1.fnl.0p25.2018030812.f00.grib2,0.0,Already_Downloaded
2018-03-08,18Z,gdas1.fnl.0p25.2018030818.f00.grib2,0.0,Already_Downloaded
2018-03-09,00Z,gdas1.fnl.0p25.2018030900.f00.grib2,0.0,Already_Downloaded
2018-03-09,06Z,gdas1.fnl.0p25.2018030906.f00.grib2,0.0,Already_Downloaded
2018-03-09,12Z,gdas1.fnl.0p25.2018030912.f00.grib2,0.0,Already_Downloaded
2018-03-09,18Z,gdas1.fnl.0p25.2018030918.f00.grib2,0.0,Already_Downloaded
2018-03-10,00Z,gdas1.fnl.0p25.2018031000.f00.grib2,0.0,Already_Downloaded
2018-03-10,06Z,gdas1.fnl.0p25.2018031006.f00.grib2,0.0,Already_Downloaded
2018-03-10,12Z,gdas1.fnl.0p25.2018031012.f00.grib2,0.0,Already_Downloaded
2018-03-10,18Z,gdas1.fnl.0p25.2018031018.f00.grib2,0.0,Already_Downloaded
2018-03-11,00Z,gdas1.fnl.0p25.2018031100.f00.grib2,0.0,Already_Downloaded
2018-03-11,06Z,gdas1.fnl.0p25.2018031106.f00.grib2,0.0,Already_Downloaded
2018-03-11,12Z,gdas1.fnl.0p25.2018031112.f00.grib2,0.0,Already_Downloaded
2018-03-11,18Z,gdas1.fnl.0p25.2018031118.f00.grib2,0.0,Already_Downloaded
2018-03-12,00Z,gdas1.fnl.0p25.2018031200.f00.grib2,0.0,Already_Downloaded
2018-03-12,06Z,gdas1.fnl.0p25.2018031206.f00.grib2,0.0,Already_Downloaded
2018-03-12,12Z,gdas1.fnl.0p25.2018031212.f00.grib2,0.0,Already_Downloaded
2018-03-12,18Z,gdas1.fnl.0p25.2018031218.f00.grib2,0.0,Already_Downloaded
2018-03-13,00Z,gdas1.fnl.0p25.2018031300.f00.grib2,0.0,Already_Downloaded
2018-03-13,06Z,gdas1.fnl.0p25.2018031306.f00.grib2,0.0,Already_Downloaded
2018-03-13,12Z,gdas1.fnl.0p25.2018031312.f00.grib2,0.0,Already_Downloaded
2018-03-13,18Z,gdas1.fnl.0p25.2018031318.f00.grib2,0.0,Already_Downloaded
2018-03-14,00Z,gdas1.fnl.0p25.2018031400.f00.grib2,0.0,Already_Downloaded
2018-03-14,06Z,gdas1.fnl.0p25.2018031406.f00.grib2,0.0,Already_Downloaded
2018-03-14,12Z,gdas1.fnl.0p25.2018031412.f00.grib2,0.0,Already_Downloaded
2018-03-14,18Z,gdas1.fnl.0p25.2018031418.f00.grib2,0.0,Already_Downloaded
2018-03-15,00Z,gdas1.fnl.0p25.2018031500.f00.grib2,0.0,Already_Downloaded
2018-03-15,06Z,gdas1.fnl.0p25.2018031506.f00.grib2,0.0,Already_Downloaded
2018-03-15,12Z,gdas1.fnl.0p25.2018031512.f00.grib2,0.0,Already_Downloaded
2018-03-15,18Z,gdas1.fnl.0p25.2018031518.f00.grib2,0.0,Already_Downloaded
2018-03-16,00Z,gdas1.fnl.0p25.2018031600.f00.grib2,0.0,Already_Downloaded
2018-03-16,06Z,gdas1.fnl.0p25.2018031606.f00.grib2,0.0,Already_Downloaded
2018-03-16,12Z,gdas1.fnl.0p25.2018031612.f00.grib2,0.0,Already_Downloaded
2018-03-16,18Z,gdas1.fnl.0p25.2018031618.f00.grib2,0.0,Already_Downloaded
2018-03-17,00Z,gdas1.fnl.0p25.2018031700.f00.grib2,0.0,Already_Downloaded
2018-03-17,06Z,gdas1.fnl.0p25.2018031706.f00.grib2,0.0,Already_Downloaded
2018-03-17,12Z,gdas1.fnl.0p25.2018031712.f00.grib2,0.0,Already_Downloaded
2018-03-17,18Z,gdas1.fnl.0p25.2018031718.f00.grib2,0.0,Already_Downloaded
2018-03-18,00Z,gdas1.fnl.0p25.2018031800.f00.grib2,0.0,Already_Downloaded
2018-03-18,06Z,gdas1.fnl.0p25.2018031806.f00.grib2,0.0,Already_Downloaded
2018-03-18,12Z,gdas1.fnl.0p25.2018031812.f00.grib2,0.0,Already_Downloaded
2018-03-18,18Z,gdas1.fnl.0p25.2018031818.f00.grib2,0.0,Already_Downloaded
2018-03-19,00Z,gdas1.fnl.0p25.2018031900.f00.grib2,0.0,Already_Downloaded
2018-03-19,06Z,gdas1.fnl.0p25.2018031906.f00.grib2,0.0,Already_Downloaded
2018-03-19,12Z,gdas1.fnl.0p25.2018031912.f00.grib2,0.0,Already_Downloaded
2018-03-19,18Z,gdas1.fnl.0p25.2018031918.f00.grib2,0.0,Already_Downloaded
2018-03-20,00Z,gdas1.fnl.0p25.2018032000.f00.grib2,0.0,Already_Downloaded
2018-03-20,06Z,gdas1.fnl.0p25.2018032006.f00.grib2,0.0,Already_Downloaded
2018-03-20,12Z,gdas1.fnl.0p25.2018032012.f00.grib2,0.0,Already_Downloaded
2018-03-20,18Z,gdas1.fnl.0p25.2018032018.f00.grib2,0.0,Already_Downloaded
2018-03-21,00Z,gdas1.fnl.0p25.2018032100.f00.grib2,0.0,Already_Downloaded
2018-03-21,06Z,gdas1.fnl.0p25.2018032106.f00.grib2,0.0,Already_Downloaded
2018-03-21,12Z,gdas1.fnl.0p25.2018032112.f00.grib2,0.0,Already_Downloaded
2018-03-21,18Z,gdas1.fnl.0p25.2018032118.f00.grib2,0.0,Already_Downloaded
2018-03-22,00Z,gdas1.fnl.0p25.2018032200.f00.grib2,0.0,Already_Downloaded
2018-03-22,06Z,gdas1.fnl.0p25.2018032206.f00.grib2,0.0,Already_Downloaded
2018-03-22,12Z,gdas1.fnl.0p25.2018032212.f00.grib2,0.0,Already_Downloaded
2018-03-22,18Z,gdas1.fnl.0p25.2018032218.f00.grib2,0.0,Already_Downloaded
2018-03-23,00Z,gdas1.fnl.0p25.2018032300.f00.grib2,0.0,Already_Downloaded
2018-03-23,06Z,gdas1.fnl.0p25.2018032306.f00.grib2,0.0,Already_Downloaded
2018-03-23,12Z,gdas1.fnl.0p25.2018032312.f00.grib2,0.0,Already_Downloaded
2018-03-23,18Z,gdas1.fnl.0p25.2018032318.f00.grib2,0.0,Already_Downloaded
2018-03-24,00Z,gdas1.fnl.0p25.2018032400.f00.grib2,0.0,Already_Downloaded
2018-03-24,06Z,gdas1.fnl.0p25.2018032406.f00.grib2,0.0,Already_Downloaded
2018-03-24,12Z,gdas1.fnl.0p25.2018032412.f00.grib2,0.0,Already_Downloaded
2018-03-24,18Z,gdas1.fnl.0p25.2018032418.f00.grib2,0.0,Already_Downloaded
2018-03-25,00Z,gdas1.fnl.0p25.2018032500.f00.grib2,0.0,Already_Downloaded
2018-03-25,06Z,gdas1.fnl.0p25.2018032506.f00.grib2,0.0,Already_Downloaded
2018-03-25,12Z,gdas1.fnl.0p25.2018032512.f00.grib2,0.0,Already_Downloaded
2018-03-25,18Z,gdas1.fnl.0p25.2018032518.f00.grib2,0.0,Already_Downloaded
2018-03-26,00Z,gdas1.fnl.0p25.2018032600.f00.grib2,0.0,Already_Downloaded
2018-03-26,06Z,gdas1.fnl.0p25.2018032606.f00.grib2,0.0,Already_Downloaded
2018-03-26,12Z,gdas1.fnl.0p25.2018032612.f00.grib2,0.0,Already_Downloaded
2018-03-26,18Z,gdas1.fnl.0p25.2018032618.f00.grib2,0.0,Already_Downloaded
2018-03-27,00Z,gdas1.fnl.0p25.2018032700.f00.grib2,0.0,Already_Downloaded
2018-03-27,06Z,gdas1.fnl.0p25.2018032706.f00.grib2,0.0,Already_Downloaded
2018-03-27,12Z,gdas1.fnl.0p25.2018032712.f00.grib2,0.0,Already_Downloaded
2018-03-27,18Z,gdas1.fnl.0p25.2018032718.f00.grib2,0.0,Already_Downloaded
2018-03-28,00Z,gdas1.fnl.0p25.2018032800.f00.grib2,0.0,Already_Downloaded
2018-03-28,06Z,gdas1.fnl.0p25.2018032806.f00.grib2,0.0,Already_Downloaded
2018-03-28,12Z,gdas1.fnl.0p25.2018032812.f00.grib2,0.0,Already_Downloaded
2018-03-28,18Z,gdas1.fnl.0p25.2018032818.f00.grib2,0.0,Already_Downloaded
2018-03-29,00Z,gdas1.fnl.0p25.2018032900.f00.grib2,0.0,Already_Downloaded
2018-03-29,06Z,gdas1.fnl.0p25.2018032906.f00.grib2,0.0,Already_Downloaded
2018-03-29,12Z,gdas1.fnl.0p25.2018032912.f00.grib2,0.0,Already_Downloaded
2018-03-29,18Z,gdas1.fnl.0p25.2018032918.f00.grib2,0.0,Already_Downloaded
2018-03-30,00Z,gdas1.fnl.0p25.2018033000.f00.grib2,0.0,Already_Downloaded
2018-03-30,06Z,gdas1.fnl.0p25.2018033006.f00.grib2,0.0,Already_Downloaded
2018-03-30,12Z,gdas1.fnl.0p25.2018033012.f00.grib2,0.0,Already_Downloaded
2018-03-30,18Z,gdas1.fnl.0p25.2018033018.f00.grib2,0.0,Already_Downloaded
2018-03-31,00Z,gdas1.fnl.0p25.2018033100.f00.grib2,0.0,Already_Downloaded
2018-03-31,06Z,gdas1.fnl.0p25.2018033106.f00.grib2,0.0,Already_Downloaded
2018-03-31,12Z,gdas1.fnl.0p25.2018033112.f00.grib2,0.0,Already_Downloaded
2018-03-31,18Z,gdas1.fnl.0p25.2018033118.f00.grib2,0.0,Already_Downloaded
2018-04-01,00Z,gdas1.fnl.0p25.2018040100.f00.grib2,0.0,Already_Downloaded
2018-04-01,06Z,gdas1.fnl.0p25.2018040106.f00.grib2,0.0,Already_Downloaded
2018-04-01,12Z,gdas1.fnl.0p25.2018040112.f00.grib2,0.0,Already_Downloaded
2018-04-01,18Z,gdas1.fnl.0p25.2018040118.f00.grib2,0.0,Already_Downloaded
2018-04-02,00Z,gdas1.fnl.0p25.2018040200.f00.grib2,0.0,Already_Downloaded
2018-04-02,06Z,gdas1.fnl.0p25.2018040206.f00.grib2,0.0,Already_Downloaded
2018-04-02,12Z,gdas1.fnl.0p25.2018040212.f00.grib2,0.0,Already_Downloaded
2018-04-02,18Z,gdas1.fnl.0p25.2018040218.f00.grib2,0.0,Already_Downloaded
2018-04-03,00Z,gdas1.fnl.0p25.2018040300.f00.grib2,0.0,Already_Downloaded
2018-04-03,06Z,gdas1.fnl.0p25.2018040306.f00.grib2,0.0,Already_Downloaded
2018-04-03,12Z,gdas1.fnl.0p25.2018040312.f00.grib2,0.0,Already_Downloaded
2018-04-03,18Z,gdas1.fnl.0p25.2018040318.f00.grib2,0.0,Already_Downloaded
2018-04-04,00Z,gdas1.fnl.0p25.2018040400.f00.grib2,0.0,Already_Downloaded
2018-04-04,06Z,gdas1.fnl.0p25.2018040406.f00.grib2,0.0,Already_Downloaded
2018-04-04,12Z,gdas1.fnl.0p25.2018040412.f00.grib2,0.0,Already_Downloaded
2018-04-04,18Z,gdas1.fnl.0p25.2018040418.f00.grib2,0.0,Already_Downloaded
2018-04-05,00Z,gdas1.fnl.0p25.2018040500.f00.grib2,0.0,Already_Downloaded
2018-04-05,06Z,gdas1.fnl.0p25.2018040506.f00.grib2,0.0,Already_Downloaded
2018-04-05,12Z,gdas1.fnl.0p25.2018040512.f00.grib2,0.0,Already_Downloaded
2018-04-05,18Z,gdas1.fnl.0p25.2018040518.f00.grib2,0.0,Already_Downloaded
2018-04-06,00Z,gdas1.fnl.0p25.2018040600.f00.grib2,0.0,Already_Downloaded
2018-04-06,06Z,gdas1.fnl.0p25.2018040606.f00.grib2,0.0,Already_Downloaded
2018-04-06,12Z,gdas1.fnl.0p25.2018040612.f00.grib2,0.0,Already_Downloaded
2018-04-06,18Z,gdas1.fnl.0p25.2018040618.f00.grib2,0.0,Already_Downloaded
2018-04-07,00Z,gdas1.fnl.0p25.2018040700.f00.grib2,0.0,Already_Downloaded
2018-04-07,06Z,gdas1.fnl.0p25.2018040706.f00.grib2,0.0,Already_Downloaded
2018-04-07,12Z,gdas1.fnl.0p25.2018040712.f00.grib2,0.0,Already_Downloaded
2018-04-07,18Z,gdas1.fnl.0p25.2018040718.f00.grib2,0.0,Already_Downloaded
2018-04-08,00Z,gdas1.fnl.0p25.2018040800.f00.grib2,0.0,Already_Downloaded
2018-04-08,06Z,gdas1.fnl.0p25.2018040806.f00.grib2,0.0,Already_Downloaded
2018-04-08,12Z,gdas1.fnl.0p25.2018040812.f00.grib2,0.0,Already_Downloaded
2018-04-08,18Z,gdas1.fnl.0p25.2018040818.f00.grib2,0.0,Already_Downloaded
2018-04-09,00Z,gdas1.fnl.0p25.2018040900.f00.grib2,0.0,Already_Downloaded
2018-04-09,06Z,gdas1.fnl.0p25.2018040906.f00.grib2,0.0,Already_Downloaded
2018-04-09,12Z,gdas1.fnl.0p25.2018040912.f00.grib2,0.0,Already_Downloaded
2018-04-09,18Z,gdas1.fnl.0p25.2018040918.f00.grib2,0.0,Already_Downloaded
2018-04-10,00Z,gdas1.fnl.0p25.2018041000.f00.grib2,0.0,Already_Downloaded
2018-04-10,06Z,gdas1.fnl.0p25.2018041006.f00.grib2,0.0,Already_Downloaded
2018-04-10,12Z,gdas1.fnl.0p25.2018041012.f00.grib2,0.0,Already_Downloaded
2018-04-10,18Z,gdas1.fnl.0p25.2018041018.f00.grib2,0.0,Already_Downloaded
2018-04-11,00Z,gdas1.fnl.0p25.2018041100.f00.grib2,0.0,Already_Downloaded
2018-04-11,06Z,gdas1.fnl.0p25.2018041106.f00.grib2,0.0,Already_Downloaded
2018-04-11,12Z,gdas1.fnl.0p25.2018041112.f00.grib2,0.0,Already_Downloaded
2018-04-11,18Z,gdas1.fnl.0p25.2018041118.f00.grib2,0.0,Already_Downloaded
2018-04-12,00Z,gdas1.fnl.0p25.2018041200.f00.grib2,0.0,Already_Downloaded
2018-04-12,06Z,gdas1.fnl.0p25.2018041206.f00.grib2,0.0,Already_Downloaded
2018-04-12,12Z,gdas1.fnl.0p25.2018041212.f00.grib2,0.0,Already_Downloaded
2018-04-12,18Z,gdas1.fnl.0p25.2018041218.f00.grib2,0.0,Already_Downloaded
2018-04-13,00Z,gdas1.fnl.0p25.2018041300.f00.grib2,0.0,Already_Downloaded
2018-04-13,06Z,gdas1.fnl.0p25.2018041306.f00.grib2,0.0,Already_Downloaded
2018-04-13,12Z,gdas1.fnl.0p25.2018041312.f00.grib2,0.0,Already_Downloaded
2018-04-13,18Z,gdas1.fnl.0p25.2018041318.f00.grib2,0.0,Already_Downloaded
2018-04-14,00Z,gdas1.fnl.0p25.2018041400.f00.grib2,0.0,Already_Downloaded
2018-04-14,06Z,gdas1.fnl.0p25.2018041406.f00.grib2,0.0,Already_Downloaded
2018-04-14,12Z,gdas1.fnl.0p25.2018041412.f00.grib2,0.0,Already_Downloaded
2018-04-14,18Z,gdas1.fnl.0p25.2018041418.f00.grib2,0.0,Already_Downloaded
2018-04-15,00Z,gdas1.fnl.0p25.2018041500.f00.grib2,0.0,Already_Downloaded
2018-04-15,06Z,gdas1.fnl.0p25.2018041506.f00.grib2,0.0,Already_Downloaded
2018-04-15,12Z,gdas1.fnl.0p25.2018041512.f00.grib2,0.0,Already_Downloaded
2018-04-15,18Z,gdas1.fnl.0p25.2018041518.f00.grib2,0.0,Already_Downloaded
2018-04-16,00Z,gdas1.fnl.0p25.2018041600.f00.grib2,0.0,Already_Downloaded
2018-04-16,06Z,gdas1.fnl.0p25.2018041606.f00.grib2,0.0,Already_Downloaded
2018-04-16,12Z,gdas1.fnl.0p25.2018041612.f00.grib2,0.0,Already_Downloaded
2018-04-16,18Z,gdas1.fnl.0p25.2018041618.f00.grib2,0.0,Already_Downloaded
2018-04-17,00Z,gdas1.fnl.0p25.2018041700.f00.grib2,0.0,Already_Downloaded
2018-04-17,06Z,gdas1.fnl.0p25.2018041706.f00.grib2,0.0,Already_Downloaded
2018-04-17,12Z,gdas1.fnl.0p25.2018041712.f00.grib2,0.0,Already_Downloaded
2018-04-17,18Z,gdas1.fnl.0p25.2018041718.f00.grib2,0.0,Already_Downloaded
2018-04-18,00Z,gdas1.fnl.0p25.2018041800.f00.grib2,0.0,Already_Downloaded
2018-04-18,06Z,gdas1.fnl.0p25.2018041806.f00.grib2,0.0,Already_Downloaded
2018-04-18,12Z,gdas1.fnl.0p25.2018041812.f00.grib2,0.0,Already_Downloaded
2018-04-18,18Z,gdas1.fnl.0p25.2018041818.f00.grib2,0.0,Already_Downloaded
2018-04-19,00Z,gdas1.fnl.0p25.2018041900.f00.grib2,0.0,Already_Downloaded
2018-04-19,06Z,gdas1.fnl.0p25.2018041906.f00.grib2,0.0,Already_Downloaded
2018-04-19,12Z,gdas1.fnl.0p25.2018041912.f00.grib2,0.0,Already_Downloaded
2018-04-19,18Z,gdas1.fnl.0p25.2018041918.f00.grib2,0.0,Already_Downloaded
2018-04-20,00Z,gdas1.fnl.0p25.2018042000.f00.grib2,0.0,Already_Downloaded
2018-04-20,06Z,gdas1.fnl.0p25.2018042006.f00.grib2,0.0,Already_Downloaded
2018-04-20,12Z,gdas1.fnl.0p25.2018042012.f00.grib2,0.0,Already_Downloaded
2018-04-20,18Z,gdas1.fnl.0p25.2018042018.f00.grib2,0.0,Already_Downloaded
2018-04-21,00Z,gdas1.fnl.0p25.2018042100.f00.grib2,0.0,Already_Downloaded
2018-04-21,06Z,gdas1.fnl.0p25.2018042106.f00.grib2,0.0,Already_Downloaded
2018-04-21,12Z,gdas1.fnl.0p25.2018042112.f00.grib2,0.0,Already_Downloaded
2018-04-21,18Z,gdas1.fnl.0p25.2018042118.f00.grib2,0.0,Already_Downloaded
2018-04-22,00Z,gdas1.fnl.0p25.2018042200.f00.grib2,0.0,Already_Downloaded
2018-04-22,06Z,gdas1.fnl.0p25.2018042206.f00.grib2,0.0,Already_Downloaded
2018-04-22,12Z,gdas1.fnl.0p25.2018042212.f00.grib2,0.0,Already_Downloaded
2018-04-22,18Z,gdas1.fnl.0p25.2018042218.f00.grib2,0.0,Already_Downloaded
2018-04-23,00Z,gdas1.fnl.0p25.2018042300.f00.grib2,0.0,Already_Downloaded
2018-04-23,06Z,gdas1.fnl.0p25.2018042306.f00.grib2,0.0,Already_Downloaded
2018-04-23,12Z,gdas1.fnl.0p25.2018042312.f00.grib2,0.0,Already_Downloaded
2018-04-23,18Z,gdas1.fnl.0p25.2018042318.f00.grib2,0.0,Already_Downloaded
2018-04-24,00Z,gdas1.fnl.0p25.2018042400.f00.grib2,0.0,Already_Downloaded
2018-04-24,06Z,gdas1.fnl.0p25.2018042406.f00.grib2,0.0,Already_Downloaded
2018-04-24,12Z,gdas1.fnl.0p25.2018042412.f00.grib2,0.0,Already_Downloaded
2018-04-24,18Z,gdas1.fnl.0p25.2018042418.f00.grib2,0.0,Already_Downloaded
2018-04-25,00Z,gdas1.fnl.0p25.2018042500.f00.grib2,0.0,Already_Downloaded
2018-04-25,06Z,gdas1.fnl.0p25.2018042506.f00.grib2,0.0,Already_Downloaded
2018-04-25,12Z,gdas1.fnl.0p25.2018042512.f00.grib2,0.0,Already_Downloaded
2018-04-25,18Z,gdas1.fnl.0p25.2018042518.f00.grib2,0.0,Already_Downloaded
2018-04-26,00Z,gdas1.fnl.0p25.2018042600.f00.grib2,0.0,Already_Downloaded
2018-04-26,06Z,gdas1.fnl.0p25.2018042606.f00.grib2,0.0,Already_Downloaded
2018-04-26,12Z,gdas1.fnl.0p25.2018042612.f00.grib2,0.0,Already_Downloaded
2018-04-26,18Z,gdas1.fnl.0p25.2018042618.f00.grib2,0.0,Already_Downloaded
2018-04-27,00Z,gdas1.fnl.0p25.2018042700.f00.grib2,0.0,Already_Downloaded
2018-04-27,06Z,gdas1.fnl.0p25.2018042706.f00.grib2,0.0,Already_Downloaded
2018-04-27,12Z,gdas1.fnl.0p25.2018042712.f00.grib2,0.0,Already_Downloaded
2018-04-27,18Z,gdas1.fnl.0p25.2018042718.f00.grib2,0.0,Already_Downloaded
2018-04-28,00Z,gdas1.fnl.0p25.2018042800.f00.grib2,0.0,Already_Downloaded
2018-04-28,06Z,gdas1.fnl.0p25.2018042806.f00.grib2,0.0,Already_Downloaded
2018-04-28,12Z,gdas1.fnl.0p25.2018042812.f00.grib2,0.0,Already_Downloaded
2018-04-28,18Z,gdas1.fnl.0p25.2018042818.f00.grib2,0.0,Already_Downloaded
2018-04-29,00Z,gdas1.fnl.0p25.2018042900.f00.grib2,0.0,Already_Downloaded
2018-04-29,06Z,gdas1.fnl.0p25.2018042906.f00.grib2,0.0,Already_Downloaded
2018-04-29,12Z,gdas1.fnl.0p25.2018042912.f00.grib2,0.0,Already_Downloaded
2018-04-29,18Z,gdas1.fnl.0p25.2018042918.f00.grib2,0.0,Already_Downloaded
2018-04-30,00Z,gdas1.fnl.0p25.2018043000.f00.grib2,0.0,Already_Downloaded
2018-04-30,06Z,gdas1.fnl.0p25.2018043006.f00.grib2,0.0,Already_Downloaded
2018-04-30,12Z,gdas1.fnl.0p25.2018043012.f00.grib2,0.0,Already_Downloaded
2018-04-30,18Z,gdas1.fnl.0p25.2018043018.f00.grib2,0.0,Already_Downloaded
2018-05-01,00Z,gdas1.fnl.0p25.2018050100.f00.grib2,0.0,Already_Downloaded
2018-05-01,06Z,gdas1.fnl.0p25.2018050106.f00.grib2,0.0,Already_Downloaded
2018-05-01,12Z,gdas1.fnl.0p25.2018050112.f00.grib2,0.0,Already_Downloaded
2018-05-01,18Z,gdas1.fnl.0p25.2018050118.f00.grib2,0.0,Already_Downloaded
2018-05-02,00Z,gdas1.fnl.0p25.2018050200.f00.grib2,0.0,Already_Downloaded
2018-05-02,06Z,gdas1.fnl.0p25.2018050206.f00.grib2,0.0,Already_Downloaded
2018-05-02,12Z,gdas1.fnl.0p25.2018050212.f00.grib2,0.0,Already_Downloaded
2018-05-02,18Z,gdas1.fnl.0p25.2018050218.f00.grib2,0.0,Already_Downloaded
2018-05-03,00Z,gdas1.fnl.0p25.2018050300.f00.grib2,0.0,Already_Downloaded
2018-05-03,06Z,gdas1.fnl.0p25.2018050306.f00.grib2,0.0,Already_Downloaded
2018-05-03,12Z,gdas1.fnl.0p25.2018050312.f00.grib2,0.0,Already_Downloaded
2018-05-03,18Z,gdas1.fnl.0p25.2018050318.f00.grib2,0.0,Already_Downloaded
2018-05-04,00Z,gdas1.fnl.0p25.2018050400.f00.grib2,0.0,Already_Downloaded
2018-05-04,06Z,gdas1.fnl.0p25.2018050406.f00.grib2,0.0,Already_Downloaded
2018-05-04,12Z,gdas1.fnl.0p25.2018050412.f00.grib2,0.0,Already_Downloaded
2018-05-04,18Z,gdas1.fnl.0p25.2018050418.f00.grib2,0.0,Already_Downloaded
2018-05-05,00Z,gdas1.fnl.0p25.2018050500.f00.grib2,0.0,Already_Downloaded
2018-05-05,06Z,gdas1.fnl.0p25.2018050506.f00.grib2,0.0,Already_Downloaded
2018-05-05,12Z,gdas1.fnl.0p25.2018050512.f00.grib2,0.0,Already_Downloaded
2018-05-05,18Z,gdas1.fnl.0p25.2018050518.f00.grib2,0.0,Already_Downloaded
2018-05-06,00Z,gdas1.fnl.0p25.2018050600.f00.grib2,0.0,Already_Downloaded
2018-05-06,06Z,gdas1.fnl.0p25.2018050606.f00.grib2,0.0,Already_Downloaded
2018-05-06,12Z,gdas1.fnl.0p25.2018050612.f00.grib2,0.0,Already_Downloaded
2018-05-06,18Z,gdas1.fnl.0p25.2018050618.f00.grib2,0.0,Already_Downloaded
2018-05-07,00Z,gdas1.fnl.0p25.2018050700.f00.grib2,0.0,Already_Downloaded
2018-05-07,06Z,gdas1.fnl.0p25.2018050706.f00.grib2,0.0,Already_Downloaded
2018-05-07,12Z,gdas1.fnl.0p25.2018050712.f00.grib2,0.0,Already_Downloaded
2018-05-07,18Z,gdas1.fnl.0p25.2018050718.f00.grib2,0.0,Already_Downloaded
2018-05-08,00Z,gdas1.fnl.0p25.2018050800.f00.grib2,0.0,Already_Downloaded
2018-05-08,06Z,gdas1.fnl.0p25.2018050806.f00.grib2,0.0,Already_Downloaded
2018-05-08,12Z,gdas1.fnl.0p25.2018050812.f00.grib2,0.0,Already_Downloaded
2018-05-08,18Z,gdas1.fnl.0p25.2018050818.f00.grib2,0.0,Already_Downloaded
2018-05-09,00Z,gdas1.fnl.0p25.2018050900.f00.grib2,0.0,Already_Downloaded
2018-05-09,06Z,gdas1.fnl.0p25.2018050906.f00.grib2,0.0,Already_Downloaded
2018-05-09,12Z,gdas1.fnl.0p25.2018050912.f00.grib2,0.0,Already_Downloaded
2018-05-09,18Z,gdas1.fnl.0p25.2018050918.f00.grib2,0.0,Already_Downloaded
2018-05-10,00Z,gdas1.fnl.0p25.2018051000.f00.grib2,0.0,Already_Downloaded
2018-05-10,06Z,gdas1.fnl.0p25.2018051006.f00.grib2,0.0,Already_Downloaded
2018-05-10,12Z,gdas1.fnl.0p25.2018051012.f00.grib2,0.0,Already_Downloaded
2018-05-10,18Z,gdas1.fnl.0p25.2018051018.f00.grib2,0.0,Already_Downloaded
2018-05-11,00Z,gdas1.fnl.0p25.2018051100.f00.grib2,0.0,Already_Downloaded
2018-05-11,06Z,gdas1.fnl.0p25.2018051106.f00.grib2,0.0,Already_Downloaded
2018-05-11,12Z,gdas1.fnl.0p25.2018051112.f00.grib2,0.0,Already_Downloaded
2018-05-11,18Z,gdas1.fnl.0p25.2018051118.f00.grib2,0.0,Already_Downloaded
2018-05-12,00Z,gdas1.fnl.0p25.2018051200.f00.grib2,0.0,Already_Downloaded
2018-05-12,06Z,gdas1.fnl.0p25.2018051206.f00.grib2,0.0,Already_Downloaded
2018-05-12,12Z,gdas1.fnl.0p25.2018051212.f00.grib2,0.0,Already_Downloaded
2018-05-12,18Z,gdas1.fnl.0p25.2018051218.f00.grib2,0.0,Already_Downloaded
2018-05-13,00Z,gdas1.fnl.0p25.2018051300.f00.grib2,0.0,Already_Downloaded
2018-05-13,06Z,gdas1.fnl.0p25.2018051306.f00.grib2,0.0,Already_Downloaded
2018-05-13,12Z,gdas1.fnl.0p25.2018051312.f00.grib2,0.0,Already_Downloaded
2018-05-13,18Z,gdas1.fnl.0p25.2018051318.f00.grib2,0.0,Already_Downloaded
2018-05-14,00Z,gdas1.fnl.0p25.2018051400.f00.grib2,0.0,Already_Downloaded
2018-05-14,06Z,gdas1.fnl.0p25.2018051406.f00.grib2,0.0,Already_Downloaded
2018-05-14,12Z,gdas1.fnl.0p25.2018051412.f00.grib2,0.0,Already_Downloaded
2018-05-14,18Z,gdas1.fnl.0p25.2018051418.f00.grib2,0.0,Already_Downloaded
2018-05-15,00Z,gdas1.fnl.0p25.2018051500.f00.grib2,0.0,Already_Downloaded
2018-05-15,06Z,gdas1.fnl.0p25.2018051506.f00.grib2,0.0,Already_Downloaded
2018-05-15,12Z,gdas1.fnl.0p25.2018051512.f00.grib2,0.0,Already_Downloaded
2018-05-15,18Z,gdas1.fnl.0p25.2018051518.f00.grib2,0.0,Already_Downloaded
2018-05-16,00Z,gdas1.fnl.0p25.2018051600.f00.grib2,0.0,Already_Downloaded
2018-05-16,06Z,gdas1.fnl.0p25.2018051606.f00.grib2,0.0,Already_Downloaded
2018-05-16,12Z,gdas1.fnl.0p25.2018051612.f00.grib2,0.0,Already_Downloaded
2018-05-16,18Z,gdas1.fnl.0p25.2018051618.f00.grib2,0.0,Already_Downloaded
2018-05-17,00Z,gdas1.fnl.0p25.2018051700.f00.grib2,0.0,Already_Downloaded
2018-05-17,06Z,gdas1.fnl.0p25.2018051706.f00.grib2,0.0,Already_Downloaded
2018-05-17,12Z,gdas1.fnl.0p25.2018051712.f00.grib2,0.0,Already_Downloaded
2018-05-17,18Z,gdas1.fnl.0p25.2018051718.f00.grib2,0.0,Already_Downloaded
2018-05-18,00Z,gdas1.fnl.0p25.2018051800.f00.grib2,0.0,Already_Downloaded
2018-05-18,06Z,gdas1.fnl.0p25.2018051806.f00.grib2,0.0,Already_Downloaded
2018-05-18,12Z,gdas1.fnl.0p25.2018051812.f00.grib2,0.0,Already_Downloaded
2018-05-18,18Z,gdas1.fnl.0p25.2018051818.f00.grib2,0.0,Already_Downloaded
2018-05-19,00Z,gdas1.fnl.0p25.2018051900.f00.grib2,0.0,Already_Downloaded
2018-05-19,06Z,gdas1.fnl.0p25.2018051906.f00.grib2,0.0,Already_Downloaded
2018-05-19,12Z,gdas1.fnl.0p25.2018051912.f00.grib2,0.0,Already_Downloaded
2018-05-19,18Z,gdas1.fnl.0p25.2018051918.f00.grib2,0.0,Already_Downloaded
2018-05-20,00Z,gdas1.fnl.0p25.2018052000.f00.grib2,0.0,Already_Downloaded
2018-05-20,06Z,gdas1.fnl.0p25.2018052006.f00.grib2,0.0,Already_Downloaded
2018-05-20,12Z,gdas1.fnl.0p25.2018052012.f00.grib2,0.0,Already_Downloaded
2018-05-20,18Z,gdas1.fnl.0p25.2018052018.f00.grib2,0.0,Already_Downloaded
2018-05-21,00Z,gdas1.fnl.0p25.2018052100.f00.grib2,0.0,Already_Downloaded
2018-05-21,06Z,gdas1.fnl.0p25.2018052106.f00.grib2,0.0,Already_Downloaded
2018-05-21,12Z,gdas1.fnl.0p25.2018052112.f00.grib2,0.0,Already_Downloaded
2018-05-21,18Z,gdas1.fnl.0p25.2018052118.f00.grib2,0.0,Already_Downloaded
2018-05-22,00Z,gdas1.fnl.0p25.2018052200.f00.grib2,0.0,Already_Downloaded
2018-05-22,06Z,gdas1.fnl.0p25.2018052206.f00.grib2,0.0,Already_Downloaded
2018-05-22,12Z,gdas1.fnl.0p25.2018052212.f00.grib2,0.0,Already_Downloaded
2018-05-22,18Z,gdas1.fnl.0p25.2018052218.f00.grib2,0.0,Already_Downloaded
2018-05-23,00Z,gdas1.fnl.0p25.2018052300.f00.grib2,0.0,Already_Downloaded
2018-05-23,06Z,gdas1.fnl.0p25.2018052306.f00.grib2,0.0,Already_Downloaded
2018-05-23,12Z,gdas1.fnl.0p25.2018052312.f00.grib2,0.0,Already_Downloaded
2018-05-23,18Z,gdas1.fnl.0p25.2018052318.f00.grib2,0.0,Already_Downloaded
2018-05-24,00Z,gdas1.fnl.0p25.2018052400.f00.grib2,0.0,Already_Downloaded
2018-05-24,06Z,gdas1.fnl.0p25.2018052406.f00.grib2,0.0,Already_Downloaded
2018-05-24,12Z,gdas1.fnl.0p25.2018052412.f00.grib2,0.0,Already_Downloaded
2018-05-24,18Z,gdas1.fnl.0p25.2018052418.f00.grib2,0.0,Already_Downloaded
2018-05-25,00Z,gdas1.fnl.0p25.2018052500.f00.grib2,0.0,Already_Downloaded
2018-05-25,06Z,gdas1.fnl.0p25.2018052506.f00.grib2,0.0,Already_Downloaded
2018-05-25,12Z,gdas1.fnl.0p25.2018052512.f00.grib2,0.0,Already_Downloaded
2018-05-25,18Z,gdas1.fnl.0p25.2018052518.f00.grib2,0.0,Already_Downloaded
2018-05-26,00Z,gdas1.fnl.0p25.2018052600.f00.grib2,0.0,Already_Downloaded
2018-05-26,06Z,gdas1.fnl.0p25.2018052606.f00.grib2,0.0,Already_Downloaded
2018-05-26,12Z,gdas1.fnl.0p25.2018052612.f00.grib2,0.0,Already_Downloaded
2018-05-26,18Z,gdas1.fnl.0p25.2018052618.f00.grib2,0.0,Already_Downloaded
2018-05-27,00Z,gdas1.fnl.0p25.2018052700.f00.grib2,0.0,Already_Downloaded
2018-05-27,06Z,gdas1.fnl.0p25.2018052706.f00.grib2,0.0,Already_Downloaded
2018-05-27,12Z,gdas1.fnl.0p25.2018052712.f00.grib2,0.0,Already_Downloaded
2018-05-27,18Z,gdas1.fnl.0p25.2018052718.f00.grib2,0.0,Already_Downloaded
2018-05-28,00Z,gdas1.fnl.0p25.2018052800.f00.grib2,0.0,Already_Downloaded
2018-05-28,06Z,gdas1.fnl.0p25.2018052806.f00.grib2,0.0,Already_Downloaded
2018-05-28,12Z,gdas1.fnl.0p25.2018052812.f00.grib2,0.0,Already_Downloaded
2018-05-28,18Z,gdas1.fnl.0p25.2018052818.f00.grib2,0.0,Already_Downloaded
2018-05-29,00Z,gdas1.fnl.0p25.2018052900.f00.grib2,0.0,Already_Downloaded
2018-05-29,06Z,gdas1.fnl.0p25.2018052906.f00.grib2,0.0,Already_Downloaded
2018-05-29,12Z,gdas1.fnl.0p25.2018052912.f00.grib2,0.0,Already_Downloaded
2018-05-29,18Z,gdas1.fnl.0p25.2018052918.f00.grib2,0.0,Already_Downloaded
2018-05-30,00Z,gdas1.fnl.0p25.2018053000.f00.grib2,0.0,Already_Downloaded
2018-05-30,06Z,gdas1.fnl.0p25.2018053006.f00.grib2,0.0,Already_Downloaded
2018-05-30,12Z,gdas1.fnl.0p25.2018053012.f00.grib2,0.0,Already_Downloaded
2018-05-30,18Z,gdas1.fnl.0p25.2018053018.f00.grib2,0.0,Already_Downloaded
2018-05-31,00Z,gdas1.fnl.0p25.2018053100.f00.grib2,0.0,Already_Downloaded
2018-05-31,06Z,gdas1.fnl.0p25.2018053106.f00.grib2,0.0,Already_Downloaded
2018-05-31,12Z,gdas1.fnl.0p25.2018053112.f00.grib2,0.0,Already_Downloaded
2018-05-31,18Z,gdas1.fnl.0p25.2018053118.f00.grib2,0.0,Already_Downloaded
2018-06-01,00Z,gdas1.fnl.0p25.2018060100.f00.grib2,0.0,Already_Downloaded
2018-06-01,06Z,gdas1.fnl.0p25.2018060106.f00.grib2,0.0,Already_Downloaded
2018-06-01,12Z,gdas1.fnl.0p25.2018060112.f00.grib2,0.0,Already_Downloaded
2018-06-01,18Z,gdas1.fnl.0p25.2018060118.f00.grib2,0.0,Already_Downloaded
2018-06-02,00Z,gdas1.fnl.0p25.2018060200.f00.grib2,0.0,Already_Downloaded
2018-06-02,06Z,gdas1.fnl.0p25.2018060206.f00.grib2,0.0,Already_Downloaded
2018-06-02,12Z,gdas1.fnl.0p25.2018060212.f00.grib2,0.0,Already_Downloaded
2018-06-02,18Z,gdas1.fnl.0p25.2018060218.f00.grib2,0.0,Already_Downloaded
2018-06-03,00Z,gdas1.fnl.0p25.2018060300.f00.grib2,0.0,Already_Downloaded
2018-06-03,06Z,gdas1.fnl.0p25.2018060306.f00.grib2,0.0,Already_Downloaded
2018-06-03,12Z,gdas1.fnl.0p25.2018060312.f00.grib2,0.0,Already_Downloaded
2018-06-03,18Z,gdas1.fnl.0p25.2018060318.f00.grib2,0.0,Already_Downloaded
2018-06-04,00Z,gdas1.fnl.0p25.2018060400.f00.grib2,0.0,Already_Downloaded
2018-06-04,06Z,gdas1.fnl.0p25.2018060406.f00.grib2,0.0,Already_Downloaded
2018-06-04,12Z,gdas1.fnl.0p25.2018060412.f00.grib2,0.0,Already_Downloaded
2018-06-04,18Z,gdas1.fnl.0p25.2018060418.f00.grib2,0.0,Already_Downloaded
2018-06-05,00Z,gdas1.fnl.0p25.2018060500.f00.grib2,0.0,Already_Downloaded
2018-06-05,06Z,gdas1.fnl.0p25.2018060506.f00.grib2,0.0,Already_Downloaded
2018-06-05,12Z,gdas1.fnl.0p25.2018060512.f00.grib2,0.0,Already_Downloaded
2018-06-05,18Z,gdas1.fnl.0p25.2018060518.f00.grib2,0.0,Already_Downloaded
2018-06-06,00Z,gdas1.fnl.0p25.2018060600.f00.grib2,0.0,Already_Downloaded
2018-06-06,06Z,gdas1.fnl.0p25.2018060606.f00.grib2,0.0,Already_Downloaded
2018-06-06,12Z,gdas1.fnl.0p25.2018060612.f00.grib2,0.0,Already_Downloaded
2018-06-06,18Z,gdas1.fnl.0p25.2018060618.f00.grib2,0.0,Already_Downloaded
2018-06-07,00Z,gdas1.fnl.0p25.2018060700.f00.grib2,0.0,Already_Downloaded
2018-06-07,06Z,gdas1.fnl.0p25.2018060706.f00.grib2,0.0,Already_Downloaded
2018-06-07,12Z,gdas1.fnl.0p25.2018060712.f00.grib2,0.0,Already_Downloaded
2018-06-07,18Z,gdas1.fnl.0p25.2018060718.f00.grib2,0.0,Already_Downloaded
2018-06-08,00Z,gdas1.fnl.0p25.2018060800.f00.grib2,0.0,Already_Downloaded
2018-06-08,06Z,gdas1.fnl.0p25.2018060806.f00.grib2,0.0,Already_Downloaded
2018-06-08,12Z,gdas1.fnl.0p25.2018060812.f00.grib2,0.0,Already_Downloaded
2018-06-08,18Z,gdas1.fnl.0p25.2018060818.f00.grib2,0.0,Already_Downloaded
2018-06-09,00Z,gdas1.fnl.0p25.2018060900.f00.grib2,0.0,Already_Downloaded
2018-06-09,06Z,gdas1.fnl.0p25.2018060906.f00.grib2,0.0,Already_Downloaded
2018-06-09,12Z,gdas1.fnl.0p25.2018060912.f00.grib2,0.0,Already_Downloaded
2018-06-09,18Z,gdas1.fnl.0p25.2018060918.f00.grib2,0.0,Already_Downloaded
2018-06-10,00Z,gdas1.fnl.0p25.2018061000.f00.grib2,0.0,Already_Downloaded
2018-06-10,06Z,gdas1.fnl.0p25.2018061006.f00.grib2,0.0,Already_Downloaded
2018-06-10,12Z,gdas1.fnl.0p25.2018061012.f00.grib2,0.0,Already_Downloaded
2018-06-10,18Z,gdas1.fnl.0p25.2018061018.f00.grib2,0.0,Already_Downloaded
2018-06-11,00Z,gdas1.fnl.0p25.2018061100.f00.grib2,0.0,Already_Downloaded
2018-06-11,06Z,gdas1.fnl.0p25.2018061106.f00.grib2,0.0,Already_Downloaded
2018-06-11,12Z,gdas1.fnl.0p25.2018061112.f00.grib2,0.0,Already_Downloaded
2018-06-11,18Z,gdas1.fnl.0p25.2018061118.f00.grib2,0.0,Already_Downloaded
2018-06-12,00Z,gdas1.fnl.0p25.2018061200.f00.grib2,0.0,Already_Downloaded
2018-06-12,06Z,gdas1.fnl.0p25.2018061206.f00.grib2,0.0,Already_Downloaded
2018-06-12,12Z,gdas1.fnl.0p25.2018061212.f00.grib2,0.0,Already_Downloaded
2018-06-12,18Z,gdas1.fnl.0p25.2018061218.f00.grib2,0.0,Already_Downloaded
2018-06-13,00Z,gdas1.fnl.0p25.2018061300.f00.grib2,0.0,Already_Downloaded
2018-06-13,06Z,gdas1.fnl.0p25.2018061306.f00.grib2,0.0,Already_Downloaded
2018-06-13,12Z,gdas1.fnl.0p25.2018061312.f00.grib2,0.0,Already_Downloaded
2018-06-13,18Z,gdas1.fnl.0p25.2018061318.f00.grib2,0.0,Already_Downloaded
2018-06-14,00Z,gdas1.fnl.0p25.2018061400.f00.grib2,0.0,Already_Downloaded
2018-06-14,06Z,gdas1.fnl.0p25.2018061406.f00.grib2,0.0,Already_Downloaded
2018-06-14,12Z,gdas1.fnl.0p25.2018061412.f00.grib2,0.0,Already_Downloaded
2018-06-14,18Z,gdas1.fnl.0p25.2018061418.f00.grib2,0.0,Already_Downloaded
2018-06-15,00Z,gdas1.fnl.0p25.2018061500.f00.grib2,0.0,Already_Downloaded
2018-06-15,06Z,gdas1.fnl.0p25.2018061506.f00.grib2,0.0,Already_Downloaded
2018-06-15,12Z,gdas1.fnl.0p25.2018061512.f00.grib2,0.0,Already_Downloaded
2018-06-15,18Z,gdas1.fnl.0p25.2018061518.f00.grib2,0.0,Already_Downloaded
2018-06-16,00Z,gdas1.fnl.0p25.2018061600.f00.grib2,0.0,Already_Downloaded
2018-06-16,06Z,gdas1.fnl.0p25.2018061606.f00.grib2,0.0,Already_Downloaded
2018-06-16,12Z,gdas1.fnl.0p25.2018061612.f00.grib2,0.0,Already_Downloaded
2018-06-16,18Z,gdas1.fnl.0p25.2018061618.f00.grib2,0.0,Already_Downloaded
2018-06-17,00Z,gdas1.fnl.0p25.2018061700.f00.grib2,0.0,Already_Downloaded
2018-06-17,06Z,gdas1.fnl.0p25.2018061706.f00.grib2,0.0,Already_Downloaded
2018-06-17,12Z,gdas1.fnl.0p25.2018061712.f00.grib2,0.0,Already_Downloaded
2018-06-17,18Z,gdas1.fnl.0p25.2018061718.f00.grib2,0.0,Already_Downloaded
2018-06-18,00Z,gdas1.fnl.0p25.2018061800.f00.grib2,0.0,Already_Downloaded
2018-06-18,06Z,gdas1.fnl.0p25.2018061806.f00.grib2,0.0,Already_Downloaded
2018-06-18,12Z,gdas1.fnl.0p25.2018061812.f00.grib2,0.0,Already_Downloaded
2018-06-18,18Z,gdas1.fnl.0p25.2018061818.f00.grib2,0.0,Already_Downloaded
2018-06-19,00Z,gdas1.fnl.0p25.2018061900.f00.grib2,0.0,Already_Downloaded
2018-06-19,06Z,gdas1.fnl.0p25.2018061906.f00.grib2,0.0,Already_Downloaded
2018-06-19,12Z,gdas1.fnl.0p25.2018061912.f00.grib2,0.0,Already_Downloaded
2018-06-19,18Z,gdas1.fnl.0p25.2018061918.f00.grib2,0.0,Already_Downloaded
2018-06-20,00Z,gdas1.fnl.0p25.2018062000.f00.grib2,0.0,Already_Downloaded
2018-06-20,06Z,gdas1.fnl.0p25.2018062006.f00.grib2,0.0,Already_Downloaded
2018-06-20,12Z,gdas1.fnl.0p25.2018062012.f00.grib2,0.0,Already_Downloaded
2018-06-20,18Z,gdas1.fnl.0p25.2018062018.f00.grib2,0.0,Already_Downloaded
2018-06-21,00Z,gdas1.fnl.0p25.2018062100.f00.grib2,0.0,Already_Downloaded
2018-06-21,06Z,gdas1.fnl.0p25.2018062106.f00.grib2,0.0,Already_Downloaded
2018-06-21,12Z,gdas1.fnl.0p25.2018062112.f00.grib2,0.0,Already_Downloaded
2018-06-21,18Z,gdas1.fnl.0p25.2018062118.f00.grib2,0.0,Already_Downloaded
2018-06-22,00Z,gdas1.fnl.0p25.2018062200.f00.grib2,0.0,Already_Downloaded
2018-06-22,06Z,gdas1.fnl.0p25.2018062206.f00.grib2,0.0,Already_Downloaded
2018-06-22,12Z,gdas1.fnl.0p25.2018062212.f00.grib2,0.0,Already_Downloaded
2018-06-22,18Z,gdas1.fnl.0p25.2018062218.f00.grib2,0.0,Already_Downloaded
2018-06-23,00Z,gdas1.fnl.0p25.2018062300.f00.grib2,0.0,Already_Downloaded
2018-06-23,06Z,gdas1.fnl.0p25.2018062306.f00.grib2,0.0,Already_Downloaded
2018-06-23,12Z,gdas1.fnl.0p25.2018062312.f00.grib2,0.0,Already_Downloaded
2018-06-23,18Z,gdas1.fnl.0p25.2018062318.f00.grib2,0.0,Already_Downloaded
2018-06-24,00Z,gdas1.fnl.0p25.2018062400.f00.grib2,0.0,Already_Downloaded
2018-06-24,06Z,gdas1.fnl.0p25.2018062406.f00.grib2,0.0,Already_Downloaded
2018-06-24,12Z,gdas1.fnl.0p25.2018062412.f00.grib2,0.0,Already_Downloaded
2018-06-24,18Z,gdas1.fnl.0p25.2018062418.f00.grib2,0.0,Already_Downloaded
2018-06-25,00Z,gdas1.fnl.0p25.2018062500.f00.grib2,0.0,Already_Downloaded
2018-06-25,06Z,gdas1.fnl.0p25.2018062506.f00.grib2,0.0,Already_Downloaded
2018-06-25,12Z,gdas1.fnl.0p25.2018062512.f00.grib2,0.0,Already_Downloaded
2018-06-25,18Z,gdas1.fnl.0p25.2018062518.f00.grib2,0.0,Already_Downloaded
2018-06-26,00Z,gdas1.fnl.0p25.2018062600.f00.grib2,0.0,Already_Downloaded
2018-06-26,06Z,gdas1.fnl.0p25.2018062606.f00.grib2,0.0,Already_Downloaded
2018-06-26,12Z,gdas1.fnl.0p25.2018062612.f00.grib2,0.0,Already_Downloaded
2018-06-26,18Z,gdas1.fnl.0p25.2018062618.f00.grib2,0.0,Already_Downloaded
2018-06-27,00Z,gdas1.fnl.0p25.2018062700.f00.grib2,0.0,Already_Downloaded
2018-06-27,06Z,gdas1.fnl.0p25.2018062706.f00.grib2,0.0,Already_Downloaded
2018-06-27,12Z,gdas1.fnl.0p25.2018062712.f00.grib2,0.0,Already_Downloaded
2018-06-27,18Z,gdas1.fnl.0p25.2018062718.f00.grib2,0.0,Already_Downloaded
2018-06-28,00Z,gdas1.fnl.0p25.2018062800.f00.grib2,0.0,Already_Downloaded
2018-06-28,06Z,gdas1.fnl.0p25.2018062806.f00.grib2,0.0,Already_Downloaded
2018-06-28,12Z,gdas1.fnl.0p25.2018062812.f00.grib2,0.0,Already_Downloaded
2018-06-28,18Z,gdas1.fnl.0p25.2018062818.f00.grib2,0.0,Already_Downloaded
2018-06-29,00Z,gdas1.fnl.0p25.2018062900.f00.grib2,0.0,Already_Downloaded
2018-06-29,06Z,gdas1.fnl.0p25.2018062906.f00.grib2,0.0,Already_Downloaded
2018-06-29,12Z,gdas1.fnl.0p25.2018062912.f00.grib2,0.0,Already_Downloaded
2018-06-29,18Z,gdas1.fnl.0p25.2018062918.f00.grib2,0.0,Already_Downloaded
2018-06-30,00Z,gdas1.fnl.0p25.2018063000.f00.grib2,0.0,Already_Downloaded
2018-06-30,06Z,gdas1.fnl.0p25.2018063006.f00.grib2,0.0,Already_Downloaded
2018-06-30,12Z,gdas1.fnl.0p25.2018063012.f00.grib2,0.0,Already_Downloaded
2018-06-30,18Z,gdas1.fnl.0p25.2018063018.f00.grib2,0.0,Already_Downloaded
2018-07-01,00Z,gdas1.fnl.0p25.2018070100.f00.grib2,0.0,Already_Downloaded
2018-07-01,06Z,gdas1.fnl.0p25.2018070106.f00.grib2,0.0,Already_Downloaded
2018-07-01,12Z,gdas1.fnl.0p25.2018070112.f00.grib2,0.0,Already_Downloaded
2018-07-01,18Z,gdas1.fnl.0p25.2018070118.f00.grib2,0.0,Already_Downloaded
2018-07-02,00Z,gdas1.fnl.0p25.2018070200.f00.grib2,0.0,Already_Downloaded
2018-07-02,06Z,gdas1.fnl.0p25.2018070206.f00.grib2,0.0,Already_Downloaded
2018-07-02,12Z,gdas1.fnl.0p25.2018070212.f00.grib2,0.0,Already_Downloaded
2018-07-02,18Z,gdas1.fnl.0p25.2018070218.f00.grib2,0.0,Already_Downloaded
2018-07-03,00Z,gdas1.fnl.0p25.2018070300.f00.grib2,0.0,Already_Downloaded
2018-07-03,06Z,gdas1.fnl.0p25.2018070306.f00.grib2,0.0,Already_Downloaded
2018-07-03,12Z,gdas1.fnl.0p25.2018070312.f00.grib2,0.0,Already_Downloaded
2018-07-03,18Z,gdas1.fnl.0p25.2018070318.f00.grib2,0.0,Already_Downloaded
2018-07-04,00Z,gdas1.fnl.0p25.2018070400.f00.grib2,0.0,Already_Downloaded
2018-07-04,06Z,gdas1.fnl.0p25.2018070406.f00.grib2,0.0,Already_Downloaded
2018-07-04,12Z,gdas1.fnl.0p25.2018070412.f00.grib2,0.0,Already_Downloaded
2018-07-04,18Z,gdas1.fnl.0p25.2018070418.f00.grib2,0.0,Already_Downloaded
2018-07-05,00Z,gdas1.fnl.0p25.2018070500.f00.grib2,0.0,Already_Downloaded
2018-07-05,06Z,gdas1.fnl.0p25.2018070506.f00.grib2,0.0,Already_Downloaded
2018-07-05,12Z,gdas1.fnl.0p25.2018070512.f00.grib2,0.0,Already_Downloaded
2018-07-05,18Z,gdas1.fnl.0p25.2018070518.f00.grib2,0.0,Already_Downloaded
2018-07-06,00Z,gdas1.fnl.0p25.2018070600.f00.grib2,0.0,Already_Downloaded
2018-07-06,06Z,gdas1.fnl.0p25.2018070606.f00.grib2,0.0,Already_Downloaded
2018-07-06,12Z,gdas1.fnl.0p25.2018070612.f00.grib2,0.0,Already_Downloaded
2018-07-06,18Z,gdas1.fnl.0p25.2018070618.f00.grib2,0.0,Already_Downloaded
2018-07-07,00Z,gdas1.fnl.0p25.2018070700.f00.grib2,0.0,Already_Downloaded
2018-07-07,06Z,gdas1.fnl.0p25.2018070706.f00.grib2,0.0,Already_Downloaded
2018-07-07,12Z,gdas1.fnl.0p25.2018070712.f00.grib2,0.0,Already_Downloaded
2018-07-07,18Z,gdas1.fnl.0p25.2018070718.f00.grib2,0.0,Already_Downloaded
2018-07-08,00Z,gdas1.fnl.0p25.2018070800.f00.grib2,0.0,Already_Downloaded
2018-07-08,06Z,gdas1.fnl.0p25.2018070806.f00.grib2,0.0,Already_Downloaded
2018-07-08,12Z,gdas1.fnl.0p25.2018070812.f00.grib2,0.0,Already_Downloaded
2018-07-08,18Z,gdas1.fnl.0p25.2018070818.f00.grib2,0.0,Already_Downloaded
2018-07-09,00Z,gdas1.fnl.0p25.2018070900.f00.grib2,0.0,Already_Downloaded
2018-07-09,06Z,gdas1.fnl.0p25.2018070906.f00.grib2,0.0,Already_Downloaded
2018-07-09,12Z,gdas1.fnl.0p25.2018070912.f00.grib2,0.0,Already_Downloaded
2018-07-09,18Z,gdas1.fnl.0p25.2018070918.f00.grib2,0.0,Already_Downloaded
2018-07-10,00Z,gdas1.fnl.0p25.2018071000.f00.grib2,0.0,Already_Downloaded
2018-07-10,06Z,gdas1.fnl.0p25.2018071006.f00.grib2,0.0,Already_Downloaded
2018-07-10,12Z,gdas1.fnl.0p25.2018071012.f00.grib2,0.0,Already_Downloaded
2018-07-10,18Z,gdas1.fnl.0p25.2018071018.f00.grib2,0.0,Already_Downloaded
2018-07-11,00Z,gdas1.fnl.0p25.2018071100.f00.grib2,0.0,Already_Downloaded
2018-07-11,06Z,gdas1.fnl.0p25.2018071106.f00.grib2,0.0,Already_Downloaded
2018-07-11,12Z,gdas1.fnl.0p25.2018071112.f00.grib2,0.0,Already_Downloaded
2018-07-11,18Z,gdas1.fnl.0p25.2018071118.f00.grib2,0.0,Already_Downloaded
2018-07-12,00Z,gdas1.fnl.0p25.2018071200.f00.grib2,0.0,Already_Downloaded
2018-07-12,06Z,gdas1.fnl.0p25.2018071206.f00.grib2,0.0,Already_Downloaded
2018-07-12,12Z,gdas1.fnl.0p25.2018071212.f00.grib2,0.0,Already_Downloaded
2018-07-12,18Z,gdas1.fnl.0p25.2018071218.f00.grib2,0.0,Already_Downloaded
2018-07-13,00Z,gdas1.fnl.0p25.2018071300.f00.grib2,0.0,Already_Downloaded
2018-07-13,06Z,gdas1.fnl.0p25.2018071306.f00.grib2,0.0,Already_Downloaded
2018-07-13,12Z,gdas1.fnl.0p25.2018071312.f00.grib2,0.0,Already_Downloaded
2018-07-13,18Z,gdas1.fnl.0p25.2018071318.f00.grib2,0.0,Already_Downloaded
2018-07-14,00Z,gdas1.fnl.0p25.2018071400.f00.grib2,0.0,Already_Downloaded
2018-07-14,06Z,gdas1.fnl.0p25.2018071406.f00.grib2,0.0,Already_Downloaded
2018-07-14,12Z,gdas1.fnl.0p25.2018071412.f00.grib2,0.0,Already_Downloaded
2018-07-14,18Z,gdas1.fnl.0p25.2018071418.f00.grib2,0.0,Already_Downloaded
2018-07-15,00Z,gdas1.fnl.0p25.2018071500.f00.grib2,0.0,Already_Downloaded
2018-07-15,06Z,gdas1.fnl.0p25.2018071506.f00.grib2,0.0,Already_Downloaded
2018-07-15,12Z,gdas1.fnl.0p25.2018071512.f00.grib2,0.0,Already_Downloaded
2018-07-15,18Z,gdas1.fnl.0p25.2018071518.f00.grib2,0.0,Already_Downloaded
2018-07-16,00Z,gdas1.fnl.0p25.2018071600.f00.grib2,0.0,Already_Downloaded
2018-07-16,06Z,gdas1.fnl.0p25.2018071606.f00.grib2,0.0,Already_Downloaded
2018-07-16,12Z,gdas1.fnl.0p25.2018071612.f00.grib2,0.0,Already_Downloaded
2018-07-16,18Z,gdas1.fnl.0p25.2018071618.f00.grib2,0.0,Already_Downloaded
2018-07-17,00Z,gdas1.fnl.0p25.2018071700.f00.grib2,0.0,Already_Downloaded
2018-07-17,06Z,gdas1.fnl.0p25.2018071706.f00.grib2,0.0,Already_Downloaded
2018-07-17,12Z,gdas1.fnl.0p25.2018071712.f00.grib2,0.0,Already_Downloaded
2018-07-17,18Z,gdas1.fnl.0p25.2018071718.f00.grib2,0.0,Already_Downloaded
2018-07-18,00Z,gdas1.fnl.0p25.2018071800.f00.grib2,0.0,Already_Downloaded
2018-07-18,06Z,gdas1.fnl.0p25.2018071806.f00.grib2,0.0,Already_Downloaded
2018-07-18,12Z,gdas1.fnl.0p25.2018071812.f00.grib2,0.0,Already_Downloaded
2018-07-18,18Z,gdas1.fnl.0p25.2018071818.f00.grib2,0.0,Already_Downloaded
2018-07-19,00Z,gdas1.fnl.0p25.2018071900.f00.grib2,0.0,Already_Downloaded
2018-07-19,06Z,gdas1.fnl.0p25.2018071906.f00.grib2,0.0,Already_Downloaded
2018-07-19,12Z,gdas1.fnl.0p25.2018071912.f00.grib2,0.0,Already_Downloaded
2018-07-19,18Z,gdas1.fnl.0p25.2018071918.f00.grib2,0.0,Already_Downloaded
2018-07-20,00Z,gdas1.fnl.0p25.2018072000.f00.grib2,0.0,Already_Downloaded
2018-07-20,06Z,gdas1.fnl.0p25.2018072006.f00.grib2,0.0,Already_Downloaded
2018-07-20,12Z,gdas1.fnl.0p25.2018072012.f00.grib2,0.0,Already_Downloaded
2018-07-20,18Z,gdas1.fnl.0p25.2018072018.f00.grib2,0.0,Already_Downloaded
2018-07-21,00Z,gdas1.fnl.0p25.2018072100.f00.grib2,0.0,Already_Downloaded
2018-07-21,06Z,gdas1.fnl.0p25.2018072106.f00.grib2,0.0,Already_Downloaded
2018-07-21,12Z,gdas1.fnl.0p25.2018072112.f00.grib2,0.0,Already_Downloaded
2018-07-21,18Z,gdas1.fnl.0p25.2018072118.f00.grib2,0.0,Already_Downloaded
2018-07-22,00Z,gdas1.fnl.0p25.2018072200.f00.grib2,0.0,Already_Downloaded
2018-07-22,06Z,gdas1.fnl.0p25.2018072206.f00.grib2,0.0,Already_Downloaded
2018-07-22,12Z,gdas1.fnl.0p25.2018072212.f00.grib2,0.0,Already_Downloaded
2018-07-22,18Z,gdas1.fnl.0p25.2018072218.f00.grib2,0.0,Already_Downloaded
2018-07-23,00Z,gdas1.fnl.0p25.2018072300.f00.grib2,0.0,Already_Downloaded
2018-07-23,06Z,gdas1.fnl.0p25.2018072306.f00.grib2,0.0,Already_Downloaded
2018-07-23,12Z,gdas1.fnl.0p25.2018072312.f00.grib2,0.0,Already_Downloaded
2018-07-23,18Z,gdas1.fnl.0p25.2018072318.f00.grib2,0.0,Already_Downloaded
2018-07-24,00Z,gdas1.fnl.0p25.2018072400.f00.grib2,0.0,Already_Downloaded
2018-07-24,06Z,gdas1.fnl.0p25.2018072406.f00.grib2,0.0,Already_Downloaded
2018-07-24,12Z,gdas1.fnl.0p25.2018072412.f00.grib2,0.0,Already_Downloaded
2018-07-24,18Z,gdas1.fnl.0p25.2018072418.f00.grib2,0.0,Already_Downloaded
2018-07-25,00Z,gdas1.fnl.0p25.2018072500.f00.grib2,0.0,Already_Downloaded
2018-07-25,06Z,gdas1.fnl.0p25.2018072506.f00.grib2,0.0,Already_Downloaded
2018-07-25,12Z,gdas1.fnl.0p25.2018072512.f00.grib2,0.0,Already_Downloaded
2018-07-25,18Z,gdas1.fnl.0p25.2018072518.f00.grib2,0.0,Already_Downloaded
2018-07-26,00Z,gdas1.fnl.0p25.2018072600.f00.grib2,0.0,Already_Downloaded
2018-07-26,06Z,gdas1.fnl.0p25.2018072606.f00.grib2,0.0,Already_Downloaded
2018-07-26,12Z,gdas1.fnl.0p25.2018072612.f00.grib2,0.0,Already_Downloaded
2018-07-26,18Z,gdas1.fnl.0p25.2018072618.f00.grib2,0.0,Already_Downloaded
2018-07-27,00Z,gdas1.fnl.0p25.2018072700.f00.grib2,0.0,Already_Downloaded
2018-07-27,06Z,gdas1.fnl.0p25.2018072706.f00.grib2,0.0,Already_Downloaded
2018-07-27,12Z,gdas1.fnl.0p25.2018072712.f00.grib2,0.0,Already_Downloaded
2018-07-27,18Z,gdas1.fnl.0p25.2018072718.f00.grib2,0.0,Already_Downloaded
2018-07-28,00Z,gdas1.fnl.0p25.2018072800.f00.grib2,0.0,Already_Downloaded
2018-07-28,06Z,gdas1.fnl.0p25.2018072806.f00.grib2,0.0,Already_Downloaded
2018-07-28,12Z,gdas1.fnl.0p25.2018072812.f00.grib2,0.0,Already_Downloaded
2018-07-28,18Z,gdas1.fnl.0p25.2018072818.f00.grib2,0.0,Already_Downloaded
2018-07-29,00Z,gdas1.fnl.0p25.2018072900.f00.grib2,0.0,Already_Downloaded
2018-07-29,06Z,gdas1.fnl.0p25.2018072906.f00.grib2,0.0,Already_Downloaded
2018-07-29,12Z,gdas1.fnl.0p25.2018072912.f00.grib2,0.0,Already_Downloaded
2018-07-29,18Z,gdas1.fnl.0p25.2018072918.f00.grib2,0.0,Already_Downloaded
2018-07-30,00Z,gdas1.fnl.0p25.2018073000.f00.grib2,0.0,Already_Downloaded
2018-07-30,06Z,gdas1.fnl.0p25.2018073006.f00.grib2,0.0,Already_Downloaded
2018-07-30,12Z,gdas1.fnl.0p25.2018073012.f00.grib2,0.0,Already_Downloaded
2018-07-30,18Z,gdas1.fnl.0p25.2018073018.f00.grib2,0.0,Already_Downloaded
2018-07-31,00Z,gdas1.fnl.0p25.2018073100.f00.grib2,0.0,Already_Downloaded
2018-07-31,06Z,gdas1.fnl.0p25.2018073106.f00.grib2,0.0,Already_Downloaded
2018-07-31,12Z,gdas1.fnl.0p25.2018073112.f00.grib2,0.0,Already_Downloaded
2018-07-31,18Z,gdas1.fnl.0p25.2018073118.f00.grib2,0.0,Already_Downloaded
2018-08-01,00Z,gdas1.fnl.0p25.2018080100.f00.grib2,0.0,Already_Downloaded
2018-08-01,06Z,gdas1.fnl.0p25.2018080106.f00.grib2,0.0,Already_Downloaded
2018-08-01,12Z,gdas1.fnl.0p25.2018080112.f00.grib2,0.0,Already_Downloaded
2018-08-01,18Z,gdas1.fnl.0p25.2018080118.f00.grib2,0.0,Already_Downloaded
2018-08-02,00Z,gdas1.fnl.0p25.2018080200.f00.grib2,0.0,Already_Downloaded
2018-08-02,06Z,gdas1.fnl.0p25.2018080206.f00.grib2,0.0,Already_Downloaded
2018-08-02,12Z,gdas1.fnl.0p25.2018080212.f00.grib2,0.0,Already_Downloaded
2018-08-02,18Z,gdas1.fnl.0p25.2018080218.f00.grib2,0.0,Already_Downloaded
2018-08-03,00Z,gdas1.fnl.0p25.2018080300.f00.grib2,0.0,Already_Downloaded
2018-08-03,06Z,gdas1.fnl.0p25.2018080306.f00.grib2,0.0,Already_Downloaded
2018-08-03,12Z,gdas1.fnl.0p25.2018080312.f00.grib2,0.0,Already_Downloaded
2018-08-03,18Z,gdas1.fnl.0p25.2018080318.f00.grib2,0.0,Already_Downloaded
2018-08-04,00Z,gdas1.fnl.0p25.2018080400.f00.grib2,0.0,Already_Downloaded
2018-08-04,06Z,gdas1.fnl.0p25.2018080406.f00.grib2,0.0,Already_Downloaded
2018-08-04,12Z,gdas1.fnl.0p25.2018080412.f00.grib2,0.0,Already_Downloaded
2018-08-04,18Z,gdas1.fnl.0p25.2018080418.f00.grib2,0.0,Already_Downloaded
2018-08-05,00Z,gdas1.fnl.0p25.2018080500.f00.grib2,0.0,Already_Downloaded
2018-08-05,06Z,gdas1.fnl.0p25.2018080506.f00.grib2,0.0,Already_Downloaded
2018-08-05,12Z,gdas1.fnl.0p25.2018080512.f00.grib2,0.0,Already_Downloaded
2018-08-05,18Z,gdas1.fnl.0p25.2018080518.f00.grib2,0.0,Already_Downloaded
2018-08-06,00Z,gdas1.fnl.0p25.2018080600.f00.grib2,0.0,Already_Downloaded
2018-08-06,06Z,gdas1.fnl.0p25.2018080606.f00.grib2,0.0,Already_Downloaded
2018-08-06,12Z,gdas1.fnl.0p25.2018080612.f00.grib2,0.0,Already_Downloaded
2018-08-06,18Z,gdas1.fnl.0p25.2018080618.f00.grib2,0.0,Already_Downloaded
2018-08-07,00Z,gdas1.fnl.0p25.2018080700.f00.grib2,0.0,Already_Downloaded
2018-08-07,06Z,gdas1.fnl.0p25.2018080706.f00.grib2,0.0,Already_Downloaded
2018-08-07,12Z,gdas1.fnl.0p25.2018080712.f00.grib2,0.0,Already_Downloaded
2018-08-07,18Z,gdas1.fnl.0p25.2018080718.f00.grib2,0.0,Already_Downloaded
2018-08-08,00Z,gdas1.fnl.0p25.2018080800.f00.grib2,0.0,Already_Downloaded
2018-08-08,06Z,gdas1.fnl.0p25.2018080806.f00.grib2,0.0,Already_Downloaded
2018-08-08,12Z,gdas1.fnl.0p25.2018080812.f00.grib2,0.0,Already_Downloaded
2018-08-08,18Z,gdas1.fnl.0p25.2018080818.f00.grib2,0.0,Already_Downloaded
2018-08-09,00Z,gdas1.fnl.0p25.2018080900.f00.grib2,0.0,Already_Downloaded
2018-08-09,06Z,gdas1.fnl.0p25.2018080906.f00.grib2,0.0,Already_Downloaded
2018-08-09,12Z,gdas1.fnl.0p25.2018080912.f00.grib2,0.0,Already_Downloaded
2018-08-09,18Z,gdas1.fnl.0p25.2018080918.f00.grib2,0.0,Already_Downloaded
2018-08-10,00Z,gdas1.fnl.0p25.2018081000.f00.grib2,0.0,Already_Downloaded
2018-08-10,06Z,gdas1.fnl.0p25.2018081006.f00.grib2,0.0,Already_Downloaded
2018-08-10,12Z,gdas1.fnl.0p25.2018081012.f00.grib2,0.0,Already_Downloaded
2018-08-10,18Z,gdas1.fnl.0p25.2018081018.f00.grib2,0.0,Already_Downloaded
2018-08-11,00Z,gdas1.fnl.0p25.2018081100.f00.grib2,0.0,Already_Downloaded
2018-08-11,06Z,gdas1.fnl.0p25.2018081106.f00.grib2,0.0,Already_Downloaded
2018-08-11,12Z,gdas1.fnl.0p25.2018081112.f00.grib2,0.0,Already_Downloaded
2018-08-11,18Z,gdas1.fnl.0p25.2018081118.f00.grib2,0.0,Already_Downloaded
2018-08-12,00Z,gdas1.fnl.0p25.2018081200.f00.grib2,0.0,Already_Downloaded
2018-08-12,06Z,gdas1.fnl.0p25.2018081206.f00.grib2,0.0,Already_Downloaded
2018-08-12,12Z,gdas1.fnl.0p25.2018081212.f00.grib2,0.0,Already_Downloaded
2018-08-12,18Z,gdas1.fnl.0p25.2018081218.f00.grib2,0.0,Already_Downloaded
2018-08-13,00Z,gdas1.fnl.0p25.2018081300.f00.grib2,0.0,Already_Downloaded
2018-08-13,06Z,gdas1.fnl.0p25.2018081306.f00.grib2,0.0,Already_Downloaded
2018-08-13,12Z,gdas1.fnl.0p25.2018081312.f00.grib2,0.0,Already_Downloaded
2018-08-13,18Z,gdas1.fnl.0p25.2018081318.f00.grib2,0.0,Already_Downloaded
2018-08-14,00Z,gdas1.fnl.0p25.2018081400.f00.grib2,0.0,Already_Downloaded
2018-08-14,06Z,gdas1.fnl.0p25.2018081406.f00.grib2,0.0,Already_Downloaded
2018-08-14,12Z,gdas1.fnl.0p25.2018081412.f00.grib2,0.0,Already_Downloaded
2018-08-14,18Z,gdas1.fnl.0p25.2018081418.f00.grib2,0.0,Already_Downloaded
2018-08-15,00Z,gdas1.fnl.0p25.2018081500.f00.grib2,0.0,Already_Downloaded
2018-08-15,06Z,gdas1.fnl.0p25.2018081506.f00.grib2,0.0,Already_Downloaded
2018-08-15,12Z,gdas1.fnl.0p25.2018081512.f00.grib2,0.0,Already_Downloaded
2018-08-15,18Z,gdas1.fnl.0p25.2018081518.f00.grib2,0.0,Already_Downloaded
2018-08-16,00Z,gdas1.fnl.0p25.2018081600.f00.grib2,0.0,Already_Downloaded
2018-08-16,06Z,gdas1.fnl.0p25.2018081606.f00.grib2,0.0,Already_Downloaded
2018-08-16,12Z,gdas1.fnl.0p25.2018081612.f00.grib2,0.0,Already_Downloaded
2018-08-16,18Z,gdas1.fnl.0p25.2018081618.f00.grib2,0.0,Already_Downloaded
2018-08-17,00Z,gdas1.fnl.0p25.2018081700.f00.grib2,0.0,Already_Downloaded
2018-08-17,06Z,gdas1.fnl.0p25.2018081706.f00.grib2,0.0,Already_Downloaded
2018-08-17,12Z,gdas1.fnl.0p25.2018081712.f00.grib2,0.0,Already_Downloaded
2018-08-17,18Z,gdas1.fnl.0p25.2018081718.f00.grib2,0.0,Already_Downloaded
2018-08-18,00Z,gdas1.fnl.0p25.2018081800.f00.grib2,0.0,Already_Downloaded
2018-08-18,06Z,gdas1.fnl.0p25.2018081806.f00.grib2,0.0,Already_Downloaded
2018-08-18,12Z,gdas1.fnl.0p25.2018081812.f00.grib2,0.0,Already_Downloaded
2018-08-18,18Z,gdas1.fnl.0p25.2018081818.f00.grib2,0.0,Already_Downloaded
2018-08-19,00Z,gdas1.fnl.0p25.2018081900.f00.grib2,0.0,Already_Downloaded
2018-08-19,06Z,gdas1.fnl.0p25.2018081906.f00.grib2,0.0,Already_Downloaded
2018-08-19,12Z,gdas1.fnl.0p25.2018081912.f00.grib2,0.0,Already_Downloaded
2018-08-19,18Z,gdas1.fnl.0p25.2018081918.f00.grib2,0.0,Already_Downloaded
2018-08-20,00Z,gdas1.fnl.0p25.2018082000.f00.grib2,0.0,Already_Downloaded
2018-08-20,06Z,gdas1.fnl.0p25.2018082006.f00.grib2,0.0,Already_Downloaded
2018-08-20,12Z,gdas1.fnl.0p25.2018082012.f00.grib2,0.0,Already_Downloaded
2018-08-20,18Z,gdas1.fnl.0p25.2018082018.f00.grib2,0.0,Already_Downloaded
2018-08-21,00Z,gdas1.fnl.0p25.2018082100.f00.grib2,0.0,Already_Downloaded
2018-08-21,06Z,gdas1.fnl.0p25.2018082106.f00.grib2,0.0,Already_Downloaded
2018-08-21,12Z,gdas1.fnl.0p25.2018082112.f00.grib2,0.0,Already_Downloaded
2018-08-21,18Z,gdas1.fnl.0p25.2018082118.f00.grib2,0.0,Already_Downloaded
2018-08-22,00Z,gdas1.fnl.0p25.2018082200.f00.grib2,0.0,Already_Downloaded
2018-08-22,06Z,gdas1.fnl.0p25.2018082206.f00.grib2,0.0,Already_Downloaded
2018-08-22,12Z,gdas1.fnl.0p25.2018082212.f00.grib2,0.0,Already_Downloaded
2018-08-22,18Z,gdas1.fnl.0p25.2018082218.f00.grib2,0.0,Already_Downloaded
2018-08-23,00Z,gdas1.fnl.0p25.2018082300.f00.grib2,0.0,Already_Downloaded
2018-08-23,06Z,gdas1.fnl.0p25.2018082306.f00.grib2,0.0,Already_Downloaded
2018-08-23,12Z,gdas1.fnl.0p25.2018082312.f00.grib2,0.0,Already_Downloaded
2018-08-23,18Z,gdas1.fnl.0p25.2018082318.f00.grib2,0.0,Already_Downloaded
2018-08-24,00Z,gdas1.fnl.0p25.2018082400.f00.grib2,0.0,Already_Downloaded
2018-08-24,06Z,gdas1.fnl.0p25.2018082406.f00.grib2,0.0,Already_Downloaded
2018-08-24,12Z,gdas1.fnl.0p25.2018082412.f00.grib2,0.0,Already_Downloaded
2018-08-24,18Z,gdas1.fnl.0p25.2018082418.f00.grib2,0.0,Already_Downloaded
2018-08-25,00Z,gdas1.fnl.0p25.2018082500.f00.grib2,0.0,Already_Downloaded
2018-08-25,06Z,gdas1.fnl.0p25.2018082506.f00.grib2,0.0,Already_Downloaded
2018-08-25,12Z,gdas1.fnl.0p25.2018082512.f00.grib2,0.0,Already_Downloaded
2018-08-25,18Z,gdas1.fnl.0p25.2018082518.f00.grib2,0.0,Already_Downloaded
2018-08-26,00Z,gdas1.fnl.0p25.2018082600.f00.grib2,0.0,Already_Downloaded
2018-08-26,06Z,gdas1.fnl.0p25.2018082606.f00.grib2,0.0,Already_Downloaded
2018-08-26,12Z,gdas1.fnl.0p25.2018082612.f00.grib2,0.0,Already_Downloaded
2018-08-26,18Z,gdas1.fnl.0p25.2018082618.f00.grib2,0.0,Already_Downloaded
2018-08-27,00Z,gdas1.fnl.0p25.2018082700.f00.grib2,0.0,Already_Downloaded
2018-08-27,06Z,gdas1.fnl.0p25.2018082706.f00.grib2,0.0,Already_Downloaded
2018-08-27,12Z,gdas1.fnl.0p25.2018082712.f00.grib2,0.0,Already_Downloaded
2018-08-27,18Z,gdas1.fnl.0p25.2018082718.f00.grib2,0.0,Already_Downloaded
2018-08-28,00Z,gdas1.fnl.0p25.2018082800.f00.grib2,0.0,Already_Downloaded
2018-08-28,06Z,gdas1.fnl.0p25.2018082806.f00.grib2,0.0,Already_Downloaded
2018-08-28,12Z,gdas1.fnl.0p25.2018082812.f00.grib2,0.0,Already_Downloaded
2018-08-28,18Z,gdas1.fnl.0p25.2018082818.f00.grib2,0.0,Already_Downloaded
2018-08-29,00Z,gdas1.fnl.0p25.2018082900.f00.grib2,0.0,Already_Downloaded
2018-08-29,06Z,gdas1.fnl.0p25.2018082906.f00.grib2,0.0,Already_Downloaded
2018-08-29,12Z,gdas1.fnl.0p25.2018082912.f00.grib2,0.0,Already_Downloaded
2018-08-29,18Z,gdas1.fnl.0p25.2018082918.f00.grib2,0.0,Already_Downloaded
2018-08-30,00Z,gdas1.fnl.0p25.2018083000.f00.grib2,0.0,Already_Downloaded
2018-08-30,06Z,gdas1.fnl.0p25.2018083006.f00.grib2,0.0,Already_Downloaded
2018-08-30,12Z,gdas1.fnl.0p25.2018083012.f00.grib2,0.0,Already_Downloaded
2018-08-30,18Z,gdas1.fnl.0p25.2018083018.f00.grib2,0.0,Already_Downloaded
2018-08-31,00Z,gdas1.fnl.0p25.2018083100.f00.grib2,0.0,Already_Downloaded
2018-08-31,06Z,gdas1.fnl.0p25.2018083106.f00.grib2,0.0,Already_Downloaded
2018-08-31,12Z,gdas1.fnl.0p25.2018083112.f00.grib2,0.0,Already_Downloaded
2018-08-31,18Z,gdas1.fnl.0p25.2018083118.f00.grib2,0.0,Already_Downloaded
2018-09-01,00Z,gdas1.fnl.0p25.2018090100.f00.grib2,0.0,Already_Downloaded
2018-09-01,06Z,gdas1.fnl.0p25.2018090106.f00.grib2,0.0,Already_Downloaded
2018-09-01,12Z,gdas1.fnl.0p25.2018090112.f00.grib2,0.0,Already_Downloaded
2018-09-01,18Z,gdas1.fnl.0p25.2018090118.f00.grib2,0.0,Already_Downloaded
2018-09-02,00Z,gdas1.fnl.0p25.2018090200.f00.grib2,0.0,Already_Downloaded
2018-09-02,06Z,gdas1.fnl.0p25.2018090206.f00.grib2,0.0,Already_Downloaded
2018-09-02,12Z,gdas1.fnl.0p25.2018090212.f00.grib2,0.0,Already_Downloaded
2018-09-02,18Z,gdas1.fnl.0p25.2018090218.f00.grib2,0.0,Already_Downloaded
2018-09-03,00Z,gdas1.fnl.0p25.2018090300.f00.grib2,0.0,Already_Downloaded
2018-09-03,06Z,gdas1.fnl.0p25.2018090306.f00.grib2,0.0,Already_Downloaded
2018-09-03,12Z,gdas1.fnl.0p25.2018090312.f00.grib2,0.0,Already_Downloaded
2018-09-03,18Z,gdas1.fnl.0p25.2018090318.f00.grib2,0.0,Already_Downloaded
2018-09-04,00Z,gdas1.fnl.0p25.2018090400.f00.grib2,0.0,Already_Downloaded
2018-09-04,06Z,gdas1.fnl.0p25.2018090406.f00.grib2,0.0,Already_Downloaded
2018-09-04,12Z,gdas1.fnl.0p25.2018090412.f00.grib2,0.0,Already_Downloaded
2018-09-04,18Z,gdas1.fnl.0p25.2018090418.f00.grib2,0.0,Already_Downloaded
2018-09-05,00Z,gdas1.fnl.0p25.2018090500.f00.grib2,0.0,Already_Downloaded
2018-09-05,06Z,gdas1.fnl.0p25.2018090506.f00.grib2,0.0,Already_Downloaded
2018-09-05,12Z,gdas1.fnl.0p25.2018090512.f00.grib2,0.0,Already_Downloaded
2018-09-05,18Z,gdas1.fnl.0p25.2018090518.f00.grib2,0.0,Already_Downloaded
2018-09-06,00Z,gdas1.fnl.0p25.2018090600.f00.grib2,0.0,Already_Downloaded
2018-09-06,06Z,gdas1.fnl.0p25.2018090606.f00.grib2,0.0,Already_Downloaded
2018-09-06,12Z,gdas1.fnl.0p25.2018090612.f00.grib2,0.0,Already_Downloaded
2018-09-06,18Z,gdas1.fnl.0p25.2018090618.f00.grib2,0.0,Already_Downloaded
2018-09-07,00Z,gdas1.fnl.0p25.2018090700.f00.grib2,0.0,Already_Downloaded
2018-09-07,06Z,gdas1.fnl.0p25.2018090706.f00.grib2,0.0,Already_Downloaded
2018-09-07,12Z,gdas1.fnl.0p25.2018090712.f00.grib2,0.0,Already_Downloaded
2018-09-07,18Z,gdas1.fnl.0p25.2018090718.f00.grib2,0.0,Already_Downloaded
2018-09-08,00Z,gdas1.fnl.0p25.2018090800.f00.grib2,0.0,Already_Downloaded
2018-09-08,06Z,gdas1.fnl.0p25.2018090806.f00.grib2,0.0,Already_Downloaded
2018-09-08,12Z,gdas1.fnl.0p25.2018090812.f00.grib2,0.0,Already_Downloaded
2018-09-08,18Z,gdas1.fnl.0p25.2018090818.f00.grib2,0.0,Already_Downloaded
2018-09-09,00Z,gdas1.fnl.0p25.2018090900.f00.grib2,0.0,Already_Downloaded
2018-09-09,06Z,gdas1.fnl.0p25.2018090906.f00.grib2,0.0,Already_Downloaded
2018-09-09,12Z,gdas1.fnl.0p25.2018090912.f00.grib2,0.0,Already_Downloaded
2018-09-09,18Z,gdas1.fnl.0p25.2018090918.f00.grib2,0.0,Already_Downloaded
2018-09-10,00Z,gdas1.fnl.0p25.2018091000.f00.grib2,0.0,Already_Downloaded
2018-09-10,06Z,gdas1.fnl.0p25.2018091006.f00.grib2,0.0,Already_Downloaded
2018-09-10,12Z,gdas1.fnl.0p25.2018091012.f00.grib2,0.0,Already_Downloaded
2018-09-10,18Z,gdas1.fnl.0p25.2018091018.f00.grib2,0.0,Already_Downloaded
2018-09-11,00Z,gdas1.fnl.0p25.2018091100.f00.grib2,0.0,Already_Downloaded
2018-09-11,06Z,gdas1.fnl.0p25.2018091106.f00.grib2,0.0,Already_Downloaded
2018-09-11,12Z,gdas1.fnl.0p25.2018091112.f00.grib2,0.0,Already_Downloaded
2018-09-11,18Z,gdas1.fnl.0p25.2018091118.f00.grib2,0.0,Already_Downloaded
2018-09-12,00Z,gdas1.fnl.0p25.2018091200.f00.grib2,0.0,Already_Downloaded
2018-09-12,06Z,gdas1.fnl.0p25.2018091206.f00.grib2,0.0,Already_Downloaded
2018-09-12,12Z,gdas1.fnl.0p25.2018091212.f00.grib2,0.0,Already_Downloaded
2018-09-12,18Z,gdas1.fnl.0p25.2018091218.f00.grib2,0.0,Already_Downloaded
2018-09-13,00Z,gdas1.fnl.0p25.2018091300.f00.grib2,0.0,Already_Downloaded
2018-09-13,06Z,gdas1.fnl.0p25.2018091306.f00.grib2,0.0,Already_Downloaded
2018-09-13,12Z,gdas1.fnl.0p25.2018091312.f00.grib2,0.0,Already_Downloaded
2018-09-13,18Z,gdas1.fnl.0p25.2018091318.f00.grib2,0.0,Already_Downloaded
2018-09-14,00Z,gdas1.fnl.0p25.2018091400.f00.grib2,0.0,Already_Downloaded
2018-09-14,06Z,gdas1.fnl.0p25.2018091406.f00.grib2,0.0,Already_Downloaded
2018-09-14,12Z,gdas1.fnl.0p25.2018091412.f00.grib2,0.0,Already_Downloaded
2018-09-14,18Z,gdas1.fnl.0p25.2018091418.f00.grib2,0.0,Already_Downloaded
2018-09-15,00Z,gdas1.fnl.0p25.2018091500.f00.grib2,0.0,Already_Downloaded
2018-09-15,06Z,gdas1.fnl.0p25.2018091506.f00.grib2,0.0,Already_Downloaded
2018-09-15,12Z,gdas1.fnl.0p25.2018091512.f00.grib2,0.0,Already_Downloaded
2018-09-15,18Z,gdas1.fnl.0p25.2018091518.f00.grib2,0.0,Already_Downloaded
2018-09-16,00Z,gdas1.fnl.0p25.2018091600.f00.grib2,0.0,Already_Downloaded
2018-09-16,06Z,gdas1.fnl.0p25.2018091606.f00.grib2,0.0,Already_Downloaded
2018-09-16,12Z,gdas1.fnl.0p25.2018091612.f00.grib2,0.0,Already_Downloaded
2018-09-16,18Z,gdas1.fnl.0p25.2018091618.f00.grib2,0.0,Already_Downloaded
2018-09-17,00Z,gdas1.fnl.0p25.2018091700.f00.grib2,0.0,Already_Downloaded
2018-09-17,06Z,gdas1.fnl.0p25.2018091706.f00.grib2,0.0,Already_Downloaded
2018-09-17,12Z,gdas1.fnl.0p25.2018091712.f00.grib2,0.0,Already_Downloaded
2018-09-17,18Z,gdas1.fnl.0p25.2018091718.f00.grib2,0.0,Already_Downloaded
2018-09-18,00Z,gdas1.fnl.0p25.2018091800.f00.grib2,0.0,Already_Downloaded
2018-09-18,06Z,gdas1.fnl.0p25.2018091806.f00.grib2,0.0,Already_Downloaded
2018-09-18,12Z,gdas1.fnl.0p25.2018091812.f00.grib2,0.0,Already_Downloaded
2018-09-18,18Z,gdas1.fnl.0p25.2018091818.f00.grib2,0.0,Already_Downloaded
2018-09-19,00Z,gdas1.fnl.0p25.2018091900.f00.grib2,0.0,Already_Downloaded
2018-09-19,06Z,gdas1.fnl.0p25.2018091906.f00.grib2,0.0,Already_Downloaded
2018-09-19,12Z,gdas1.fnl.0p25.2018091912.f00.grib2,0.0,Already_Downloaded
2018-09-19,18Z,gdas1.fnl.0p25.2018091918.f00.grib2,0.0,Already_Downloaded
2018-09-20,00Z,gdas1.fnl.0p25.2018092000.f00.grib2,0.0,Already_Downloaded
2018-09-20,06Z,gdas1.fnl.0p25.2018092006.f00.grib2,0.0,Already_Downloaded
2018-09-20,12Z,gdas1.fnl.0p25.2018092012.f00.grib2,0.0,Already_Downloaded
2018-09-20,18Z,gdas1.fnl.0p25.2018092018.f00.grib2,0.0,Already_Downloaded
2018-09-21,00Z,gdas1.fnl.0p25.2018092100.f00.grib2,0.0,Already_Downloaded
2018-09-21,06Z,gdas1.fnl.0p25.2018092106.f00.grib2,0.0,Already_Downloaded
2018-09-21,12Z,gdas1.fnl.0p25.2018092112.f00.grib2,0.0,Already_Downloaded
2018-09-21,18Z,gdas1.fnl.0p25.2018092118.f00.grib2,0.0,Already_Downloaded
2018-09-22,00Z,gdas1.fnl.0p25.2018092200.f00.grib2,0.0,Already_Downloaded
2018-09-22,06Z,gdas1.fnl.0p25.2018092206.f00.grib2,0.0,Already_Downloaded
2018-09-22,12Z,gdas1.fnl.0p25.2018092212.f00.grib2,0.0,Already_Downloaded
2018-09-22,18Z,gdas1.fnl.0p25.2018092218.f00.grib2,0.0,Already_Downloaded
2018-09-23,00Z,gdas1.fnl.0p25.2018092300.f00.grib2,0.0,Already_Downloaded
2018-09-23,06Z,gdas1.fnl.0p25.2018092306.f00.grib2,0.0,Already_Downloaded
2018-09-23,12Z,gdas1.fnl.0p25.2018092312.f00.grib2,0.0,Already_Downloaded
2018-09-23,18Z,gdas1.fnl.0p25.2018092318.f00.grib2,0.0,Already_Downloaded
2018-09-24,00Z,gdas1.fnl.0p25.2018092400.f00.grib2,0.0,Already_Downloaded
2018-09-24,06Z,gdas1.fnl.0p25.2018092406.f00.grib2,0.0,Already_Downloaded
2018-09-24,12Z,gdas1.fnl.0p25.2018092412.f00.grib2,0.0,Already_Downloaded
2018-09-24,18Z,gdas1.fnl.0p25.2018092418.f00.grib2,0.0,Already_Downloaded
2018-09-25,00Z,gdas1.fnl.0p25.2018092500.f00.grib2,0.0,Already_Downloaded
2018-09-25,06Z,gdas1.fnl.0p25.2018092506.f00.grib2,0.0,Already_Downloaded
2018-09-25,12Z,gdas1.fnl.0p25.2018092512.f00.grib2,0.0,Already_Downloaded
2018-09-25,18Z,gdas1.fnl.0p25.2018092518.f00.grib2,0.0,Already_Downloaded
2018-09-26,00Z,gdas1.fnl.0p25.2018092600.f00.grib2,0.0,Already_Downloaded
2018-09-26,06Z,gdas1.fnl.0p25.2018092606.f00.grib2,0.0,Already_Downloaded
2018-09-26,12Z,gdas1.fnl.0p25.2018092612.f00.grib2,0.0,Already_Downloaded
2018-09-26,18Z,gdas1.fnl.0p25.2018092618.f00.grib2,0.0,Already_Downloaded
2018-09-27,00Z,gdas1.fnl.0p25.2018092700.f00.grib2,0.0,Already_Downloaded
2018-09-27,06Z,gdas1.fnl.0p25.2018092706.f00.grib2,0.0,Already_Downloaded
2018-09-27,12Z,gdas1.fnl.0p25.2018092712.f00.grib2,0.0,Already_Downloaded
2018-09-27,18Z,gdas1.fnl.0p25.2018092718.f00.grib2,0.0,Already_Downloaded
2018-09-28,00Z,gdas1.fnl.0p25.2018092800.f00.grib2,0.0,Already_Downloaded
2018-09-28,06Z,gdas1.fnl.0p25.2018092806.f00.grib2,0.0,Already_Downloaded
2018-09-28,12Z,gdas1.fnl.0p25.2018092812.f00.grib2,0.0,Already_Downloaded
2018-09-28,18Z,gdas1.fnl.0p25.2018092818.f00.grib2,0.0,Already_Downloaded
2018-09-29,00Z,gdas1.fnl.0p25.2018092900.f00.grib2,0.0,Already_Downloaded
2018-09-29,06Z,gdas1.fnl.0p25.2018092906.f00.grib2,0.0,Already_Downloaded
2018-09-29,12Z,gdas1.fnl.0p25.2018092912.f00.grib2,0.0,Already_Downloaded
2018-09-29,18Z,gdas1.fnl.0p25.2018092918.f00.grib2,0.0,Already_Downloaded
2018-09-30,00Z,gdas1.fnl.0p25.2018093000.f00.grib2,0.0,Already_Downloaded
2018-09-30,06Z,gdas1.fnl.0p25.2018093006.f00.grib2,0.0,Already_Downloaded
2018-09-30,12Z,gdas1.fnl.0p25.2018093012.f00.grib2,0.0,Already_Downloaded
2018-09-30,18Z,gdas1.fnl.0p25.2018093018.f00.grib2,0.0,Already_Downloaded
2018-10-01,00Z,gdas1.fnl.0p25.2018100100.f00.grib2,0.0,Already_Downloaded
2018-10-01,06Z,gdas1.fnl.0p25.2018100106.f00.grib2,0.0,Already_Downloaded
2018-10-01,12Z,gdas1.fnl.0p25.2018100112.f00.grib2,0.0,Already_Downloaded
2018-10-01,18Z,gdas1.fnl.0p25.2018100118.f00.grib2,0.0,Already_Downloaded
2018-10-02,00Z,gdas1.fnl.0p25.2018100200.f00.grib2,0.0,Already_Downloaded
2018-10-02,06Z,gdas1.fnl.0p25.2018100206.f00.grib2,0.0,Already_Downloaded
2018-10-02,12Z,gdas1.fnl.0p25.2018100212.f00.grib2,0.0,Already_Downloaded
2018-10-02,18Z,gdas1.fnl.0p25.2018100218.f00.grib2,0.0,Already_Downloaded
2018-10-03,00Z,gdas1.fnl.0p25.2018100300.f00.grib2,0.0,Already_Downloaded
2018-10-03,06Z,gdas1.fnl.0p25.2018100306.f00.grib2,0.0,Already_Downloaded
2018-10-03,12Z,gdas1.fnl.0p25.2018100312.f00.grib2,0.0,Already_Downloaded
2018-10-03,18Z,gdas1.fnl.0p25.2018100318.f00.grib2,0.0,Already_Downloaded
2018-10-04,00Z,gdas1.fnl.0p25.2018100400.f00.grib2,0.0,Already_Downloaded
2018-10-04,06Z,gdas1.fnl.0p25.2018100406.f00.grib2,0.0,Already_Downloaded
2018-10-04,12Z,gdas1.fnl.0p25.2018100412.f00.grib2,0.0,Already_Downloaded
2018-10-04,18Z,gdas1.fnl.0p25.2018100418.f00.grib2,0.0,Already_Downloaded
2018-10-05,00Z,gdas1.fnl.0p25.2018100500.f00.grib2,0.0,Already_Downloaded
2018-10-05,06Z,gdas1.fnl.0p25.2018100506.f00.grib2,0.0,Already_Downloaded
2018-10-05,12Z,gdas1.fnl.0p25.2018100512.f00.grib2,0.0,Already_Downloaded
2018-10-05,18Z,gdas1.fnl.0p25.2018100518.f00.grib2,0.0,Already_Downloaded
2018-10-06,00Z,gdas1.fnl.0p25.2018100600.f00.grib2,0.0,Already_Downloaded
2018-10-06,06Z,gdas1.fnl.0p25.2018100606.f00.grib2,0.0,Already_Downloaded
2018-10-06,12Z,gdas1.fnl.0p25.2018100612.f00.grib2,0.0,Already_Downloaded
2018-10-06,18Z,gdas1.fnl.0p25.2018100618.f00.grib2,0.0,Already_Downloaded
2018-10-07,00Z,gdas1.fnl.0p25.2018100700.f00.grib2,0.0,Already_Downloaded
2018-10-07,06Z,gdas1.fnl.0p25.2018100706.f00.grib2,0.0,Already_Downloaded
2018-10-07,12Z,gdas1.fnl.0p25.2018100712.f00.grib2,0.0,Already_Downloaded
2018-10-07,18Z,gdas1.fnl.0p25.2018100718.f00.grib2,0.0,Already_Downloaded
2018-10-08,00Z,gdas1.fnl.0p25.2018100800.f00.grib2,0.0,Already_Downloaded
2018-10-08,06Z,gdas1.fnl.0p25.2018100806.f00.grib2,0.0,Already_Downloaded
2018-10-08,12Z,gdas1.fnl.0p25.2018100812.f00.grib2,0.0,Already_Downloaded
2018-10-08,18Z,gdas1.fnl.0p25.2018100818.f00.grib2,0.0,Already_Downloaded
2018-10-09,00Z,gdas1.fnl.0p25.2018100900.f00.grib2,0.0,Already_Downloaded
2018-10-09,06Z,gdas1.fnl.0p25.2018100906.f00.grib2,0.0,Already_Downloaded
2018-10-09,12Z,gdas1.fnl.0p25.2018100912.f00.grib2,0.0,Already_Downloaded
2018-10-09,18Z,gdas1.fnl.0p25.2018100918.f00.grib2,0.0,Already_Downloaded
2018-10-10,00Z,gdas1.fnl.0p25.2018101000.f00.grib2,0.0,Already_Downloaded
2018-10-10,06Z,gdas1.fnl.0p25.2018101006.f00.grib2,0.0,Already_Downloaded
2018-10-10,12Z,gdas1.fnl.0p25.2018101012.f00.grib2,0.0,Already_Downloaded
2018-10-10,18Z,gdas1.fnl.0p25.2018101018.f00.grib2,0.0,Already_Downloaded
2018-10-11,00Z,gdas1.fnl.0p25.2018101100.f00.grib2,0.0,Already_Downloaded
2018-10-11,06Z,gdas1.fnl.0p25.2018101106.f00.grib2,0.0,Already_Downloaded
2018-10-11,12Z,gdas1.fnl.0p25.2018101112.f00.grib2,0.0,Already_Downloaded
2018-10-11,18Z,gdas1.fnl.0p25.2018101118.f00.grib2,0.0,Already_Downloaded
2018-10-12,00Z,gdas1.fnl.0p25.2018101200.f00.grib2,0.0,Already_Downloaded
2018-10-12,06Z,gdas1.fnl.0p25.2018101206.f00.grib2,0.0,Already_Downloaded
2018-10-12,12Z,gdas1.fnl.0p25.2018101212.f00.grib2,0.0,Already_Downloaded
2018-10-12,18Z,gdas1.fnl.0p25.2018101218.f00.grib2,0.0,Already_Downloaded
2018-10-13,00Z,gdas1.fnl.0p25.2018101300.f00.grib2,0.0,Already_Downloaded
2018-10-13,06Z,gdas1.fnl.0p25.2018101306.f00.grib2,0.0,Already_Downloaded
2018-10-13,12Z,gdas1.fnl.0p25.2018101312.f00.grib2,0.0,Already_Downloaded
2018-10-13,18Z,gdas1.fnl.0p25.2018101318.f00.grib2,0.0,Already_Downloaded
2018-10-14,00Z,gdas1.fnl.0p25.2018101400.f00.grib2,0.0,Already_Downloaded
2018-10-14,06Z,gdas1.fnl.0p25.2018101406.f00.grib2,0.0,Already_Downloaded
2018-10-14,12Z,gdas1.fnl.0p25.2018101412.f00.grib2,0.0,Already_Downloaded
2018-10-14,18Z,gdas1.fnl.0p25.2018101418.f00.grib2,0.0,Already_Downloaded
2018-10-15,00Z,gdas1.fnl.0p25.2018101500.f00.grib2,0.0,Already_Downloaded
2018-10-15,06Z,gdas1.fnl.0p25.2018101506.f00.grib2,0.0,Already_Downloaded
2018-10-15,12Z,gdas1.fnl.0p25.2018101512.f00.grib2,0.0,Already_Downloaded
2018-10-15,18Z,gdas1.fnl.0p25.2018101518.f00.grib2,0.0,Already_Downloaded
2018-10-16,00Z,gdas1.fnl.0p25.2018101600.f00.grib2,0.0,Already_Downloaded
2018-10-16,06Z,gdas1.fnl.0p25.2018101606.f00.grib2,0.0,Already_Downloaded
2018-10-16,12Z,gdas1.fnl.0p25.2018101612.f00.grib2,0.0,Already_Downloaded
2018-10-16,18Z,gdas1.fnl.0p25.2018101618.f00.grib2,0.0,Already_Downloaded
2018-10-17,00Z,gdas1.fnl.0p25.2018101700.f00.grib2,0.0,Already_Downloaded
2018-10-17,06Z,gdas1.fnl.0p25.2018101706.f00.grib2,0.0,Already_Downloaded
2018-10-17,12Z,gdas1.fnl.0p25.2018101712.f00.grib2,0.0,Already_Downloaded
2018-10-17,18Z,gdas1.fnl.0p25.2018101718.f00.grib2,0.0,Already_Downloaded
2018-10-18,00Z,gdas1.fnl.0p25.2018101800.f00.grib2,0.0,Already_Downloaded
2018-10-18,06Z,gdas1.fnl.0p25.2018101806.f00.grib2,0.0,Already_Downloaded
2018-10-18,12Z,gdas1.fnl.0p25.2018101812.f00.grib2,0.0,Already_Downloaded
2018-10-18,18Z,gdas1.fnl.0p25.2018101818.f00.grib2,0.0,Already_Downloaded
2018-10-19,00Z,gdas1.fnl.0p25.2018101900.f00.grib2,0.0,Already_Downloaded
2018-10-19,06Z,gdas1.fnl.0p25.2018101906.f00.grib2,0.0,Already_Downloaded
2018-10-19,12Z,gdas1.fnl.0p25.2018101912.f00.grib2,0.0,Already_Downloaded
2018-10-19,18Z,gdas1.fnl.0p25.2018101918.f00.grib2,0.0,Already_Downloaded
2018-10-20,00Z,gdas1.fnl.0p25.2018102000.f00.grib2,0.0,Already_Downloaded
2018-10-20,06Z,gdas1.fnl.0p25.2018102006.f00.grib2,0.0,Already_Downloaded
2018-10-20,12Z,gdas1.fnl.0p25.2018102012.f00.grib2,0.0,Already_Downloaded
2018-10-20,18Z,gdas1.fnl.0p25.2018102018.f00.grib2,0.0,Already_Downloaded
2018-10-21,00Z,gdas1.fnl.0p25.2018102100.f00.grib2,0.0,Already_Downloaded
2018-10-21,06Z,gdas1.fnl.0p25.2018102106.f00.grib2,0.0,Already_Downloaded
2018-10-21,12Z,gdas1.fnl.0p25.2018102112.f00.grib2,0.0,Already_Downloaded
2018-10-21,18Z,gdas1.fnl.0p25.2018102118.f00.grib2,0.0,Already_Downloaded
2018-10-22,00Z,gdas1.fnl.0p25.2018102200.f00.grib2,0.0,Already_Downloaded
2018-10-22,06Z,gdas1.fnl.0p25.2018102206.f00.grib2,0.0,Already_Downloaded
2018-10-22,12Z,gdas1.fnl.0p25.2018102212.f00.grib2,0.0,Already_Downloaded
2018-10-22,18Z,gdas1.fnl.0p25.2018102218.f00.grib2,0.0,Already_Downloaded
2018-10-23,00Z,gdas1.fnl.0p25.2018102300.f00.grib2,0.0,Already_Downloaded
2018-10-23,06Z,gdas1.fnl.0p25.2018102306.f00.grib2,0.0,Already_Downloaded
2018-10-23,12Z,gdas1.fnl.0p25.2018102312.f00.grib2,0.0,Already_Downloaded
2018-10-23,18Z,gdas1.fnl.0p25.2018102318.f00.grib2,0.0,Already_Downloaded
2018-10-24,00Z,gdas1.fnl.0p25.2018102400.f00.grib2,0.0,Already_Downloaded
2018-10-24,06Z,gdas1.fnl.0p25.2018102406.f00.grib2,0.0,Already_Downloaded
2018-10-24,12Z,gdas1.fnl.0p25.2018102412.f00.grib2,0.0,Already_Downloaded
2018-10-24,18Z,gdas1.fnl.0p25.2018102418.f00.grib2,0.0,Already_Downloaded
2018-10-25,00Z,gdas1.fnl.0p25.2018102500.f00.grib2,0.0,Already_Downloaded
2018-10-25,06Z,gdas1.fnl.0p25.2018102506.f00.grib2,0.0,Already_Downloaded
2018-10-25,12Z,gdas1.fnl.0p25.2018102512.f00.grib2,0.0,Already_Downloaded
2018-10-25,18Z,gdas1.fnl.0p25.2018102518.f00.grib2,0.0,Already_Downloaded
2018-10-26,00Z,gdas1.fnl.0p25.2018102600.f00.grib2,0.0,Already_Downloaded
2018-10-26,06Z,gdas1.fnl.0p25.2018102606.f00.grib2,0.0,Already_Downloaded
2018-10-26,12Z,gdas1.fnl.0p25.2018102612.f00.grib2,0.0,Already_Downloaded
2018-10-26,18Z,gdas1.fnl.0p25.2018102618.f00.grib2,0.0,Already_Downloaded
2018-10-27,00Z,gdas1.fnl.0p25.2018102700.f00.grib2,0.0,Already_Downloaded
2018-10-27,06Z,gdas1.fnl.0p25.2018102706.f00.grib2,0.0,Already_Downloaded
2018-10-27,12Z,gdas1.fnl.0p25.2018102712.f00.grib2,0.0,Already_Downloaded
2018-10-27,18Z,gdas1.fnl.0p25.2018102718.f00.grib2,0.0,Already_Downloaded
2018-10-28,00Z,gdas1.fnl.0p25.2018102800.f00.grib2,0.0,Already_Downloaded
2018-10-28,06Z,gdas1.fnl.0p25.2018102806.f00.grib2,0.0,Already_Downloaded
2018-10-28,12Z,gdas1.fnl.0p25.2018102812.f00.grib2,0.0,Already_Downloaded
2018-10-28,18Z,gdas1.fnl.0p25.2018102818.f00.grib2,0.0,Already_Downloaded
2018-10-29,00Z,gdas1.fnl.0p25.2018102900.f00.grib2,0.0,Already_Downloaded
2018-10-29,06Z,gdas1.fnl.0p25.2018102906.f00.grib2,0.0,Already_Downloaded
2018-10-29,12Z,gdas1.fnl.0p25.2018102912.f00.grib2,0.0,Already_Downloaded
2018-10-29,18Z,gdas1.fnl.0p25.2018102918.f00.grib2,0.0,Already_Downloaded
2018-10-30,00Z,gdas1.fnl.0p25.2018103000.f00.grib2,0.0,Already_Downloaded
2018-10-30,06Z,gdas1.fnl.0p25.2018103006.f00.grib2,0.0,Already_Downloaded
2018-10-30,12Z,gdas1.fnl.0p25.2018103012.f00.grib2,0.0,Already_Downloaded
2018-10-30,18Z,gdas1.fnl.0p25.2018103018.f00.grib2,0.0,Already_Downloaded
2018-10-31,00Z,gdas1.fnl.0p25.2018103100.f00.grib2,0.0,Already_Downloaded
2018-10-31,06Z,gdas1.fnl.0p25.2018103106.f00.grib2,0.0,Already_Downloaded
2018-10-31,12Z,gdas1.fnl.0p25.2018103112.f00.grib2,0.0,Already_Downloaded
2018-10-31,18Z,gdas1.fnl.0p25.2018103118.f00.grib2,0.0,Already_Downloaded
2018-11-01,00Z,gdas1.fnl.0p25.2018110100.f00.grib2,0.0,Already_Downloaded
2018-11-01,06Z,gdas1.fnl.0p25.2018110106.f00.grib2,0.0,Already_Downloaded
2018-11-01,12Z,gdas1.fnl.0p25.2018110112.f00.grib2,0.0,Already_Downloaded
2018-11-01,18Z,gdas1.fnl.0p25.2018110118.f00.grib2,0.0,Already_Downloaded
2018-11-02,00Z,gdas1.fnl.0p25.2018110200.f00.grib2,0.0,Already_Downloaded
2018-11-02,06Z,gdas1.fnl.0p25.2018110206.f00.grib2,0.0,Already_Downloaded
2018-11-02,12Z,gdas1.fnl.0p25.2018110212.f00.grib2,0.0,Already_Downloaded
2018-11-02,18Z,gdas1.fnl.0p25.2018110218.f00.grib2,0.0,Already_Downloaded
2018-11-03,00Z,gdas1.fnl.0p25.2018110300.f00.grib2,0.0,Already_Downloaded
2018-11-03,06Z,gdas1.fnl.0p25.2018110306.f00.grib2,0.0,Already_Downloaded
2018-11-03,12Z,gdas1.fnl.0p25.2018110312.f00.grib2,0.0,Already_Downloaded
2018-11-03,18Z,gdas1.fnl.0p25.2018110318.f00.grib2,0.0,Already_Downloaded
2018-11-04,00Z,gdas1.fnl.0p25.2018110400.f00.grib2,0.0,Already_Downloaded
2018-11-04,06Z,gdas1.fnl.0p25.2018110406.f00.grib2,0.0,Already_Downloaded
2018-11-04,12Z,gdas1.fnl.0p25.2018110412.f00.grib2,0.0,Already_Downloaded
2018-11-04,18Z,gdas1.fnl.0p25.2018110418.f00.grib2,0.0,Already_Downloaded
2018-11-05,00Z,gdas1.fnl.0p25.2018110500.f00.grib2,0.0,Already_Downloaded
2018-11-05,06Z,gdas1.fnl.0p25.2018110506.f00.grib2,0.0,Already_Downloaded
2018-11-05,12Z,gdas1.fnl.0p25.2018110512.f00.grib2,0.0,Already_Downloaded
2018-11-05,18Z,gdas1.fnl.0p25.2018110518.f00.grib2,0.0,Already_Downloaded
2018-11-06,00Z,gdas1.fnl.0p25.2018110600.f00.grib2,0.0,Already_Downloaded
2018-11-06,06Z,gdas1.fnl.0p25.2018110606.f00.grib2,0.0,Already_Downloaded
2018-11-06,12Z,gdas1.fnl.0p25.2018110612.f00.grib2,0.0,Already_Downloaded
2018-11-06,18Z,gdas1.fnl.0p25.2018110618.f00.grib2,0.0,Already_Downloaded
2018-11-07,00Z,gdas1.fnl.0p25.2018110700.f00.grib2,0.0,Already_Downloaded
2018-11-07,06Z,gdas1.fnl.0p25.2018110706.f00.grib2,0.0,Already_Downloaded
2018-11-07,12Z,gdas1.fnl.0p25.2018110712.f00.grib2,0.0,Already_Downloaded
2018-11-07,18Z,gdas1.fnl.0p25.2018110718.f00.grib2,0.0,Already_Downloaded
2018-11-08,00Z,gdas1.fnl.0p25.2018110800.f00.grib2,0.0,Already_Downloaded
2018-11-08,06Z,gdas1.fnl.0p25.2018110806.f00.grib2,0.0,Already_Downloaded
2018-11-08,12Z,gdas1.fnl.0p25.2018110812.f00.grib2,0.0,Already_Downloaded
2018-11-08,18Z,gdas1.fnl.0p25.2018110818.f00.grib2,0.0,Already_Downloaded
2018-11-09,00Z,gdas1.fnl.0p25.2018110900.f00.grib2,0.0,Already_Downloaded
2018-11-09,06Z,gdas1.fnl.0p25.2018110906.f00.grib2,0.0,Already_Downloaded
2018-11-09,12Z,gdas1.fnl.0p25.2018110912.f00.grib2,0.0,Already_Downloaded
2018-11-09,18Z,gdas1.fnl.0p25.2018110918.f00.grib2,0.0,Already_Downloaded
2018-11-10,00Z,gdas1.fnl.0p25.2018111000.f00.grib2,0.0,Already_Downloaded
2018-11-10,06Z,gdas1.fnl.0p25.2018111006.f00.grib2,0.0,Already_Downloaded
2018-11-10,12Z,gdas1.fnl.0p25.2018111012.f00.grib2,0.0,Already_Downloaded
2018-11-10,18Z,gdas1.fnl.0p25.2018111018.f00.grib2,0.0,Already_Downloaded
2018-11-11,00Z,gdas1.fnl.0p25.2018111100.f00.grib2,0.0,Already_Downloaded
2018-11-11,06Z,gdas1.fnl.0p25.2018111106.f00.grib2,0.0,Already_Downloaded
2018-11-11,12Z,gdas1.fnl.0p25.2018111112.f00.grib2,0.0,Already_Downloaded
2018-11-11,18Z,gdas1.fnl.0p25.2018111118.f00.grib2,0.0,Already_Downloaded
2018-11-12,00Z,gdas1.fnl.0p25.2018111200.f00.grib2,0.0,Already_Downloaded
2018-11-12,06Z,gdas1.fnl.0p25.2018111206.f00.grib2,0.0,Already_Downloaded
2018-11-12,12Z,gdas1.fnl.0p25.2018111212.f00.grib2,0.0,Already_Downloaded
2018-11-12,18Z,gdas1.fnl.0p25.2018111218.f00.grib2,0.0,Already_Downloaded
2018-11-13,00Z,gdas1.fnl.0p25.2018111300.f00.grib2,0.0,Already_Downloaded
2018-11-13,06Z,gdas1.fnl.0p25.2018111306.f00.grib2,0.0,Already_Downloaded
2018-11-13,12Z,gdas1.fnl.0p25.2018111312.f00.grib2,0.0,Already_Downloaded
2018-11-13,18Z,gdas1.fnl.0p25.2018111318.f00.grib2,0.0,Already_Downloaded
2018-11-14,00Z,gdas1.fnl.0p25.2018111400.f00.grib2,0.0,Already_Downloaded
2018-11-14,06Z,gdas1.fnl.0p25.2018111406.f00.grib2,0.0,Already_Downloaded
2018-11-14,12Z,gdas1.fnl.0p25.2018111412.f00.grib2,0.0,Already_Downloaded
2018-11-14,18Z,gdas1.fnl.0p25.2018111418.f00.grib2,0.0,Already_Downloaded
2018-11-15,00Z,gdas1.fnl.0p25.2018111500.f00.grib2,0.0,Already_Downloaded
2018-11-15,06Z,gdas1.fnl.0p25.2018111506.f00.grib2,0.0,Already_Downloaded
2018-11-15,12Z,gdas1.fnl.0p25.2018111512.f00.grib2,0.0,Already_Downloaded
2018-11-15,18Z,gdas1.fnl.0p25.2018111518.f00.grib2,0.0,Already_Downloaded
2018-11-16,00Z,gdas1.fnl.0p25.2018111600.f00.grib2,0.0,Already_Downloaded
2018-11-16,06Z,gdas1.fnl.0p25.2018111606.f00.grib2,0.0,Already_Downloaded
2018-11-16,12Z,gdas1.fnl.0p25.2018111612.f00.grib2,0.0,Already_Downloaded
2018-11-16,18Z,gdas1.fnl.0p25.2018111618.f00.grib2,0.0,Already_Downloaded
2018-11-17,00Z,gdas1.fnl.0p25.2018111700.f00.grib2,0.0,Already_Downloaded
2018-11-17,06Z,gdas1.fnl.0p25.2018111706.f00.grib2,0.0,Already_Downloaded
2018-11-17,12Z,gdas1.fnl.0p25.2018111712.f00.grib2,0.0,Already_Downloaded
2018-11-17,18Z,gdas1.fnl.0p25.2018111718.f00.grib2,0.0,Already_Downloaded
2018-11-18,00Z,gdas1.fnl.0p25.2018111800.f00.grib2,0.0,Already_Downloaded
2018-11-18,06Z,gdas1.fnl.0p25.2018111806.f00.grib2,0.0,Already_Downloaded
2018-11-18,12Z,gdas1.fnl.0p25.2018111812.f00.grib2,0.0,Already_Downloaded
2018-11-18,18Z,gdas1.fnl.0p25.2018111818.f00.grib2,0.0,Already_Downloaded
2018-11-19,00Z,gdas1.fnl.0p25.2018111900.f00.grib2,0.0,Already_Downloaded
2018-11-19,06Z,gdas1.fnl.0p25.2018111906.f00.grib2,0.0,Already_Downloaded
2018-11-19,12Z,gdas1.fnl.0p25.2018111912.f00.grib2,0.0,Already_Downloaded
2018-11-19,18Z,gdas1.fnl.0p25.2018111918.f00.grib2,0.0,Already_Downloaded
2018-11-20,00Z,gdas1.fnl.0p25.2018112000.f00.grib2,0.0,Already_Downloaded
2018-11-20,06Z,gdas1.fnl.0p25.2018112006.f00.grib2,0.0,Already_Downloaded
2018-11-20,12Z,gdas1.fnl.0p25.2018112012.f00.grib2,0.0,Already_Downloaded
2018-11-20,18Z,gdas1.fnl.0p25.2018112018.f00.grib2,0.0,Already_Downloaded
2018-11-21,00Z,gdas1.fnl.0p25.2018112100.f00.grib2,0.0,Already_Downloaded
2018-11-21,06Z,gdas1.fnl.0p25.2018112106.f00.grib2,0.0,Already_Downloaded
2018-11-21,12Z,gdas1.fnl.0p25.2018112112.f00.grib2,0.0,Already_Downloaded
2018-11-21,18Z,gdas1.fnl.0p25.2018112118.f00.grib2,0.0,Already_Downloaded
2018-11-22,00Z,gdas1.fnl.0p25.2018112200.f00.grib2,0.0,Already_Downloaded
2018-11-22,06Z,gdas1.fnl.0p25.2018112206.f00.grib2,0.0,Already_Downloaded
2018-11-22,12Z,gdas1.fnl.0p25.2018112212.f00.grib2,0.0,Already_Downloaded
2018-11-22,18Z,gdas1.fnl.0p25.2018112218.f00.grib2,0.0,Already_Downloaded
2018-11-23,00Z,gdas1.fnl.0p25.2018112300.f00.grib2,0.0,Already_Downloaded
2018-11-23,06Z,gdas1.fnl.0p25.2018112306.f00.grib2,0.0,Already_Downloaded
2018-11-23,12Z,gdas1.fnl.0p25.2018112312.f00.grib2,0.0,Already_Downloaded
2018-11-23,18Z,gdas1.fnl.0p25.2018112318.f00.grib2,0.0,Already_Downloaded
2018-11-24,00Z,gdas1.fnl.0p25.2018112400.f00.grib2,0.0,Already_Downloaded
2018-11-24,06Z,gdas1.fnl.0p25.2018112406.f00.grib2,0.0,Already_Downloaded
2018-11-24,12Z,gdas1.fnl.0p25.2018112412.f00.grib2,0.0,Already_Downloaded
2018-11-24,18Z,gdas1.fnl.0p25.2018112418.f00.grib2,0.0,Already_Downloaded
2018-11-25,00Z,gdas1.fnl.0p25.2018112500.f00.grib2,0.0,Already_Downloaded
2018-11-25,06Z,gdas1.fnl.0p25.2018112506.f00.grib2,0.0,Already_Downloaded
2018-11-25,12Z,gdas1.fnl.0p25.2018112512.f00.grib2,0.0,Already_Downloaded
2018-11-25,18Z,gdas1.fnl.0p25.2018112518.f00.grib2,0.0,Already_Downloaded
2018-11-26,00Z,gdas1.fnl.0p25.2018112600.f00.grib2,0.0,Already_Downloaded
2018-11-26,06Z,gdas1.fnl.0p25.2018112606.f00.grib2,0.0,Already_Downloaded
2018-11-26,12Z,gdas1.fnl.0p25.2018112612.f00.grib2,0.0,Already_Downloaded
2018-11-26,18Z,gdas1.fnl.0p25.2018112618.f00.grib2,0.0,Already_Downloaded
2018-11-27,00Z,gdas1.fnl.0p25.2018112700.f00.grib2,0.0,Already_Downloaded
2018-11-27,06Z,gdas1.fnl.0p25.2018112706.f00.grib2,0.0,Already_Downloaded
2018-11-27,12Z,gdas1.fnl.0p25.2018112712.f00.grib2,0.0,Already_Downloaded
2018-11-27,18Z,gdas1.fnl.0p25.2018112718.f00.grib2,0.0,Already_Downloaded
2018-11-28,00Z,gdas1.fnl.0p25.2018112800.f00.grib2,0.0,Already_Downloaded
2018-11-28,06Z,gdas1.fnl.0p25.2018112806.f00.grib2,0.0,Already_Downloaded
2018-11-28,12Z,gdas1.fnl.0p25.2018112812.f00.grib2,0.0,Already_Downloaded
2018-11-28,18Z,gdas1.fnl.0p25.2018112818.f00.grib2,0.0,Already_Downloaded
2018-11-29,00Z,gdas1.fnl.0p25.2018112900.f00.grib2,0.0,Already_Downloaded
2018-11-29,06Z,gdas1.fnl.0p25.2018112906.f00.grib2,0.0,Already_Downloaded
2018-11-29,12Z,gdas1.fnl.0p25.2018112912.f00.grib2,0.0,Already_Downloaded
2018-11-29,18Z,gdas1.fnl.0p25.2018112918.f00.grib2,0.0,Already_Downloaded
2018-11-30,00Z,gdas1.fnl.0p25.2018113000.f00.grib2,0.0,Already_Downloaded
2018-11-30,06Z,gdas1.fnl.0p25.2018113006.f00.grib2,0.0,Already_Downloaded
2018-11-30,12Z,gdas1.fnl.0p25.2018113012.f00.grib2,0.0,Already_Downloaded
2018-11-30,18Z,gdas1.fnl.0p25.2018113018.f00.grib2,0.0,Already_Downloaded
2018-12-01,00Z,gdas1.fnl.0p25.2018120100.f00.grib2,0.0,Already_Downloaded
2018-12-01,06Z,gdas1.fnl.0p25.2018120106.f00.grib2,0.0,Already_Downloaded
2018-12-01,12Z,gdas1.fnl.0p25.2018120112.f00.grib2,0.0,Already_Downloaded
2018-12-01,18Z,gdas1.fnl.0p25.2018120118.f00.grib2,0.0,Already_Downloaded
2018-12-02,00Z,gdas1.fnl.0p25.2018120200.f00.grib2,0.0,Already_Downloaded
2018-12-02,06Z,gdas1.fnl.0p25.2018120206.f00.grib2,0.0,Already_Downloaded
2018-12-02,12Z,gdas1.fnl.0p25.2018120212.f00.grib2,0.0,Already_Downloaded
2018-12-02,18Z,gdas1.fnl.0p25.2018120218.f00.grib2,0.0,Already_Downloaded
2018-12-03,00Z,gdas1.fnl.0p25.2018120300.f00.grib2,0.0,Already_Downloaded
2018-12-03,06Z,gdas1.fnl.0p25.2018120306.f00.grib2,0.0,Already_Downloaded
2018-12-03,12Z,gdas1.fnl.0p25.2018120312.f00.grib2,0.0,Already_Downloaded
2018-12-03,18Z,gdas1.fnl.0p25.2018120318.f00.grib2,0.0,Already_Downloaded
2018-12-04,00Z,gdas1.fnl.0p25.2018120400.f00.grib2,0.0,Already_Downloaded
2018-12-04,06Z,gdas1.fnl.0p25.2018120406.f00.grib2,0.0,Already_Downloaded
2018-12-04,12Z,gdas1.fnl.0p25.2018120412.f00.grib2,0.0,Already_Downloaded
2018-12-04,18Z,gdas1.fnl.0p25.2018120418.f00.grib2,0.0,Already_Downloaded
2018-12-05,00Z,gdas1.fnl.0p25.2018120500.f00.grib2,0.0,Already_Downloaded
2018-12-05,06Z,gdas1.fnl.0p25.2018120506.f00.grib2,0.0,Already_Downloaded
2018-12-05,12Z,gdas1.fnl.0p25.2018120512.f00.grib2,0.0,Already_Downloaded
2018-12-05,18Z,gdas1.fnl.0p25.2018120518.f00.grib2,0.0,Already_Downloaded
2018-12-06,00Z,gdas1.fnl.0p25.2018120600.f00.grib2,0.0,Already_Downloaded
2018-12-06,06Z,gdas1.fnl.0p25.2018120606.f00.grib2,0.0,Already_Downloaded
2018-12-06,12Z,gdas1.fnl.0p25.2018120612.f00.grib2,0.0,Already_Downloaded
2018-12-06,18Z,gdas1.fnl.0p25.2018120618.f00.grib2,0.0,Already_Downloaded
2018-12-07,00Z,gdas1.fnl.0p25.2018120700.f00.grib2,0.0,Already_Downloaded
2018-12-07,06Z,gdas1.fnl.0p25.2018120706.f00.grib2,0.0,Already_Downloaded
2018-12-07,12Z,gdas1.fnl.0p25.2018120712.f00.grib2,0.0,Already_Downloaded
2018-12-07,18Z,gdas1.fnl.0p25.2018120718.f00.grib2,0.0,Already_Downloaded
2018-12-08,00Z,gdas1.fnl.0p25.2018120800.f00.grib2,0.0,Already_Downloaded
2018-12-08,06Z,gdas1.fnl.0p25.2018120806.f00.grib2,0.0,Already_Downloaded
2018-12-08,12Z,gdas1.fnl.0p25.2018120812.f00.grib2,0.0,Already_Downloaded
2018-12-08,18Z,gdas1.fnl.0p25.2018120818.f00.grib2,0.0,Already_Downloaded
2018-12-09,00Z,gdas1.fnl.0p25.2018120900.f00.grib2,0.0,Already_Downloaded
2018-12-09,06Z,gdas1.fnl.0p25.2018120906.f00.grib2,0.0,Already_Downloaded
2018-12-09,12Z,gdas1.fnl.0p25.2018120912.f00.grib2,0.0,Already_Downloaded
2018-12-09,18Z,gdas1.fnl.0p25.2018120918.f00.grib2,0.0,Already_Downloaded
2018-12-10,00Z,gdas1.fnl.0p25.2018121000.f00.grib2,0.0,Already_Downloaded
2018-12-10,06Z,gdas1.fnl.0p25.2018121006.f00.grib2,0.0,Already_Downloaded
2018-12-10,12Z,gdas1.fnl.0p25.2018121012.f00.grib2,0.0,Already_Downloaded
2018-12-10,18Z,gdas1.fnl.0p25.2018121018.f00.grib2,0.0,Already_Downloaded
2018-12-11,00Z,gdas1.fnl.0p25.2018121100.f00.grib2,0.0,Already_Downloaded
2018-12-11,06Z,gdas1.fnl.0p25.2018121106.f00.grib2,0.0,Already_Downloaded
2018-12-11,12Z,gdas1.fnl.0p25.2018121112.f00.grib2,0.0,Already_Downloaded
2018-12-11,18Z,gdas1.fnl.0p25.2018121118.f00.grib2,0.0,Already_Downloaded
2018-12-12,00Z,gdas1.fnl.0p25.2018121200.f00.grib2,0.0,Already_Downloaded
2018-12-12,06Z,gdas1.fnl.0p25.2018121206.f00.grib2,0.0,Already_Downloaded
2018-12-12,12Z,gdas1.fnl.0p25.2018121212.f00.grib2,0.0,Already_Downloaded
2018-12-12,18Z,gdas1.fnl.0p25.2018121218.f00.grib2,0.0,Already_Downloaded
2018-12-13,00Z,gdas1.fnl.0p25.2018121300.f00.grib2,0.0,Already_Downloaded
2018-12-13,06Z,gdas1.fnl.0p25.2018121306.f00.grib2,0.0,Already_Downloaded
2018-12-13,12Z,gdas1.fnl.0p25.2018121312.f00.grib2,0.0,Already_Downloaded
2018-12-13,18Z,gdas1.fnl.0p25.2018121318.f00.grib2,0.0,Already_Downloaded
2018-12-14,00Z,gdas1.fnl.0p25.2018121400.f00.grib2,0.0,Already_Downloaded
2018-12-14,06Z,gdas1.fnl.0p25.2018121406.f00.grib2,0.0,Already_Downloaded
2018-12-14,12Z,gdas1.fnl.0p25.2018121412.f00.grib2,0.0,Already_Downloaded
2018-12-14,18Z,gdas1.fnl.0p25.2018121418.f00.grib2,0.0,Already_Downloaded
2018-12-15,00Z,gdas1.fnl.0p25.2018121500.f00.grib2,0.0,Already_Downloaded
2018-12-15,06Z,gdas1.fnl.0p25.2018121506.f00.grib2,0.0,Already_Downloaded
2018-12-15,12Z,gdas1.fnl.0p25.2018121512.f00.grib2,0.0,Already_Downloaded
2018-12-15,18Z,gdas1.fnl.0p25.2018121518.f00.grib2,0.0,Already_Downloaded
2018-12-16,00Z,gdas1.fnl.0p25.2018121600.f00.grib2,0.0,Already_Downloaded
2018-12-16,06Z,gdas1.fnl.0p25.2018121606.f00.grib2,0.0,Already_Downloaded
2018-12-16,12Z,gdas1.fnl.0p25.2018121612.f00.grib2,0.0,Already_Downloaded
2018-12-16,18Z,gdas1.fnl.0p25.2018121618.f00.grib2,0.0,Already_Downloaded
2018-12-17,00Z,gdas1.fnl.0p25.2018121700.f00.grib2,0.0,Already_Downloaded
2018-12-17,06Z,gdas1.fnl.0p25.2018121706.f00.grib2,0.0,Already_Downloaded
2018-12-17,12Z,gdas1.fnl.0p25.2018121712.f00.grib2,0.0,Already_Downloaded
2018-12-17,18Z,gdas1.fnl.0p25.2018121718.f00.grib2,0.0,Already_Downloaded
2018-12-18,00Z,gdas1.fnl.0p25.2018121800.f00.grib2,0.0,Already_Downloaded
2018-12-18,06Z,gdas1.fnl.0p25.2018121806.f00.grib2,0.0,Already_Downloaded
2018-12-18,12Z,gdas1.fnl.0p25.2018121812.f00.grib2,0.0,Already_Downloaded
2018-12-18,18Z,gdas1.fnl.0p25.2018121818.f00.grib2,0.0,Already_Downloaded
2018-12-19,00Z,gdas1.fnl.0p25.2018121900.f00.grib2,0.0,Already_Downloaded
2018-12-19,06Z,gdas1.fnl.0p25.2018121906.f00.grib2,0.0,Already_Downloaded
2018-12-19,12Z,gdas1.fnl.0p25.2018121912.f00.grib2,0.0,Already_Downloaded
2018-12-19,18Z,gdas1.fnl.0p25.2018121918.f00.grib2,0.0,Already_Downloaded
2018-12-20,00Z,gdas1.fnl.0p25.2018122000.f00.grib2,0.0,Already_Downloaded
2018-12-20,06Z,gdas1.fnl.0p25.2018122006.f00.grib2,0.0,Already_Downloaded
2018-12-20,12Z,gdas1.fnl.0p25.2018122012.f00.grib2,0.0,Already_Downloaded
2018-12-20,18Z,gdas1.fnl.0p25.2018122018.f00.grib2,0.0,Already_Downloaded
2018-12-21,00Z,gdas1.fnl.0p25.2018122100.f00.grib2,0.0,Already_Downloaded
2018-12-21,06Z,gdas1.fnl.0p25.2018122106.f00.grib2,0.0,Already_Downloaded
2018-12-21,12Z,gdas1.fnl.0p25.2018122112.f00.grib2,0.0,Already_Downloaded
2018-12-21,18Z,gdas1.fnl.0p25.2018122118.f00.grib2,0.0,Already_Downloaded
2018-12-22,00Z,gdas1.fnl.0p25.2018122200.f00.grib2,0.0,Already_Downloaded
2018-12-22,06Z,gdas1.fnl.0p25.2018122206.f00.grib2,0.0,Already_Downloaded
2018-12-22,12Z,gdas1.fnl.0p25.2018122212.f00.grib2,0.0,Already_Downloaded
2018-12-22,18Z,gdas1.fnl.0p25.2018122218.f00.grib2,0.0,Already_Downloaded
2018-12-23,00Z,gdas1.fnl.0p25.2018122300.f00.grib2,0.0,Already_Downloaded
2018-12-23,06Z,gdas1.fnl.0p25.2018122306.f00.grib2,0.0,Already_Downloaded
2018-12-23,12Z,gdas1.fnl.0p25.2018122312.f00.grib2,0.0,Already_Downloaded
2018-12-23,18Z,gdas1.fnl.0p25.2018122318.f00.grib2,0.0,Already_Downloaded
2018-12-24,00Z,gdas1.fnl.0p25.2018122400.f00.grib2,0.0,Already_Downloaded
2018-12-24,06Z,gdas1.fnl.0p25.2018122406.f00.grib2,0.0,Already_Downloaded
2018-12-24,12Z,gdas1.fnl.0p25.2018122412.f00.grib2,0.0,Already_Downloaded
2018-12-24,18Z,gdas1.fnl.0p25.2018122418.f00.grib2,0.0,Already_Downloaded
2018-12-25,00Z,gdas1.fnl.0p25.2018122500.f00.grib2,0.0,Already_Downloaded
2018-12-25,06Z,gdas1.fnl.0p25.2018122506.f00.grib2,0.0,Already_Downloaded
2018-12-25,12Z,gdas1.fnl.0p25.2018122512.f00.grib2,0.0,Already_Downloaded
2018-12-25,18Z,gdas1.fnl.0p25.2018122518.f00.grib2,0.0,Already_Downloaded
2018-12-26,00Z,gdas1.fnl.0p25.2018122600.f00.grib2,0.0,Already_Downloaded
2018-12-26,06Z,gdas1.fnl.0p25.2018122606.f00.grib2,0.0,Already_Downloaded
2018-12-26,12Z,gdas1.fnl.0p25.2018122612.f00.grib2,0.0,Already_Downloaded
2018-12-26,18Z,gdas1.fnl.0p25.2018122618.f00.grib2,0.0,Already_Downloaded
2018-12-27,00Z,gdas1.fnl.0p25.2018122700.f00.grib2,0.0,Already_Downloaded
2018-12-27,06Z,gdas1.fnl.0p25.2018122706.f00.grib2,0.0,Already_Downloaded
2018-12-27,12Z,gdas1.fnl.0p25.2018122712.f00.grib2,0.0,Already_Downloaded
2018-12-27,18Z,gdas1.fnl.0p25.2018122718.f00.grib2,0.0,Already_Downloaded
2018-12-28,00Z,gdas1.fnl.0p25.2018122800.f00.grib2,0.0,Already_Downloaded
2018-12-28,06Z,gdas1.fnl.0p25.2018122806.f00.grib2,0.0,Already_Downloaded
2018-12-28,12Z,gdas1.fnl.0p25.2018122812.f00.grib2,0.0,Already_Downloaded
2018-12-28,18Z,gdas1.fnl.0p25.2018122818.f00.grib2,0.0,Already_Downloaded
2018-12-29,00Z,gdas1.fnl.0p25.2018122900.f00.grib2,0.0,Already_Downloaded
2018-12-29,06Z,gdas1.fnl.0p25.2018122906.f00.grib2,0.0,Already_Downloaded
2018-12-29,12Z,gdas1.fnl.0p25.2018122912.f00.grib2,0.0,Already_Downloaded
2018-12-29,18Z,gdas1.fnl.0p25.2018122918.f00.grib2,0.0,Already_Downloaded
2018-12-30,00Z,gdas1.fnl.0p25.2018123000.f00.grib2,0.0,Already_Downloaded
2018-12-30,06Z,gdas1.fnl.0p25.2018123006.f00.grib2,0.0,Already_Downloaded
2018-12-30,12Z,gdas1.fnl.0p25.2018123012.f00.grib2,0.0,Already_Downloaded
2018-12-30,18Z,gdas1.fnl.0p25.2018123018.f00.grib2,0.0,Already_Downloaded
2018-12-31,00Z,gdas1.fnl.0p25.2018123100.f00.grib2,0.0,Already_Downloaded
2018-12-31,06Z,gdas1.fnl.0p25.2018123106.f00.grib2,0.0,Already_Downloaded
2018-12-31,12Z,gdas1.fnl.0p25.2018123112.f00.grib2,0.0,Already_Downloaded
2018-12-31,18Z,gdas1.fnl.0p25.2018123118.f00.grib2,0.0,Already_Downloaded
2019-01-01,00Z,gdas1.fnl.0p25.2019010100.f00.grib2,0.0,Already_Downloaded
2019-01-01,06Z,gdas1.fnl.0p25.2019010106.f00.grib2,0.0,Already_Downloaded
2019-01-01,12Z,gdas1.fnl.0p25.2019010112.f00.grib2,0.0,Already_Downloaded
2019-01-01,18Z,gdas1.fnl.0p25.2019010118.f00.grib2,0.0,Already_Downloaded
2019-01-02,00Z,gdas1.fnl.0p25.2019010200.f00.grib2,0.0,Already_Downloaded
2019-01-02,06Z,gdas1.fnl.0p25.2019010206.f00.grib2,0.0,Already_Downloaded
2019-01-02,12Z,gdas1.fnl.0p25.2019010212.f00.grib2,0.0,Already_Downloaded
2019-01-02,18Z,gdas1.fnl.0p25.2019010218.f00.grib2,0.0,Already_Downloaded
2019-01-03,00Z,gdas1.fnl.0p25.2019010300.f00.grib2,0.0,Already_Downloaded
2019-01-03,06Z,gdas1.fnl.0p25.2019010306.f00.grib2,0.0,Already_Downloaded
2019-01-03,12Z,gdas1.fnl.0p25.2019010312.f00.grib2,0.0,Already_Downloaded
2019-01-03,18Z,gdas1.fnl.0p25.2019010318.f00.grib2,0.0,Already_Downloaded
2019-01-04,00Z,gdas1.fnl.0p25.2019010400.f00.grib2,0.0,Already_Downloaded
2019-01-04,06Z,gdas1.fnl.0p25.2019010406.f00.grib2,0.0,Already_Downloaded
2019-01-04,12Z,gdas1.fnl.0p25.2019010412.f00.grib2,0.0,Already_Downloaded
2019-01-04,18Z,gdas1.fnl.0p25.2019010418.f00.grib2,0.0,Already_Downloaded
2019-01-05,00Z,gdas1.fnl.0p25.2019010500.f00.grib2,0.0,Already_Downloaded
2019-01-05,06Z,gdas1.fnl.0p25.2019010506.f00.grib2,0.0,Already_Downloaded
2019-01-05,12Z,gdas1.fnl.0p25.2019010512.f00.grib2,0.0,Already_Downloaded
2019-01-05,18Z,gdas1.fnl.0p25.2019010518.f00.grib2,0.0,Already_Downloaded
2019-01-06,00Z,gdas1.fnl.0p25.2019010600.f00.grib2,0.0,Already_Downloaded
2019-01-06,06Z,gdas1.fnl.0p25.2019010606.f00.grib2,0.0,Already_Downloaded
2019-01-06,12Z,gdas1.fnl.0p25.2019010612.f00.grib2,0.0,Already_Downloaded
2019-01-06,18Z,gdas1.fnl.0p25.2019010618.f00.grib2,0.0,Already_Downloaded
2019-01-07,00Z,gdas1.fnl.0p25.2019010700.f00.grib2,0.0,Already_Downloaded
2019-01-07,06Z,gdas1.fnl.0p25.2019010706.f00.grib2,0.0,Already_Downloaded
2019-01-07,12Z,gdas1.fnl.0p25.2019010712.f00.grib2,0.0,Already_Downloaded
2019-01-07,18Z,gdas1.fnl.0p25.2019010718.f00.grib2,0.0,Already_Downloaded
2019-01-08,00Z,gdas1.fnl.0p25.2019010800.f00.grib2,0.0,Already_Downloaded
2019-01-08,06Z,gdas1.fnl.0p25.2019010806.f00.grib2,0.0,Already_Downloaded
2019-01-08,12Z,gdas1.fnl.0p25.2019010812.f00.grib2,0.0,Already_Downloaded
2019-01-08,18Z,gdas1.fnl.0p25.2019010818.f00.grib2,0.0,Already_Downloaded
2019-01-09,00Z,gdas1.fnl.0p25.2019010900.f00.grib2,0.0,Already_Downloaded
2019-01-09,06Z,gdas1.fnl.0p25.2019010906.f00.grib2,0.0,Already_Downloaded
2019-01-09,12Z,gdas1.fnl.0p25.2019010912.f00.grib2,0.0,Already_Downloaded
2019-01-09,18Z,gdas1.fnl.0p25.2019010918.f00.grib2,0.0,Already_Downloaded
2019-01-10,00Z,gdas1.fnl.0p25.2019011000.f00.grib2,0.0,Already_Downloaded
2019-01-10,06Z,gdas1.fnl.0p25.2019011006.f00.grib2,0.0,Already_Downloaded
2019-01-10,12Z,gdas1.fnl.0p25.2019011012.f00.grib2,0.0,Already_Downloaded
2019-01-10,18Z,gdas1.fnl.0p25.2019011018.f00.grib2,0.0,Already_Downloaded
2019-01-11,00Z,gdas1.fnl.0p25.2019011100.f00.grib2,0.0,Already_Downloaded
2019-01-11,06Z,gdas1.fnl.0p25.2019011106.f00.grib2,0.0,Already_Downloaded
2019-01-11,12Z,gdas1.fnl.0p25.2019011112.f00.grib2,0.0,Already_Downloaded
2019-01-11,18Z,gdas1.fnl.0p25.2019011118.f00.grib2,0.0,Already_Downloaded
2019-01-12,00Z,gdas1.fnl.0p25.2019011200.f00.grib2,0.0,Already_Downloaded
2019-01-12,06Z,gdas1.fnl.0p25.2019011206.f00.grib2,0.0,Already_Downloaded
2019-01-12,12Z,gdas1.fnl.0p25.2019011212.f00.grib2,0.0,Already_Downloaded
2019-01-12,18Z,gdas1.fnl.0p25.2019011218.f00.grib2,0.0,Already_Downloaded
2019-01-13,00Z,gdas1.fnl.0p25.2019011300.f00.grib2,0.0,Already_Downloaded
2019-01-13,06Z,gdas1.fnl.0p25.2019011306.f00.grib2,0.0,Already_Downloaded
2019-01-13,12Z,gdas1.fnl.0p25.2019011312.f00.grib2,0.0,Already_Downloaded
2019-01-13,18Z,gdas1.fnl.0p25.2019011318.f00.grib2,0.0,Already_Downloaded
2019-01-14,00Z,gdas1.fnl.0p25.2019011400.f00.grib2,0.0,Already_Downloaded
2019-01-14,06Z,gdas1.fnl.0p25.2019011406.f00.grib2,0.0,Already_Downloaded
2019-01-14,12Z,gdas1.fnl.0p25.2019011412.f00.grib2,0.0,Already_Downloaded
2019-01-14,18Z,gdas1.fnl.0p25.2019011418.f00.grib2,0.0,Already_Downloaded
2019-01-15,00Z,gdas1.fnl.0p25.2019011500.f00.grib2,0.0,Already_Downloaded
2019-01-15,06Z,gdas1.fnl.0p25.2019011506.f00.grib2,0.0,Already_Downloaded
2019-01-15,12Z,gdas1.fnl.0p25.2019011512.f00.grib2,0.0,Already_Downloaded
2019-01-15,18Z,gdas1.fnl.0p25.2019011518.f00.grib2,0.0,Already_Downloaded
2019-01-16,00Z,gdas1.fnl.0p25.2019011600.f00.grib2,0.0,Already_Downloaded
2019-01-16,06Z,gdas1.fnl.0p25.2019011606.f00.grib2,0.0,Already_Downloaded
2019-01-16,12Z,gdas1.fnl.0p25.2019011612.f00.grib2,0.0,Already_Downloaded
2019-01-16,18Z,gdas1.fnl.0p25.2019011618.f00.grib2,0.0,Already_Downloaded
2019-01-17,00Z,gdas1.fnl.0p25.2019011700.f00.grib2,0.0,Already_Downloaded
2019-01-17,06Z,gdas1.fnl.0p25.2019011706.f00.grib2,0.0,Already_Downloaded
2019-01-17,12Z,gdas1.fnl.0p25.2019011712.f00.grib2,0.0,Already_Downloaded
2019-01-17,18Z,gdas1.fnl.0p25.2019011718.f00.grib2,0.0,Already_Downloaded
2019-01-18,00Z,gdas1.fnl.0p25.2019011800.f00.grib2,0.0,Already_Downloaded
2019-01-18,06Z,gdas1.fnl.0p25.2019011806.f00.grib2,0.0,Already_Downloaded
2019-01-18,12Z,gdas1.fnl.0p25.2019011812.f00.grib2,0.0,Already_Downloaded
2019-01-18,18Z,gdas1.fnl.0p25.2019011818.f00.grib2,0.0,Already_Downloaded
2019-01-19,00Z,gdas1.fnl.0p25.2019011900.f00.grib2,0.0,Already_Downloaded
2019-01-19,06Z,gdas1.fnl.0p25.2019011906.f00.grib2,0.0,Already_Downloaded
2019-01-19,12Z,gdas1.fnl.0p25.2019011912.f00.grib2,0.0,Already_Downloaded
2019-01-19,18Z,gdas1.fnl.0p25.2019011918.f00.grib2,0.0,Already_Downloaded
2019-01-20,00Z,gdas1.fnl.0p25.2019012000.f00.grib2,0.0,Already_Downloaded
2019-01-20,06Z,gdas1.fnl.0p25.2019012006.f00.grib2,0.0,Already_Downloaded
2019-01-20,12Z,gdas1.fnl.0p25.2019012012.f00.grib2,0.0,Already_Downloaded
2019-01-20,18Z,gdas1.fnl.0p25.2019012018.f00.grib2,0.0,Already_Downloaded
2019-01-21,00Z,gdas1.fnl.0p25.2019012100.f00.grib2,0.0,Already_Downloaded
2019-01-21,06Z,gdas1.fnl.0p25.2019012106.f00.grib2,0.0,Already_Downloaded
2019-01-21,12Z,gdas1.fnl.0p25.2019012112.f00.grib2,0.0,Already_Downloaded
2019-01-21,18Z,gdas1.fnl.0p25.2019012118.f00.grib2,0.0,Already_Downloaded
2019-01-22,00Z,gdas1.fnl.0p25.2019012200.f00.grib2,0.0,Already_Downloaded
2019-01-22,06Z,gdas1.fnl.0p25.2019012206.f00.grib2,0.0,Already_Downloaded
2019-01-22,12Z,gdas1.fnl.0p25.2019012212.f00.grib2,0.0,Already_Downloaded
2019-01-22,18Z,gdas1.fnl.0p25.2019012218.f00.grib2,0.0,Already_Downloaded
2019-01-23,00Z,gdas1.fnl.0p25.2019012300.f00.grib2,0.0,Already_Downloaded
2019-01-23,06Z,gdas1.fnl.0p25.2019012306.f00.grib2,0.0,Already_Downloaded
2019-01-23,12Z,gdas1.fnl.0p25.2019012312.f00.grib2,0.0,Already_Downloaded
2019-01-23,18Z,gdas1.fnl.0p25.2019012318.f00.grib2,0.0,Already_Downloaded
2019-01-24,00Z,gdas1.fnl.0p25.2019012400.f00.grib2,0.0,Already_Downloaded
2019-01-24,06Z,gdas1.fnl.0p25.2019012406.f00.grib2,0.0,Already_Downloaded
2019-01-24,12Z,gdas1.fnl.0p25.2019012412.f00.grib2,0.0,Already_Downloaded
2019-01-24,18Z,gdas1.fnl.0p25.2019012418.f00.grib2,0.0,Already_Downloaded
2019-01-25,00Z,gdas1.fnl.0p25.2019012500.f00.grib2,0.0,Already_Downloaded
2019-01-25,06Z,gdas1.fnl.0p25.2019012506.f00.grib2,0.0,Already_Downloaded
2019-01-25,12Z,gdas1.fnl.0p25.2019012512.f00.grib2,0.0,Already_Downloaded
2019-01-25,18Z,gdas1.fnl.0p25.2019012518.f00.grib2,0.0,Already_Downloaded
2019-01-26,00Z,gdas1.fnl.0p25.2019012600.f00.grib2,0.0,Already_Downloaded
2019-01-26,06Z,gdas1.fnl.0p25.2019012606.f00.grib2,0.0,Already_Downloaded
2019-01-26,12Z,gdas1.fnl.0p25.2019012612.f00.grib2,0.0,Already_Downloaded
2019-01-26,18Z,gdas1.fnl.0p25.2019012618.f00.grib2,0.0,Already_Downloaded
2019-01-27,00Z,gdas1.fnl.0p25.2019012700.f00.grib2,0.0,Already_Downloaded
2019-01-27,06Z,gdas1.fnl.0p25.2019012706.f00.grib2,0.0,Already_Downloaded
2019-01-27,12Z,gdas1.fnl.0p25.2019012712.f00.grib2,0.0,Already_Downloaded
2019-01-27,18Z,gdas1.fnl.0p25.2019012718.f00.grib2,0.0,Already_Downloaded
2019-01-28,00Z,gdas1.fnl.0p25.2019012800.f00.grib2,0.0,Already_Downloaded
2019-01-28,06Z,gdas1.fnl.0p25.2019012806.f00.grib2,0.0,Already_Downloaded
2019-01-28,12Z,gdas1.fnl.0p25.2019012812.f00.grib2,0.0,Already_Downloaded
2019-01-28,18Z,gdas1.fnl.0p25.2019012818.f00.grib2,0.0,Already_Downloaded
2019-01-29,00Z,gdas1.fnl.0p25.2019012900.f00.grib2,0.0,Already_Downloaded
2019-01-29,06Z,gdas1.fnl.0p25.2019012906.f00.grib2,0.0,Already_Downloaded
2019-01-29,12Z,gdas1.fnl.0p25.2019012912.f00.grib2,0.0,Already_Downloaded
2019-01-29,18Z,gdas1.fnl.0p25.2019012918.f00.grib2,0.0,Already_Downloaded
2019-01-30,00Z,gdas1.fnl.0p25.2019013000.f00.grib2,0.0,Already_Downloaded
2019-01-30,06Z,gdas1.fnl.0p25.2019013006.f00.grib2,0.0,Already_Downloaded
2019-01-30,12Z,gdas1.fnl.0p25.2019013012.f00.grib2,0.0,Already_Downloaded
2019-01-30,18Z,gdas1.fnl.0p25.2019013018.f00.grib2,0.0,Already_Downloaded
2019-01-31,00Z,gdas1.fnl.0p25.2019013100.f00.grib2,0.0,Already_Downloaded
2019-01-31,06Z,gdas1.fnl.0p25.2019013106.f00.grib2,0.0,Already_Downloaded
2019-01-31,12Z,gdas1.fnl.0p25.2019013112.f00.grib2,0.0,Already_Downloaded
2019-01-31,18Z,gdas1.fnl.0p25.2019013118.f00.grib2,0.0,Already_Downloaded
2019-02-01,00Z,gdas1.fnl.0p25.2019020100.f00.grib2,0.0,Already_Downloaded
2019-02-01,06Z,gdas1.fnl.0p25.2019020106.f00.grib2,0.0,Already_Downloaded
2019-02-01,12Z,gdas1.fnl.0p25.2019020112.f00.grib2,0.0,Already_Downloaded
2019-02-01,18Z,gdas1.fnl.0p25.2019020118.f00.grib2,0.0,Already_Downloaded
2019-02-02,00Z,gdas1.fnl.0p25.2019020200.f00.grib2,0.0,Already_Downloaded
2019-02-02,06Z,gdas1.fnl.0p25.2019020206.f00.grib2,0.0,Already_Downloaded
2019-02-02,12Z,gdas1.fnl.0p25.2019020212.f00.grib2,0.0,Already_Downloaded
2019-02-02,18Z,gdas1.fnl.0p25.2019020218.f00.grib2,0.0,Already_Downloaded
2019-02-03,00Z,gdas1.fnl.0p25.2019020300.f00.grib2,0.0,Already_Downloaded
2019-02-03,06Z,gdas1.fnl.0p25.2019020306.f00.grib2,0.0,Already_Downloaded
2019-02-03,12Z,gdas1.fnl.0p25.2019020312.f00.grib2,0.0,Already_Downloaded
2019-02-03,18Z,gdas1.fnl.0p25.2019020318.f00.grib2,0.0,Already_Downloaded
2019-02-04,00Z,gdas1.fnl.0p25.2019020400.f00.grib2,0.0,Already_Downloaded
2019-02-04,06Z,gdas1.fnl.0p25.2019020406.f00.grib2,0.0,Already_Downloaded
2019-02-04,12Z,gdas1.fnl.0p25.2019020412.f00.grib2,0.0,Already_Downloaded
2019-02-04,18Z,gdas1.fnl.0p25.2019020418.f00.grib2,0.0,Already_Downloaded
2019-02-05,00Z,gdas1.fnl.0p25.2019020500.f00.grib2,0.0,Already_Downloaded
2019-02-05,06Z,gdas1.fnl.0p25.2019020506.f00.grib2,0.0,Already_Downloaded
2019-02-05,12Z,gdas1.fnl.0p25.2019020512.f00.grib2,0.0,Already_Downloaded
2019-02-05,18Z,gdas1.fnl.0p25.2019020518.f00.grib2,0.0,Already_Downloaded
2019-02-06,00Z,gdas1.fnl.0p25.2019020600.f00.grib2,0.0,Already_Downloaded
2019-02-06,06Z,gdas1.fnl.0p25.2019020606.f00.grib2,0.0,Already_Downloaded
2019-02-06,12Z,gdas1.fnl.0p25.2019020612.f00.grib2,0.0,Already_Downloaded
2019-02-06,18Z,gdas1.fnl.0p25.2019020618.f00.grib2,0.0,Already_Downloaded
2019-02-07,00Z,gdas1.fnl.0p25.2019020700.f00.grib2,0.0,Already_Downloaded
2019-02-07,06Z,gdas1.fnl.0p25.2019020706.f00.grib2,0.0,Already_Downloaded
2019-02-07,12Z,gdas1.fnl.0p25.2019020712.f00.grib2,0.0,Already_Downloaded
2019-02-07,18Z,gdas1.fnl.0p25.2019020718.f00.grib2,0.0,Already_Downloaded
2019-02-08,00Z,gdas1.fnl.0p25.2019020800.f00.grib2,0.0,Already_Downloaded
2019-02-08,06Z,gdas1.fnl.0p25.2019020806.f00.grib2,0.0,Already_Downloaded
2019-02-08,12Z,gdas1.fnl.0p25.2019020812.f00.grib2,0.0,Already_Downloaded
2019-02-08,18Z,gdas1.fnl.0p25.2019020818.f00.grib2,0.0,Already_Downloaded
2019-02-09,00Z,gdas1.fnl.0p25.2019020900.f00.grib2,0.0,Already_Downloaded
2019-02-09,06Z,gdas1.fnl.0p25.2019020906.f00.grib2,0.0,Already_Downloaded
2019-02-09,12Z,gdas1.fnl.0p25.2019020912.f00.grib2,0.0,Already_Downloaded
2019-02-09,18Z,gdas1.fnl.0p25.2019020918.f00.grib2,0.0,Already_Downloaded
2019-02-10,00Z,gdas1.fnl.0p25.2019021000.f00.grib2,0.0,Already_Downloaded
2019-02-10,06Z,gdas1.fnl.0p25.2019021006.f00.grib2,0.0,Already_Downloaded
2019-02-10,12Z,gdas1.fnl.0p25.2019021012.f00.grib2,0.0,Already_Downloaded
2019-02-10,18Z,gdas1.fnl.0p25.2019021018.f00.grib2,0.0,Already_Downloaded
2019-02-11,00Z,gdas1.fnl.0p25.2019021100.f00.grib2,0.0,Already_Downloaded
2019-02-11,06Z,gdas1.fnl.0p25.2019021106.f00.grib2,0.0,Already_Downloaded
2019-02-11,12Z,gdas1.fnl.0p25.2019021112.f00.grib2,0.0,Already_Downloaded
2019-02-11,18Z,gdas1.fnl.0p25.2019021118.f00.grib2,0.0,Already_Downloaded
2019-02-12,00Z,gdas1.fnl.0p25.2019021200.f00.grib2,0.0,Already_Downloaded
2019-02-12,06Z,gdas1.fnl.0p25.2019021206.f00.grib2,0.0,Already_Downloaded
2019-02-12,12Z,gdas1.fnl.0p25.2019021212.f00.grib2,0.0,Already_Downloaded
2019-02-12,18Z,gdas1.fnl.0p25.2019021218.f00.grib2,0.0,Already_Downloaded
2019-02-13,00Z,gdas1.fnl.0p25.2019021300.f00.grib2,0.0,Already_Downloaded
2019-02-13,06Z,gdas1.fnl.0p25.2019021306.f00.grib2,0.0,Already_Downloaded
2019-02-13,12Z,gdas1.fnl.0p25.2019021312.f00.grib2,0.0,Already_Downloaded
2019-02-13,18Z,gdas1.fnl.0p25.2019021318.f00.grib2,0.0,Already_Downloaded
2019-02-14,00Z,gdas1.fnl.0p25.2019021400.f00.grib2,0.0,Already_Downloaded
2019-02-14,06Z,gdas1.fnl.0p25.2019021406.f00.grib2,0.0,Already_Downloaded
2019-02-14,12Z,gdas1.fnl.0p25.2019021412.f00.grib2,0.0,Already_Downloaded
2019-02-14,18Z,gdas1.fnl.0p25.2019021418.f00.grib2,0.0,Already_Downloaded
2019-02-15,00Z,gdas1.fnl.0p25.2019021500.f00.grib2,0.0,Already_Downloaded
2019-02-15,06Z,gdas1.fnl.0p25.2019021506.f00.grib2,0.0,Already_Downloaded
2019-02-15,12Z,gdas1.fnl.0p25.2019021512.f00.grib2,0.0,Already_Downloaded
2019-02-15,18Z,gdas1.fnl.0p25.2019021518.f00.grib2,0.0,Already_Downloaded
2019-02-16,00Z,gdas1.fnl.0p25.2019021600.f00.grib2,0.0,Already_Downloaded
2019-02-16,06Z,gdas1.fnl.0p25.2019021606.f00.grib2,0.0,Already_Downloaded
2019-02-16,12Z,gdas1.fnl.0p25.2019021612.f00.grib2,0.0,Already_Downloaded
2019-02-16,18Z,gdas1.fnl.0p25.2019021618.f00.grib2,0.0,Already_Downloaded
2019-02-17,00Z,gdas1.fnl.0p25.2019021700.f00.grib2,0.0,Already_Downloaded
2019-02-17,06Z,gdas1.fnl.0p25.2019021706.f00.grib2,0.0,Already_Downloaded
2019-02-17,12Z,gdas1.fnl.0p25.2019021712.f00.grib2,0.0,Already_Downloaded
2019-02-17,18Z,gdas1.fnl.0p25.2019021718.f00.grib2,0.0,Already_Downloaded
2019-02-18,00Z,gdas1.fnl.0p25.2019021800.f00.grib2,0.0,Already_Downloaded
2019-02-18,06Z,gdas1.fnl.0p25.2019021806.f00.grib2,0.0,Already_Downloaded
2019-02-18,12Z,gdas1.fnl.0p25.2019021812.f00.grib2,0.0,Already_Downloaded
2019-02-18,18Z,gdas1.fnl.0p25.2019021818.f00.grib2,0.0,Already_Downloaded
2019-02-19,00Z,gdas1.fnl.0p25.2019021900.f00.grib2,0.0,Already_Downloaded
2019-02-19,06Z,gdas1.fnl.0p25.2019021906.f00.grib2,0.0,Already_Downloaded
2019-02-19,12Z,gdas1.fnl.0p25.2019021912.f00.grib2,0.0,Already_Downloaded
2019-02-19,18Z,gdas1.fnl.0p25.2019021918.f00.grib2,0.0,Already_Downloaded
2019-02-20,00Z,gdas1.fnl.0p25.2019022000.f00.grib2,0.0,Already_Downloaded
2019-02-20,06Z,gdas1.fnl.0p25.2019022006.f00.grib2,0.0,Already_Downloaded
2019-02-20,12Z,gdas1.fnl.0p25.2019022012.f00.grib2,0.0,Already_Downloaded
2019-02-20,18Z,gdas1.fnl.0p25.2019022018.f00.grib2,0.0,Already_Downloaded
2019-02-21,00Z,gdas1.fnl.0p25.2019022100.f00.grib2,0.0,Already_Downloaded
2019-02-21,06Z,gdas1.fnl.0p25.2019022106.f00.grib2,0.0,Already_Downloaded
2019-02-21,12Z,gdas1.fnl.0p25.2019022112.f00.grib2,0.0,Already_Downloaded
2019-02-21,18Z,gdas1.fnl.0p25.2019022118.f00.grib2,0.0,Already_Downloaded
2019-02-22,00Z,gdas1.fnl.0p25.2019022200.f00.grib2,0.0,Already_Downloaded
2019-02-22,06Z,gdas1.fnl.0p25.2019022206.f00.grib2,0.0,Already_Downloaded
2019-02-22,12Z,gdas1.fnl.0p25.2019022212.f00.grib2,0.0,Already_Downloaded
2019-02-22,18Z,gdas1.fnl.0p25.2019022218.f00.grib2,0.0,Already_Downloaded
2019-02-23,00Z,gdas1.fnl.0p25.2019022300.f00.grib2,0.0,Already_Downloaded
2019-02-23,06Z,gdas1.fnl.0p25.2019022306.f00.grib2,0.0,Already_Downloaded
2019-02-23,12Z,gdas1.fnl.0p25.2019022312.f00.grib2,0.0,Already_Downloaded
2019-02-23,18Z,gdas1.fnl.0p25.2019022318.f00.grib2,0.0,Already_Downloaded
2019-02-24,00Z,gdas1.fnl.0p25.2019022400.f00.grib2,0.0,Already_Downloaded
2019-02-24,06Z,gdas1.fnl.0p25.2019022406.f00.grib2,0.0,Already_Downloaded
2019-02-24,12Z,gdas1.fnl.0p25.2019022412.f00.grib2,0.0,Already_Downloaded
2019-02-24,18Z,gdas1.fnl.0p25.2019022418.f00.grib2,0.0,Already_Downloaded
2019-02-25,00Z,gdas1.fnl.0p25.2019022500.f00.grib2,0.0,Already_Downloaded
2019-02-25,06Z,gdas1.fnl.0p25.2019022506.f00.grib2,0.0,Already_Downloaded
2019-02-25,12Z,gdas1.fnl.0p25.2019022512.f00.grib2,0.0,Already_Downloaded
2019-02-25,18Z,gdas1.fnl.0p25.2019022518.f00.grib2,0.0,Already_Downloaded
2019-02-26,00Z,gdas1.fnl.0p25.2019022600.f00.grib2,0.0,Already_Downloaded
2019-02-26,06Z,gdas1.fnl.0p25.2019022606.f00.grib2,0.0,Already_Downloaded
2019-02-26,12Z,gdas1.fnl.0p25.2019022612.f00.grib2,0.0,Already_Downloaded
2019-02-26,18Z,gdas1.fnl.0p25.2019022618.f00.grib2,0.0,Already_Downloaded
2019-02-27,00Z,gdas1.fnl.0p25.2019022700.f00.grib2,0.0,Already_Downloaded
2019-02-27,06Z,gdas1.fnl.0p25.2019022706.f00.grib2,0.0,Already_Downloaded
2019-02-27,12Z,gdas1.fnl.0p25.2019022712.f00.grib2,0.0,Already_Downloaded
2019-02-27,18Z,gdas1.fnl.0p25.2019022718.f00.grib2,0.0,Already_Downloaded
2019-02-28,00Z,gdas1.fnl.0p25.2019022800.f00.grib2,0.0,Already_Downloaded
2019-02-28,06Z,gdas1.fnl.0p25.2019022806.f00.grib2,0.0,Already_Downloaded
2019-02-28,12Z,gdas1.fnl.0p25.2019022812.f00.grib2,0.0,Already_Downloaded
2019-02-28,18Z,gdas1.fnl.0p25.2019022818.f00.grib2,0.0,Already_Downloaded
2019-03-01,00Z,gdas1.fnl.0p25.2019030100.f00.grib2,0.0,Already_Downloaded
2019-03-01,06Z,gdas1.fnl.0p25.2019030106.f00.grib2,0.0,Already_Downloaded
2019-03-01,12Z,gdas1.fnl.0p25.2019030112.f00.grib2,0.0,Already_Downloaded
2019-03-01,18Z,gdas1.fnl.0p25.2019030118.f00.grib2,0.0,Already_Downloaded
2019-03-02,00Z,gdas1.fnl.0p25.2019030200.f00.grib2,0.0,Already_Downloaded
2019-03-02,06Z,gdas1.fnl.0p25.2019030206.f00.grib2,0.0,Already_Downloaded
2019-03-02,12Z,gdas1.fnl.0p25.2019030212.f00.grib2,0.0,Already_Downloaded
2019-03-02,18Z,gdas1.fnl.0p25.2019030218.f00.grib2,0.0,Already_Downloaded
2019-03-03,00Z,gdas1.fnl.0p25.2019030300.f00.grib2,0.0,Already_Downloaded
2019-03-03,06Z,gdas1.fnl.0p25.2019030306.f00.grib2,0.0,Already_Downloaded
2019-03-03,12Z,gdas1.fnl.0p25.2019030312.f00.grib2,0.0,Already_Downloaded
2019-03-03,18Z,gdas1.fnl.0p25.2019030318.f00.grib2,0.0,Already_Downloaded
2019-03-04,00Z,gdas1.fnl.0p25.2019030400.f00.grib2,0.0,Already_Downloaded
2019-03-04,06Z,gdas1.fnl.0p25.2019030406.f00.grib2,0.0,Already_Downloaded
2019-03-04,12Z,gdas1.fnl.0p25.2019030412.f00.grib2,0.0,Already_Downloaded
2019-03-04,18Z,gdas1.fnl.0p25.2019030418.f00.grib2,0.0,Already_Downloaded
2019-03-05,00Z,gdas1.fnl.0p25.2019030500.f00.grib2,0.0,Already_Downloaded
2019-03-05,06Z,gdas1.fnl.0p25.2019030506.f00.grib2,0.0,Already_Downloaded
2019-03-05,12Z,gdas1.fnl.0p25.2019030512.f00.grib2,0.0,Already_Downloaded
2019-03-05,18Z,gdas1.fnl.0p25.2019030518.f00.grib2,0.0,Already_Downloaded
2019-03-06,00Z,gdas1.fnl.0p25.2019030600.f00.grib2,0.0,Already_Downloaded
2019-03-06,06Z,gdas1.fnl.0p25.2019030606.f00.grib2,0.0,Already_Downloaded
2019-03-06,12Z,gdas1.fnl.0p25.2019030612.f00.grib2,0.0,Already_Downloaded
2019-03-06,18Z,gdas1.fnl.0p25.2019030618.f00.grib2,0.0,Already_Downloaded
2019-03-07,00Z,gdas1.fnl.0p25.2019030700.f00.grib2,0.0,Already_Downloaded
2019-03-07,06Z,gdas1.fnl.0p25.2019030706.f00.grib2,0.0,Already_Downloaded
2019-03-07,12Z,gdas1.fnl.0p25.2019030712.f00.grib2,0.0,Already_Downloaded
2019-03-07,18Z,gdas1.fnl.0p25.2019030718.f00.grib2,0.0,Already_Downloaded
2019-03-08,00Z,gdas1.fnl.0p25.2019030800.f00.grib2,0.0,Already_Downloaded
2019-03-08,06Z,gdas1.fnl.0p25.2019030806.f00.grib2,0.0,Already_Downloaded
2019-03-08,12Z,gdas1.fnl.0p25.2019030812.f00.grib2,0.0,Already_Downloaded
2019-03-08,18Z,gdas1.fnl.0p25.2019030818.f00.grib2,0.0,Already_Downloaded
2019-03-09,00Z,gdas1.fnl.0p25.2019030900.f00.grib2,0.0,Already_Downloaded
2019-03-09,06Z,gdas1.fnl.0p25.2019030906.f00.grib2,0.0,Already_Downloaded
2019-03-09,12Z,gdas1.fnl.0p25.2019030912.f00.grib2,0.0,Already_Downloaded
2019-03-09,18Z,gdas1.fnl.0p25.2019030918.f00.grib2,0.0,Already_Downloaded
2019-03-10,00Z,gdas1.fnl.0p25.2019031000.f00.grib2,0.0,Already_Downloaded
2019-03-10,06Z,gdas1.fnl.0p25.2019031006.f00.grib2,0.0,Already_Downloaded
2019-03-10,12Z,gdas1.fnl.0p25.2019031012.f00.grib2,0.0,Already_Downloaded
2019-03-10,18Z,gdas1.fnl.0p25.2019031018.f00.grib2,0.0,Already_Downloaded
2019-03-11,00Z,gdas1.fnl.0p25.2019031100.f00.grib2,0.0,Already_Downloaded
2019-03-11,06Z,gdas1.fnl.0p25.2019031106.f00.grib2,0.0,Already_Downloaded
2019-03-11,12Z,gdas1.fnl.0p25.2019031112.f00.grib2,0.0,Already_Downloaded
2019-03-11,18Z,gdas1.fnl.0p25.2019031118.f00.grib2,0.0,Already_Downloaded
2019-03-12,00Z,gdas1.fnl.0p25.2019031200.f00.grib2,0.0,Already_Downloaded
2019-03-12,06Z,gdas1.fnl.0p25.2019031206.f00.grib2,0.0,Already_Downloaded
2019-03-12,12Z,gdas1.fnl.0p25.2019031212.f00.grib2,0.0,Already_Downloaded
2019-03-12,18Z,gdas1.fnl.0p25.2019031218.f00.grib2,0.0,Already_Downloaded
2019-03-13,00Z,gdas1.fnl.0p25.2019031300.f00.grib2,0.0,Already_Downloaded
2019-03-13,06Z,gdas1.fnl.0p25.2019031306.f00.grib2,0.0,Already_Downloaded
2019-03-13,12Z,gdas1.fnl.0p25.2019031312.f00.grib2,0.0,Already_Downloaded
2019-03-13,18Z,gdas1.fnl.0p25.2019031318.f00.grib2,0.0,Already_Downloaded
2019-03-14,00Z,gdas1.fnl.0p25.2019031400.f00.grib2,0.0,Already_Downloaded
2019-03-14,06Z,gdas1.fnl.0p25.2019031406.f00.grib2,0.0,Already_Downloaded
2019-03-14,12Z,gdas1.fnl.0p25.2019031412.f00.grib2,0.0,Already_Downloaded
2019-03-14,18Z,gdas1.fnl.0p25.2019031418.f00.grib2,0.0,Already_Downloaded
2019-03-15,00Z,gdas1.fnl.0p25.2019031500.f00.grib2,0.0,Already_Downloaded
2019-03-15,06Z,gdas1.fnl.0p25.2019031506.f00.grib2,0.0,Already_Downloaded
2019-03-15,12Z,gdas1.fnl.0p25.2019031512.f00.grib2,0.0,Already_Downloaded
2019-03-15,18Z,gdas1.fnl.0p25.2019031518.f00.grib2,0.0,Already_Downloaded
2019-03-16,00Z,gdas1.fnl.0p25.2019031600.f00.grib2,0.0,Already_Downloaded
2019-03-16,06Z,gdas1.fnl.0p25.2019031606.f00.grib2,0.0,Already_Downloaded
2019-03-16,12Z,gdas1.fnl.0p25.2019031612.f00.grib2,0.0,Already_Downloaded
2019-03-16,18Z,gdas1.fnl.0p25.2019031618.f00.grib2,0.0,Already_Downloaded
2019-03-17,00Z,gdas1.fnl.0p25.2019031700.f00.grib2,0.0,Already_Downloaded
2019-03-17,06Z,gdas1.fnl.0p25.2019031706.f00.grib2,0.0,Already_Downloaded
2019-03-17,12Z,gdas1.fnl.0p25.2019031712.f00.grib2,0.0,Already_Downloaded
2019-03-17,18Z,gdas1.fnl.0p25.2019031718.f00.grib2,0.0,Already_Downloaded
2019-03-18,00Z,gdas1.fnl.0p25.2019031800.f00.grib2,0.0,Already_Downloaded
2019-03-18,06Z,gdas1.fnl.0p25.2019031806.f00.grib2,0.0,Already_Downloaded
2019-03-18,12Z,gdas1.fnl.0p25.2019031812.f00.grib2,0.0,Already_Downloaded
2019-03-18,18Z,gdas1.fnl.0p25.2019031818.f00.grib2,0.0,Already_Downloaded
2019-03-19,00Z,gdas1.fnl.0p25.2019031900.f00.grib2,0.0,Already_Downloaded
2019-03-19,06Z,gdas1.fnl.0p25.2019031906.f00.grib2,0.0,Already_Downloaded
2019-03-19,12Z,gdas1.fnl.0p25.2019031912.f00.grib2,0.0,Already_Downloaded
2019-03-19,18Z,gdas1.fnl.0p25.2019031918.f00.grib2,0.0,Already_Downloaded
2019-03-20,00Z,gdas1.fnl.0p25.2019032000.f00.grib2,0.0,Already_Downloaded
2019-03-20,06Z,gdas1.fnl.0p25.2019032006.f00.grib2,0.0,Already_Downloaded
2019-03-20,12Z,gdas1.fnl.0p25.2019032012.f00.grib2,0.0,Already_Downloaded
2019-03-20,18Z,gdas1.fnl.0p25.2019032018.f00.grib2,0.0,Already_Downloaded
2019-03-21,00Z,gdas1.fnl.0p25.2019032100.f00.grib2,0.0,Already_Downloaded
2019-03-21,06Z,gdas1.fnl.0p25.2019032106.f00.grib2,0.0,Already_Downloaded
2019-03-21,12Z,gdas1.fnl.0p25.2019032112.f00.grib2,0.0,Already_Downloaded
2019-03-21,18Z,gdas1.fnl.0p25.2019032118.f00.grib2,0.0,Already_Downloaded
2019-03-22,00Z,gdas1.fnl.0p25.2019032200.f00.grib2,0.0,Already_Downloaded
2019-03-22,06Z,gdas1.fnl.0p25.2019032206.f00.grib2,0.0,Already_Downloaded
2019-03-22,12Z,gdas1.fnl.0p25.2019032212.f00.grib2,0.0,Already_Downloaded
2019-03-22,18Z,gdas1.fnl.0p25.2019032218.f00.grib2,0.0,Already_Downloaded
2019-03-23,00Z,gdas1.fnl.0p25.2019032300.f00.grib2,0.0,Already_Downloaded
2019-03-23,06Z,gdas1.fnl.0p25.2019032306.f00.grib2,0.0,Already_Downloaded
2019-03-23,12Z,gdas1.fnl.0p25.2019032312.f00.grib2,0.0,Already_Downloaded
2019-03-23,18Z,gdas1.fnl.0p25.2019032318.f00.grib2,0.0,Already_Downloaded
2019-03-24,00Z,gdas1.fnl.0p25.2019032400.f00.grib2,0.0,Already_Downloaded
2019-03-24,06Z,gdas1.fnl.0p25.2019032406.f00.grib2,0.0,Already_Downloaded
2019-03-24,12Z,gdas1.fnl.0p25.2019032412.f00.grib2,0.0,Already_Downloaded
2019-03-24,18Z,gdas1.fnl.0p25.2019032418.f00.grib2,0.0,Already_Downloaded
2019-03-25,00Z,gdas1.fnl.0p25.2019032500.f00.grib2,0.0,Already_Downloaded
2019-03-25,06Z,gdas1.fnl.0p25.2019032506.f00.grib2,0.0,Already_Downloaded
2019-03-25,12Z,gdas1.fnl.0p25.2019032512.f00.grib2,0.0,Already_Downloaded
2019-03-25,18Z,gdas1.fnl.0p25.2019032518.f00.grib2,0.0,Already_Downloaded
2019-03-26,00Z,gdas1.fnl.0p25.2019032600.f00.grib2,0.0,Already_Downloaded
2019-03-26,06Z,gdas1.fnl.0p25.2019032606.f00.grib2,0.0,Already_Downloaded
2019-03-26,12Z,gdas1.fnl.0p25.2019032612.f00.grib2,0.0,Already_Downloaded
2019-03-26,18Z,gdas1.fnl.0p25.2019032618.f00.grib2,0.0,Already_Downloaded
2019-03-27,00Z,gdas1.fnl.0p25.2019032700.f00.grib2,0.0,Already_Downloaded
2019-03-27,06Z,gdas1.fnl.0p25.2019032706.f00.grib2,0.0,Already_Downloaded
2019-03-27,12Z,gdas1.fnl.0p25.2019032712.f00.grib2,0.0,Already_Downloaded
2019-03-27,18Z,gdas1.fnl.0p25.2019032718.f00.grib2,0.0,Already_Downloaded
2019-03-28,00Z,gdas1.fnl.0p25.2019032800.f00.grib2,0.0,Already_Downloaded
2019-03-28,06Z,gdas1.fnl.0p25.2019032806.f00.grib2,0.0,Already_Downloaded
2019-03-28,12Z,gdas1.fnl.0p25.2019032812.f00.grib2,0.0,Already_Downloaded
2019-03-28,18Z,gdas1.fnl.0p25.2019032818.f00.grib2,0.0,Already_Downloaded
2019-03-29,00Z,gdas1.fnl.0p25.2019032900.f00.grib2,0.0,Already_Downloaded
2019-03-29,06Z,gdas1.fnl.0p25.2019032906.f00.grib2,0.0,Already_Downloaded
2019-03-29,12Z,gdas1.fnl.0p25.2019032912.f00.grib2,0.0,Already_Downloaded
2019-03-29,18Z,gdas1.fnl.0p25.2019032918.f00.grib2,0.0,Already_Downloaded
2019-03-30,00Z,gdas1.fnl.0p25.2019033000.f00.grib2,0.0,Already_Downloaded
2019-03-30,06Z,gdas1.fnl.0p25.2019033006.f00.grib2,0.0,Already_Downloaded
2019-03-30,12Z,gdas1.fnl.0p25.2019033012.f00.grib2,0.0,Already_Downloaded
2019-03-30,18Z,gdas1.fnl.0p25.2019033018.f00.grib2,0.0,Already_Downloaded
2019-03-31,00Z,gdas1.fnl.0p25.2019033100.f00.grib2,0.0,Already_Downloaded
2019-03-31,06Z,gdas1.fnl.0p25.2019033106.f00.grib2,0.0,Already_Downloaded
2019-03-31,12Z,gdas1.fnl.0p25.2019033112.f00.grib2,0.0,Already_Downloaded
2019-03-31,18Z,gdas1.fnl.0p25.2019033118.f00.grib2,0.0,Already_Downloaded
2019-04-01,00Z,gdas1.fnl.0p25.2019040100.f00.grib2,0.0,Already_Downloaded
2019-04-01,06Z,gdas1.fnl.0p25.2019040106.f00.grib2,0.0,Already_Downloaded
2019-04-01,12Z,gdas1.fnl.0p25.2019040112.f00.grib2,0.0,Already_Downloaded
2019-04-01,18Z,gdas1.fnl.0p25.2019040118.f00.grib2,0.0,Already_Downloaded
2019-04-02,00Z,gdas1.fnl.0p25.2019040200.f00.grib2,0.0,Already_Downloaded
2019-04-02,06Z,gdas1.fnl.0p25.2019040206.f00.grib2,0.0,Already_Downloaded
2019-04-02,12Z,gdas1.fnl.0p25.2019040212.f00.grib2,0.0,Already_Downloaded
2019-04-02,18Z,gdas1.fnl.0p25.2019040218.f00.grib2,0.0,Already_Downloaded
2019-04-03,00Z,gdas1.fnl.0p25.2019040300.f00.grib2,0.0,Already_Downloaded
2019-04-03,06Z,gdas1.fnl.0p25.2019040306.f00.grib2,0.0,Already_Downloaded
2019-04-03,12Z,gdas1.fnl.0p25.2019040312.f00.grib2,0.0,Already_Downloaded
2019-04-03,18Z,gdas1.fnl.0p25.2019040318.f00.grib2,0.0,Already_Downloaded
2019-04-04,00Z,gdas1.fnl.0p25.2019040400.f00.grib2,0.0,Already_Downloaded
2019-04-04,06Z,gdas1.fnl.0p25.2019040406.f00.grib2,0.0,Already_Downloaded
2019-04-04,12Z,gdas1.fnl.0p25.2019040412.f00.grib2,0.0,Already_Downloaded
2019-04-04,18Z,gdas1.fnl.0p25.2019040418.f00.grib2,0.0,Already_Downloaded
2019-04-05,00Z,gdas1.fnl.0p25.2019040500.f00.grib2,0.0,Already_Downloaded
2019-04-05,06Z,gdas1.fnl.0p25.2019040506.f00.grib2,0.0,Already_Downloaded
2019-04-05,12Z,gdas1.fnl.0p25.2019040512.f00.grib2,0.0,Already_Downloaded
2019-04-05,18Z,gdas1.fnl.0p25.2019040518.f00.grib2,0.0,Already_Downloaded
2019-04-06,00Z,gdas1.fnl.0p25.2019040600.f00.grib2,0.0,Already_Downloaded
2019-04-06,06Z,gdas1.fnl.0p25.2019040606.f00.grib2,0.0,Already_Downloaded
2019-04-06,12Z,gdas1.fnl.0p25.2019040612.f00.grib2,0.0,Already_Downloaded
2019-04-06,18Z,gdas1.fnl.0p25.2019040618.f00.grib2,0.0,Already_Downloaded
2019-04-07,00Z,gdas1.fnl.0p25.2019040700.f00.grib2,0.0,Already_Downloaded
2019-04-07,06Z,gdas1.fnl.0p25.2019040706.f00.grib2,0.0,Already_Downloaded
2019-04-07,12Z,gdas1.fnl.0p25.2019040712.f00.grib2,0.0,Already_Downloaded
2019-04-07,18Z,gdas1.fnl.0p25.2019040718.f00.grib2,0.0,Already_Downloaded
2019-04-08,00Z,gdas1.fnl.0p25.2019040800.f00.grib2,0.0,Already_Downloaded
2019-04-08,06Z,gdas1.fnl.0p25.2019040806.f00.grib2,0.0,Already_Downloaded
2019-04-08,12Z,gdas1.fnl.0p25.2019040812.f00.grib2,0.0,Already_Downloaded
2019-04-08,18Z,gdas1.fnl.0p25.2019040818.f00.grib2,0.0,Already_Downloaded
2019-04-09,00Z,gdas1.fnl.0p25.2019040900.f00.grib2,0.0,Already_Downloaded
2019-04-09,06Z,gdas1.fnl.0p25.2019040906.f00.grib2,0.0,Already_Downloaded
2019-04-09,12Z,gdas1.fnl.0p25.2019040912.f00.grib2,0.0,Already_Downloaded
2019-04-09,18Z,gdas1.fnl.0p25.2019040918.f00.grib2,0.0,Already_Downloaded
2019-04-10,00Z,gdas1.fnl.0p25.2019041000.f00.grib2,0.0,Already_Downloaded
2019-04-10,06Z,gdas1.fnl.0p25.2019041006.f00.grib2,0.0,Already_Downloaded
2019-04-10,12Z,gdas1.fnl.0p25.2019041012.f00.grib2,0.0,Already_Downloaded
2019-04-10,18Z,gdas1.fnl.0p25.2019041018.f00.grib2,0.0,Already_Downloaded
2019-04-11,00Z,gdas1.fnl.0p25.2019041100.f00.grib2,0.0,Already_Downloaded
2019-04-11,06Z,gdas1.fnl.0p25.2019041106.f00.grib2,0.0,Already_Downloaded
2019-04-11,12Z,gdas1.fnl.0p25.2019041112.f00.grib2,0.0,Already_Downloaded
2019-04-11,18Z,gdas1.fnl.0p25.2019041118.f00.grib2,0.0,Already_Downloaded
2019-04-12,00Z,gdas1.fnl.0p25.2019041200.f00.grib2,0.0,Already_Downloaded
2019-04-12,06Z,gdas1.fnl.0p25.2019041206.f00.grib2,0.0,Already_Downloaded
2019-04-12,12Z,gdas1.fnl.0p25.2019041212.f00.grib2,0.0,Already_Downloaded
2019-04-12,18Z,gdas1.fnl.0p25.2019041218.f00.grib2,0.0,Already_Downloaded
2019-04-13,00Z,gdas1.fnl.0p25.2019041300.f00.grib2,0.0,Already_Downloaded
2019-04-13,06Z,gdas1.fnl.0p25.2019041306.f00.grib2,0.0,Already_Downloaded
2019-04-13,12Z,gdas1.fnl.0p25.2019041312.f00.grib2,0.0,Already_Downloaded
2019-04-13,18Z,gdas1.fnl.0p25.2019041318.f00.grib2,0.0,Already_Downloaded
2019-04-14,00Z,gdas1.fnl.0p25.2019041400.f00.grib2,0.0,Already_Downloaded
2019-04-14,06Z,gdas1.fnl.0p25.2019041406.f00.grib2,0.0,Already_Downloaded
2019-04-14,12Z,gdas1.fnl.0p25.2019041412.f00.grib2,0.0,Already_Downloaded
2019-04-14,18Z,gdas1.fnl.0p25.2019041418.f00.grib2,0.0,Already_Downloaded
2019-04-15,00Z,gdas1.fnl.0p25.2019041500.f00.grib2,0.0,Already_Downloaded
2019-04-15,06Z,gdas1.fnl.0p25.2019041506.f00.grib2,0.0,Already_Downloaded
2019-04-15,12Z,gdas1.fnl.0p25.2019041512.f00.grib2,0.0,Already_Downloaded
2019-04-15,18Z,gdas1.fnl.0p25.2019041518.f00.grib2,0.0,Already_Downloaded
2019-04-16,00Z,gdas1.fnl.0p25.2019041600.f00.grib2,0.0,Already_Downloaded
2019-04-16,06Z,gdas1.fnl.0p25.2019041606.f00.grib2,0.0,Already_Downloaded
2019-04-16,12Z,gdas1.fnl.0p25.2019041612.f00.grib2,0.0,Already_Downloaded
2019-04-16,18Z,gdas1.fnl.0p25.2019041618.f00.grib2,0.0,Already_Downloaded
2019-04-17,00Z,gdas1.fnl.0p25.2019041700.f00.grib2,0.0,Already_Downloaded
2019-04-17,06Z,gdas1.fnl.0p25.2019041706.f00.grib2,0.0,Already_Downloaded
2019-04-17,12Z,gdas1.fnl.0p25.2019041712.f00.grib2,0.0,Already_Downloaded
2019-04-17,18Z,gdas1.fnl.0p25.2019041718.f00.grib2,0.0,Already_Downloaded
2019-04-18,00Z,gdas1.fnl.0p25.2019041800.f00.grib2,0.0,Already_Downloaded
2019-04-18,06Z,gdas1.fnl.0p25.2019041806.f00.grib2,0.0,Already_Downloaded
2019-04-18,12Z,gdas1.fnl.0p25.2019041812.f00.grib2,0.0,Already_Downloaded
2019-04-18,18Z,gdas1.fnl.0p25.2019041818.f00.grib2,0.0,Already_Downloaded
2019-04-19,00Z,gdas1.fnl.0p25.2019041900.f00.grib2,0.0,Already_Downloaded
2019-04-19,06Z,gdas1.fnl.0p25.2019041906.f00.grib2,0.0,Already_Downloaded
2019-04-19,12Z,gdas1.fnl.0p25.2019041912.f00.grib2,0.0,Already_Downloaded
2019-04-19,18Z,gdas1.fnl.0p25.2019041918.f00.grib2,0.0,Already_Downloaded
2019-04-20,00Z,gdas1.fnl.0p25.2019042000.f00.grib2,0.0,Already_Downloaded
2019-04-20,06Z,gdas1.fnl.0p25.2019042006.f00.grib2,0.0,Already_Downloaded
2019-04-20,12Z,gdas1.fnl.0p25.2019042012.f00.grib2,0.0,Already_Downloaded
2019-04-20,18Z,gdas1.fnl.0p25.2019042018.f00.grib2,0.0,Already_Downloaded
2019-04-21,00Z,gdas1.fnl.0p25.2019042100.f00.grib2,0.0,Already_Downloaded
2019-04-21,06Z,gdas1.fnl.0p25.2019042106.f00.grib2,0.0,Already_Downloaded
2019-04-21,12Z,gdas1.fnl.0p25.2019042112.f00.grib2,0.0,Already_Downloaded
2019-04-21,18Z,gdas1.fnl.0p25.2019042118.f00.grib2,0.0,Already_Downloaded
2019-04-22,00Z,gdas1.fnl.0p25.2019042200.f00.grib2,0.0,Already_Downloaded
2019-04-22,06Z,gdas1.fnl.0p25.2019042206.f00.grib2,0.0,Already_Downloaded
2019-04-22,12Z,gdas1.fnl.0p25.2019042212.f00.grib2,0.0,Already_Downloaded
2019-04-22,18Z,gdas1.fnl.0p25.2019042218.f00.grib2,0.0,Already_Downloaded
2019-04-23,00Z,gdas1.fnl.0p25.2019042300.f00.grib2,0.0,Already_Downloaded
2019-04-23,06Z,gdas1.fnl.0p25.2019042306.f00.grib2,0.0,Already_Downloaded
2019-04-23,12Z,gdas1.fnl.0p25.2019042312.f00.grib2,0.0,Already_Downloaded
2019-04-23,18Z,gdas1.fnl.0p25.2019042318.f00.grib2,0.0,Already_Downloaded
2019-04-24,00Z,gdas1.fnl.0p25.2019042400.f00.grib2,0.0,Already_Downloaded
2019-04-24,06Z,gdas1.fnl.0p25.2019042406.f00.grib2,0.0,Already_Downloaded
2019-04-24,12Z,gdas1.fnl.0p25.2019042412.f00.grib2,0.0,Already_Downloaded
2019-04-24,18Z,gdas1.fnl.0p25.2019042418.f00.grib2,0.0,Already_Downloaded
2019-04-25,00Z,gdas1.fnl.0p25.2019042500.f00.grib2,0.0,Already_Downloaded
2019-04-25,06Z,gdas1.fnl.0p25.2019042506.f00.grib2,0.0,Already_Downloaded
2019-04-25,12Z,gdas1.fnl.0p25.2019042512.f00.grib2,0.0,Already_Downloaded
2019-04-25,18Z,gdas1.fnl.0p25.2019042518.f00.grib2,0.0,Already_Downloaded
2019-04-26,00Z,gdas1.fnl.0p25.2019042600.f00.grib2,0.0,Already_Downloaded
2019-04-26,06Z,gdas1.fnl.0p25.2019042606.f00.grib2,0.0,Already_Downloaded
2019-04-26,12Z,gdas1.fnl.0p25.2019042612.f00.grib2,0.0,Already_Downloaded
2019-04-26,18Z,gdas1.fnl.0p25.2019042618.f00.grib2,0.0,Already_Downloaded
2019-04-27,00Z,gdas1.fnl.0p25.2019042700.f00.grib2,0.0,Already_Downloaded
2019-04-27,06Z,gdas1.fnl.0p25.2019042706.f00.grib2,0.0,Already_Downloaded
2019-04-27,12Z,gdas1.fnl.0p25.2019042712.f00.grib2,0.0,Already_Downloaded
2019-04-27,18Z,gdas1.fnl.0p25.2019042718.f00.grib2,0.0,Already_Downloaded
2019-04-28,00Z,gdas1.fnl.0p25.2019042800.f00.grib2,0.0,Already_Downloaded
2019-04-28,06Z,gdas1.fnl.0p25.2019042806.f00.grib2,0.0,Already_Downloaded
2019-04-28,12Z,gdas1.fnl.0p25.2019042812.f00.grib2,0.0,Already_Downloaded
2019-04-28,18Z,gdas1.fnl.0p25.2019042818.f00.grib2,0.0,Already_Downloaded
2019-04-29,00Z,gdas1.fnl.0p25.2019042900.f00.grib2,0.0,Already_Downloaded
2019-04-29,06Z,gdas1.fnl.0p25.2019042906.f00.grib2,0.0,Already_Downloaded
2019-04-29,12Z,gdas1.fnl.0p25.2019042912.f00.grib2,0.0,Already_Downloaded
2019-04-29,18Z,gdas1.fnl.0p25.2019042918.f00.grib2,0.0,Already_Downloaded
2019-04-30,00Z,gdas1.fnl.0p25.2019043000.f00.grib2,0.0,Already_Downloaded
2019-04-30,06Z,gdas1.fnl.0p25.2019043006.f00.grib2,0.0,Already_Downloaded
2019-04-30,12Z,gdas1.fnl.0p25.2019043012.f00.grib2,0.0,Already_Downloaded
2019-04-30,18Z,gdas1.fnl.0p25.2019043018.f00.grib2,0.0,Already_Downloaded
2019-05-01,00Z,gdas1.fnl.0p25.2019050100.f00.grib2,0.0,Already_Downloaded
2019-05-01,06Z,gdas1.fnl.0p25.2019050106.f00.grib2,0.0,Already_Downloaded
2019-05-01,12Z,gdas1.fnl.0p25.2019050112.f00.grib2,0.0,Already_Downloaded
2019-05-01,18Z,gdas1.fnl.0p25.2019050118.f00.grib2,0.0,Already_Downloaded
2019-05-02,00Z,gdas1.fnl.0p25.2019050200.f00.grib2,0.0,Already_Downloaded
2019-05-02,06Z,gdas1.fnl.0p25.2019050206.f00.grib2,0.0,Already_Downloaded
2019-05-02,12Z,gdas1.fnl.0p25.2019050212.f00.grib2,0.0,Already_Downloaded
2019-05-02,18Z,gdas1.fnl.0p25.2019050218.f00.grib2,0.0,Already_Downloaded
2019-05-03,00Z,gdas1.fnl.0p25.2019050300.f00.grib2,0.0,Already_Downloaded
2019-05-03,06Z,gdas1.fnl.0p25.2019050306.f00.grib2,0.0,Already_Downloaded
2019-05-03,12Z,gdas1.fnl.0p25.2019050312.f00.grib2,0.0,Already_Downloaded
2019-05-03,18Z,gdas1.fnl.0p25.2019050318.f00.grib2,0.0,Already_Downloaded
2019-05-04,00Z,gdas1.fnl.0p25.2019050400.f00.grib2,0.0,Already_Downloaded
2019-05-04,06Z,gdas1.fnl.0p25.2019050406.f00.grib2,0.0,Already_Downloaded
2019-05-04,12Z,gdas1.fnl.0p25.2019050412.f00.grib2,0.0,Already_Downloaded
2019-05-04,18Z,gdas1.fnl.0p25.2019050418.f00.grib2,0.0,Already_Downloaded
2019-05-05,00Z,gdas1.fnl.0p25.2019050500.f00.grib2,0.0,Already_Downloaded
2019-05-05,06Z,gdas1.fnl.0p25.2019050506.f00.grib2,0.0,Already_Downloaded
2019-05-05,12Z,gdas1.fnl.0p25.2019050512.f00.grib2,0.0,Already_Downloaded
2019-05-05,18Z,gdas1.fnl.0p25.2019050518.f00.grib2,0.0,Already_Downloaded
2019-05-06,00Z,gdas1.fnl.0p25.2019050600.f00.grib2,0.0,Already_Downloaded
2019-05-06,06Z,gdas1.fnl.0p25.2019050606.f00.grib2,0.0,Already_Downloaded
2019-05-06,12Z,gdas1.fnl.0p25.2019050612.f00.grib2,0.0,Already_Downloaded
2019-05-06,18Z,gdas1.fnl.0p25.2019050618.f00.grib2,0.0,Already_Downloaded
2019-05-07,00Z,gdas1.fnl.0p25.2019050700.f00.grib2,0.0,Already_Downloaded
2019-05-07,06Z,gdas1.fnl.0p25.2019050706.f00.grib2,0.0,Already_Downloaded
2019-05-07,12Z,gdas1.fnl.0p25.2019050712.f00.grib2,0.0,Already_Downloaded
2019-05-07,18Z,gdas1.fnl.0p25.2019050718.f00.grib2,0.0,Already_Downloaded
2019-05-08,00Z,gdas1.fnl.0p25.2019050800.f00.grib2,0.0,Already_Downloaded
2019-05-08,06Z,gdas1.fnl.0p25.2019050806.f00.grib2,0.0,Already_Downloaded
2019-05-08,12Z,gdas1.fnl.0p25.2019050812.f00.grib2,0.0,Already_Downloaded
2019-05-08,18Z,gdas1.fnl.0p25.2019050818.f00.grib2,0.0,Already_Downloaded
2019-05-09,00Z,gdas1.fnl.0p25.2019050900.f00.grib2,0.0,Already_Downloaded
2019-05-09,06Z,gdas1.fnl.0p25.2019050906.f00.grib2,0.0,Already_Downloaded
2019-05-09,12Z,gdas1.fnl.0p25.2019050912.f00.grib2,0.0,Already_Downloaded
2019-05-09,18Z,gdas1.fnl.0p25.2019050918.f00.grib2,0.0,Already_Downloaded
2019-05-10,00Z,gdas1.fnl.0p25.2019051000.f00.grib2,0.0,Already_Downloaded
2019-05-10,06Z,gdas1.fnl.0p25.2019051006.f00.grib2,0.0,Already_Downloaded
2019-05-10,12Z,gdas1.fnl.0p25.2019051012.f00.grib2,0.0,Already_Downloaded
2019-05-10,18Z,gdas1.fnl.0p25.2019051018.f00.grib2,0.0,Already_Downloaded
2019-05-11,00Z,gdas1.fnl.0p25.2019051100.f00.grib2,0.0,Already_Downloaded
2019-05-11,06Z,gdas1.fnl.0p25.2019051106.f00.grib2,0.0,Already_Downloaded
2019-05-11,12Z,gdas1.fnl.0p25.2019051112.f00.grib2,0.0,Already_Downloaded
2019-05-11,18Z,gdas1.fnl.0p25.2019051118.f00.grib2,0.0,Already_Downloaded
2019-05-12,00Z,gdas1.fnl.0p25.2019051200.f00.grib2,0.0,Already_Downloaded
2019-05-12,06Z,gdas1.fnl.0p25.2019051206.f00.grib2,0.0,Already_Downloaded
2019-05-12,12Z,gdas1.fnl.0p25.2019051212.f00.grib2,0.0,Already_Downloaded
2019-05-12,18Z,gdas1.fnl.0p25.2019051218.f00.grib2,0.0,Already_Downloaded
2019-05-13,00Z,gdas1.fnl.0p25.2019051300.f00.grib2,0.0,Already_Downloaded
2019-05-13,06Z,gdas1.fnl.0p25.2019051306.f00.grib2,0.0,Already_Downloaded
2019-05-13,12Z,gdas1.fnl.0p25.2019051312.f00.grib2,0.0,Already_Downloaded
2019-05-13,18Z,gdas1.fnl.0p25.2019051318.f00.grib2,0.0,Already_Downloaded
2019-05-14,00Z,gdas1.fnl.0p25.2019051400.f00.grib2,0.0,Already_Downloaded
2019-05-14,06Z,gdas1.fnl.0p25.2019051406.f00.grib2,0.0,Already_Downloaded
2019-05-14,12Z,gdas1.fnl.0p25.2019051412.f00.grib2,0.0,Already_Downloaded
2019-05-14,18Z,gdas1.fnl.0p25.2019051418.f00.grib2,0.0,Already_Downloaded
2019-05-15,00Z,gdas1.fnl.0p25.2019051500.f00.grib2,0.0,Already_Downloaded
2019-05-15,06Z,gdas1.fnl.0p25.2019051506.f00.grib2,0.0,Already_Downloaded
2019-05-15,12Z,gdas1.fnl.0p25.2019051512.f00.grib2,0.0,Already_Downloaded
2019-05-15,18Z,gdas1.fnl.0p25.2019051518.f00.grib2,0.0,Already_Downloaded
2019-05-16,00Z,gdas1.fnl.0p25.2019051600.f00.grib2,0.0,Already_Downloaded
2019-05-16,06Z,gdas1.fnl.0p25.2019051606.f00.grib2,0.0,Already_Downloaded
2019-05-16,12Z,gdas1.fnl.0p25.2019051612.f00.grib2,0.0,Already_Downloaded
2019-05-16,18Z,gdas1.fnl.0p25.2019051618.f00.grib2,0.0,Already_Downloaded
2019-05-17,00Z,gdas1.fnl.0p25.2019051700.f00.grib2,0.0,Already_Downloaded
2019-05-17,06Z,gdas1.fnl.0p25.2019051706.f00.grib2,0.0,Already_Downloaded
2019-05-17,12Z,gdas1.fnl.0p25.2019051712.f00.grib2,0.0,Already_Downloaded
2019-05-17,18Z,gdas1.fnl.0p25.2019051718.f00.grib2,0.0,Already_Downloaded
2019-05-18,00Z,gdas1.fnl.0p25.2019051800.f00.grib2,0.0,Already_Downloaded
2019-05-18,06Z,gdas1.fnl.0p25.2019051806.f00.grib2,0.0,Already_Downloaded
2019-05-18,12Z,gdas1.fnl.0p25.2019051812.f00.grib2,0.0,Already_Downloaded
2019-05-18,18Z,gdas1.fnl.0p25.2019051818.f00.grib2,0.0,Already_Downloaded
2019-05-19,00Z,gdas1.fnl.0p25.2019051900.f00.grib2,0.0,Already_Downloaded
2019-05-19,06Z,gdas1.fnl.0p25.2019051906.f00.grib2,0.0,Already_Downloaded
2019-05-19,12Z,gdas1.fnl.0p25.2019051912.f00.grib2,0.0,Already_Downloaded
2019-05-19,18Z,gdas1.fnl.0p25.2019051918.f00.grib2,0.0,Already_Downloaded
2019-05-20,00Z,gdas1.fnl.0p25.2019052000.f00.grib2,0.0,Already_Downloaded
2019-05-20,06Z,gdas1.fnl.0p25.2019052006.f00.grib2,0.0,Already_Downloaded
2019-05-20,12Z,gdas1.fnl.0p25.2019052012.f00.grib2,0.0,Already_Downloaded
2019-05-20,18Z,gdas1.fnl.0p25.2019052018.f00.grib2,0.0,Already_Downloaded
2019-05-21,00Z,gdas1.fnl.0p25.2019052100.f00.grib2,0.0,Already_Downloaded
2019-05-21,06Z,gdas1.fnl.0p25.2019052106.f00.grib2,0.0,Already_Downloaded
2019-05-21,12Z,gdas1.fnl.0p25.2019052112.f00.grib2,0.0,Already_Downloaded
2019-05-21,18Z,gdas1.fnl.0p25.2019052118.f00.grib2,0.0,Already_Downloaded
2019-05-22,00Z,gdas1.fnl.0p25.2019052200.f00.grib2,0.0,Already_Downloaded
2019-05-22,06Z,gdas1.fnl.0p25.2019052206.f00.grib2,0.0,Already_Downloaded
2019-05-22,12Z,gdas1.fnl.0p25.2019052212.f00.grib2,0.0,Already_Downloaded
2019-05-22,18Z,gdas1.fnl.0p25.2019052218.f00.grib2,0.0,Already_Downloaded
2019-05-23,00Z,gdas1.fnl.0p25.2019052300.f00.grib2,0.0,Already_Downloaded
2019-05-23,06Z,gdas1.fnl.0p25.2019052306.f00.grib2,0.0,Already_Downloaded
2019-05-23,12Z,gdas1.fnl.0p25.2019052312.f00.grib2,0.0,Already_Downloaded
2019-05-23,18Z,gdas1.fnl.0p25.2019052318.f00.grib2,0.0,Already_Downloaded
2019-05-24,00Z,gdas1.fnl.0p25.2019052400.f00.grib2,0.0,Already_Downloaded
2019-05-24,06Z,gdas1.fnl.0p25.2019052406.f00.grib2,0.0,Already_Downloaded
2019-05-24,12Z,gdas1.fnl.0p25.2019052412.f00.grib2,0.0,Already_Downloaded
2019-05-24,18Z,gdas1.fnl.0p25.2019052418.f00.grib2,0.0,Already_Downloaded
2019-05-25,00Z,gdas1.fnl.0p25.2019052500.f00.grib2,0.0,Already_Downloaded
2019-05-25,06Z,gdas1.fnl.0p25.2019052506.f00.grib2,0.0,Already_Downloaded
2019-05-25,12Z,gdas1.fnl.0p25.2019052512.f00.grib2,0.0,Already_Downloaded
2019-05-25,18Z,gdas1.fnl.0p25.2019052518.f00.grib2,0.0,Already_Downloaded
2019-05-26,00Z,gdas1.fnl.0p25.2019052600.f00.grib2,0.0,Already_Downloaded
2019-05-26,06Z,gdas1.fnl.0p25.2019052606.f00.grib2,0.0,Already_Downloaded
2019-05-26,12Z,gdas1.fnl.0p25.2019052612.f00.grib2,0.0,Already_Downloaded
2019-05-26,18Z,gdas1.fnl.0p25.2019052618.f00.grib2,0.0,Already_Downloaded
2019-05-27,00Z,gdas1.fnl.0p25.2019052700.f00.grib2,0.0,Already_Downloaded
2019-05-27,06Z,gdas1.fnl.0p25.2019052706.f00.grib2,0.0,Already_Downloaded
2019-05-27,12Z,gdas1.fnl.0p25.2019052712.f00.grib2,0.0,Already_Downloaded
2019-05-27,18Z,gdas1.fnl.0p25.2019052718.f00.grib2,0.0,Already_Downloaded
2019-05-28,00Z,gdas1.fnl.0p25.2019052800.f00.grib2,0.0,Already_Downloaded
2019-05-28,06Z,gdas1.fnl.0p25.2019052806.f00.grib2,0.0,Already_Downloaded
2019-05-28,12Z,gdas1.fnl.0p25.2019052812.f00.grib2,0.0,Already_Downloaded
2019-05-28,18Z,gdas1.fnl.0p25.2019052818.f00.grib2,0.0,Already_Downloaded
2019-05-29,00Z,gdas1.fnl.0p25.2019052900.f00.grib2,0.0,Already_Downloaded
2019-05-29,06Z,gdas1.fnl.0p25.2019052906.f00.grib2,0.0,Already_Downloaded
2019-05-29,12Z,gdas1.fnl.0p25.2019052912.f00.grib2,0.0,Already_Downloaded
2019-05-29,18Z,gdas1.fnl.0p25.2019052918.f00.grib2,0.0,Already_Downloaded
2019-05-30,00Z,gdas1.fnl.0p25.2019053000.f00.grib2,0.0,Already_Downloaded
2019-05-30,06Z,gdas1.fnl.0p25.2019053006.f00.grib2,0.0,Already_Downloaded
2019-05-30,12Z,gdas1.fnl.0p25.2019053012.f00.grib2,0.0,Already_Downloaded
2019-05-30,18Z,gdas1.fnl.0p25.2019053018.f00.grib2,0.0,Already_Downloaded
2019-05-31,00Z,gdas1.fnl.0p25.2019053100.f00.grib2,0.0,Already_Downloaded
2019-05-31,06Z,gdas1.fnl.0p25.2019053106.f00.grib2,0.0,Already_Downloaded
2019-05-31,12Z,gdas1.fnl.0p25.2019053112.f00.grib2,0.0,Already_Downloaded
2019-05-31,18Z,gdas1.fnl.0p25.2019053118.f00.grib2,0.0,Already_Downloaded
2019-06-01,00Z,gdas1.fnl.0p25.2019060100.f00.grib2,0.0,Already_Downloaded
2019-06-01,06Z,gdas1.fnl.0p25.2019060106.f00.grib2,0.0,Already_Downloaded
2019-06-01,12Z,gdas1.fnl.0p25.2019060112.f00.grib2,0.0,Already_Downloaded
2019-06-01,18Z,gdas1.fnl.0p25.2019060118.f00.grib2,0.0,Already_Downloaded
2019-06-02,00Z,gdas1.fnl.0p25.2019060200.f00.grib2,0.0,Already_Downloaded
2019-06-02,06Z,gdas1.fnl.0p25.2019060206.f00.grib2,0.0,Already_Downloaded
2019-06-02,12Z,gdas1.fnl.0p25.2019060212.f00.grib2,0.0,Already_Downloaded
2019-06-02,18Z,gdas1.fnl.0p25.2019060218.f00.grib2,0.0,Already_Downloaded
2019-06-03,00Z,gdas1.fnl.0p25.2019060300.f00.grib2,0.0,Already_Downloaded
2019-06-03,06Z,gdas1.fnl.0p25.2019060306.f00.grib2,0.0,Already_Downloaded
2019-06-03,12Z,gdas1.fnl.0p25.2019060312.f00.grib2,0.0,Already_Downloaded
2019-06-03,18Z,gdas1.fnl.0p25.2019060318.f00.grib2,0.0,Already_Downloaded
2019-06-04,00Z,gdas1.fnl.0p25.2019060400.f00.grib2,0.0,Already_Downloaded
2019-06-04,06Z,gdas1.fnl.0p25.2019060406.f00.grib2,0.0,Already_Downloaded
2019-06-04,12Z,gdas1.fnl.0p25.2019060412.f00.grib2,0.0,Already_Downloaded
2019-06-04,18Z,gdas1.fnl.0p25.2019060418.f00.grib2,0.0,Already_Downloaded
2019-06-05,00Z,gdas1.fnl.0p25.2019060500.f00.grib2,0.0,Already_Downloaded
2019-06-05,06Z,gdas1.fnl.0p25.2019060506.f00.grib2,0.0,Already_Downloaded
2019-06-05,12Z,gdas1.fnl.0p25.2019060512.f00.grib2,0.0,Already_Downloaded
2019-06-05,18Z,gdas1.fnl.0p25.2019060518.f00.grib2,0.0,Already_Downloaded
2019-06-06,00Z,gdas1.fnl.0p25.2019060600.f00.grib2,0.0,Already_Downloaded
2019-06-06,06Z,gdas1.fnl.0p25.2019060606.f00.grib2,0.0,Already_Downloaded
2019-06-06,12Z,gdas1.fnl.0p25.2019060612.f00.grib2,0.0,Already_Downloaded
2019-06-06,18Z,gdas1.fnl.0p25.2019060618.f00.grib2,0.0,Already_Downloaded
2019-06-07,00Z,gdas1.fnl.0p25.2019060700.f00.grib2,0.0,Already_Downloaded
2019-06-07,06Z,gdas1.fnl.0p25.2019060706.f00.grib2,0.0,Already_Downloaded
2019-06-07,12Z,gdas1.fnl.0p25.2019060712.f00.grib2,0.0,Already_Downloaded
2019-06-07,18Z,gdas1.fnl.0p25.2019060718.f00.grib2,0.0,Already_Downloaded
2019-06-08,00Z,gdas1.fnl.0p25.2019060800.f00.grib2,0.0,Already_Downloaded
2019-06-08,06Z,gdas1.fnl.0p25.2019060806.f00.grib2,0.0,Already_Downloaded
2019-06-08,12Z,gdas1.fnl.0p25.2019060812.f00.grib2,0.0,Already_Downloaded
2019-06-08,18Z,gdas1.fnl.0p25.2019060818.f00.grib2,0.0,Already_Downloaded
2019-06-09,00Z,gdas1.fnl.0p25.2019060900.f00.grib2,0.0,Already_Downloaded
2019-06-09,06Z,gdas1.fnl.0p25.2019060906.f00.grib2,0.0,Already_Downloaded
2019-06-09,12Z,gdas1.fnl.0p25.2019060912.f00.grib2,0.0,Already_Downloaded
2019-06-09,18Z,gdas1.fnl.0p25.2019060918.f00.grib2,0.0,Already_Downloaded
2019-06-10,00Z,gdas1.fnl.0p25.2019061000.f00.grib2,0.0,Already_Downloaded
2019-06-10,06Z,gdas1.fnl.0p25.2019061006.f00.grib2,0.0,Already_Downloaded
2019-06-10,12Z,gdas1.fnl.0p25.2019061012.f00.grib2,0.0,Already_Downloaded
2019-06-10,18Z,gdas1.fnl.0p25.2019061018.f00.grib2,0.0,Already_Downloaded
2019-06-11,00Z,gdas1.fnl.0p25.2019061100.f00.grib2,0.0,Already_Downloaded
2019-06-11,06Z,gdas1.fnl.0p25.2019061106.f00.grib2,0.0,Already_Downloaded
2019-06-11,12Z,gdas1.fnl.0p25.2019061112.f00.grib2,0.0,Already_Downloaded
2019-06-11,18Z,gdas1.fnl.0p25.2019061118.f00.grib2,0.0,Already_Downloaded
2019-06-12,00Z,gdas1.fnl.0p25.2019061200.f00.grib2,0.0,Already_Downloaded
2019-06-12,06Z,gdas1.fnl.0p25.2019061206.f00.grib2,0.0,Already_Downloaded
2019-06-12,12Z,gdas1.fnl.0p25.2019061212.f00.grib2,0.0,Already_Downloaded
2019-06-12,18Z,gdas1.fnl.0p25.2019061218.f00.grib2,0.0,Already_Downloaded
2019-06-13,00Z,gdas1.fnl.0p25.2019061300.f00.grib2,0.0,Already_Downloaded
2019-06-13,06Z,gdas1.fnl.0p25.2019061306.f00.grib2,0.0,Already_Downloaded
2019-06-13,12Z,gdas1.fnl.0p25.2019061312.f00.grib2,0.0,Already_Downloaded
2019-06-13,18Z,gdas1.fnl.0p25.2019061318.f00.grib2,0.0,Already_Downloaded
2019-06-14,00Z,gdas1.fnl.0p25.2019061400.f00.grib2,0.0,Already_Downloaded
2019-06-14,06Z,gdas1.fnl.0p25.2019061406.f00.grib2,0.0,Already_Downloaded
2019-06-14,12Z,gdas1.fnl.0p25.2019061412.f00.grib2,0.0,Already_Downloaded
2019-06-14,18Z,gdas1.fnl.0p25.2019061418.f00.grib2,0.0,Already_Downloaded
2019-06-15,00Z,gdas1.fnl.0p25.2019061500.f00.grib2,0.0,Already_Downloaded
2019-06-15,06Z,gdas1.fnl.0p25.2019061506.f00.grib2,0.0,Already_Downloaded
2019-06-15,12Z,gdas1.fnl.0p25.2019061512.f00.grib2,0.0,Already_Downloaded
2019-06-15,18Z,gdas1.fnl.0p25.2019061518.f00.grib2,0.0,Already_Downloaded
2019-06-16,00Z,gdas1.fnl.0p25.2019061600.f00.grib2,0.0,Already_Downloaded
2019-06-16,06Z,gdas1.fnl.0p25.2019061606.f00.grib2,0.0,Already_Downloaded
2019-06-16,12Z,gdas1.fnl.0p25.2019061612.f00.grib2,0.0,Already_Downloaded
2019-06-16,18Z,gdas1.fnl.0p25.2019061618.f00.grib2,0.0,Already_Downloaded
2019-06-17,00Z,gdas1.fnl.0p25.2019061700.f00.grib2,0.0,Already_Downloaded
2019-06-17,06Z,gdas1.fnl.0p25.2019061706.f00.grib2,0.0,Already_Downloaded
2019-06-17,12Z,gdas1.fnl.0p25.2019061712.f00.grib2,0.0,Already_Downloaded
2019-06-17,18Z,gdas1.fnl.0p25.2019061718.f00.grib2,0.0,Already_Downloaded
2019-06-18,00Z,gdas1.fnl.0p25.2019061800.f00.grib2,0.0,Already_Downloaded
2019-06-18,06Z,gdas1.fnl.0p25.2019061806.f00.grib2,0.0,Already_Downloaded
2019-06-18,12Z,gdas1.fnl.0p25.2019061812.f00.grib2,0.0,Already_Downloaded
2019-06-18,18Z,gdas1.fnl.0p25.2019061818.f00.grib2,0.0,Already_Downloaded
2019-06-19,00Z,gdas1.fnl.0p25.2019061900.f00.grib2,0.0,Already_Downloaded
2019-06-19,06Z,gdas1.fnl.0p25.2019061906.f00.grib2,0.0,Already_Downloaded
2019-06-19,12Z,gdas1.fnl.0p25.2019061912.f00.grib2,0.0,Already_Downloaded
2019-06-19,18Z,gdas1.fnl.0p25.2019061918.f00.grib2,0.0,Already_Downloaded
2019-06-20,00Z,gdas1.fnl.0p25.2019062000.f00.grib2,0.0,Already_Downloaded
2019-06-20,06Z,gdas1.fnl.0p25.2019062006.f00.grib2,0.0,Already_Downloaded
2019-06-20,12Z,gdas1.fnl.0p25.2019062012.f00.grib2,0.0,Already_Downloaded
2019-06-20,18Z,gdas1.fnl.0p25.2019062018.f00.grib2,0.0,Already_Downloaded
2019-06-21,00Z,gdas1.fnl.0p25.2019062100.f00.grib2,0.0,Already_Downloaded
2019-06-21,06Z,gdas1.fnl.0p25.2019062106.f00.grib2,0.0,Already_Downloaded
2019-06-21,12Z,gdas1.fnl.0p25.2019062112.f00.grib2,0.0,Already_Downloaded
2019-06-21,18Z,gdas1.fnl.0p25.2019062118.f00.grib2,0.0,Already_Downloaded
2019-06-22,00Z,gdas1.fnl.0p25.2019062200.f00.grib2,0.0,Already_Downloaded
2019-06-22,06Z,gdas1.fnl.0p25.2019062206.f00.grib2,0.0,Already_Downloaded
2019-06-22,12Z,gdas1.fnl.0p25.2019062212.f00.grib2,0.0,Already_Downloaded
2019-06-22,18Z,gdas1.fnl.0p25.2019062218.f00.grib2,0.0,Already_Downloaded
2019-06-23,00Z,gdas1.fnl.0p25.2019062300.f00.grib2,0.0,Already_Downloaded
2019-06-23,06Z,gdas1.fnl.0p25.2019062306.f00.grib2,0.0,Already_Downloaded
2019-06-23,12Z,gdas1.fnl.0p25.2019062312.f00.grib2,0.0,Already_Downloaded
2019-06-23,18Z,gdas1.fnl.0p25.2019062318.f00.grib2,0.0,Already_Downloaded
2019-06-24,00Z,gdas1.fnl.0p25.2019062400.f00.grib2,0.0,Already_Downloaded
2019-06-24,06Z,gdas1.fnl.0p25.2019062406.f00.grib2,0.0,Already_Downloaded
2019-06-24,12Z,gdas1.fnl.0p25.2019062412.f00.grib2,0.0,Already_Downloaded
2019-06-24,18Z,gdas1.fnl.0p25.2019062418.f00.grib2,0.0,Already_Downloaded
2019-06-25,00Z,gdas1.fnl.0p25.2019062500.f00.grib2,0.0,Already_Downloaded
2019-06-25,06Z,gdas1.fnl.0p25.2019062506.f00.grib2,0.0,Already_Downloaded
2019-06-25,12Z,gdas1.fnl.0p25.2019062512.f00.grib2,0.0,Already_Downloaded
2019-06-25,18Z,gdas1.fnl.0p25.2019062518.f00.grib2,0.0,Already_Downloaded
2019-06-26,00Z,gdas1.fnl.0p25.2019062600.f00.grib2,0.0,Already_Downloaded
2019-06-26,06Z,gdas1.fnl.0p25.2019062606.f00.grib2,0.0,Already_Downloaded
2019-06-26,12Z,gdas1.fnl.0p25.2019062612.f00.grib2,0.0,Already_Downloaded
2019-06-26,18Z,gdas1.fnl.0p25.2019062618.f00.grib2,0.0,Already_Downloaded
2019-06-27,00Z,gdas1.fnl.0p25.2019062700.f00.grib2,0.0,Already_Downloaded
2019-06-27,06Z,gdas1.fnl.0p25.2019062706.f00.grib2,0.0,Already_Downloaded
2019-06-27,12Z,gdas1.fnl.0p25.2019062712.f00.grib2,0.0,Already_Downloaded
2019-06-27,18Z,gdas1.fnl.0p25.2019062718.f00.grib2,0.0,Already_Downloaded
2019-06-28,00Z,gdas1.fnl.0p25.2019062800.f00.grib2,0.0,Already_Downloaded
2019-06-28,06Z,gdas1.fnl.0p25.2019062806.f00.grib2,0.0,Already_Downloaded
2019-06-28,12Z,gdas1.fnl.0p25.2019062812.f00.grib2,0.0,Already_Downloaded
2019-06-28,18Z,gdas1.fnl.0p25.2019062818.f00.grib2,0.0,Already_Downloaded
2019-06-29,00Z,gdas1.fnl.0p25.2019062900.f00.grib2,0.0,Already_Downloaded
2019-06-29,06Z,gdas1.fnl.0p25.2019062906.f00.grib2,0.0,Already_Downloaded
2019-06-29,12Z,gdas1.fnl.0p25.2019062912.f00.grib2,0.0,Already_Downloaded
2019-06-29,18Z,gdas1.fnl.0p25.2019062918.f00.grib2,0.0,Already_Downloaded
2019-06-30,00Z,gdas1.fnl.0p25.2019063000.f00.grib2,0.0,Already_Downloaded
2019-06-30,06Z,gdas1.fnl.0p25.2019063006.f00.grib2,0.0,Already_Downloaded
2019-06-30,12Z,gdas1.fnl.0p25.2019063012.f00.grib2,0.0,Already_Downloaded
2019-06-30,18Z,gdas1.fnl.0p25.2019063018.f00.grib2,0.0,Already_Downloaded
2019-07-01,00Z,gdas1.fnl.0p25.2019070100.f00.grib2,0.0,Already_Downloaded
2019-07-01,06Z,gdas1.fnl.0p25.2019070106.f00.grib2,0.0,Already_Downloaded
2019-07-01,12Z,gdas1.fnl.0p25.2019070112.f00.grib2,0.0,Already_Downloaded
2019-07-01,18Z,gdas1.fnl.0p25.2019070118.f00.grib2,0.0,Already_Downloaded
2019-07-02,00Z,gdas1.fnl.0p25.2019070200.f00.grib2,0.0,Already_Downloaded
2019-07-02,06Z,gdas1.fnl.0p25.2019070206.f00.grib2,0.0,Already_Downloaded
2019-07-02,12Z,gdas1.fnl.0p25.2019070212.f00.grib2,0.0,Already_Downloaded
2019-07-02,18Z,gdas1.fnl.0p25.2019070218.f00.grib2,0.0,Already_Downloaded
2019-07-03,00Z,gdas1.fnl.0p25.2019070300.f00.grib2,0.0,Already_Downloaded
2019-07-03,06Z,gdas1.fnl.0p25.2019070306.f00.grib2,0.0,Already_Downloaded
2019-07-03,12Z,gdas1.fnl.0p25.2019070312.f00.grib2,0.0,Already_Downloaded
2019-07-03,18Z,gdas1.fnl.0p25.2019070318.f00.grib2,0.0,Already_Downloaded
2019-07-04,00Z,gdas1.fnl.0p25.2019070400.f00.grib2,0.0,Already_Downloaded
2019-07-04,06Z,gdas1.fnl.0p25.2019070406.f00.grib2,0.0,Already_Downloaded
2019-07-04,12Z,gdas1.fnl.0p25.2019070412.f00.grib2,0.0,Already_Downloaded
2019-07-04,18Z,gdas1.fnl.0p25.2019070418.f00.grib2,0.0,Already_Downloaded
2019-07-05,00Z,gdas1.fnl.0p25.2019070500.f00.grib2,0.0,Already_Downloaded
2019-07-05,06Z,gdas1.fnl.0p25.2019070506.f00.grib2,0.0,Already_Downloaded
2019-07-05,12Z,gdas1.fnl.0p25.2019070512.f00.grib2,0.0,Already_Downloaded
2019-07-05,18Z,gdas1.fnl.0p25.2019070518.f00.grib2,0.0,Already_Downloaded
2019-07-06,00Z,gdas1.fnl.0p25.2019070600.f00.grib2,0.0,Already_Downloaded
2019-07-06,06Z,gdas1.fnl.0p25.2019070606.f00.grib2,0.0,Already_Downloaded
2019-07-06,12Z,gdas1.fnl.0p25.2019070612.f00.grib2,0.0,Already_Downloaded
2019-07-06,18Z,gdas1.fnl.0p25.2019070618.f00.grib2,0.0,Already_Downloaded
2019-07-07,00Z,gdas1.fnl.0p25.2019070700.f00.grib2,0.0,Already_Downloaded
2019-07-07,06Z,gdas1.fnl.0p25.2019070706.f00.grib2,0.0,Already_Downloaded
2019-07-07,12Z,gdas1.fnl.0p25.2019070712.f00.grib2,0.0,Already_Downloaded
2019-07-07,18Z,gdas1.fnl.0p25.2019070718.f00.grib2,0.0,Already_Downloaded
2019-07-08,00Z,gdas1.fnl.0p25.2019070800.f00.grib2,0.0,Already_Downloaded
2019-07-08,06Z,gdas1.fnl.0p25.2019070806.f00.grib2,0.0,Already_Downloaded
2019-07-08,12Z,gdas1.fnl.0p25.2019070812.f00.grib2,0.0,Already_Downloaded
2019-07-08,18Z,gdas1.fnl.0p25.2019070818.f00.grib2,0.0,Already_Downloaded
2019-07-09,00Z,gdas1.fnl.0p25.2019070900.f00.grib2,0.0,Already_Downloaded
2019-07-09,06Z,gdas1.fnl.0p25.2019070906.f00.grib2,0.0,Already_Downloaded
2019-07-09,12Z,gdas1.fnl.0p25.2019070912.f00.grib2,0.0,Already_Downloaded
2019-07-09,18Z,gdas1.fnl.0p25.2019070918.f00.grib2,0.0,Already_Downloaded
2019-07-10,00Z,gdas1.fnl.0p25.2019071000.f00.grib2,0.0,Already_Downloaded
2019-07-10,06Z,gdas1.fnl.0p25.2019071006.f00.grib2,0.0,Already_Downloaded
2019-07-10,12Z,gdas1.fnl.0p25.2019071012.f00.grib2,0.0,Already_Downloaded
2019-07-10,18Z,gdas1.fnl.0p25.2019071018.f00.grib2,0.0,Already_Downloaded
2019-07-11,00Z,gdas1.fnl.0p25.2019071100.f00.grib2,0.0,Already_Downloaded
2019-07-11,06Z,gdas1.fnl.0p25.2019071106.f00.grib2,0.0,Already_Downloaded
2019-07-11,12Z,gdas1.fnl.0p25.2019071112.f00.grib2,0.0,Already_Downloaded
2019-07-11,18Z,gdas1.fnl.0p25.2019071118.f00.grib2,0.0,Already_Downloaded
2019-07-12,00Z,gdas1.fnl.0p25.2019071200.f00.grib2,0.0,Already_Downloaded
2019-07-12,06Z,gdas1.fnl.0p25.2019071206.f00.grib2,0.0,Already_Downloaded
2019-07-12,12Z,gdas1.fnl.0p25.2019071212.f00.grib2,0.0,Already_Downloaded
2019-07-12,18Z,gdas1.fnl.0p25.2019071218.f00.grib2,0.0,Already_Downloaded
2019-07-13,00Z,gdas1.fnl.0p25.2019071300.f00.grib2,0.0,Already_Downloaded
2019-07-13,06Z,gdas1.fnl.0p25.2019071306.f00.grib2,0.0,Already_Downloaded
2019-07-13,12Z,gdas1.fnl.0p25.2019071312.f00.grib2,0.0,Already_Downloaded
2019-07-13,18Z,gdas1.fnl.0p25.2019071318.f00.grib2,0.0,Already_Downloaded
2019-07-14,00Z,gdas1.fnl.0p25.2019071400.f00.grib2,0.0,Already_Downloaded
2019-07-14,06Z,gdas1.fnl.0p25.2019071406.f00.grib2,0.0,Already_Downloaded
2019-07-14,12Z,gdas1.fnl.0p25.2019071412.f00.grib2,0.0,Already_Downloaded
2019-07-14,18Z,gdas1.fnl.0p25.2019071418.f00.grib2,0.0,Already_Downloaded
2019-07-15,00Z,gdas1.fnl.0p25.2019071500.f00.grib2,0.0,Already_Downloaded
2019-07-15,06Z,gdas1.fnl.0p25.2019071506.f00.grib2,0.0,Already_Downloaded
2019-07-15,12Z,gdas1.fnl.0p25.2019071512.f00.grib2,0.0,Already_Downloaded
2019-07-15,18Z,gdas1.fnl.0p25.2019071518.f00.grib2,0.0,Already_Downloaded
2019-07-16,00Z,gdas1.fnl.0p25.2019071600.f00.grib2,0.0,Already_Downloaded
2019-07-16,06Z,gdas1.fnl.0p25.2019071606.f00.grib2,0.0,Already_Downloaded
2019-07-16,12Z,gdas1.fnl.0p25.2019071612.f00.grib2,0.0,Already_Downloaded
2019-07-16,18Z,gdas1.fnl.0p25.2019071618.f00.grib2,0.0,Already_Downloaded
2019-07-17,00Z,gdas1.fnl.0p25.2019071700.f00.grib2,0.0,Already_Downloaded
2019-07-17,06Z,gdas1.fnl.0p25.2019071706.f00.grib2,0.0,Already_Downloaded
2019-07-17,12Z,gdas1.fnl.0p25.2019071712.f00.grib2,0.0,Already_Downloaded
2019-07-17,18Z,gdas1.fnl.0p25.2019071718.f00.grib2,0.0,Already_Downloaded
2019-07-18,00Z,gdas1.fnl.0p25.2019071800.f00.grib2,0.0,Already_Downloaded
2019-07-18,06Z,gdas1.fnl.0p25.2019071806.f00.grib2,0.0,Already_Downloaded
2019-07-18,12Z,gdas1.fnl.0p25.2019071812.f00.grib2,0.0,Already_Downloaded
2019-07-18,18Z,gdas1.fnl.0p25.2019071818.f00.grib2,0.0,Already_Downloaded
2019-07-19,00Z,gdas1.fnl.0p25.2019071900.f00.grib2,0.0,Already_Downloaded
2019-07-19,06Z,gdas1.fnl.0p25.2019071906.f00.grib2,0.0,Already_Downloaded
2019-07-19,12Z,gdas1.fnl.0p25.2019071912.f00.grib2,0.0,Already_Downloaded
2019-07-19,18Z,gdas1.fnl.0p25.2019071918.f00.grib2,0.0,Already_Downloaded
2019-07-20,00Z,gdas1.fnl.0p25.2019072000.f00.grib2,0.0,Already_Downloaded
2019-07-20,06Z,gdas1.fnl.0p25.2019072006.f00.grib2,0.0,Already_Downloaded
2019-07-20,12Z,gdas1.fnl.0p25.2019072012.f00.grib2,0.0,Already_Downloaded
2019-07-20,18Z,gdas1.fnl.0p25.2019072018.f00.grib2,0.0,Already_Downloaded
2019-07-21,00Z,gdas1.fnl.0p25.2019072100.f00.grib2,0.0,Already_Downloaded
2019-07-21,06Z,gdas1.fnl.0p25.2019072106.f00.grib2,0.0,Already_Downloaded
2019-07-21,12Z,gdas1.fnl.0p25.2019072112.f00.grib2,0.0,Already_Downloaded
2019-07-21,18Z,gdas1.fnl.0p25.2019072118.f00.grib2,0.0,Already_Downloaded
2019-07-22,00Z,gdas1.fnl.0p25.2019072200.f00.grib2,0.0,Already_Downloaded
2019-07-22,06Z,gdas1.fnl.0p25.2019072206.f00.grib2,0.0,Already_Downloaded
2019-07-22,12Z,gdas1.fnl.0p25.2019072212.f00.grib2,0.0,Already_Downloaded
2019-07-22,18Z,gdas1.fnl.0p25.2019072218.f00.grib2,0.0,Already_Downloaded
2019-07-23,00Z,gdas1.fnl.0p25.2019072300.f00.grib2,0.0,Already_Downloaded
2019-07-23,06Z,gdas1.fnl.0p25.2019072306.f00.grib2,0.0,Already_Downloaded
2019-07-23,12Z,gdas1.fnl.0p25.2019072312.f00.grib2,0.0,Already_Downloaded
2019-07-23,18Z,gdas1.fnl.0p25.2019072318.f00.grib2,0.0,Already_Downloaded
2019-07-24,00Z,gdas1.fnl.0p25.2019072400.f00.grib2,0.0,Already_Downloaded
2019-07-24,06Z,gdas1.fnl.0p25.2019072406.f00.grib2,0.0,Already_Downloaded
2019-07-24,12Z,gdas1.fnl.0p25.2019072412.f00.grib2,0.0,Already_Downloaded
2019-07-24,18Z,gdas1.fnl.0p25.2019072418.f00.grib2,0.0,Already_Downloaded
2019-07-25,00Z,gdas1.fnl.0p25.2019072500.f00.grib2,0.0,Already_Downloaded
2019-07-25,06Z,gdas1.fnl.0p25.2019072506.f00.grib2,0.0,Already_Downloaded
2019-07-25,12Z,gdas1.fnl.0p25.2019072512.f00.grib2,0.0,Already_Downloaded
2019-07-25,18Z,gdas1.fnl.0p25.2019072518.f00.grib2,0.0,Already_Downloaded
2019-07-26,00Z,gdas1.fnl.0p25.2019072600.f00.grib2,0.0,Already_Downloaded
2019-07-26,06Z,gdas1.fnl.0p25.2019072606.f00.grib2,0.0,Already_Downloaded
2019-07-26,12Z,gdas1.fnl.0p25.2019072612.f00.grib2,0.0,Already_Downloaded
2019-07-26,18Z,gdas1.fnl.0p25.2019072618.f00.grib2,0.0,Already_Downloaded
2019-07-27,00Z,gdas1.fnl.0p25.2019072700.f00.grib2,0.0,Already_Downloaded
2019-07-27,06Z,gdas1.fnl.0p25.2019072706.f00.grib2,0.0,Already_Downloaded
2019-07-27,12Z,gdas1.fnl.0p25.2019072712.f00.grib2,0.0,Already_Downloaded
2019-07-27,18Z,gdas1.fnl.0p25.2019072718.f00.grib2,0.0,Already_Downloaded
2019-07-28,00Z,gdas1.fnl.0p25.2019072800.f00.grib2,0.0,Already_Downloaded
2019-07-28,06Z,gdas1.fnl.0p25.2019072806.f00.grib2,0.0,Already_Downloaded
2019-07-28,12Z,gdas1.fnl.0p25.2019072812.f00.grib2,0.0,Already_Downloaded
2019-07-28,18Z,gdas1.fnl.0p25.2019072818.f00.grib2,0.0,Already_Downloaded
2019-07-29,00Z,gdas1.fnl.0p25.2019072900.f00.grib2,0.0,Already_Downloaded
2019-07-29,06Z,gdas1.fnl.0p25.2019072906.f00.grib2,0.0,Already_Downloaded
2019-07-29,12Z,gdas1.fnl.0p25.2019072912.f00.grib2,0.0,Already_Downloaded
2019-07-29,18Z,gdas1.fnl.0p25.2019072918.f00.grib2,0.0,Already_Downloaded
2019-07-30,00Z,gdas1.fnl.0p25.2019073000.f00.grib2,0.0,Already_Downloaded
2019-07-30,06Z,gdas1.fnl.0p25.2019073006.f00.grib2,0.0,Already_Downloaded
2019-07-30,12Z,gdas1.fnl.0p25.2019073012.f00.grib2,0.0,Already_Downloaded
2019-07-30,18Z,gdas1.fnl.0p25.2019073018.f00.grib2,0.0,Already_Downloaded
2019-07-31,00Z,gdas1.fnl.0p25.2019073100.f00.grib2,0.0,Already_Downloaded
2019-07-31,06Z,gdas1.fnl.0p25.2019073106.f00.grib2,0.0,Already_Downloaded
2019-07-31,12Z,gdas1.fnl.0p25.2019073112.f00.grib2,0.0,Already_Downloaded
2019-07-31,18Z,gdas1.fnl.0p25.2019073118.f00.grib2,0.0,Already_Downloaded
2019-08-01,00Z,gdas1.fnl.0p25.2019080100.f00.grib2,0.0,Already_Downloaded
2019-08-01,06Z,gdas1.fnl.0p25.2019080106.f00.grib2,0.0,Already_Downloaded
2019-08-01,12Z,gdas1.fnl.0p25.2019080112.f00.grib2,0.0,Already_Downloaded
2019-08-01,18Z,gdas1.fnl.0p25.2019080118.f00.grib2,0.0,Already_Downloaded
2019-08-02,00Z,gdas1.fnl.0p25.2019080200.f00.grib2,0.0,Already_Downloaded
2019-08-02,06Z,gdas1.fnl.0p25.2019080206.f00.grib2,0.0,Already_Downloaded
2019-08-02,12Z,gdas1.fnl.0p25.2019080212.f00.grib2,0.0,Already_Downloaded
2019-08-02,18Z,gdas1.fnl.0p25.2019080218.f00.grib2,0.0,Already_Downloaded
2019-08-03,00Z,gdas1.fnl.0p25.2019080300.f00.grib2,0.0,Already_Downloaded
2019-08-03,06Z,gdas1.fnl.0p25.2019080306.f00.grib2,0.0,Already_Downloaded
2019-08-03,12Z,gdas1.fnl.0p25.2019080312.f00.grib2,0.0,Already_Downloaded
2019-08-03,18Z,gdas1.fnl.0p25.2019080318.f00.grib2,0.0,Already_Downloaded
2019-08-04,00Z,gdas1.fnl.0p25.2019080400.f00.grib2,0.0,Already_Downloaded
2019-08-04,06Z,gdas1.fnl.0p25.2019080406.f00.grib2,0.0,Already_Downloaded
2019-08-04,12Z,gdas1.fnl.0p25.2019080412.f00.grib2,0.0,Already_Downloaded
2019-08-04,18Z,gdas1.fnl.0p25.2019080418.f00.grib2,0.0,Already_Downloaded
2019-08-05,00Z,gdas1.fnl.0p25.2019080500.f00.grib2,0.0,Already_Downloaded
2019-08-05,06Z,gdas1.fnl.0p25.2019080506.f00.grib2,0.0,Already_Downloaded
2019-08-05,12Z,gdas1.fnl.0p25.2019080512.f00.grib2,0.0,Already_Downloaded
2019-08-05,18Z,gdas1.fnl.0p25.2019080518.f00.grib2,0.0,Already_Downloaded
2019-08-06,00Z,gdas1.fnl.0p25.2019080600.f00.grib2,0.0,Already_Downloaded
2019-08-06,06Z,gdas1.fnl.0p25.2019080606.f00.grib2,0.0,Already_Downloaded
2019-08-06,12Z,gdas1.fnl.0p25.2019080612.f00.grib2,0.0,Already_Downloaded
2019-08-06,18Z,gdas1.fnl.0p25.2019080618.f00.grib2,0.0,Already_Downloaded
2019-08-07,00Z,gdas1.fnl.0p25.2019080700.f00.grib2,0.0,Already_Downloaded
2019-08-07,06Z,gdas1.fnl.0p25.2019080706.f00.grib2,0.0,Already_Downloaded
2019-08-07,12Z,gdas1.fnl.0p25.2019080712.f00.grib2,0.0,Already_Downloaded
2019-08-07,18Z,gdas1.fnl.0p25.2019080718.f00.grib2,0.0,Already_Downloaded
2019-08-08,00Z,gdas1.fnl.0p25.2019080800.f00.grib2,0.0,Already_Downloaded
2019-08-08,06Z,gdas1.fnl.0p25.2019080806.f00.grib2,0.0,Already_Downloaded
2019-08-08,12Z,gdas1.fnl.0p25.2019080812.f00.grib2,0.0,Already_Downloaded
2019-08-08,18Z,gdas1.fnl.0p25.2019080818.f00.grib2,0.0,Already_Downloaded
2019-08-09,00Z,gdas1.fnl.0p25.2019080900.f00.grib2,0.0,Already_Downloaded
2019-08-09,06Z,gdas1.fnl.0p25.2019080906.f00.grib2,0.0,Already_Downloaded
2019-08-09,12Z,gdas1.fnl.0p25.2019080912.f00.grib2,0.0,Already_Downloaded
2019-08-09,18Z,gdas1.fnl.0p25.2019080918.f00.grib2,0.0,Already_Downloaded
2019-08-10,00Z,gdas1.fnl.0p25.2019081000.f00.grib2,0.0,Already_Downloaded
2019-08-10,06Z,gdas1.fnl.0p25.2019081006.f00.grib2,0.0,Already_Downloaded
2019-08-10,12Z,gdas1.fnl.0p25.2019081012.f00.grib2,0.0,Already_Downloaded
2019-08-10,18Z,gdas1.fnl.0p25.2019081018.f00.grib2,0.0,Already_Downloaded
2019-08-11,00Z,gdas1.fnl.0p25.2019081100.f00.grib2,0.0,Already_Downloaded
2019-08-11,06Z,gdas1.fnl.0p25.2019081106.f00.grib2,0.0,Already_Downloaded
2019-08-11,12Z,gdas1.fnl.0p25.2019081112.f00.grib2,0.0,Already_Downloaded
2019-08-11,18Z,gdas1.fnl.0p25.2019081118.f00.grib2,0.0,Already_Downloaded
2019-08-12,00Z,gdas1.fnl.0p25.2019081200.f00.grib2,0.0,Already_Downloaded
2019-08-12,06Z,gdas1.fnl.0p25.2019081206.f00.grib2,0.0,Already_Downloaded
2019-08-12,12Z,gdas1.fnl.0p25.2019081212.f00.grib2,0.0,Already_Downloaded
2019-08-12,18Z,gdas1.fnl.0p25.2019081218.f00.grib2,0.0,Already_Downloaded
2019-08-13,00Z,gdas1.fnl.0p25.2019081300.f00.grib2,0.0,Already_Downloaded
2019-08-13,06Z,gdas1.fnl.0p25.2019081306.f00.grib2,0.0,Already_Downloaded
2019-08-13,12Z,gdas1.fnl.0p25.2019081312.f00.grib2,0.0,Already_Downloaded
2019-08-13,18Z,gdas1.fnl.0p25.2019081318.f00.grib2,0.0,Already_Downloaded
2019-08-14,00Z,gdas1.fnl.0p25.2019081400.f00.grib2,0.0,Already_Downloaded
2019-08-14,06Z,gdas1.fnl.0p25.2019081406.f00.grib2,0.0,Already_Downloaded
2019-08-14,12Z,gdas1.fnl.0p25.2019081412.f00.grib2,0.0,Already_Downloaded
2019-08-14,18Z,gdas1.fnl.0p25.2019081418.f00.grib2,0.0,Already_Downloaded
2019-08-15,00Z,gdas1.fnl.0p25.2019081500.f00.grib2,0.0,Already_Downloaded
2019-08-15,06Z,gdas1.fnl.0p25.2019081506.f00.grib2,0.0,Already_Downloaded
2019-08-15,12Z,gdas1.fnl.0p25.2019081512.f00.grib2,0.0,Already_Downloaded
2019-08-15,18Z,gdas1.fnl.0p25.2019081518.f00.grib2,0.0,Already_Downloaded
2019-08-16,00Z,gdas1.fnl.0p25.2019081600.f00.grib2,0.0,Already_Downloaded
2019-08-16,06Z,gdas1.fnl.0p25.2019081606.f00.grib2,0.0,Already_Downloaded
2019-08-16,12Z,gdas1.fnl.0p25.2019081612.f00.grib2,0.0,Already_Downloaded
2019-08-16,18Z,gdas1.fnl.0p25.2019081618.f00.grib2,0.0,Already_Downloaded
2019-08-17,00Z,gdas1.fnl.0p25.2019081700.f00.grib2,0.0,Already_Downloaded
2019-08-17,06Z,gdas1.fnl.0p25.2019081706.f00.grib2,0.0,Already_Downloaded
2019-08-17,12Z,gdas1.fnl.0p25.2019081712.f00.grib2,0.0,Already_Downloaded
2019-08-17,18Z,gdas1.fnl.0p25.2019081718.f00.grib2,0.0,Already_Downloaded
2019-08-18,00Z,gdas1.fnl.0p25.2019081800.f00.grib2,0.0,Already_Downloaded
2019-08-18,06Z,gdas1.fnl.0p25.2019081806.f00.grib2,0.0,Already_Downloaded
2019-08-18,12Z,gdas1.fnl.0p25.2019081812.f00.grib2,0.0,Already_Downloaded
2019-08-18,18Z,gdas1.fnl.0p25.2019081818.f00.grib2,0.0,Already_Downloaded
2019-08-19,00Z,gdas1.fnl.0p25.2019081900.f00.grib2,0.0,Already_Downloaded
2019-08-19,06Z,gdas1.fnl.0p25.2019081906.f00.grib2,0.0,Already_Downloaded
2019-08-19,12Z,gdas1.fnl.0p25.2019081912.f00.grib2,0.0,Already_Downloaded
2019-08-19,18Z,gdas1.fnl.0p25.2019081918.f00.grib2,0.0,Already_Downloaded
2019-08-20,00Z,gdas1.fnl.0p25.2019082000.f00.grib2,0.0,Already_Downloaded
2019-08-20,06Z,gdas1.fnl.0p25.2019082006.f00.grib2,0.0,Already_Downloaded
2019-08-20,12Z,gdas1.fnl.0p25.2019082012.f00.grib2,0.0,Already_Downloaded
2019-08-20,18Z,gdas1.fnl.0p25.2019082018.f00.grib2,0.0,Already_Downloaded
2019-08-21,00Z,gdas1.fnl.0p25.2019082100.f00.grib2,0.0,Already_Downloaded
2019-08-21,06Z,gdas1.fnl.0p25.2019082106.f00.grib2,0.0,Already_Downloaded
2019-08-21,12Z,gdas1.fnl.0p25.2019082112.f00.grib2,0.0,Already_Downloaded
2019-08-21,18Z,gdas1.fnl.0p25.2019082118.f00.grib2,0.0,Already_Downloaded
2019-08-22,00Z,gdas1.fnl.0p25.2019082200.f00.grib2,0.0,Already_Downloaded
2019-08-22,06Z,gdas1.fnl.0p25.2019082206.f00.grib2,0.0,Already_Downloaded
2019-08-22,12Z,gdas1.fnl.0p25.2019082212.f00.grib2,0.0,Already_Downloaded
2019-08-22,18Z,gdas1.fnl.0p25.2019082218.f00.grib2,0.0,Already_Downloaded
2019-08-23,00Z,gdas1.fnl.0p25.2019082300.f00.grib2,0.0,Already_Downloaded
2019-08-23,06Z,gdas1.fnl.0p25.2019082306.f00.grib2,0.0,Already_Downloaded
2019-08-23,12Z,gdas1.fnl.0p25.2019082312.f00.grib2,0.0,Already_Downloaded
2019-08-23,18Z,gdas1.fnl.0p25.2019082318.f00.grib2,0.0,Already_Downloaded
2019-08-24,00Z,gdas1.fnl.0p25.2019082400.f00.grib2,0.0,Already_Downloaded
2019-08-24,06Z,gdas1.fnl.0p25.2019082406.f00.grib2,0.0,Already_Downloaded
2019-08-24,12Z,gdas1.fnl.0p25.2019082412.f00.grib2,0.0,Already_Downloaded
2019-08-24,18Z,gdas1.fnl.0p25.2019082418.f00.grib2,0.0,Already_Downloaded
2019-08-25,00Z,gdas1.fnl.0p25.2019082500.f00.grib2,0.0,Already_Downloaded
2019-08-25,06Z,gdas1.fnl.0p25.2019082506.f00.grib2,0.0,Already_Downloaded
2019-08-25,12Z,gdas1.fnl.0p25.2019082512.f00.grib2,0.0,Already_Downloaded
2019-08-25,18Z,gdas1.fnl.0p25.2019082518.f00.grib2,0.0,Already_Downloaded
2019-08-26,00Z,gdas1.fnl.0p25.2019082600.f00.grib2,0.0,Already_Downloaded
2019-08-26,06Z,gdas1.fnl.0p25.2019082606.f00.grib2,0.0,Already_Downloaded
2019-08-26,12Z,gdas1.fnl.0p25.2019082612.f00.grib2,0.0,Already_Downloaded
2019-08-26,18Z,gdas1.fnl.0p25.2019082618.f00.grib2,0.0,Already_Downloaded
2019-08-27,00Z,gdas1.fnl.0p25.2019082700.f00.grib2,0.0,Already_Downloaded
2019-08-27,06Z,gdas1.fnl.0p25.2019082706.f00.grib2,0.0,Already_Downloaded
2019-08-27,12Z,gdas1.fnl.0p25.2019082712.f00.grib2,0.0,Already_Downloaded
2019-08-27,18Z,gdas1.fnl.0p25.2019082718.f00.grib2,0.0,Already_Downloaded
2019-08-28,00Z,gdas1.fnl.0p25.2019082800.f00.grib2,0.0,Already_Downloaded
2019-08-28,06Z,gdas1.fnl.0p25.2019082806.f00.grib2,0.0,Already_Downloaded
2019-08-28,12Z,gdas1.fnl.0p25.2019082812.f00.grib2,0.0,Already_Downloaded
2019-08-28,18Z,gdas1.fnl.0p25.2019082818.f00.grib2,0.0,Already_Downloaded
2019-08-29,00Z,gdas1.fnl.0p25.2019082900.f00.grib2,0.0,Already_Downloaded
2019-08-29,06Z,gdas1.fnl.0p25.2019082906.f00.grib2,0.0,Already_Downloaded
2019-08-29,12Z,gdas1.fnl.0p25.2019082912.f00.grib2,0.0,Already_Downloaded
2019-08-29,18Z,gdas1.fnl.0p25.2019082918.f00.grib2,0.0,Already_Downloaded
2019-08-30,00Z,gdas1.fnl.0p25.2019083000.f00.grib2,0.0,Already_Downloaded
2019-08-30,06Z,gdas1.fnl.0p25.2019083006.f00.grib2,0.0,Already_Downloaded
2019-08-30,12Z,gdas1.fnl.0p25.2019083012.f00.grib2,0.0,Already_Downloaded
2019-08-30,18Z,gdas1.fnl.0p25.2019083018.f00.grib2,0.0,Already_Downloaded
2019-08-31,00Z,gdas1.fnl.0p25.2019083100.f00.grib2,0.0,Already_Downloaded
2019-08-31,06Z,gdas1.fnl.0p25.2019083106.f00.grib2,0.0,Already_Downloaded
2019-08-31,12Z,gdas1.fnl.0p25.2019083112.f00.grib2,0.0,Already_Downloaded
2019-08-31,18Z,gdas1.fnl.0p25.2019083118.f00.grib2,0.0,Already_Downloaded
2019-09-01,00Z,gdas1.fnl.0p25.2019090100.f00.grib2,0.0,Already_Downloaded
2019-09-01,06Z,gdas1.fnl.0p25.2019090106.f00.grib2,0.0,Already_Downloaded
2019-09-01,12Z,gdas1.fnl.0p25.2019090112.f00.grib2,0.0,Already_Downloaded
2019-09-01,18Z,gdas1.fnl.0p25.2019090118.f00.grib2,0.0,Already_Downloaded
2019-09-02,00Z,gdas1.fnl.0p25.2019090200.f00.grib2,0.0,Already_Downloaded
2019-09-02,06Z,gdas1.fnl.0p25.2019090206.f00.grib2,0.0,Already_Downloaded
2019-09-02,12Z,gdas1.fnl.0p25.2019090212.f00.grib2,0.0,Already_Downloaded
2019-09-02,18Z,gdas1.fnl.0p25.2019090218.f00.grib2,0.0,Already_Downloaded
2019-09-03,00Z,gdas1.fnl.0p25.2019090300.f00.grib2,0.0,Already_Downloaded
2019-09-03,06Z,gdas1.fnl.0p25.2019090306.f00.grib2,0.0,Already_Downloaded
2019-09-03,12Z,gdas1.fnl.0p25.2019090312.f00.grib2,0.0,Already_Downloaded
2019-09-03,18Z,gdas1.fnl.0p25.2019090318.f00.grib2,0.0,Already_Downloaded
2019-09-04,00Z,gdas1.fnl.0p25.2019090400.f00.grib2,0.0,Already_Downloaded
2019-09-04,06Z,gdas1.fnl.0p25.2019090406.f00.grib2,0.0,Already_Downloaded
2019-09-04,12Z,gdas1.fnl.0p25.2019090412.f00.grib2,0.0,Already_Downloaded
2019-09-04,18Z,gdas1.fnl.0p25.2019090418.f00.grib2,0.0,Already_Downloaded
2019-09-05,00Z,gdas1.fnl.0p25.2019090500.f00.grib2,0.0,Already_Downloaded
2019-09-05,06Z,gdas1.fnl.0p25.2019090506.f00.grib2,0.0,Already_Downloaded
2019-09-05,12Z,gdas1.fnl.0p25.2019090512.f00.grib2,0.0,Already_Downloaded
2019-09-05,18Z,gdas1.fnl.0p25.2019090518.f00.grib2,0.0,Already_Downloaded
2019-09-06,00Z,gdas1.fnl.0p25.2019090600.f00.grib2,0.0,Already_Downloaded
2019-09-06,06Z,gdas1.fnl.0p25.2019090606.f00.grib2,0.0,Already_Downloaded
2019-09-06,12Z,gdas1.fnl.0p25.2019090612.f00.grib2,0.0,Already_Downloaded
2019-09-06,18Z,gdas1.fnl.0p25.2019090618.f00.grib2,0.0,Already_Downloaded
2019-09-07,00Z,gdas1.fnl.0p25.2019090700.f00.grib2,0.0,Already_Downloaded
2019-09-07,06Z,gdas1.fnl.0p25.2019090706.f00.grib2,0.0,Already_Downloaded
2019-09-07,12Z,gdas1.fnl.0p25.2019090712.f00.grib2,0.0,Already_Downloaded
2019-09-07,18Z,gdas1.fnl.0p25.2019090718.f00.grib2,0.0,Already_Downloaded
2019-09-08,00Z,gdas1.fnl.0p25.2019090800.f00.grib2,0.0,Already_Downloaded
2019-09-08,06Z,gdas1.fnl.0p25.2019090806.f00.grib2,0.0,Already_Downloaded
2019-09-08,12Z,gdas1.fnl.0p25.2019090812.f00.grib2,0.0,Already_Downloaded
2019-09-08,18Z,gdas1.fnl.0p25.2019090818.f00.grib2,0.0,Already_Downloaded
2019-09-09,00Z,gdas1.fnl.0p25.2019090900.f00.grib2,0.0,Already_Downloaded
2019-09-09,06Z,gdas1.fnl.0p25.2019090906.f00.grib2,0.0,Already_Downloaded
2019-09-09,12Z,gdas1.fnl.0p25.2019090912.f00.grib2,0.0,Already_Downloaded
2019-09-09,18Z,gdas1.fnl.0p25.2019090918.f00.grib2,0.0,Already_Downloaded
2019-09-10,00Z,gdas1.fnl.0p25.2019091000.f00.grib2,0.0,Already_Downloaded
2019-09-10,06Z,gdas1.fnl.0p25.2019091006.f00.grib2,0.0,Already_Downloaded
2019-09-10,12Z,gdas1.fnl.0p25.2019091012.f00.grib2,0.0,Already_Downloaded
2019-09-10,18Z,gdas1.fnl.0p25.2019091018.f00.grib2,0.0,Already_Downloaded
2019-09-11,00Z,gdas1.fnl.0p25.2019091100.f00.grib2,0.0,Already_Downloaded
2019-09-11,06Z,gdas1.fnl.0p25.2019091106.f00.grib2,0.0,Already_Downloaded
2019-09-11,12Z,gdas1.fnl.0p25.2019091112.f00.grib2,0.0,Already_Downloaded
2019-09-11,18Z,gdas1.fnl.0p25.2019091118.f00.grib2,0.0,Already_Downloaded
2019-09-12,00Z,gdas1.fnl.0p25.2019091200.f00.grib2,0.0,Already_Downloaded
2019-09-12,06Z,gdas1.fnl.0p25.2019091206.f00.grib2,0.0,Already_Downloaded
2019-09-12,12Z,gdas1.fnl.0p25.2019091212.f00.grib2,0.0,Already_Downloaded
2019-09-12,18Z,gdas1.fnl.0p25.2019091218.f00.grib2,0.0,Already_Downloaded
2019-09-13,00Z,gdas1.fnl.0p25.2019091300.f00.grib2,0.0,Already_Downloaded
2019-09-13,06Z,gdas1.fnl.0p25.2019091306.f00.grib2,0.0,Already_Downloaded
2019-09-13,12Z,gdas1.fnl.0p25.2019091312.f00.grib2,0.0,Already_Downloaded
2019-09-13,18Z,gdas1.fnl.0p25.2019091318.f00.grib2,0.0,Already_Downloaded
2019-09-14,00Z,gdas1.fnl.0p25.2019091400.f00.grib2,0.0,Already_Downloaded
2019-09-14,06Z,gdas1.fnl.0p25.2019091406.f00.grib2,0.0,Already_Downloaded
2019-09-14,12Z,gdas1.fnl.0p25.2019091412.f00.grib2,0.0,Already_Downloaded
2019-09-14,18Z,gdas1.fnl.0p25.2019091418.f00.grib2,0.0,Already_Downloaded
2019-09-15,00Z,gdas1.fnl.0p25.2019091500.f00.grib2,0.0,Already_Downloaded
2019-09-15,06Z,gdas1.fnl.0p25.2019091506.f00.grib2,0.0,Already_Downloaded
2019-09-15,12Z,gdas1.fnl.0p25.2019091512.f00.grib2,0.0,Already_Downloaded
2019-09-15,18Z,gdas1.fnl.0p25.2019091518.f00.grib2,0.0,Already_Downloaded
2019-09-16,00Z,gdas1.fnl.0p25.2019091600.f00.grib2,0.0,Already_Downloaded
2019-09-16,06Z,gdas1.fnl.0p25.2019091606.f00.grib2,0.0,Already_Downloaded
2019-09-16,12Z,gdas1.fnl.0p25.2019091612.f00.grib2,0.0,Already_Downloaded
2019-09-16,18Z,gdas1.fnl.0p25.2019091618.f00.grib2,0.0,Already_Downloaded
2019-09-17,00Z,gdas1.fnl.0p25.2019091700.f00.grib2,0.0,Already_Downloaded
2019-09-17,06Z,gdas1.fnl.0p25.2019091706.f00.grib2,0.0,Already_Downloaded
2019-09-17,12Z,gdas1.fnl.0p25.2019091712.f00.grib2,0.0,Already_Downloaded
2019-09-17,18Z,gdas1.fnl.0p25.2019091718.f00.grib2,0.0,Already_Downloaded
2019-09-18,00Z,gdas1.fnl.0p25.2019091800.f00.grib2,0.0,Already_Downloaded
2019-09-18,06Z,gdas1.fnl.0p25.2019091806.f00.grib2,0.0,Already_Downloaded
2019-09-18,12Z,gdas1.fnl.0p25.2019091812.f00.grib2,0.0,Already_Downloaded
2019-09-18,18Z,gdas1.fnl.0p25.2019091818.f00.grib2,0.0,Already_Downloaded
2019-09-19,00Z,gdas1.fnl.0p25.2019091900.f00.grib2,0.0,Already_Downloaded
2019-09-19,06Z,gdas1.fnl.0p25.2019091906.f00.grib2,0.0,Already_Downloaded
2019-09-19,12Z,gdas1.fnl.0p25.2019091912.f00.grib2,0.0,Already_Downloaded
2019-09-19,18Z,gdas1.fnl.0p25.2019091918.f00.grib2,0.0,Already_Downloaded
2019-09-20,00Z,gdas1.fnl.0p25.2019092000.f00.grib2,0.0,Already_Downloaded
2019-09-20,06Z,gdas1.fnl.0p25.2019092006.f00.grib2,0.0,Already_Downloaded
2019-09-20,12Z,gdas1.fnl.0p25.2019092012.f00.grib2,0.0,Already_Downloaded
2019-09-20,18Z,gdas1.fnl.0p25.2019092018.f00.grib2,0.0,Already_Downloaded
2019-09-21,00Z,gdas1.fnl.0p25.2019092100.f00.grib2,0.0,Already_Downloaded
2019-09-21,06Z,gdas1.fnl.0p25.2019092106.f00.grib2,0.0,Already_Downloaded
2019-09-21,12Z,gdas1.fnl.0p25.2019092112.f00.grib2,0.0,Already_Downloaded
2019-09-21,18Z,gdas1.fnl.0p25.2019092118.f00.grib2,0.0,Already_Downloaded
2019-09-22,00Z,gdas1.fnl.0p25.2019092200.f00.grib2,0.0,Already_Downloaded
2019-09-22,06Z,gdas1.fnl.0p25.2019092206.f00.grib2,0.0,Already_Downloaded
2019-09-22,12Z,gdas1.fnl.0p25.2019092212.f00.grib2,0.0,Already_Downloaded
2019-09-22,18Z,gdas1.fnl.0p25.2019092218.f00.grib2,0.0,Already_Downloaded
2019-09-23,00Z,gdas1.fnl.0p25.2019092300.f00.grib2,0.0,Already_Downloaded
2019-09-23,06Z,gdas1.fnl.0p25.2019092306.f00.grib2,0.0,Already_Downloaded
2019-09-23,12Z,gdas1.fnl.0p25.2019092312.f00.grib2,0.0,Already_Downloaded
2019-09-23,18Z,gdas1.fnl.0p25.2019092318.f00.grib2,0.0,Already_Downloaded
2019-09-24,00Z,gdas1.fnl.0p25.2019092400.f00.grib2,0.0,Already_Downloaded
2019-09-24,06Z,gdas1.fnl.0p25.2019092406.f00.grib2,0.0,Already_Downloaded
2019-09-24,12Z,gdas1.fnl.0p25.2019092412.f00.grib2,0.0,Already_Downloaded
2019-09-24,18Z,gdas1.fnl.0p25.2019092418.f00.grib2,0.0,Already_Downloaded
2019-09-25,00Z,gdas1.fnl.0p25.2019092500.f00.grib2,0.0,Already_Downloaded
2019-09-25,06Z,gdas1.fnl.0p25.2019092506.f00.grib2,0.0,Already_Downloaded
2019-09-25,12Z,gdas1.fnl.0p25.2019092512.f00.grib2,0.0,Already_Downloaded
2019-09-25,18Z,gdas1.fnl.0p25.2019092518.f00.grib2,0.0,Already_Downloaded
2019-09-26,00Z,gdas1.fnl.0p25.2019092600.f00.grib2,0.0,Already_Downloaded
2019-09-26,06Z,gdas1.fnl.0p25.2019092606.f00.grib2,0.0,Already_Downloaded
2019-09-26,12Z,gdas1.fnl.0p25.2019092612.f00.grib2,0.0,Already_Downloaded
2019-09-26,18Z,gdas1.fnl.0p25.2019092618.f00.grib2,0.0,Already_Downloaded
2019-09-27,00Z,gdas1.fnl.0p25.2019092700.f00.grib2,0.0,Already_Downloaded
2019-09-27,06Z,gdas1.fnl.0p25.2019092706.f00.grib2,0.0,Already_Downloaded
2019-09-27,12Z,gdas1.fnl.0p25.2019092712.f00.grib2,0.0,Already_Downloaded
2019-09-27,18Z,gdas1.fnl.0p25.2019092718.f00.grib2,0.0,Already_Downloaded
2019-09-28,00Z,gdas1.fnl.0p25.2019092800.f00.grib2,0.0,Already_Downloaded
2019-09-28,06Z,gdas1.fnl.0p25.2019092806.f00.grib2,0.0,Already_Downloaded
2019-09-28,12Z,gdas1.fnl.0p25.2019092812.f00.grib2,0.0,Already_Downloaded
2019-09-28,18Z,gdas1.fnl.0p25.2019092818.f00.grib2,0.0,Already_Downloaded
2019-09-29,00Z,gdas1.fnl.0p25.2019092900.f00.grib2,0.0,Already_Downloaded
2019-09-29,06Z,gdas1.fnl.0p25.2019092906.f00.grib2,0.0,Already_Downloaded
2019-09-29,12Z,gdas1.fnl.0p25.2019092912.f00.grib2,0.0,Already_Downloaded
2019-09-29,18Z,gdas1.fnl.0p25.2019092918.f00.grib2,0.0,Already_Downloaded
2019-09-30,00Z,gdas1.fnl.0p25.2019093000.f00.grib2,0.0,Already_Downloaded
2019-09-30,06Z,gdas1.fnl.0p25.2019093006.f00.grib2,0.0,Already_Downloaded
2019-09-30,12Z,gdas1.fnl.0p25.2019093012.f00.grib2,0.0,Already_Downloaded
2019-09-30,18Z,gdas1.fnl.0p25.2019093018.f00.grib2,0.0,Already_Downloaded
2019-10-01,00Z,gdas1.fnl.0p25.2019100100.f00.grib2,0.0,Already_Downloaded
2019-10-01,06Z,gdas1.fnl.0p25.2019100106.f00.grib2,0.0,Already_Downloaded
2019-10-01,12Z,gdas1.fnl.0p25.2019100112.f00.grib2,0.0,Already_Downloaded
2019-10-01,18Z,gdas1.fnl.0p25.2019100118.f00.grib2,0.0,Already_Downloaded
2019-10-02,00Z,gdas1.fnl.0p25.2019100200.f00.grib2,0.0,Already_Downloaded
2019-10-02,06Z,gdas1.fnl.0p25.2019100206.f00.grib2,0.0,Already_Downloaded
2019-10-02,12Z,gdas1.fnl.0p25.2019100212.f00.grib2,0.0,Already_Downloaded
2019-10-02,18Z,gdas1.fnl.0p25.2019100218.f00.grib2,0.0,Already_Downloaded
2019-10-03,00Z,gdas1.fnl.0p25.2019100300.f00.grib2,0.0,Already_Downloaded
2019-10-03,06Z,gdas1.fnl.0p25.2019100306.f00.grib2,0.0,Already_Downloaded
2019-10-03,12Z,gdas1.fnl.0p25.2019100312.f00.grib2,0.0,Already_Downloaded
2019-10-03,18Z,gdas1.fnl.0p25.2019100318.f00.grib2,0.0,Already_Downloaded
2019-10-04,00Z,gdas1.fnl.0p25.2019100400.f00.grib2,0.0,Already_Downloaded
2019-10-04,06Z,gdas1.fnl.0p25.2019100406.f00.grib2,0.0,Already_Downloaded
2019-10-04,12Z,gdas1.fnl.0p25.2019100412.f00.grib2,0.0,Already_Downloaded
2019-10-04,18Z,gdas1.fnl.0p25.2019100418.f00.grib2,0.0,Already_Downloaded
2019-10-05,00Z,gdas1.fnl.0p25.2019100500.f00.grib2,0.0,Already_Downloaded
2019-10-05,06Z,gdas1.fnl.0p25.2019100506.f00.grib2,0.0,Already_Downloaded
2019-10-05,12Z,gdas1.fnl.0p25.2019100512.f00.grib2,0.0,Already_Downloaded
2019-10-05,18Z,gdas1.fnl.0p25.2019100518.f00.grib2,0.0,Already_Downloaded
2019-10-06,00Z,gdas1.fnl.0p25.2019100600.f00.grib2,0.0,Already_Downloaded
2019-10-06,06Z,gdas1.fnl.0p25.2019100606.f00.grib2,0.0,Already_Downloaded
2019-10-06,12Z,gdas1.fnl.0p25.2019100612.f00.grib2,0.0,Already_Downloaded
2019-10-06,18Z,gdas1.fnl.0p25.2019100618.f00.grib2,0.0,Already_Downloaded
2019-10-07,00Z,gdas1.fnl.0p25.2019100700.f00.grib2,0.0,Already_Downloaded
2019-10-07,06Z,gdas1.fnl.0p25.2019100706.f00.grib2,0.0,Already_Downloaded
2019-10-07,12Z,gdas1.fnl.0p25.2019100712.f00.grib2,0.0,Already_Downloaded
2019-10-07,18Z,gdas1.fnl.0p25.2019100718.f00.grib2,0.0,Already_Downloaded
2019-10-08,00Z,gdas1.fnl.0p25.2019100800.f00.grib2,0.0,Already_Downloaded
2019-10-08,06Z,gdas1.fnl.0p25.2019100806.f00.grib2,0.0,Already_Downloaded
2019-10-08,12Z,gdas1.fnl.0p25.2019100812.f00.grib2,0.0,Already_Downloaded
2019-10-08,18Z,gdas1.fnl.0p25.2019100818.f00.grib2,0.0,Already_Downloaded
2019-10-09,00Z,gdas1.fnl.0p25.2019100900.f00.grib2,0.0,Already_Downloaded
2019-10-09,06Z,gdas1.fnl.0p25.2019100906.f00.grib2,0.0,Already_Downloaded
2019-10-09,12Z,gdas1.fnl.0p25.2019100912.f00.grib2,0.0,Already_Downloaded
2019-10-09,18Z,gdas1.fnl.0p25.2019100918.f00.grib2,0.0,Already_Downloaded
2019-10-10,00Z,gdas1.fnl.0p25.2019101000.f00.grib2,0.0,Already_Downloaded
2019-10-10,06Z,gdas1.fnl.0p25.2019101006.f00.grib2,0.0,Already_Downloaded
2019-10-10,12Z,gdas1.fnl.0p25.2019101012.f00.grib2,0.0,Already_Downloaded
2019-10-10,18Z,gdas1.fnl.0p25.2019101018.f00.grib2,0.0,Already_Downloaded
2019-10-11,00Z,gdas1.fnl.0p25.2019101100.f00.grib2,0.0,Already_Downloaded
2019-10-11,06Z,gdas1.fnl.0p25.2019101106.f00.grib2,0.0,Already_Downloaded
2019-10-11,12Z,gdas1.fnl.0p25.2019101112.f00.grib2,0.0,Already_Downloaded
2019-10-11,18Z,gdas1.fnl.0p25.2019101118.f00.grib2,0.0,Already_Downloaded
2019-10-12,00Z,gdas1.fnl.0p25.2019101200.f00.grib2,0.0,Already_Downloaded
2019-10-12,06Z,gdas1.fnl.0p25.2019101206.f00.grib2,0.0,Already_Downloaded
2019-10-12,12Z,gdas1.fnl.0p25.2019101212.f00.grib2,0.0,Already_Downloaded
2019-10-12,18Z,gdas1.fnl.0p25.2019101218.f00.grib2,0.0,Already_Downloaded
2019-10-13,00Z,gdas1.fnl.0p25.2019101300.f00.grib2,0.0,Already_Downloaded
2019-10-13,06Z,gdas1.fnl.0p25.2019101306.f00.grib2,0.0,Already_Downloaded
2019-10-13,12Z,gdas1.fnl.0p25.2019101312.f00.grib2,0.0,Already_Downloaded
2019-10-13,18Z,gdas1.fnl.0p25.2019101318.f00.grib2,0.0,Already_Downloaded
2019-10-14,00Z,gdas1.fnl.0p25.2019101400.f00.grib2,0.0,Already_Downloaded
2019-10-14,06Z,gdas1.fnl.0p25.2019101406.f00.grib2,0.0,Already_Downloaded
2019-10-14,12Z,gdas1.fnl.0p25.2019101412.f00.grib2,0.0,Already_Downloaded
2019-10-14,18Z,gdas1.fnl.0p25.2019101418.f00.grib2,0.0,Already_Downloaded
2019-10-15,00Z,gdas1.fnl.0p25.2019101500.f00.grib2,0.0,Already_Downloaded
2019-10-15,06Z,gdas1.fnl.0p25.2019101506.f00.grib2,0.0,Already_Downloaded
2019-10-15,12Z,gdas1.fnl.0p25.2019101512.f00.grib2,0.0,Already_Downloaded
2019-10-15,18Z,gdas1.fnl.0p25.2019101518.f00.grib2,0.0,Already_Downloaded
2019-10-16,00Z,gdas1.fnl.0p25.2019101600.f00.grib2,0.0,Already_Downloaded
2019-10-16,06Z,gdas1.fnl.0p25.2019101606.f00.grib2,0.0,Already_Downloaded
2019-10-16,12Z,gdas1.fnl.0p25.2019101612.f00.grib2,0.0,Already_Downloaded
2019-10-16,18Z,gdas1.fnl.0p25.2019101618.f00.grib2,0.0,Already_Downloaded
2019-10-17,00Z,gdas1.fnl.0p25.2019101700.f00.grib2,0.0,Already_Downloaded
2019-10-17,06Z,gdas1.fnl.0p25.2019101706.f00.grib2,0.0,Already_Downloaded
2019-10-17,12Z,gdas1.fnl.0p25.2019101712.f00.grib2,0.0,Already_Downloaded
2019-10-17,18Z,gdas1.fnl.0p25.2019101718.f00.grib2,0.0,Already_Downloaded
2019-10-18,00Z,gdas1.fnl.0p25.2019101800.f00.grib2,0.0,Already_Downloaded
2019-10-18,06Z,gdas1.fnl.0p25.2019101806.f00.grib2,0.0,Already_Downloaded
2019-10-18,12Z,gdas1.fnl.0p25.2019101812.f00.grib2,0.0,Already_Downloaded
2019-10-18,18Z,gdas1.fnl.0p25.2019101818.f00.grib2,0.0,Already_Downloaded
2019-10-19,00Z,gdas1.fnl.0p25.2019101900.f00.grib2,0.0,Already_Downloaded
2019-10-19,06Z,gdas1.fnl.0p25.2019101906.f00.grib2,0.0,Already_Downloaded
2019-10-19,12Z,gdas1.fnl.0p25.2019101912.f00.grib2,0.0,Already_Downloaded
2019-10-19,18Z,gdas1.fnl.0p25.2019101918.f00.grib2,0.0,Already_Downloaded
2019-10-20,00Z,gdas1.fnl.0p25.2019102000.f00.grib2,0.0,Already_Downloaded
2019-10-20,06Z,gdas1.fnl.0p25.2019102006.f00.grib2,0.0,Already_Downloaded
2019-10-20,12Z,gdas1.fnl.0p25.2019102012.f00.grib2,0.0,Already_Downloaded
2019-10-20,18Z,gdas1.fnl.0p25.2019102018.f00.grib2,0.0,Already_Downloaded
2019-10-21,00Z,gdas1.fnl.0p25.2019102100.f00.grib2,0.0,Already_Downloaded
2019-10-21,06Z,gdas1.fnl.0p25.2019102106.f00.grib2,0.0,Already_Downloaded
2019-10-21,12Z,gdas1.fnl.0p25.2019102112.f00.grib2,0.0,Already_Downloaded
2019-10-21,18Z,gdas1.fnl.0p25.2019102118.f00.grib2,0.0,Already_Downloaded
2019-10-22,00Z,gdas1.fnl.0p25.2019102200.f00.grib2,0.0,Already_Downloaded
2019-10-22,06Z,gdas1.fnl.0p25.2019102206.f00.grib2,0.0,Already_Downloaded
2019-10-22,12Z,gdas1.fnl.0p25.2019102212.f00.grib2,0.0,Already_Downloaded
2019-10-22,18Z,gdas1.fnl.0p25.2019102218.f00.grib2,0.0,Already_Downloaded
2019-10-23,00Z,gdas1.fnl.0p25.2019102300.f00.grib2,0.0,Already_Downloaded
2019-10-23,06Z,gdas1.fnl.0p25.2019102306.f00.grib2,0.0,Already_Downloaded
2019-10-23,12Z,gdas1.fnl.0p25.2019102312.f00.grib2,0.0,Already_Downloaded
2019-10-23,18Z,gdas1.fnl.0p25.2019102318.f00.grib2,0.0,Already_Downloaded
2019-10-24,00Z,gdas1.fnl.0p25.2019102400.f00.grib2,0.0,Already_Downloaded
2019-10-24,06Z,gdas1.fnl.0p25.2019102406.f00.grib2,0.0,Already_Downloaded
2019-10-24,12Z,gdas1.fnl.0p25.2019102412.f00.grib2,0.0,Already_Downloaded
2019-10-24,18Z,gdas1.fnl.0p25.2019102418.f00.grib2,0.0,Already_Downloaded
2019-10-25,00Z,gdas1.fnl.0p25.2019102500.f00.grib2,0.0,Already_Downloaded
2019-10-25,06Z,gdas1.fnl.0p25.2019102506.f00.grib2,0.0,Already_Downloaded
2019-10-25,12Z,gdas1.fnl.0p25.2019102512.f00.grib2,0.0,Already_Downloaded
2019-10-25,18Z,gdas1.fnl.0p25.2019102518.f00.grib2,0.0,Already_Downloaded
2019-10-26,00Z,gdas1.fnl.0p25.2019102600.f00.grib2,0.0,Already_Downloaded
2019-10-26,06Z,gdas1.fnl.0p25.2019102606.f00.grib2,0.0,Already_Downloaded
2019-10-26,12Z,gdas1.fnl.0p25.2019102612.f00.grib2,0.0,Already_Downloaded
2019-10-26,18Z,gdas1.fnl.0p25.2019102618.f00.grib2,0.0,Already_Downloaded
2019-10-27,00Z,gdas1.fnl.0p25.2019102700.f00.grib2,0.0,Already_Downloaded
2019-10-27,06Z,gdas1.fnl.0p25.2019102706.f00.grib2,0.0,Already_Downloaded
2019-10-27,12Z,gdas1.fnl.0p25.2019102712.f00.grib2,0.0,Already_Downloaded
2019-10-27,18Z,gdas1.fnl.0p25.2019102718.f00.grib2,0.0,Already_Downloaded
2019-10-28,00Z,gdas1.fnl.0p25.2019102800.f00.grib2,0.0,Already_Downloaded
2019-10-28,06Z,gdas1.fnl.0p25.2019102806.f00.grib2,0.0,Already_Downloaded
2019-10-28,12Z,gdas1.fnl.0p25.2019102812.f00.grib2,0.0,Already_Downloaded
2019-10-28,18Z,gdas1.fnl.0p25.2019102818.f00.grib2,0.0,Already_Downloaded
2019-10-29,00Z,gdas1.fnl.0p25.2019102900.f00.grib2,0.0,Already_Downloaded
2019-10-29,06Z,gdas1.fnl.0p25.2019102906.f00.grib2,0.0,Already_Downloaded
2019-10-29,12Z,gdas1.fnl.0p25.2019102912.f00.grib2,0.0,Already_Downloaded
2019-10-29,18Z,gdas1.fnl.0p25.2019102918.f00.grib2,0.0,Already_Downloaded
2019-10-30,00Z,gdas1.fnl.0p25.2019103000.f00.grib2,0.0,Already_Downloaded
2019-10-30,06Z,gdas1.fnl.0p25.2019103006.f00.grib2,0.0,Already_Downloaded
2019-10-30,12Z,gdas1.fnl.0p25.2019103012.f00.grib2,0.0,Already_Downloaded
2019-10-30,18Z,gdas1.fnl.0p25.2019103018.f00.grib2,0.0,Already_Downloaded
2019-10-31,00Z,gdas1.fnl.0p25.2019103100.f00.grib2,0.0,Already_Downloaded
2019-10-31,06Z,gdas1.fnl.0p25.2019103106.f00.grib2,0.0,Already_Downloaded
2019-10-31,12Z,gdas1.fnl.0p25.2019103112.f00.grib2,0.0,Already_Downloaded
2019-10-31,18Z,gdas1.fnl.0p25.2019103118.f00.grib2,0.0,Already_Downloaded
2019-11-01,00Z,gdas1.fnl.0p25.2019110100.f00.grib2,0.0,Already_Downloaded
2019-11-01,06Z,gdas1.fnl.0p25.2019110106.f00.grib2,0.0,Already_Downloaded
2019-11-01,12Z,gdas1.fnl.0p25.2019110112.f00.grib2,0.0,Already_Downloaded
2019-11-01,18Z,gdas1.fnl.0p25.2019110118.f00.grib2,0.0,Already_Downloaded
2019-11-02,00Z,gdas1.fnl.0p25.2019110200.f00.grib2,0.0,Already_Downloaded
2019-11-02,06Z,gdas1.fnl.0p25.2019110206.f00.grib2,0.0,Already_Downloaded
2019-11-02,12Z,gdas1.fnl.0p25.2019110212.f00.grib2,0.0,Already_Downloaded
2019-11-02,18Z,gdas1.fnl.0p25.2019110218.f00.grib2,0.0,Already_Downloaded
2019-11-03,00Z,gdas1.fnl.0p25.2019110300.f00.grib2,0.0,Already_Downloaded
2019-11-03,06Z,gdas1.fnl.0p25.2019110306.f00.grib2,0.0,Already_Downloaded
2019-11-03,12Z,gdas1.fnl.0p25.2019110312.f00.grib2,0.0,Already_Downloaded
2019-11-03,18Z,gdas1.fnl.0p25.2019110318.f00.grib2,0.0,Already_Downloaded
2019-11-04,00Z,gdas1.fnl.0p25.2019110400.f00.grib2,0.0,Already_Downloaded
2019-11-04,06Z,gdas1.fnl.0p25.2019110406.f00.grib2,0.0,Already_Downloaded
2019-11-04,12Z,gdas1.fnl.0p25.2019110412.f00.grib2,0.0,Already_Downloaded
2019-11-04,18Z,gdas1.fnl.0p25.2019110418.f00.grib2,0.0,Already_Downloaded
2019-11-05,00Z,gdas1.fnl.0p25.2019110500.f00.grib2,0.0,Already_Downloaded
2019-11-05,06Z,gdas1.fnl.0p25.2019110506.f00.grib2,0.0,Already_Downloaded
2019-11-05,12Z,gdas1.fnl.0p25.2019110512.f00.grib2,0.0,Already_Downloaded
2019-11-05,18Z,gdas1.fnl.0p25.2019110518.f00.grib2,0.0,Already_Downloaded
2019-11-06,00Z,gdas1.fnl.0p25.2019110600.f00.grib2,0.0,Already_Downloaded
2019-11-06,06Z,gdas1.fnl.0p25.2019110606.f00.grib2,0.0,Already_Downloaded
2019-11-06,12Z,gdas1.fnl.0p25.2019110612.f00.grib2,0.0,Already_Downloaded
2019-11-06,18Z,gdas1.fnl.0p25.2019110618.f00.grib2,0.0,Already_Downloaded
2019-11-07,00Z,gdas1.fnl.0p25.2019110700.f00.grib2,0.0,Already_Downloaded
2019-11-07,06Z,gdas1.fnl.0p25.2019110706.f00.grib2,0.0,Already_Downloaded
2019-11-07,12Z,gdas1.fnl.0p25.2019110712.f00.grib2,0.0,Already_Downloaded
2019-11-07,18Z,gdas1.fnl.0p25.2019110718.f00.grib2,0.0,Already_Downloaded
2019-11-08,00Z,gdas1.fnl.0p25.2019110800.f00.grib2,0.0,Already_Downloaded
2019-11-08,06Z,gdas1.fnl.0p25.2019110806.f00.grib2,0.0,Already_Downloaded
2019-11-08,12Z,gdas1.fnl.0p25.2019110812.f00.grib2,0.0,Already_Downloaded
2019-11-08,18Z,gdas1.fnl.0p25.2019110818.f00.grib2,0.0,Already_Downloaded
2019-11-09,00Z,gdas1.fnl.0p25.2019110900.f00.grib2,0.0,Already_Downloaded
2019-11-09,06Z,gdas1.fnl.0p25.2019110906.f00.grib2,0.0,Already_Downloaded
2019-11-09,12Z,gdas1.fnl.0p25.2019110912.f00.grib2,0.0,Already_Downloaded
2019-11-09,18Z,gdas1.fnl.0p25.2019110918.f00.grib2,0.0,Already_Downloaded
2019-11-10,00Z,gdas1.fnl.0p25.2019111000.f00.grib2,0.0,Already_Downloaded
2019-11-10,06Z,gdas1.fnl.0p25.2019111006.f00.grib2,0.0,Already_Downloaded
2019-11-10,12Z,gdas1.fnl.0p25.2019111012.f00.grib2,0.0,Already_Downloaded
2019-11-10,18Z,gdas1.fnl.0p25.2019111018.f00.grib2,0.0,Already_Downloaded
2019-11-11,00Z,gdas1.fnl.0p25.2019111100.f00.grib2,0.0,Already_Downloaded
2019-11-11,06Z,gdas1.fnl.0p25.2019111106.f00.grib2,0.0,Already_Downloaded
2019-11-11,12Z,gdas1.fnl.0p25.2019111112.f00.grib2,0.0,Already_Downloaded
2019-11-11,18Z,gdas1.fnl.0p25.2019111118.f00.grib2,0.0,Already_Downloaded
2019-11-12,00Z,gdas1.fnl.0p25.2019111200.f00.grib2,0.0,Already_Downloaded
2019-11-12,06Z,gdas1.fnl.0p25.2019111206.f00.grib2,0.0,Already_Downloaded
2019-11-12,12Z,gdas1.fnl.0p25.2019111212.f00.grib2,0.0,Already_Downloaded
2019-11-12,18Z,gdas1.fnl.0p25.2019111218.f00.grib2,0.0,Already_Downloaded
2019-11-13,00Z,gdas1.fnl.0p25.2019111300.f00.grib2,0.0,Already_Downloaded
2019-11-13,06Z,gdas1.fnl.0p25.2019111306.f00.grib2,0.0,Already_Downloaded
2019-11-13,12Z,gdas1.fnl.0p25.2019111312.f00.grib2,0.0,Already_Downloaded
2019-11-13,18Z,gdas1.fnl.0p25.2019111318.f00.grib2,0.0,Already_Downloaded
2019-11-14,00Z,gdas1.fnl.0p25.2019111400.f00.grib2,0.0,Already_Downloaded
2019-11-14,06Z,gdas1.fnl.0p25.2019111406.f00.grib2,0.0,Already_Downloaded
2019-11-14,12Z,gdas1.fnl.0p25.2019111412.f00.grib2,0.0,Already_Downloaded
2019-11-14,18Z,gdas1.fnl.0p25.2019111418.f00.grib2,0.0,Already_Downloaded
2019-11-15,00Z,gdas1.fnl.0p25.2019111500.f00.grib2,0.0,Already_Downloaded
2019-11-15,06Z,gdas1.fnl.0p25.2019111506.f00.grib2,0.0,Already_Downloaded
2019-11-15,12Z,gdas1.fnl.0p25.2019111512.f00.grib2,0.0,Already_Downloaded
2019-11-15,18Z,gdas1.fnl.0p25.2019111518.f00.grib2,0.0,Already_Downloaded
2019-11-16,00Z,gdas1.fnl.0p25.2019111600.f00.grib2,0.0,Already_Downloaded
2019-11-16,06Z,gdas1.fnl.0p25.2019111606.f00.grib2,0.0,Already_Downloaded
2019-11-16,12Z,gdas1.fnl.0p25.2019111612.f00.grib2,0.0,Already_Downloaded
2019-11-16,18Z,gdas1.fnl.0p25.2019111618.f00.grib2,0.0,Already_Downloaded
2019-11-17,00Z,gdas1.fnl.0p25.2019111700.f00.grib2,0.0,Already_Downloaded
2019-11-17,06Z,gdas1.fnl.0p25.2019111706.f00.grib2,0.0,Already_Downloaded
2019-11-17,12Z,gdas1.fnl.0p25.2019111712.f00.grib2,0.0,Already_Downloaded
2019-11-17,18Z,gdas1.fnl.0p25.2019111718.f00.grib2,0.0,Already_Downloaded
2019-11-18,00Z,gdas1.fnl.0p25.2019111800.f00.grib2,0.0,Already_Downloaded
2019-11-18,06Z,gdas1.fnl.0p25.2019111806.f00.grib2,0.0,Already_Downloaded
2019-11-18,12Z,gdas1.fnl.0p25.2019111812.f00.grib2,0.0,Already_Downloaded
2019-11-18,18Z,gdas1.fnl.0p25.2019111818.f00.grib2,0.0,Already_Downloaded
2019-11-19,00Z,gdas1.fnl.0p25.2019111900.f00.grib2,0.0,Already_Downloaded
2019-11-19,06Z,gdas1.fnl.0p25.2019111906.f00.grib2,0.0,Already_Downloaded
2019-11-19,12Z,gdas1.fnl.0p25.2019111912.f00.grib2,0.0,Already_Downloaded
2019-11-19,18Z,gdas1.fnl.0p25.2019111918.f00.grib2,0.0,Already_Downloaded
2019-11-20,00Z,gdas1.fnl.0p25.2019112000.f00.grib2,0.0,Already_Downloaded
2019-11-20,06Z,gdas1.fnl.0p25.2019112006.f00.grib2,0.0,Already_Downloaded
2019-11-20,12Z,gdas1.fnl.0p25.2019112012.f00.grib2,0.0,Already_Downloaded
2019-11-20,18Z,gdas1.fnl.0p25.2019112018.f00.grib2,0.0,Already_Downloaded
2019-11-21,00Z,gdas1.fnl.0p25.2019112100.f00.grib2,0.0,Already_Downloaded
2019-11-21,06Z,gdas1.fnl.0p25.2019112106.f00.grib2,0.0,Already_Downloaded
2019-11-21,12Z,gdas1.fnl.0p25.2019112112.f00.grib2,0.0,Already_Downloaded
2019-11-21,18Z,gdas1.fnl.0p25.2019112118.f00.grib2,0.0,Already_Downloaded
2019-11-22,00Z,gdas1.fnl.0p25.2019112200.f00.grib2,0.0,Already_Downloaded
2019-11-22,06Z,gdas1.fnl.0p25.2019112206.f00.grib2,0.0,Already_Downloaded
2019-11-22,12Z,gdas1.fnl.0p25.2019112212.f00.grib2,0.0,Already_Downloaded
2019-11-22,18Z,gdas1.fnl.0p25.2019112218.f00.grib2,0.0,Already_Downloaded
2019-11-23,00Z,gdas1.fnl.0p25.2019112300.f00.grib2,0.0,Already_Downloaded
2019-11-23,06Z,gdas1.fnl.0p25.2019112306.f00.grib2,0.0,Already_Downloaded
2019-11-23,12Z,gdas1.fnl.0p25.2019112312.f00.grib2,0.0,Already_Downloaded
2019-11-23,18Z,gdas1.fnl.0p25.2019112318.f00.grib2,0.0,Already_Downloaded
2019-11-24,00Z,gdas1.fnl.0p25.2019112400.f00.grib2,0.0,Already_Downloaded
2019-11-24,06Z,gdas1.fnl.0p25.2019112406.f00.grib2,0.0,Already_Downloaded
2019-11-24,12Z,gdas1.fnl.0p25.2019112412.f00.grib2,0.0,Already_Downloaded
2019-11-24,18Z,gdas1.fnl.0p25.2019112418.f00.grib2,0.0,Already_Downloaded
2019-11-25,00Z,gdas1.fnl.0p25.2019112500.f00.grib2,0.0,Already_Downloaded
2019-11-25,06Z,gdas1.fnl.0p25.2019112506.f00.grib2,0.0,Already_Downloaded
2019-11-25,12Z,gdas1.fnl.0p25.2019112512.f00.grib2,0.0,Already_Downloaded
2019-11-25,18Z,gdas1.fnl.0p25.2019112518.f00.grib2,0.0,Already_Downloaded
2019-11-26,00Z,gdas1.fnl.0p25.2019112600.f00.grib2,0.0,Already_Downloaded
2019-11-26,06Z,gdas1.fnl.0p25.2019112606.f00.grib2,0.0,Already_Downloaded
2019-11-26,12Z,gdas1.fnl.0p25.2019112612.f00.grib2,0.0,Already_Downloaded
2019-11-26,18Z,gdas1.fnl.0p25.2019112618.f00.grib2,0.0,Already_Downloaded
2019-11-27,00Z,gdas1.fnl.0p25.2019112700.f00.grib2,0.0,Already_Downloaded
2019-11-27,06Z,gdas1.fnl.0p25.2019112706.f00.grib2,0.0,Already_Downloaded
2019-11-27,12Z,gdas1.fnl.0p25.2019112712.f00.grib2,0.0,Already_Downloaded
2019-11-27,18Z,gdas1.fnl.0p25.2019112718.f00.grib2,0.0,Already_Downloaded
2019-11-28,00Z,gdas1.fnl.0p25.2019112800.f00.grib2,0.0,Already_Downloaded
2019-11-28,06Z,gdas1.fnl.0p25.2019112806.f00.grib2,0.0,Already_Downloaded
2019-11-28,12Z,gdas1.fnl.0p25.2019112812.f00.grib2,0.0,Already_Downloaded
2019-11-28,18Z,gdas1.fnl.0p25.2019112818.f00.grib2,0.0,Already_Downloaded
2019-11-29,00Z,gdas1.fnl.0p25.2019112900.f00.grib2,0.0,Already_Downloaded
2019-11-29,06Z,gdas1.fnl.0p25.2019112906.f00.grib2,0.0,Already_Downloaded
2019-11-29,12Z,gdas1.fnl.0p25.2019112912.f00.grib2,0.0,Already_Downloaded
2019-11-29,18Z,gdas1.fnl.0p25.2019112918.f00.grib2,0.0,Already_Downloaded
2019-11-30,00Z,gdas1.fnl.0p25.2019113000.f00.grib2,0.0,Already_Downloaded
2019-11-30,06Z,gdas1.fnl.0p25.2019113006.f00.grib2,0.0,Already_Downloaded
2019-11-30,12Z,gdas1.fnl.0p25.2019113012.f00.grib2,0.0,Already_Downloaded
2019-11-30,18Z,gdas1.fnl.0p25.2019113018.f00.grib2,0.0,Already_Downloaded
2019-12-01,00Z,gdas1.fnl.0p25.2019120100.f00.grib2,0.0,Already_Downloaded
2019-12-01,06Z,gdas1.fnl.0p25.2019120106.f00.grib2,0.0,Already_Downloaded
2019-12-01,12Z,gdas1.fnl.0p25.2019120112.f00.grib2,0.0,Already_Downloaded
2019-12-01,18Z,gdas1.fnl.0p25.2019120118.f00.grib2,0.0,Already_Downloaded
2019-12-02,00Z,gdas1.fnl.0p25.2019120200.f00.grib2,0.0,Already_Downloaded
2019-12-02,06Z,gdas1.fnl.0p25.2019120206.f00.grib2,0.0,Already_Downloaded
2019-12-02,12Z,gdas1.fnl.0p25.2019120212.f00.grib2,0.0,Already_Downloaded
2019-12-02,18Z,gdas1.fnl.0p25.2019120218.f00.grib2,0.0,Already_Downloaded
2019-12-03,00Z,gdas1.fnl.0p25.2019120300.f00.grib2,0.0,Already_Downloaded
2019-12-03,06Z,gdas1.fnl.0p25.2019120306.f00.grib2,0.0,Already_Downloaded
2019-12-03,12Z,gdas1.fnl.0p25.2019120312.f00.grib2,0.0,Already_Downloaded
2019-12-03,18Z,gdas1.fnl.0p25.2019120318.f00.grib2,0.0,Already_Downloaded
2019-12-04,00Z,gdas1.fnl.0p25.2019120400.f00.grib2,0.0,Already_Downloaded
2019-12-04,06Z,gdas1.fnl.0p25.2019120406.f00.grib2,0.0,Already_Downloaded
2019-12-04,12Z,gdas1.fnl.0p25.2019120412.f00.grib2,0.0,Already_Downloaded
2019-12-04,18Z,gdas1.fnl.0p25.2019120418.f00.grib2,0.0,Already_Downloaded
2019-12-05,00Z,gdas1.fnl.0p25.2019120500.f00.grib2,0.0,Already_Downloaded
2019-12-05,06Z,gdas1.fnl.0p25.2019120506.f00.grib2,0.0,Already_Downloaded
2019-12-05,12Z,gdas1.fnl.0p25.2019120512.f00.grib2,0.0,Already_Downloaded
2019-12-05,18Z,gdas1.fnl.0p25.2019120518.f00.grib2,0.0,Already_Downloaded
2019-12-06,00Z,gdas1.fnl.0p25.2019120600.f00.grib2,0.0,Already_Downloaded
2019-12-06,06Z,gdas1.fnl.0p25.2019120606.f00.grib2,0.0,Already_Downloaded
2019-12-06,12Z,gdas1.fnl.0p25.2019120612.f00.grib2,0.0,Already_Downloaded
2019-12-06,18Z,gdas1.fnl.0p25.2019120618.f00.grib2,0.0,Already_Downloaded
2019-12-07,00Z,gdas1.fnl.0p25.2019120700.f00.grib2,0.0,Already_Downloaded
2019-12-07,06Z,gdas1.fnl.0p25.2019120706.f00.grib2,0.0,Already_Downloaded
2019-12-07,12Z,gdas1.fnl.0p25.2019120712.f00.grib2,0.0,Already_Downloaded
2019-12-07,18Z,gdas1.fnl.0p25.2019120718.f00.grib2,0.0,Already_Downloaded
2019-12-08,00Z,gdas1.fnl.0p25.2019120800.f00.grib2,0.0,Already_Downloaded
2019-12-08,06Z,gdas1.fnl.0p25.2019120806.f00.grib2,0.0,Already_Downloaded
2019-12-08,12Z,gdas1.fnl.0p25.2019120812.f00.grib2,0.0,Already_Downloaded
2019-12-08,18Z,gdas1.fnl.0p25.2019120818.f00.grib2,0.0,Already_Downloaded
2019-12-09,00Z,gdas1.fnl.0p25.2019120900.f00.grib2,0.0,Already_Downloaded
2019-12-09,06Z,gdas1.fnl.0p25.2019120906.f00.grib2,0.0,Already_Downloaded
2019-12-09,12Z,gdas1.fnl.0p25.2019120912.f00.grib2,0.0,Already_Downloaded
2019-12-09,18Z,gdas1.fnl.0p25.2019120918.f00.grib2,0.0,Already_Downloaded
2019-12-10,00Z,gdas1.fnl.0p25.2019121000.f00.grib2,0.0,Already_Downloaded
2019-12-10,06Z,gdas1.fnl.0p25.2019121006.f00.grib2,0.0,Already_Downloaded
2019-12-10,12Z,gdas1.fnl.0p25.2019121012.f00.grib2,0.0,Already_Downloaded
2019-12-10,18Z,gdas1.fnl.0p25.2019121018.f00.grib2,0.0,Already_Downloaded
2019-12-11,00Z,gdas1.fnl.0p25.2019121100.f00.grib2,0.0,Already_Downloaded
2019-12-11,06Z,gdas1.fnl.0p25.2019121106.f00.grib2,0.0,Already_Downloaded
2019-12-11,12Z,gdas1.fnl.0p25.2019121112.f00.grib2,0.0,Already_Downloaded
2019-12-11,18Z,gdas1.fnl.0p25.2019121118.f00.grib2,0.0,Already_Downloaded
2019-12-12,00Z,gdas1.fnl.0p25.2019121200.f00.grib2,0.0,Already_Downloaded
2019-12-12,06Z,gdas1.fnl.0p25.2019121206.f00.grib2,0.0,Already_Downloaded
2019-12-12,12Z,gdas1.fnl.0p25.2019121212.f00.grib2,0.0,Already_Downloaded
2019-12-12,18Z,gdas1.fnl.0p25.2019121218.f00.grib2,0.0,Already_Downloaded
2019-12-13,00Z,gdas1.fnl.0p25.2019121300.f00.grib2,0.0,Already_Downloaded
2019-12-13,06Z,gdas1.fnl.0p25.2019121306.f00.grib2,0.0,Already_Downloaded
2019-12-13,12Z,gdas1.fnl.0p25.2019121312.f00.grib2,0.0,Already_Downloaded
2019-12-13,18Z,gdas1.fnl.0p25.2019121318.f00.grib2,0.0,Already_Downloaded
2019-12-14,00Z,gdas1.fnl.0p25.2019121400.f00.grib2,0.0,Already_Downloaded
2019-12-14,06Z,gdas1.fnl.0p25.2019121406.f00.grib2,0.0,Already_Downloaded
2019-12-14,12Z,gdas1.fnl.0p25.2019121412.f00.grib2,0.0,Already_Downloaded
2019-12-14,18Z,gdas1.fnl.0p25.2019121418.f00.grib2,0.0,Already_Downloaded
2019-12-15,00Z,gdas1.fnl.0p25.2019121500.f00.grib2,0.0,Already_Downloaded
2019-12-15,06Z,gdas1.fnl.0p25.2019121506.f00.grib2,0.0,Already_Downloaded
2019-12-15,12Z,gdas1.fnl.0p25.2019121512.f00.grib2,0.0,Already_Downloaded
2019-12-15,18Z,gdas1.fnl.0p25.2019121518.f00.grib2,0.0,Already_Downloaded
2019-12-16,00Z,gdas1.fnl.0p25.2019121600.f00.grib2,0.0,Already_Downloaded
2019-12-16,06Z,gdas1.fnl.0p25.2019121606.f00.grib2,0.0,Already_Downloaded
2019-12-16,12Z,gdas1.fnl.0p25.2019121612.f00.grib2,0.0,Already_Downloaded
2019-12-16,18Z,gdas1.fnl.0p25.2019121618.f00.grib2,0.0,Already_Downloaded
2019-12-17,00Z,gdas1.fnl.0p25.2019121700.f00.grib2,0.0,Already_Downloaded
2019-12-17,06Z,gdas1.fnl.0p25.2019121706.f00.grib2,0.0,Already_Downloaded
2019-12-17,12Z,gdas1.fnl.0p25.2019121712.f00.grib2,0.0,Already_Downloaded
2019-12-17,18Z,gdas1.fnl.0p25.2019121718.f00.grib2,0.0,Already_Downloaded
2019-12-18,00Z,gdas1.fnl.0p25.2019121800.f00.grib2,0.0,Already_Downloaded
2019-12-18,06Z,gdas1.fnl.0p25.2019121806.f00.grib2,0.0,Already_Downloaded
2019-12-18,12Z,gdas1.fnl.0p25.2019121812.f00.grib2,0.0,Already_Downloaded
2019-12-18,18Z,gdas1.fnl.0p25.2019121818.f00.grib2,0.0,Already_Downloaded
2019-12-19,00Z,gdas1.fnl.0p25.2019121900.f00.grib2,0.0,Already_Downloaded
2019-12-19,06Z,gdas1.fnl.0p25.2019121906.f00.grib2,0.0,Already_Downloaded
2019-12-19,12Z,gdas1.fnl.0p25.2019121912.f00.grib2,0.0,Already_Downloaded
2019-12-19,18Z,gdas1.fnl.0p25.2019121918.f00.grib2,0.0,Already_Downloaded
2019-12-20,00Z,gdas1.fnl.0p25.2019122000.f00.grib2,0.0,Already_Downloaded
2019-12-20,06Z,gdas1.fnl.0p25.2019122006.f00.grib2,0.0,Already_Downloaded
2019-12-20,12Z,gdas1.fnl.0p25.2019122012.f00.grib2,0.0,Already_Downloaded
2019-12-20,18Z,gdas1.fnl.0p25.2019122018.f00.grib2,0.0,Already_Downloaded
2019-12-21,00Z,gdas1.fnl.0p25.2019122100.f00.grib2,0.0,Already_Downloaded
2019-12-21,06Z,gdas1.fnl.0p25.2019122106.f00.grib2,0.0,Already_Downloaded
2019-12-21,12Z,gdas1.fnl.0p25.2019122112.f00.grib2,0.0,Already_Downloaded
2019-12-21,18Z,gdas1.fnl.0p25.2019122118.f00.grib2,0.0,Already_Downloaded
2019-12-22,00Z,gdas1.fnl.0p25.2019122200.f00.grib2,0.0,Already_Downloaded
2019-12-22,06Z,gdas1.fnl.0p25.2019122206.f00.grib2,0.0,Already_Downloaded
2019-12-22,12Z,gdas1.fnl.0p25.2019122212.f00.grib2,0.0,Already_Downloaded
2019-12-22,18Z,gdas1.fnl.0p25.2019122218.f00.grib2,0.0,Already_Downloaded
2019-12-23,00Z,gdas1.fnl.0p25.2019122300.f00.grib2,0.0,Already_Downloaded
2019-12-23,06Z,gdas1.fnl.0p25.2019122306.f00.grib2,0.0,Already_Downloaded
2019-12-23,12Z,gdas1.fnl.0p25.2019122312.f00.grib2,0.0,Already_Downloaded
2019-12-23,18Z,gdas1.fnl.0p25.2019122318.f00.grib2,0.0,Already_Downloaded
2019-12-24,00Z,gdas1.fnl.0p25.2019122400.f00.grib2,0.0,Already_Downloaded
2019-12-24,06Z,gdas1.fnl.0p25.2019122406.f00.grib2,0.0,Already_Downloaded
2019-12-24,12Z,gdas1.fnl.0p25.2019122412.f00.grib2,0.0,Already_Downloaded
2019-12-24,18Z,gdas1.fnl.0p25.2019122418.f00.grib2,0.0,Already_Downloaded
2019-12-25,00Z,gdas1.fnl.0p25.2019122500.f00.grib2,0.0,Already_Downloaded
2019-12-25,06Z,gdas1.fnl.0p25.2019122506.f00.grib2,0.0,Already_Downloaded
2019-12-25,12Z,gdas1.fnl.0p25.2019122512.f00.grib2,0.0,Already_Downloaded
2019-12-25,18Z,gdas1.fnl.0p25.2019122518.f00.grib2,0.0,Already_Downloaded
2019-12-26,00Z,gdas1.fnl.0p25.2019122600.f00.grib2,0.0,Already_Downloaded
2019-12-26,06Z,gdas1.fnl.0p25.2019122606.f00.grib2,0.0,Already_Downloaded
2019-12-26,12Z,gdas1.fnl.0p25.2019122612.f00.grib2,0.0,Already_Downloaded
2019-12-26,18Z,gdas1.fnl.0p25.2019122618.f00.grib2,0.0,Already_Downloaded
2019-12-27,00Z,gdas1.fnl.0p25.2019122700.f00.grib2,0.0,Already_Downloaded
2019-12-27,06Z,gdas1.fnl.0p25.2019122706.f00.grib2,0.0,Already_Downloaded
2019-12-27,12Z,gdas1.fnl.0p25.2019122712.f00.grib2,0.0,Already_Downloaded
2019-12-27,18Z,gdas1.fnl.0p25.2019122718.f00.grib2,0.0,Already_Downloaded
2019-12-28,00Z,gdas1.fnl.0p25.2019122800.f00.grib2,0.0,Already_Downloaded
2019-12-28,06Z,gdas1.fnl.0p25.2019122806.f00.grib2,0.0,Already_Downloaded
2019-12-28,12Z,gdas1.fnl.0p25.2019122812.f00.grib2,0.0,Already_Downloaded
2019-12-28,18Z,gdas1.fnl.0p25.2019122818.f00.grib2,0.0,Already_Downloaded
2019-12-29,00Z,gdas1.fnl.0p25.2019122900.f00.grib2,0.0,Already_Downloaded
2019-12-29,06Z,gdas1.fnl.0p25.2019122906.f00.grib2,0.0,Already_Downloaded
2019-12-29,12Z,gdas1.fnl.0p25.2019122912.f00.grib2,0.0,Already_Downloaded
2019-12-29,18Z,gdas1.fnl.0p25.2019122918.f00.grib2,0.0,Already_Downloaded
2019-12-30,00Z,gdas1.fnl.0p25.2019123000.f00.grib2,0.0,Already_Downloaded
2019-12-30,06Z,gdas1.fnl.0p25.2019123006.f00.grib2,0.0,Already_Downloaded
2019-12-30,12Z,gdas1.fnl.0p25.2019123012.f00.grib2,0.0,Already_Downloaded
2019-12-30,18Z,gdas1.fnl.0p25.2019123018.f00.grib2,0.0,Already_Downloaded
2019-12-31,00Z,gdas1.fnl.0p25.2019123100.f00.grib2,0.0,Already_Downloaded
2019-12-31,06Z,gdas1.fnl.0p25.2019123106.f00.grib2,0.0,Already_Downloaded
2019-12-31,12Z,gdas1.fnl.0p25.2019123112.f00.grib2,0.0,Already_Downloaded
2019-12-31,18Z,gdas1.fnl.0p25.2019123118.f00.grib2,0.0,Already_Downloaded
2020-01-01,00Z,gdas1.fnl.0p25.2020010100.f00.grib2,0.0,Already_Downloaded
2020-01-01,06Z,gdas1.fnl.0p25.2020010106.f00.grib2,0.0,Already_Downloaded
2020-01-01,12Z,gdas1.fnl.0p25.2020010112.f00.grib2,0.0,Already_Downloaded
2020-01-01,18Z,gdas1.fnl.0p25.2020010118.f00.grib2,0.0,Already_Downloaded
2020-01-02,00Z,gdas1.fnl.0p25.2020010200.f00.grib2,0.0,Already_Downloaded
2020-01-02,06Z,gdas1.fnl.0p25.2020010206.f00.grib2,0.0,Already_Downloaded
2020-01-02,12Z,gdas1.fnl.0p25.2020010212.f00.grib2,0.0,Already_Downloaded
2020-01-02,18Z,gdas1.fnl.0p25.2020010218.f00.grib2,0.0,Already_Downloaded
2020-01-03,00Z,gdas1.fnl.0p25.2020010300.f00.grib2,0.0,Already_Downloaded
2020-01-03,06Z,gdas1.fnl.0p25.2020010306.f00.grib2,0.0,Already_Downloaded
2020-01-03,12Z,gdas1.fnl.0p25.2020010312.f00.grib2,0.0,Already_Downloaded
2020-01-03,18Z,gdas1.fnl.0p25.2020010318.f00.grib2,0.0,Already_Downloaded
2020-01-04,00Z,gdas1.fnl.0p25.2020010400.f00.grib2,0.0,Already_Downloaded
2020-01-04,06Z,gdas1.fnl.0p25.2020010406.f00.grib2,0.0,Already_Downloaded
2020-01-04,12Z,gdas1.fnl.0p25.2020010412.f00.grib2,0.0,Already_Downloaded
2020-01-04,18Z,gdas1.fnl.0p25.2020010418.f00.grib2,0.0,Already_Downloaded
2020-01-05,00Z,gdas1.fnl.0p25.2020010500.f00.grib2,0.0,Already_Downloaded
2020-01-05,06Z,gdas1.fnl.0p25.2020010506.f00.grib2,0.0,Already_Downloaded
2020-01-05,12Z,gdas1.fnl.0p25.2020010512.f00.grib2,0.0,Already_Downloaded
2020-01-05,18Z,gdas1.fnl.0p25.2020010518.f00.grib2,0.0,Already_Downloaded
2020-01-06,00Z,gdas1.fnl.0p25.2020010600.f00.grib2,0.0,Already_Downloaded
2020-01-06,06Z,gdas1.fnl.0p25.2020010606.f00.grib2,0.0,Already_Downloaded
2020-01-06,12Z,gdas1.fnl.0p25.2020010612.f00.grib2,0.0,Already_Downloaded
2020-01-06,18Z,gdas1.fnl.0p25.2020010618.f00.grib2,0.0,Already_Downloaded
2020-01-07,00Z,gdas1.fnl.0p25.2020010700.f00.grib2,0.0,Already_Downloaded
2020-01-07,06Z,gdas1.fnl.0p25.2020010706.f00.grib2,0.0,Already_Downloaded
2020-01-07,12Z,gdas1.fnl.0p25.2020010712.f00.grib2,0.0,Already_Downloaded
2020-01-07,18Z,gdas1.fnl.0p25.2020010718.f00.grib2,0.0,Already_Downloaded
2020-01-08,00Z,gdas1.fnl.0p25.2020010800.f00.grib2,0.0,Already_Downloaded
2020-01-08,06Z,gdas1.fnl.0p25.2020010806.f00.grib2,0.0,Already_Downloaded
2020-01-08,12Z,gdas1.fnl.0p25.2020010812.f00.grib2,0.0,Already_Downloaded
2020-01-08,18Z,gdas1.fnl.0p25.2020010818.f00.grib2,0.0,Already_Downloaded
2020-01-09,00Z,gdas1.fnl.0p25.2020010900.f00.grib2,0.0,Already_Downloaded
2020-01-09,06Z,gdas1.fnl.0p25.2020010906.f00.grib2,0.0,Already_Downloaded
2020-01-09,12Z,gdas1.fnl.0p25.2020010912.f00.grib2,0.0,Already_Downloaded
2020-01-09,18Z,gdas1.fnl.0p25.2020010918.f00.grib2,0.0,Already_Downloaded
2020-01-10,00Z,gdas1.fnl.0p25.2020011000.f00.grib2,0.0,Already_Downloaded
2020-01-10,06Z,gdas1.fnl.0p25.2020011006.f00.grib2,0.0,Already_Downloaded
2020-01-10,12Z,gdas1.fnl.0p25.2020011012.f00.grib2,0.0,Already_Downloaded
2020-01-10,18Z,gdas1.fnl.0p25.2020011018.f00.grib2,0.0,Already_Downloaded
2020-01-11,00Z,gdas1.fnl.0p25.2020011100.f00.grib2,0.0,Already_Downloaded
2020-01-11,06Z,gdas1.fnl.0p25.2020011106.f00.grib2,0.0,Already_Downloaded
2020-01-11,12Z,gdas1.fnl.0p25.2020011112.f00.grib2,0.0,Already_Downloaded
2020-01-11,18Z,gdas1.fnl.0p25.2020011118.f00.grib2,0.0,Already_Downloaded
2020-01-12,00Z,gdas1.fnl.0p25.2020011200.f00.grib2,0.0,Already_Downloaded
2020-01-12,06Z,gdas1.fnl.0p25.2020011206.f00.grib2,0.0,Already_Downloaded
2020-01-12,12Z,gdas1.fnl.0p25.2020011212.f00.grib2,0.0,Already_Downloaded
2020-01-12,18Z,gdas1.fnl.0p25.2020011218.f00.grib2,0.0,Already_Downloaded
2020-01-13,00Z,gdas1.fnl.0p25.2020011300.f00.grib2,0.0,Already_Downloaded
2020-01-13,06Z,gdas1.fnl.0p25.2020011306.f00.grib2,0.0,Already_Downloaded
2020-01-13,12Z,gdas1.fnl.0p25.2020011312.f00.grib2,0.0,Already_Downloaded
2020-01-13,18Z,gdas1.fnl.0p25.2020011318.f00.grib2,0.0,Already_Downloaded
2020-01-14,00Z,gdas1.fnl.0p25.2020011400.f00.grib2,0.0,Already_Downloaded
2020-01-14,06Z,gdas1.fnl.0p25.2020011406.f00.grib2,0.0,Already_Downloaded
2020-01-14,12Z,gdas1.fnl.0p25.2020011412.f00.grib2,0.0,Already_Downloaded
2020-01-14,18Z,gdas1.fnl.0p25.2020011418.f00.grib2,0.0,Already_Downloaded
2020-01-15,00Z,gdas1.fnl.0p25.2020011500.f00.grib2,0.0,Already_Downloaded
2020-01-15,06Z,gdas1.fnl.0p25.2020011506.f00.grib2,0.0,Already_Downloaded
2020-01-15,12Z,gdas1.fnl.0p25.2020011512.f00.grib2,0.0,Already_Downloaded
2020-01-15,18Z,gdas1.fnl.0p25.2020011518.f00.grib2,0.0,Already_Downloaded
2020-01-16,00Z,gdas1.fnl.0p25.2020011600.f00.grib2,0.0,Already_Downloaded
2020-01-16,06Z,gdas1.fnl.0p25.2020011606.f00.grib2,0.0,Already_Downloaded
2020-01-16,12Z,gdas1.fnl.0p25.2020011612.f00.grib2,0.0,Already_Downloaded
2020-01-16,18Z,gdas1.fnl.0p25.2020011618.f00.grib2,0.0,Already_Downloaded
2020-01-17,00Z,gdas1.fnl.0p25.2020011700.f00.grib2,0.0,Already_Downloaded
2020-01-17,06Z,gdas1.fnl.0p25.2020011706.f00.grib2,0.0,Already_Downloaded
2020-01-17,12Z,gdas1.fnl.0p25.2020011712.f00.grib2,0.0,Already_Downloaded
2020-01-17,18Z,gdas1.fnl.0p25.2020011718.f00.grib2,0.0,Already_Downloaded
2020-01-18,00Z,gdas1.fnl.0p25.2020011800.f00.grib2,0.0,Already_Downloaded
2020-01-18,06Z,gdas1.fnl.0p25.2020011806.f00.grib2,0.0,Already_Downloaded
2020-01-18,12Z,gdas1.fnl.0p25.2020011812.f00.grib2,0.0,Already_Downloaded
2020-01-18,18Z,gdas1.fnl.0p25.2020011818.f00.grib2,0.0,Already_Downloaded
2020-01-19,00Z,gdas1.fnl.0p25.2020011900.f00.grib2,0.0,Already_Downloaded
2020-01-19,06Z,gdas1.fnl.0p25.2020011906.f00.grib2,0.0,Already_Downloaded
2020-01-19,12Z,gdas1.fnl.0p25.2020011912.f00.grib2,0.0,Already_Downloaded
2020-01-19,18Z,gdas1.fnl.0p25.2020011918.f00.grib2,0.0,Already_Downloaded
2020-01-20,00Z,gdas1.fnl.0p25.2020012000.f00.grib2,0.0,Already_Downloaded
2020-01-20,06Z,gdas1.fnl.0p25.2020012006.f00.grib2,0.0,Already_Downloaded
2020-01-20,12Z,gdas1.fnl.0p25.2020012012.f00.grib2,0.0,Already_Downloaded
2020-01-20,18Z,gdas1.fnl.0p25.2020012018.f00.grib2,0.0,Already_Downloaded
2020-01-21,00Z,gdas1.fnl.0p25.2020012100.f00.grib2,0.0,Already_Downloaded
2020-01-21,06Z,gdas1.fnl.0p25.2020012106.f00.grib2,0.0,Already_Downloaded
2020-01-21,12Z,gdas1.fnl.0p25.2020012112.f00.grib2,0.0,Already_Downloaded
2020-01-21,18Z,gdas1.fnl.0p25.2020012118.f00.grib2,0.0,Already_Downloaded
2020-01-22,00Z,gdas1.fnl.0p25.2020012200.f00.grib2,0.0,Already_Downloaded
2020-01-22,06Z,gdas1.fnl.0p25.2020012206.f00.grib2,0.0,Already_Downloaded
2020-01-22,12Z,gdas1.fnl.0p25.2020012212.f00.grib2,0.0,Already_Downloaded
2020-01-22,18Z,gdas1.fnl.0p25.2020012218.f00.grib2,0.0,Already_Downloaded
2020-01-23,00Z,gdas1.fnl.0p25.2020012300.f00.grib2,0.0,Already_Downloaded
2020-01-23,06Z,gdas1.fnl.0p25.2020012306.f00.grib2,0.0,Already_Downloaded
2020-01-23,12Z,gdas1.fnl.0p25.2020012312.f00.grib2,0.0,Already_Downloaded
2020-01-23,18Z,gdas1.fnl.0p25.2020012318.f00.grib2,0.0,Already_Downloaded
2020-01-24,00Z,gdas1.fnl.0p25.2020012400.f00.grib2,0.0,Already_Downloaded
2020-01-24,06Z,gdas1.fnl.0p25.2020012406.f00.grib2,0.0,Already_Downloaded
2020-01-24,12Z,gdas1.fnl.0p25.2020012412.f00.grib2,0.0,Already_Downloaded
2020-01-24,18Z,gdas1.fnl.0p25.2020012418.f00.grib2,0.0,Already_Downloaded
2020-01-25,00Z,gdas1.fnl.0p25.2020012500.f00.grib2,0.0,Already_Downloaded
2020-01-25,06Z,gdas1.fnl.0p25.2020012506.f00.grib2,0.0,Already_Downloaded
2020-01-25,12Z,gdas1.fnl.0p25.2020012512.f00.grib2,0.0,Already_Downloaded
2020-01-25,18Z,gdas1.fnl.0p25.2020012518.f00.grib2,0.0,Already_Downloaded
2020-01-26,00Z,gdas1.fnl.0p25.2020012600.f00.grib2,0.0,Already_Downloaded
2020-01-26,06Z,gdas1.fnl.0p25.2020012606.f00.grib2,0.0,Already_Downloaded
2020-01-26,12Z,gdas1.fnl.0p25.2020012612.f00.grib2,0.0,Already_Downloaded
2020-01-26,18Z,gdas1.fnl.0p25.2020012618.f00.grib2,0.0,Already_Downloaded
2020-01-27,00Z,gdas1.fnl.0p25.2020012700.f00.grib2,0.0,Already_Downloaded
2020-01-27,06Z,gdas1.fnl.0p25.2020012706.f00.grib2,0.0,Already_Downloaded
2020-01-27,12Z,gdas1.fnl.0p25.2020012712.f00.grib2,0.0,Already_Downloaded
2020-01-27,18Z,gdas1.fnl.0p25.2020012718.f00.grib2,0.0,Already_Downloaded
2020-01-28,00Z,gdas1.fnl.0p25.2020012800.f00.grib2,0.0,Already_Downloaded
2020-01-28,06Z,gdas1.fnl.0p25.2020012806.f00.grib2,0.0,Already_Downloaded
2020-01-28,12Z,gdas1.fnl.0p25.2020012812.f00.grib2,0.0,Already_Downloaded
2020-01-28,18Z,gdas1.fnl.0p25.2020012818.f00.grib2,0.0,Already_Downloaded
2020-01-29,00Z,gdas1.fnl.0p25.2020012900.f00.grib2,0.0,Already_Downloaded
2020-01-29,06Z,gdas1.fnl.0p25.2020012906.f00.grib2,0.0,Already_Downloaded
2020-01-29,12Z,gdas1.fnl.0p25.2020012912.f00.grib2,0.0,Already_Downloaded
2020-01-29,18Z,gdas1.fnl.0p25.2020012918.f00.grib2,0.0,Already_Downloaded
2020-01-30,00Z,gdas1.fnl.0p25.2020013000.f00.grib2,0.0,Already_Downloaded
2020-01-30,06Z,gdas1.fnl.0p25.2020013006.f00.grib2,0.0,Already_Downloaded
2020-01-30,12Z,gdas1.fnl.0p25.2020013012.f00.grib2,0.0,Already_Downloaded
2020-01-30,18Z,gdas1.fnl.0p25.2020013018.f00.grib2,0.0,Already_Downloaded
2020-01-31,00Z,gdas1.fnl.0p25.2020013100.f00.grib2,0.0,Already_Downloaded
2020-01-31,06Z,gdas1.fnl.0p25.2020013106.f00.grib2,0.0,Already_Downloaded
2020-01-31,12Z,gdas1.fnl.0p25.2020013112.f00.grib2,0.0,Already_Downloaded
2020-01-31,18Z,gdas1.fnl.0p25.2020013118.f00.grib2,0.0,Already_Downloaded
2020-02-01,00Z,gdas1.fnl.0p25.2020020100.f00.grib2,0.0,Already_Downloaded
2020-02-01,06Z,gdas1.fnl.0p25.2020020106.f00.grib2,0.0,Already_Downloaded
2020-02-01,12Z,gdas1.fnl.0p25.2020020112.f00.grib2,0.0,Already_Downloaded
2020-02-01,18Z,gdas1.fnl.0p25.2020020118.f00.grib2,0.0,Already_Downloaded
2020-02-02,00Z,gdas1.fnl.0p25.2020020200.f00.grib2,0.0,Already_Downloaded
2020-02-02,06Z,gdas1.fnl.0p25.2020020206.f00.grib2,0.0,Already_Downloaded
2020-02-02,12Z,gdas1.fnl.0p25.2020020212.f00.grib2,0.0,Already_Downloaded
2020-02-02,18Z,gdas1.fnl.0p25.2020020218.f00.grib2,0.0,Already_Downloaded
2020-02-03,00Z,gdas1.fnl.0p25.2020020300.f00.grib2,0.0,Already_Downloaded
2020-02-03,06Z,gdas1.fnl.0p25.2020020306.f00.grib2,0.0,Already_Downloaded
2020-02-03,12Z,gdas1.fnl.0p25.2020020312.f00.grib2,0.0,Already_Downloaded
2020-02-03,18Z,gdas1.fnl.0p25.2020020318.f00.grib2,0.0,Already_Downloaded
2020-02-04,00Z,gdas1.fnl.0p25.2020020400.f00.grib2,0.0,Already_Downloaded
2020-02-04,06Z,gdas1.fnl.0p25.2020020406.f00.grib2,0.0,Already_Downloaded
2020-02-04,12Z,gdas1.fnl.0p25.2020020412.f00.grib2,0.0,Already_Downloaded
2020-02-04,18Z,gdas1.fnl.0p25.2020020418.f00.grib2,0.0,Already_Downloaded
2020-02-05,00Z,gdas1.fnl.0p25.2020020500.f00.grib2,0.0,Already_Downloaded
2020-02-05,06Z,gdas1.fnl.0p25.2020020506.f00.grib2,0.0,Already_Downloaded
2020-02-05,12Z,gdas1.fnl.0p25.2020020512.f00.grib2,0.0,Already_Downloaded
2020-02-05,18Z,gdas1.fnl.0p25.2020020518.f00.grib2,0.0,Already_Downloaded
2020-02-06,00Z,gdas1.fnl.0p25.2020020600.f00.grib2,0.0,Already_Downloaded
2020-02-06,06Z,gdas1.fnl.0p25.2020020606.f00.grib2,0.0,Already_Downloaded
2020-02-06,12Z,gdas1.fnl.0p25.2020020612.f00.grib2,0.0,Already_Downloaded
2020-02-06,18Z,gdas1.fnl.0p25.2020020618.f00.grib2,0.0,Already_Downloaded
2020-02-07,00Z,gdas1.fnl.0p25.2020020700.f00.grib2,0.0,Already_Downloaded
2020-02-07,06Z,gdas1.fnl.0p25.2020020706.f00.grib2,0.0,Already_Downloaded
2020-02-07,12Z,gdas1.fnl.0p25.2020020712.f00.grib2,0.0,Already_Downloaded
2020-02-07,18Z,gdas1.fnl.0p25.2020020718.f00.grib2,0.0,Already_Downloaded
2020-02-08,00Z,gdas1.fnl.0p25.2020020800.f00.grib2,0.0,Already_Downloaded
2020-02-08,06Z,gdas1.fnl.0p25.2020020806.f00.grib2,0.0,Already_Downloaded
2020-02-08,12Z,gdas1.fnl.0p25.2020020812.f00.grib2,0.0,Already_Downloaded
2020-02-08,18Z,gdas1.fnl.0p25.2020020818.f00.grib2,0.0,Already_Downloaded
2020-02-09,00Z,gdas1.fnl.0p25.2020020900.f00.grib2,0.0,Already_Downloaded
2020-02-09,06Z,gdas1.fnl.0p25.2020020906.f00.grib2,0.0,Already_Downloaded
2020-02-09,12Z,gdas1.fnl.0p25.2020020912.f00.grib2,0.0,Already_Downloaded
2020-02-09,18Z,gdas1.fnl.0p25.2020020918.f00.grib2,0.0,Already_Downloaded
2020-02-10,00Z,gdas1.fnl.0p25.2020021000.f00.grib2,0.0,Already_Downloaded
2020-02-10,06Z,gdas1.fnl.0p25.2020021006.f00.grib2,0.0,Already_Downloaded
2020-02-10,12Z,gdas1.fnl.0p25.2020021012.f00.grib2,0.0,Already_Downloaded
2020-02-10,18Z,gdas1.fnl.0p25.2020021018.f00.grib2,0.0,Already_Downloaded
2020-02-11,00Z,gdas1.fnl.0p25.2020021100.f00.grib2,0.0,Already_Downloaded
2020-02-11,06Z,gdas1.fnl.0p25.2020021106.f00.grib2,0.0,Already_Downloaded
2020-02-11,12Z,gdas1.fnl.0p25.2020021112.f00.grib2,0.0,Already_Downloaded
2020-02-11,18Z,gdas1.fnl.0p25.2020021118.f00.grib2,0.0,Already_Downloaded
2020-02-12,00Z,gdas1.fnl.0p25.2020021200.f00.grib2,0.0,Already_Downloaded
2020-02-12,06Z,gdas1.fnl.0p25.2020021206.f00.grib2,0.0,Already_Downloaded
2020-02-12,12Z,gdas1.fnl.0p25.2020021212.f00.grib2,0.0,Already_Downloaded
2020-02-12,18Z,gdas1.fnl.0p25.2020021218.f00.grib2,0.0,Already_Downloaded
2020-02-13,00Z,gdas1.fnl.0p25.2020021300.f00.grib2,0.0,Already_Downloaded
2020-02-13,06Z,gdas1.fnl.0p25.2020021306.f00.grib2,0.0,Already_Downloaded
2020-02-13,12Z,gdas1.fnl.0p25.2020021312.f00.grib2,0.0,Already_Downloaded
2020-02-13,18Z,gdas1.fnl.0p25.2020021318.f00.grib2,0.0,Already_Downloaded
2020-02-14,00Z,gdas1.fnl.0p25.2020021400.f00.grib2,0.0,Already_Downloaded
2020-02-14,06Z,gdas1.fnl.0p25.2020021406.f00.grib2,0.0,Already_Downloaded
2020-02-14,12Z,gdas1.fnl.0p25.2020021412.f00.grib2,0.0,Already_Downloaded
2020-02-14,18Z,gdas1.fnl.0p25.2020021418.f00.grib2,0.0,Already_Downloaded
2020-02-15,00Z,gdas1.fnl.0p25.2020021500.f00.grib2,0.0,Already_Downloaded
2020-02-15,06Z,gdas1.fnl.0p25.2020021506.f00.grib2,0.0,Already_Downloaded
2020-02-15,12Z,gdas1.fnl.0p25.2020021512.f00.grib2,0.0,Already_Downloaded
2020-02-15,18Z,gdas1.fnl.0p25.2020021518.f00.grib2,0.0,Already_Downloaded
2020-02-16,00Z,gdas1.fnl.0p25.2020021600.f00.grib2,0.0,Already_Downloaded
2020-02-16,06Z,gdas1.fnl.0p25.2020021606.f00.grib2,0.0,Already_Downloaded
2020-02-16,12Z,gdas1.fnl.0p25.2020021612.f00.grib2,0.0,Already_Downloaded
2020-02-16,18Z,gdas1.fnl.0p25.2020021618.f00.grib2,0.0,Already_Downloaded
2020-02-17,00Z,gdas1.fnl.0p25.2020021700.f00.grib2,0.0,Already_Downloaded
2020-02-17,06Z,gdas1.fnl.0p25.2020021706.f00.grib2,0.0,Already_Downloaded
2020-02-17,12Z,gdas1.fnl.0p25.2020021712.f00.grib2,0.0,Already_Downloaded
2020-02-17,18Z,gdas1.fnl.0p25.2020021718.f00.grib2,0.0,Already_Downloaded
2020-02-18,00Z,gdas1.fnl.0p25.2020021800.f00.grib2,0.0,Already_Downloaded
2020-02-18,06Z,gdas1.fnl.0p25.2020021806.f00.grib2,0.0,Already_Downloaded
2020-02-18,12Z,gdas1.fnl.0p25.2020021812.f00.grib2,0.0,Already_Downloaded
2020-02-18,18Z,gdas1.fnl.0p25.2020021818.f00.grib2,0.0,Already_Downloaded
2020-02-19,00Z,gdas1.fnl.0p25.2020021900.f00.grib2,0.0,Already_Downloaded
2020-02-19,06Z,gdas1.fnl.0p25.2020021906.f00.grib2,0.0,Already_Downloaded
2020-02-19,12Z,gdas1.fnl.0p25.2020021912.f00.grib2,0.0,Already_Downloaded
2020-02-19,18Z,gdas1.fnl.0p25.2020021918.f00.grib2,0.0,Already_Downloaded
2020-02-20,00Z,gdas1.fnl.0p25.2020022000.f00.grib2,0.0,Already_Downloaded
2020-02-20,06Z,gdas1.fnl.0p25.2020022006.f00.grib2,0.0,Already_Downloaded
2020-02-20,12Z,gdas1.fnl.0p25.2020022012.f00.grib2,0.0,Already_Downloaded
2020-02-20,18Z,gdas1.fnl.0p25.2020022018.f00.grib2,0.0,Already_Downloaded
2020-02-21,00Z,gdas1.fnl.0p25.2020022100.f00.grib2,0.0,Already_Downloaded
2020-02-21,06Z,gdas1.fnl.0p25.2020022106.f00.grib2,0.0,Already_Downloaded
2020-02-21,12Z,gdas1.fnl.0p25.2020022112.f00.grib2,0.0,Already_Downloaded
2020-02-21,18Z,gdas1.fnl.0p25.2020022118.f00.grib2,0.0,Already_Downloaded
2020-02-22,00Z,gdas1.fnl.0p25.2020022200.f00.grib2,0.0,Already_Downloaded
2020-02-22,06Z,gdas1.fnl.0p25.2020022206.f00.grib2,0.0,Already_Downloaded
2020-02-22,12Z,gdas1.fnl.0p25.2020022212.f00.grib2,0.0,Already_Downloaded
2020-02-22,18Z,gdas1.fnl.0p25.2020022218.f00.grib2,0.0,Already_Downloaded
2020-02-23,00Z,gdas1.fnl.0p25.2020022300.f00.grib2,0.0,Already_Downloaded
2020-02-23,06Z,gdas1.fnl.0p25.2020022306.f00.grib2,0.0,Already_Downloaded
2020-02-23,12Z,gdas1.fnl.0p25.2020022312.f00.grib2,0.0,Already_Downloaded
2020-02-23,18Z,gdas1.fnl.0p25.2020022318.f00.grib2,0.0,Already_Downloaded
2020-02-24,00Z,gdas1.fnl.0p25.2020022400.f00.grib2,0.0,Already_Downloaded
2020-02-24,06Z,gdas1.fnl.0p25.2020022406.f00.grib2,0.0,Already_Downloaded
2020-02-24,12Z,gdas1.fnl.0p25.2020022412.f00.grib2,0.0,Already_Downloaded
2020-02-24,18Z,gdas1.fnl.0p25.2020022418.f00.grib2,0.0,Already_Downloaded
2020-02-25,00Z,gdas1.fnl.0p25.2020022500.f00.grib2,0.0,Already_Downloaded
2020-02-25,06Z,gdas1.fnl.0p25.2020022506.f00.grib2,0.0,Already_Downloaded
2020-02-25,12Z,gdas1.fnl.0p25.2020022512.f00.grib2,0.0,Already_Downloaded
2020-02-25,18Z,gdas1.fnl.0p25.2020022518.f00.grib2,0.0,Already_Downloaded
2020-02-26,00Z,gdas1.fnl.0p25.2020022600.f00.grib2,0.0,Already_Downloaded
2020-02-26,06Z,gdas1.fnl.0p25.2020022606.f00.grib2,0.0,Already_Downloaded
2020-02-26,12Z,gdas1.fnl.0p25.2020022612.f00.grib2,0.0,Already_Downloaded
2020-02-26,18Z,gdas1.fnl.0p25.2020022618.f00.grib2,0.0,Already_Downloaded
2020-02-27,00Z,gdas1.fnl.0p25.2020022700.f00.grib2,0.0,Already_Downloaded
2020-02-27,06Z,gdas1.fnl.0p25.2020022706.f00.grib2,0.0,Already_Downloaded
2020-02-27,12Z,gdas1.fnl.0p25.2020022712.f00.grib2,0.0,Already_Downloaded
2020-02-27,18Z,gdas1.fnl.0p25.2020022718.f00.grib2,0.0,Already_Downloaded
2020-02-28,00Z,gdas1.fnl.0p25.2020022800.f00.grib2,0.0,Already_Downloaded
2020-02-28,06Z,gdas1.fnl.0p25.2020022806.f00.grib2,0.0,Already_Downloaded
2020-02-28,12Z,gdas1.fnl.0p25.2020022812.f00.grib2,0.0,Already_Downloaded
2020-02-28,18Z,gdas1.fnl.0p25.2020022818.f00.grib2,0.0,Already_Downloaded
2020-02-29,00Z,gdas1.fnl.0p25.2020022900.f00.grib2,0.0,Already_Downloaded
2020-02-29,06Z,gdas1.fnl.0p25.2020022906.f00.grib2,0.0,Already_Downloaded
2020-02-29,12Z,gdas1.fnl.0p25.2020022912.f00.grib2,0.0,Already_Downloaded
2020-02-29,18Z,gdas1.fnl.0p25.2020022918.f00.grib2,0.0,Already_Downloaded
2020-03-01,00Z,gdas1.fnl.0p25.2020030100.f00.grib2,0.0,Already_Downloaded
2020-03-01,06Z,gdas1.fnl.0p25.2020030106.f00.grib2,0.0,Already_Downloaded
2020-03-01,12Z,gdas1.fnl.0p25.2020030112.f00.grib2,0.0,Already_Downloaded
2020-03-01,18Z,gdas1.fnl.0p25.2020030118.f00.grib2,0.0,Already_Downloaded
2020-03-02,00Z,gdas1.fnl.0p25.2020030200.f00.grib2,0.0,Already_Downloaded
2020-03-02,06Z,gdas1.fnl.0p25.2020030206.f00.grib2,0.0,Already_Downloaded
2020-03-02,12Z,gdas1.fnl.0p25.2020030212.f00.grib2,0.0,Already_Downloaded
2020-03-02,18Z,gdas1.fnl.0p25.2020030218.f00.grib2,0.0,Already_Downloaded
2020-03-03,00Z,gdas1.fnl.0p25.2020030300.f00.grib2,0.0,Already_Downloaded
2020-03-03,06Z,gdas1.fnl.0p25.2020030306.f00.grib2,0.0,Already_Downloaded
2020-03-03,12Z,gdas1.fnl.0p25.2020030312.f00.grib2,0.0,Already_Downloaded
2020-03-03,18Z,gdas1.fnl.0p25.2020030318.f00.grib2,0.0,Already_Downloaded
2020-03-04,00Z,gdas1.fnl.0p25.2020030400.f00.grib2,0.0,Already_Downloaded
2020-03-04,06Z,gdas1.fnl.0p25.2020030406.f00.grib2,0.0,Already_Downloaded
2020-03-04,12Z,gdas1.fnl.0p25.2020030412.f00.grib2,0.0,Already_Downloaded
2020-03-04,18Z,gdas1.fnl.0p25.2020030418.f00.grib2,0.0,Already_Downloaded
2020-03-05,00Z,gdas1.fnl.0p25.2020030500.f00.grib2,0.0,Already_Downloaded
2020-03-05,06Z,gdas1.fnl.0p25.2020030506.f00.grib2,0.0,Already_Downloaded
2020-03-05,12Z,gdas1.fnl.0p25.2020030512.f00.grib2,0.0,Already_Downloaded
2020-03-05,18Z,gdas1.fnl.0p25.2020030518.f00.grib2,0.0,Already_Downloaded
2020-03-06,00Z,gdas1.fnl.0p25.2020030600.f00.grib2,0.0,Already_Downloaded
2020-03-06,06Z,gdas1.fnl.0p25.2020030606.f00.grib2,0.0,Already_Downloaded
2020-03-06,12Z,gdas1.fnl.0p25.2020030612.f00.grib2,0.0,Already_Downloaded
2020-03-06,18Z,gdas1.fnl.0p25.2020030618.f00.grib2,0.0,Already_Downloaded
2020-03-07,00Z,gdas1.fnl.0p25.2020030700.f00.grib2,0.0,Already_Downloaded
2020-03-07,06Z,gdas1.fnl.0p25.2020030706.f00.grib2,0.0,Already_Downloaded
2020-03-07,12Z,gdas1.fnl.0p25.2020030712.f00.grib2,0.0,Already_Downloaded
2020-03-07,18Z,gdas1.fnl.0p25.2020030718.f00.grib2,0.0,Already_Downloaded
2020-03-08,00Z,gdas1.fnl.0p25.2020030800.f00.grib2,0.0,Already_Downloaded
2020-03-08,06Z,gdas1.fnl.0p25.2020030806.f00.grib2,0.0,Already_Downloaded
2020-03-08,12Z,gdas1.fnl.0p25.2020030812.f00.grib2,0.0,Already_Downloaded
2020-03-08,18Z,gdas1.fnl.0p25.2020030818.f00.grib2,0.0,Already_Downloaded
2020-03-09,00Z,gdas1.fnl.0p25.2020030900.f00.grib2,0.0,Already_Downloaded
2020-03-09,06Z,gdas1.fnl.0p25.2020030906.f00.grib2,0.0,Already_Downloaded
2020-03-09,12Z,gdas1.fnl.0p25.2020030912.f00.grib2,0.0,Already_Downloaded
2020-03-09,18Z,gdas1.fnl.0p25.2020030918.f00.grib2,0.0,Already_Downloaded
2020-03-10,00Z,gdas1.fnl.0p25.2020031000.f00.grib2,0.0,Already_Downloaded
2020-03-10,06Z,gdas1.fnl.0p25.2020031006.f00.grib2,0.0,Already_Downloaded
2020-03-10,12Z,gdas1.fnl.0p25.2020031012.f00.grib2,0.0,Already_Downloaded
2020-03-10,18Z,gdas1.fnl.0p25.2020031018.f00.grib2,0.0,Already_Downloaded
2020-03-11,00Z,gdas1.fnl.0p25.2020031100.f00.grib2,0.0,Already_Downloaded
2020-03-11,06Z,gdas1.fnl.0p25.2020031106.f00.grib2,0.0,Already_Downloaded
2020-03-11,12Z,gdas1.fnl.0p25.2020031112.f00.grib2,0.0,Already_Downloaded
2020-03-11,18Z,gdas1.fnl.0p25.2020031118.f00.grib2,0.0,Already_Downloaded
2020-03-12,00Z,gdas1.fnl.0p25.2020031200.f00.grib2,0.0,Already_Downloaded
2020-03-12,06Z,gdas1.fnl.0p25.2020031206.f00.grib2,0.0,Already_Downloaded
2020-03-12,12Z,gdas1.fnl.0p25.2020031212.f00.grib2,0.0,Already_Downloaded
2020-03-12,18Z,gdas1.fnl.0p25.2020031218.f00.grib2,0.0,Already_Downloaded
2020-03-13,00Z,gdas1.fnl.0p25.2020031300.f00.grib2,0.0,Already_Downloaded
2020-03-13,06Z,gdas1.fnl.0p25.2020031306.f00.grib2,0.0,Already_Downloaded
2020-03-13,12Z,gdas1.fnl.0p25.2020031312.f00.grib2,0.0,Already_Downloaded
2020-03-13,18Z,gdas1.fnl.0p25.2020031318.f00.grib2,0.0,Already_Downloaded
2020-03-14,00Z,gdas1.fnl.0p25.2020031400.f00.grib2,0.0,Already_Downloaded
2020-03-14,06Z,gdas1.fnl.0p25.2020031406.f00.grib2,0.0,Already_Downloaded
2020-03-14,12Z,gdas1.fnl.0p25.2020031412.f00.grib2,0.0,Already_Downloaded
2020-03-14,18Z,gdas1.fnl.0p25.2020031418.f00.grib2,0.0,Already_Downloaded
2020-03-15,00Z,gdas1.fnl.0p25.2020031500.f00.grib2,0.0,Already_Downloaded
2020-03-15,06Z,gdas1.fnl.0p25.2020031506.f00.grib2,0.0,Already_Downloaded
2020-03-15,12Z,gdas1.fnl.0p25.2020031512.f00.grib2,0.0,Already_Downloaded
2020-03-15,18Z,gdas1.fnl.0p25.2020031518.f00.grib2,0.0,Already_Downloaded
2020-03-16,00Z,gdas1.fnl.0p25.2020031600.f00.grib2,0.0,Already_Downloaded
2020-03-16,06Z,gdas1.fnl.0p25.2020031606.f00.grib2,0.0,Already_Downloaded
2020-03-16,12Z,gdas1.fnl.0p25.2020031612.f00.grib2,0.0,Already_Downloaded
2020-03-16,18Z,gdas1.fnl.0p25.2020031618.f00.grib2,0.0,Already_Downloaded
2020-03-17,00Z,gdas1.fnl.0p25.2020031700.f00.grib2,0.0,Already_Downloaded
2020-03-17,06Z,gdas1.fnl.0p25.2020031706.f00.grib2,0.0,Already_Downloaded
2020-03-17,12Z,gdas1.fnl.0p25.2020031712.f00.grib2,0.0,Already_Downloaded
2020-03-17,18Z,gdas1.fnl.0p25.2020031718.f00.grib2,0.0,Already_Downloaded
2020-03-18,00Z,gdas1.fnl.0p25.2020031800.f00.grib2,0.0,Already_Downloaded
2020-03-18,06Z,gdas1.fnl.0p25.2020031806.f00.grib2,0.0,Already_Downloaded
2020-03-18,12Z,gdas1.fnl.0p25.2020031812.f00.grib2,0.0,Already_Downloaded
2020-03-18,18Z,gdas1.fnl.0p25.2020031818.f00.grib2,0.0,Already_Downloaded
2020-03-19,00Z,gdas1.fnl.0p25.2020031900.f00.grib2,0.0,Already_Downloaded
2020-03-19,06Z,gdas1.fnl.0p25.2020031906.f00.grib2,0.0,Already_Downloaded
2020-03-19,12Z,gdas1.fnl.0p25.2020031912.f00.grib2,0.0,Already_Downloaded
2020-03-19,18Z,gdas1.fnl.0p25.2020031918.f00.grib2,0.0,Already_Downloaded
2020-03-20,00Z,gdas1.fnl.0p25.2020032000.f00.grib2,0.0,Already_Downloaded
2020-03-20,06Z,gdas1.fnl.0p25.2020032006.f00.grib2,0.0,Already_Downloaded
2020-03-20,12Z,gdas1.fnl.0p25.2020032012.f00.grib2,0.0,Already_Downloaded
2020-03-20,18Z,gdas1.fnl.0p25.2020032018.f00.grib2,0.0,Already_Downloaded
2020-03-21,00Z,gdas1.fnl.0p25.2020032100.f00.grib2,0.0,Already_Downloaded
2020-03-21,06Z,gdas1.fnl.0p25.2020032106.f00.grib2,0.0,Already_Downloaded
2020-03-21,12Z,gdas1.fnl.0p25.2020032112.f00.grib2,0.0,Already_Downloaded
2020-03-21,18Z,gdas1.fnl.0p25.2020032118.f00.grib2,0.0,Already_Downloaded
2020-03-22,00Z,gdas1.fnl.0p25.2020032200.f00.grib2,0.0,Already_Downloaded
2020-03-22,06Z,gdas1.fnl.0p25.2020032206.f00.grib2,0.0,Already_Downloaded
2020-03-22,12Z,gdas1.fnl.0p25.2020032212.f00.grib2,0.0,Already_Downloaded
2020-03-22,18Z,gdas1.fnl.0p25.2020032218.f00.grib2,0.0,Already_Downloaded
2020-03-23,00Z,gdas1.fnl.0p25.2020032300.f00.grib2,0.0,Already_Downloaded
2020-03-23,06Z,gdas1.fnl.0p25.2020032306.f00.grib2,0.0,Already_Downloaded
2020-03-23,12Z,gdas1.fnl.0p25.2020032312.f00.grib2,0.0,Already_Downloaded
2020-03-23,18Z,gdas1.fnl.0p25.2020032318.f00.grib2,0.0,Already_Downloaded
2020-03-24,00Z,gdas1.fnl.0p25.2020032400.f00.grib2,0.0,Already_Downloaded
2020-03-24,06Z,gdas1.fnl.0p25.2020032406.f00.grib2,0.0,Already_Downloaded
2020-03-24,12Z,gdas1.fnl.0p25.2020032412.f00.grib2,0.0,Already_Downloaded
2020-03-24,18Z,gdas1.fnl.0p25.2020032418.f00.grib2,0.0,Already_Downloaded
2020-03-25,00Z,gdas1.fnl.0p25.2020032500.f00.grib2,0.0,Already_Downloaded
2020-03-25,06Z,gdas1.fnl.0p25.2020032506.f00.grib2,0.0,Already_Downloaded
2020-03-25,12Z,gdas1.fnl.0p25.2020032512.f00.grib2,0.0,Already_Downloaded
2020-03-25,18Z,gdas1.fnl.0p25.2020032518.f00.grib2,0.0,Already_Downloaded
2020-03-26,00Z,gdas1.fnl.0p25.2020032600.f00.grib2,0.0,Already_Downloaded
2020-03-26,06Z,gdas1.fnl.0p25.2020032606.f00.grib2,0.0,Already_Downloaded
2020-03-26,12Z,gdas1.fnl.0p25.2020032612.f00.grib2,0.0,Already_Downloaded
2020-03-26,18Z,gdas1.fnl.0p25.2020032618.f00.grib2,0.0,Already_Downloaded
2020-03-27,00Z,gdas1.fnl.0p25.2020032700.f00.grib2,0.0,Already_Downloaded
2020-03-27,06Z,gdas1.fnl.0p25.2020032706.f00.grib2,0.0,Already_Downloaded
2020-03-27,12Z,gdas1.fnl.0p25.2020032712.f00.grib2,0.0,Already_Downloaded
2020-03-27,18Z,gdas1.fnl.0p25.2020032718.f00.grib2,0.0,Already_Downloaded
2020-03-28,00Z,gdas1.fnl.0p25.2020032800.f00.grib2,0.0,Already_Downloaded
2020-03-28,06Z,gdas1.fnl.0p25.2020032806.f00.grib2,0.0,Already_Downloaded
2020-03-28,12Z,gdas1.fnl.0p25.2020032812.f00.grib2,0.0,Already_Downloaded
2020-03-28,18Z,gdas1.fnl.0p25.2020032818.f00.grib2,0.0,Already_Downloaded
2020-03-29,00Z,gdas1.fnl.0p25.2020032900.f00.grib2,0.0,Already_Downloaded
2020-03-29,06Z,gdas1.fnl.0p25.2020032906.f00.grib2,0.0,Already_Downloaded
2020-03-29,12Z,gdas1.fnl.0p25.2020032912.f00.grib2,0.0,Already_Downloaded
2020-03-29,18Z,gdas1.fnl.0p25.2020032918.f00.grib2,0.0,Already_Downloaded
2020-03-30,00Z,gdas1.fnl.0p25.2020033000.f00.grib2,0.0,Already_Downloaded
2020-03-30,06Z,gdas1.fnl.0p25.2020033006.f00.grib2,0.0,Already_Downloaded
2020-03-30,12Z,gdas1.fnl.0p25.2020033012.f00.grib2,0.0,Already_Downloaded
2020-03-30,18Z,gdas1.fnl.0p25.2020033018.f00.grib2,0.0,Already_Downloaded
2020-03-31,00Z,gdas1.fnl.0p25.2020033100.f00.grib2,0.0,Already_Downloaded
2020-03-31,06Z,gdas1.fnl.0p25.2020033106.f00.grib2,0.0,Already_Downloaded
2020-03-31,12Z,gdas1.fnl.0p25.2020033112.f00.grib2,0.0,Already_Downloaded
2020-03-31,18Z,gdas1.fnl.0p25.2020033118.f00.grib2,0.0,Already_Downloaded
2020-04-01,00Z,gdas1.fnl.0p25.2020040100.f00.grib2,0.0,Already_Downloaded
2020-04-01,06Z,gdas1.fnl.0p25.2020040106.f00.grib2,0.0,Already_Downloaded
2020-04-01,12Z,gdas1.fnl.0p25.2020040112.f00.grib2,0.0,Already_Downloaded
2020-04-01,18Z,gdas1.fnl.0p25.2020040118.f00.grib2,0.0,Already_Downloaded
2020-04-02,00Z,gdas1.fnl.0p25.2020040200.f00.grib2,0.0,Already_Downloaded
2020-04-02,06Z,gdas1.fnl.0p25.2020040206.f00.grib2,0.0,Already_Downloaded
2020-04-02,12Z,gdas1.fnl.0p25.2020040212.f00.grib2,0.0,Already_Downloaded
2020-04-02,18Z,gdas1.fnl.0p25.2020040218.f00.grib2,0.0,Already_Downloaded
2020-04-03,00Z,gdas1.fnl.0p25.2020040300.f00.grib2,0.0,Already_Downloaded
2020-04-03,06Z,gdas1.fnl.0p25.2020040306.f00.grib2,0.0,Already_Downloaded
2020-04-03,12Z,gdas1.fnl.0p25.2020040312.f00.grib2,0.0,Already_Downloaded
2020-04-03,18Z,gdas1.fnl.0p25.2020040318.f00.grib2,0.0,Already_Downloaded
2020-04-04,00Z,gdas1.fnl.0p25.2020040400.f00.grib2,0.0,Already_Downloaded
2020-04-04,06Z,gdas1.fnl.0p25.2020040406.f00.grib2,0.0,Already_Downloaded
2020-04-04,12Z,gdas1.fnl.0p25.2020040412.f00.grib2,0.0,Already_Downloaded
2020-04-04,18Z,gdas1.fnl.0p25.2020040418.f00.grib2,0.0,Already_Downloaded
2020-04-05,00Z,gdas1.fnl.0p25.2020040500.f00.grib2,0.0,Already_Downloaded
2020-04-05,06Z,gdas1.fnl.0p25.2020040506.f00.grib2,0.0,Already_Downloaded
2020-04-05,12Z,gdas1.fnl.0p25.2020040512.f00.grib2,0.0,Already_Downloaded
2020-04-05,18Z,gdas1.fnl.0p25.2020040518.f00.grib2,0.0,Already_Downloaded
2020-04-06,00Z,gdas1.fnl.0p25.2020040600.f00.grib2,0.0,Already_Downloaded
2020-04-06,06Z,gdas1.fnl.0p25.2020040606.f00.grib2,0.0,Already_Downloaded
2020-04-06,12Z,gdas1.fnl.0p25.2020040612.f00.grib2,0.0,Already_Downloaded
2020-04-06,18Z,gdas1.fnl.0p25.2020040618.f00.grib2,0.0,Already_Downloaded
2020-04-07,00Z,gdas1.fnl.0p25.2020040700.f00.grib2,0.0,Already_Downloaded
2020-04-07,06Z,gdas1.fnl.0p25.2020040706.f00.grib2,0.0,Already_Downloaded
2020-04-07,12Z,gdas1.fnl.0p25.2020040712.f00.grib2,0.0,Already_Downloaded
2020-04-07,18Z,gdas1.fnl.0p25.2020040718.f00.grib2,0.0,Already_Downloaded
2020-04-08,00Z,gdas1.fnl.0p25.2020040800.f00.grib2,0.0,Already_Downloaded
2020-04-08,06Z,gdas1.fnl.0p25.2020040806.f00.grib2,0.0,Already_Downloaded
2020-04-08,12Z,gdas1.fnl.0p25.2020040812.f00.grib2,0.0,Already_Downloaded
2020-04-08,18Z,gdas1.fnl.0p25.2020040818.f00.grib2,0.0,Already_Downloaded
2020-04-09,00Z,gdas1.fnl.0p25.2020040900.f00.grib2,0.0,Already_Downloaded
2020-04-09,06Z,gdas1.fnl.0p25.2020040906.f00.grib2,0.0,Already_Downloaded
2020-04-09,12Z,gdas1.fnl.0p25.2020040912.f00.grib2,0.0,Already_Downloaded
2020-04-09,18Z,gdas1.fnl.0p25.2020040918.f00.grib2,0.0,Already_Downloaded
2020-04-10,00Z,gdas1.fnl.0p25.2020041000.f00.grib2,0.0,Already_Downloaded
2020-04-10,06Z,gdas1.fnl.0p25.2020041006.f00.grib2,0.0,Already_Downloaded
2020-04-10,12Z,gdas1.fnl.0p25.2020041012.f00.grib2,0.0,Already_Downloaded
2020-04-10,18Z,gdas1.fnl.0p25.2020041018.f00.grib2,0.0,Already_Downloaded
2020-04-11,00Z,gdas1.fnl.0p25.2020041100.f00.grib2,0.0,Already_Downloaded
2020-04-11,06Z,gdas1.fnl.0p25.2020041106.f00.grib2,0.0,Already_Downloaded
2020-04-11,12Z,gdas1.fnl.0p25.2020041112.f00.grib2,0.0,Already_Downloaded
2020-04-11,18Z,gdas1.fnl.0p25.2020041118.f00.grib2,0.0,Already_Downloaded
2020-04-12,00Z,gdas1.fnl.0p25.2020041200.f00.grib2,0.0,Already_Downloaded
2020-04-12,06Z,gdas1.fnl.0p25.2020041206.f00.grib2,0.0,Already_Downloaded
2020-04-12,12Z,gdas1.fnl.0p25.2020041212.f00.grib2,0.0,Already_Downloaded
2020-04-12,18Z,gdas1.fnl.0p25.2020041218.f00.grib2,0.0,Already_Downloaded
2020-04-13,00Z,gdas1.fnl.0p25.2020041300.f00.grib2,0.0,Already_Downloaded
2020-04-13,06Z,gdas1.fnl.0p25.2020041306.f00.grib2,0.0,Already_Downloaded
2020-04-13,12Z,gdas1.fnl.0p25.2020041312.f00.grib2,0.0,Already_Downloaded
2020-04-13,18Z,gdas1.fnl.0p25.2020041318.f00.grib2,0.0,Already_Downloaded
2020-04-14,00Z,gdas1.fnl.0p25.2020041400.f00.grib2,0.0,Already_Downloaded
2020-04-14,06Z,gdas1.fnl.0p25.2020041406.f00.grib2,0.0,Already_Downloaded
2020-04-14,12Z,gdas1.fnl.0p25.2020041412.f00.grib2,0.0,Already_Downloaded
2020-04-14,18Z,gdas1.fnl.0p25.2020041418.f00.grib2,0.0,Already_Downloaded
2020-04-15,00Z,gdas1.fnl.0p25.2020041500.f00.grib2,0.0,Already_Downloaded
2020-04-15,06Z,gdas1.fnl.0p25.2020041506.f00.grib2,0.0,Already_Downloaded
2020-04-15,12Z,gdas1.fnl.0p25.2020041512.f00.grib2,0.0,Already_Downloaded
2020-04-15,18Z,gdas1.fnl.0p25.2020041518.f00.grib2,0.0,Already_Downloaded
2020-04-16,00Z,gdas1.fnl.0p25.2020041600.f00.grib2,0.0,Already_Downloaded
2020-04-16,06Z,gdas1.fnl.0p25.2020041606.f00.grib2,0.0,Already_Downloaded
2020-04-16,12Z,gdas1.fnl.0p25.2020041612.f00.grib2,0.0,Already_Downloaded
2020-04-16,18Z,gdas1.fnl.0p25.2020041618.f00.grib2,0.0,Already_Downloaded
2020-04-17,00Z,gdas1.fnl.0p25.2020041700.f00.grib2,0.0,Already_Downloaded
2020-04-17,06Z,gdas1.fnl.0p25.2020041706.f00.grib2,0.0,Already_Downloaded
2020-04-17,12Z,gdas1.fnl.0p25.2020041712.f00.grib2,0.0,Already_Downloaded
2020-04-17,18Z,gdas1.fnl.0p25.2020041718.f00.grib2,0.0,Already_Downloaded
2020-04-18,00Z,gdas1.fnl.0p25.2020041800.f00.grib2,0.0,Already_Downloaded
2020-04-18,06Z,gdas1.fnl.0p25.2020041806.f00.grib2,0.0,Already_Downloaded
2020-04-18,12Z,gdas1.fnl.0p25.2020041812.f00.grib2,0.0,Already_Downloaded
2020-04-18,18Z,gdas1.fnl.0p25.2020041818.f00.grib2,0.0,Already_Downloaded
2020-04-19,00Z,gdas1.fnl.0p25.2020041900.f00.grib2,0.0,Already_Downloaded
2020-04-19,06Z,gdas1.fnl.0p25.2020041906.f00.grib2,0.0,Already_Downloaded
2020-04-19,12Z,gdas1.fnl.0p25.2020041912.f00.grib2,0.0,Already_Downloaded
2020-04-19,18Z,gdas1.fnl.0p25.2020041918.f00.grib2,0.0,Already_Downloaded
2020-04-20,00Z,gdas1.fnl.0p25.2020042000.f00.grib2,0.0,Already_Downloaded
2020-04-20,06Z,gdas1.fnl.0p25.2020042006.f00.grib2,0.0,Already_Downloaded
2020-04-20,12Z,gdas1.fnl.0p25.2020042012.f00.grib2,0.0,Already_Downloaded
2020-04-20,18Z,gdas1.fnl.0p25.2020042018.f00.grib2,0.0,Already_Downloaded
2020-04-21,00Z,gdas1.fnl.0p25.2020042100.f00.grib2,0.0,Already_Downloaded
2020-04-21,06Z,gdas1.fnl.0p25.2020042106.f00.grib2,0.0,Already_Downloaded
2020-04-21,12Z,gdas1.fnl.0p25.2020042112.f00.grib2,0.0,Already_Downloaded
2020-04-21,18Z,gdas1.fnl.0p25.2020042118.f00.grib2,0.0,Already_Downloaded
2020-04-22,00Z,gdas1.fnl.0p25.2020042200.f00.grib2,0.0,Already_Downloaded
2020-04-22,06Z,gdas1.fnl.0p25.2020042206.f00.grib2,0.0,Already_Downloaded
2020-04-22,12Z,gdas1.fnl.0p25.2020042212.f00.grib2,0.0,Already_Downloaded
2020-04-22,18Z,gdas1.fnl.0p25.2020042218.f00.grib2,0.0,Already_Downloaded
2020-04-23,00Z,gdas1.fnl.0p25.2020042300.f00.grib2,0.0,Already_Downloaded
2020-04-23,06Z,gdas1.fnl.0p25.2020042306.f00.grib2,0.0,Already_Downloaded
2020-04-23,12Z,gdas1.fnl.0p25.2020042312.f00.grib2,0.0,Already_Downloaded
2020-04-23,18Z,gdas1.fnl.0p25.2020042318.f00.grib2,0.0,Already_Downloaded
2020-04-24,00Z,gdas1.fnl.0p25.2020042400.f00.grib2,0.0,Already_Downloaded
2020-04-24,06Z,gdas1.fnl.0p25.2020042406.f00.grib2,0.0,Already_Downloaded
2020-04-24,12Z,gdas1.fnl.0p25.2020042412.f00.grib2,0.0,Already_Downloaded
2020-04-24,18Z,gdas1.fnl.0p25.2020042418.f00.grib2,0.0,Already_Downloaded
2020-04-25,00Z,gdas1.fnl.0p25.2020042500.f00.grib2,0.0,Already_Downloaded
2020-04-25,06Z,gdas1.fnl.0p25.2020042506.f00.grib2,0.0,Already_Downloaded
2020-04-25,12Z,gdas1.fnl.0p25.2020042512.f00.grib2,0.0,Already_Downloaded
2020-04-25,18Z,gdas1.fnl.0p25.2020042518.f00.grib2,0.0,Already_Downloaded
2020-04-26,00Z,gdas1.fnl.0p25.2020042600.f00.grib2,0.0,Already_Downloaded
2020-04-26,06Z,gdas1.fnl.0p25.2020042606.f00.grib2,0.0,Already_Downloaded
2020-04-26,12Z,gdas1.fnl.0p25.2020042612.f00.grib2,0.0,Already_Downloaded
2020-04-26,18Z,gdas1.fnl.0p25.2020042618.f00.grib2,0.0,Already_Downloaded
2020-04-27,00Z,gdas1.fnl.0p25.2020042700.f00.grib2,0.0,Already_Downloaded
2020-04-27,06Z,gdas1.fnl.0p25.2020042706.f00.grib2,0.0,Already_Downloaded
2020-04-27,12Z,gdas1.fnl.0p25.2020042712.f00.grib2,0.0,Already_Downloaded
2020-04-27,18Z,gdas1.fnl.0p25.2020042718.f00.grib2,0.0,Already_Downloaded
2020-04-28,00Z,gdas1.fnl.0p25.2020042800.f00.grib2,0.0,Already_Downloaded
2020-04-28,06Z,gdas1.fnl.0p25.2020042806.f00.grib2,0.0,Already_Downloaded
2020-04-28,12Z,gdas1.fnl.0p25.2020042812.f00.grib2,0.0,Already_Downloaded
2020-04-28,18Z,gdas1.fnl.0p25.2020042818.f00.grib2,0.0,Already_Downloaded
2020-04-29,00Z,gdas1.fnl.0p25.2020042900.f00.grib2,0.0,Already_Downloaded
2020-04-29,06Z,gdas1.fnl.0p25.2020042906.f00.grib2,0.0,Already_Downloaded
2020-04-29,12Z,gdas1.fnl.0p25.2020042912.f00.grib2,0.0,Already_Downloaded
2020-04-29,18Z,gdas1.fnl.0p25.2020042918.f00.grib2,0.0,Already_Downloaded
2020-04-30,00Z,gdas1.fnl.0p25.2020043000.f00.grib2,0.0,Already_Downloaded
2020-04-30,06Z,gdas1.fnl.0p25.2020043006.f00.grib2,0.0,Already_Downloaded
2020-04-30,12Z,gdas1.fnl.0p25.2020043012.f00.grib2,0.0,Already_Downloaded
2020-04-30,18Z,gdas1.fnl.0p25.2020043018.f00.grib2,0.0,Already_Downloaded
2020-05-01,00Z,gdas1.fnl.0p25.2020050100.f00.grib2,0.0,Already_Downloaded
2020-05-01,06Z,gdas1.fnl.0p25.2020050106.f00.grib2,0.0,Already_Downloaded
2020-05-01,12Z,gdas1.fnl.0p25.2020050112.f00.grib2,0.0,Already_Downloaded
2020-05-01,18Z,gdas1.fnl.0p25.2020050118.f00.grib2,0.0,Already_Downloaded
2020-05-02,00Z,gdas1.fnl.0p25.2020050200.f00.grib2,0.0,Already_Downloaded
2020-05-02,06Z,gdas1.fnl.0p25.2020050206.f00.grib2,0.0,Already_Downloaded
2020-05-02,12Z,gdas1.fnl.0p25.2020050212.f00.grib2,0.0,Already_Downloaded
2020-05-02,18Z,gdas1.fnl.0p25.2020050218.f00.grib2,0.0,Already_Downloaded
2020-05-03,00Z,gdas1.fnl.0p25.2020050300.f00.grib2,0.0,Already_Downloaded
2020-05-03,06Z,gdas1.fnl.0p25.2020050306.f00.grib2,0.0,Already_Downloaded
2020-05-03,12Z,gdas1.fnl.0p25.2020050312.f00.grib2,0.0,Already_Downloaded
2020-05-03,18Z,gdas1.fnl.0p25.2020050318.f00.grib2,0.0,Already_Downloaded
2020-05-04,00Z,gdas1.fnl.0p25.2020050400.f00.grib2,0.0,Already_Downloaded
2020-05-04,06Z,gdas1.fnl.0p25.2020050406.f00.grib2,0.0,Already_Downloaded
2020-05-04,12Z,gdas1.fnl.0p25.2020050412.f00.grib2,0.0,Already_Downloaded
2020-05-04,18Z,gdas1.fnl.0p25.2020050418.f00.grib2,0.0,Already_Downloaded
2020-05-05,00Z,gdas1.fnl.0p25.2020050500.f00.grib2,0.0,Already_Downloaded
2020-05-05,06Z,gdas1.fnl.0p25.2020050506.f00.grib2,0.0,Already_Downloaded
2020-05-05,12Z,gdas1.fnl.0p25.2020050512.f00.grib2,0.0,Already_Downloaded
2020-05-05,18Z,gdas1.fnl.0p25.2020050518.f00.grib2,0.0,Already_Downloaded
2020-05-06,00Z,gdas1.fnl.0p25.2020050600.f00.grib2,0.0,Already_Downloaded
2020-05-06,06Z,gdas1.fnl.0p25.2020050606.f00.grib2,0.0,Already_Downloaded
2020-05-06,12Z,gdas1.fnl.0p25.2020050612.f00.grib2,0.0,Already_Downloaded
2020-05-06,18Z,gdas1.fnl.0p25.2020050618.f00.grib2,0.0,Already_Downloaded
2020-05-07,00Z,gdas1.fnl.0p25.2020050700.f00.grib2,0.0,Already_Downloaded
2020-05-07,06Z,gdas1.fnl.0p25.2020050706.f00.grib2,0.0,Already_Downloaded
2020-05-07,12Z,gdas1.fnl.0p25.2020050712.f00.grib2,0.0,Already_Downloaded
2020-05-07,18Z,gdas1.fnl.0p25.2020050718.f00.grib2,0.0,Already_Downloaded
2020-05-08,00Z,gdas1.fnl.0p25.2020050800.f00.grib2,0.0,Already_Downloaded
2020-05-08,06Z,gdas1.fnl.0p25.2020050806.f00.grib2,0.0,Already_Downloaded
2020-05-08,12Z,gdas1.fnl.0p25.2020050812.f00.grib2,0.0,Already_Downloaded
2020-05-08,18Z,gdas1.fnl.0p25.2020050818.f00.grib2,0.0,Already_Downloaded
2020-05-09,00Z,gdas1.fnl.0p25.2020050900.f00.grib2,0.0,Already_Downloaded
2020-05-09,06Z,gdas1.fnl.0p25.2020050906.f00.grib2,0.0,Already_Downloaded
2020-05-09,12Z,gdas1.fnl.0p25.2020050912.f00.grib2,0.0,Already_Downloaded
2020-05-09,18Z,gdas1.fnl.0p25.2020050918.f00.grib2,0.0,Already_Downloaded
2020-05-10,00Z,gdas1.fnl.0p25.2020051000.f00.grib2,0.0,Already_Downloaded
2020-05-10,06Z,gdas1.fnl.0p25.2020051006.f00.grib2,0.0,Already_Downloaded
2020-05-10,12Z,gdas1.fnl.0p25.2020051012.f00.grib2,0.0,Already_Downloaded
2020-05-10,18Z,gdas1.fnl.0p25.2020051018.f00.grib2,0.0,Already_Downloaded
2020-05-11,00Z,gdas1.fnl.0p25.2020051100.f00.grib2,0.0,Already_Downloaded
2020-05-11,06Z,gdas1.fnl.0p25.2020051106.f00.grib2,0.0,Already_Downloaded
2020-05-11,12Z,gdas1.fnl.0p25.2020051112.f00.grib2,0.0,Already_Downloaded
2020-05-11,18Z,gdas1.fnl.0p25.2020051118.f00.grib2,0.0,Already_Downloaded
2020-05-12,00Z,gdas1.fnl.0p25.2020051200.f00.grib2,0.0,Already_Downloaded
2020-05-12,06Z,gdas1.fnl.0p25.2020051206.f00.grib2,0.0,Already_Downloaded
2020-05-12,12Z,gdas1.fnl.0p25.2020051212.f00.grib2,0.0,Already_Downloaded
2020-05-12,18Z,gdas1.fnl.0p25.2020051218.f00.grib2,0.0,Already_Downloaded
2020-05-13,00Z,gdas1.fnl.0p25.2020051300.f00.grib2,0.0,Already_Downloaded
2020-05-13,06Z,gdas1.fnl.0p25.2020051306.f00.grib2,0.0,Already_Downloaded
2020-05-13,12Z,gdas1.fnl.0p25.2020051312.f00.grib2,0.0,Already_Downloaded
2020-05-13,18Z,gdas1.fnl.0p25.2020051318.f00.grib2,0.0,Already_Downloaded
2020-05-14,00Z,gdas1.fnl.0p25.2020051400.f00.grib2,0.0,Already_Downloaded
2020-05-14,06Z,gdas1.fnl.0p25.2020051406.f00.grib2,0.0,Already_Downloaded
2020-05-14,12Z,gdas1.fnl.0p25.2020051412.f00.grib2,0.0,Already_Downloaded
2020-05-14,18Z,gdas1.fnl.0p25.2020051418.f00.grib2,0.0,Already_Downloaded
2020-05-15,00Z,gdas1.fnl.0p25.2020051500.f00.grib2,0.0,Already_Downloaded
2020-05-15,06Z,gdas1.fnl.0p25.2020051506.f00.grib2,0.0,Already_Downloaded
2020-05-15,12Z,gdas1.fnl.0p25.2020051512.f00.grib2,0.0,Already_Downloaded
2020-05-15,18Z,gdas1.fnl.0p25.2020051518.f00.grib2,0.0,Already_Downloaded
2020-05-16,00Z,gdas1.fnl.0p25.2020051600.f00.grib2,0.0,Already_Downloaded
2020-05-16,06Z,gdas1.fnl.0p25.2020051606.f00.grib2,0.0,Already_Downloaded
2020-05-16,12Z,gdas1.fnl.0p25.2020051612.f00.grib2,0.0,Already_Downloaded
2020-05-16,18Z,gdas1.fnl.0p25.2020051618.f00.grib2,0.0,Already_Downloaded
2020-05-17,00Z,gdas1.fnl.0p25.2020051700.f00.grib2,0.0,Already_Downloaded
2020-05-17,06Z,gdas1.fnl.0p25.2020051706.f00.grib2,0.0,Already_Downloaded
2020-05-17,12Z,gdas1.fnl.0p25.2020051712.f00.grib2,0.0,Already_Downloaded
2020-05-17,18Z,gdas1.fnl.0p25.2020051718.f00.grib2,0.0,Already_Downloaded
2020-05-18,00Z,gdas1.fnl.0p25.2020051800.f00.grib2,0.0,Already_Downloaded
2020-05-18,06Z,gdas1.fnl.0p25.2020051806.f00.grib2,0.0,Already_Downloaded
2020-05-18,12Z,gdas1.fnl.0p25.2020051812.f00.grib2,0.0,Already_Downloaded
2020-05-18,18Z,gdas1.fnl.0p25.2020051818.f00.grib2,0.0,Already_Downloaded
2020-05-19,00Z,gdas1.fnl.0p25.2020051900.f00.grib2,0.0,Already_Downloaded
2020-05-19,06Z,gdas1.fnl.0p25.2020051906.f00.grib2,0.0,Already_Downloaded
2020-05-19,12Z,gdas1.fnl.0p25.2020051912.f00.grib2,0.0,Already_Downloaded
2020-05-19,18Z,gdas1.fnl.0p25.2020051918.f00.grib2,0.0,Already_Downloaded
2020-05-20,00Z,gdas1.fnl.0p25.2020052000.f00.grib2,0.0,Already_Downloaded
2020-05-20,06Z,gdas1.fnl.0p25.2020052006.f00.grib2,0.0,Already_Downloaded
2020-05-20,12Z,gdas1.fnl.0p25.2020052012.f00.grib2,0.0,Already_Downloaded
2020-05-20,18Z,gdas1.fnl.0p25.2020052018.f00.grib2,0.0,Already_Downloaded
2020-05-21,00Z,gdas1.fnl.0p25.2020052100.f00.grib2,0.0,Already_Downloaded
2020-05-21,06Z,gdas1.fnl.0p25.2020052106.f00.grib2,0.0,Already_Downloaded
2020-05-21,12Z,gdas1.fnl.0p25.2020052112.f00.grib2,0.0,Already_Downloaded
2020-05-21,18Z,gdas1.fnl.0p25.2020052118.f00.grib2,0.0,Already_Downloaded
2020-05-22,00Z,gdas1.fnl.0p25.2020052200.f00.grib2,0.0,Already_Downloaded
2020-05-22,06Z,gdas1.fnl.0p25.2020052206.f00.grib2,0.0,Already_Downloaded
2020-05-22,12Z,gdas1.fnl.0p25.2020052212.f00.grib2,0.0,Already_Downloaded
2020-05-22,18Z,gdas1.fnl.0p25.2020052218.f00.grib2,0.0,Already_Downloaded
2020-05-23,00Z,gdas1.fnl.0p25.2020052300.f00.grib2,0.0,Already_Downloaded
2020-05-23,06Z,gdas1.fnl.0p25.2020052306.f00.grib2,0.0,Already_Downloaded
2020-05-23,12Z,gdas1.fnl.0p25.2020052312.f00.grib2,0.0,Already_Downloaded
2020-05-23,18Z,gdas1.fnl.0p25.2020052318.f00.grib2,0.0,Already_Downloaded
2020-05-24,00Z,gdas1.fnl.0p25.2020052400.f00.grib2,0.0,Already_Downloaded
2020-05-24,06Z,gdas1.fnl.0p25.2020052406.f00.grib2,0.0,Already_Downloaded
2020-05-24,12Z,gdas1.fnl.0p25.2020052412.f00.grib2,0.0,Already_Downloaded
2020-05-24,18Z,gdas1.fnl.0p25.2020052418.f00.grib2,0.0,Already_Downloaded
2020-05-25,00Z,gdas1.fnl.0p25.2020052500.f00.grib2,0.0,Already_Downloaded
2020-05-25,06Z,gdas1.fnl.0p25.2020052506.f00.grib2,0.0,Already_Downloaded
2020-05-25,12Z,gdas1.fnl.0p25.2020052512.f00.grib2,0.0,Already_Downloaded
2020-05-25,18Z,gdas1.fnl.0p25.2020052518.f00.grib2,0.0,Already_Downloaded
2020-05-26,00Z,gdas1.fnl.0p25.2020052600.f00.grib2,0.0,Already_Downloaded
2020-05-26,06Z,gdas1.fnl.0p25.2020052606.f00.grib2,0.0,Already_Downloaded
2020-05-26,12Z,gdas1.fnl.0p25.2020052612.f00.grib2,0.0,Already_Downloaded
2020-05-26,18Z,gdas1.fnl.0p25.2020052618.f00.grib2,0.0,Already_Downloaded
2020-05-27,00Z,gdas1.fnl.0p25.2020052700.f00.grib2,0.0,Already_Downloaded
2020-05-27,06Z,gdas1.fnl.0p25.2020052706.f00.grib2,0.0,Already_Downloaded
2020-05-27,12Z,gdas1.fnl.0p25.2020052712.f00.grib2,0.0,Already_Downloaded
2020-05-27,18Z,gdas1.fnl.0p25.2020052718.f00.grib2,0.0,Already_Downloaded
2020-05-28,00Z,gdas1.fnl.0p25.2020052800.f00.grib2,0.0,Already_Downloaded
2020-05-28,06Z,gdas1.fnl.0p25.2020052806.f00.grib2,0.0,Already_Downloaded
2020-05-28,12Z,gdas1.fnl.0p25.2020052812.f00.grib2,0.0,Already_Downloaded
2020-05-28,18Z,gdas1.fnl.0p25.2020052818.f00.grib2,0.0,Already_Downloaded
2020-05-29,00Z,gdas1.fnl.0p25.2020052900.f00.grib2,0.0,Already_Downloaded
2020-05-29,06Z,gdas1.fnl.0p25.2020052906.f00.grib2,0.0,Already_Downloaded
2020-05-29,12Z,gdas1.fnl.0p25.2020052912.f00.grib2,0.0,Already_Downloaded
2020-05-29,18Z,gdas1.fnl.0p25.2020052918.f00.grib2,0.0,Already_Downloaded
2020-05-30,00Z,gdas1.fnl.0p25.2020053000.f00.grib2,0.0,Already_Downloaded
2020-05-30,06Z,gdas1.fnl.0p25.2020053006.f00.grib2,0.0,Already_Downloaded
2020-05-30,12Z,gdas1.fnl.0p25.2020053012.f00.grib2,0.0,Already_Downloaded
2020-05-30,18Z,gdas1.fnl.0p25.2020053018.f00.grib2,0.0,Already_Downloaded
2020-05-31,00Z,gdas1.fnl.0p25.2020053100.f00.grib2,0.0,Already_Downloaded
2020-05-31,06Z,gdas1.fnl.0p25.2020053106.f00.grib2,0.0,Already_Downloaded
2020-05-31,12Z,gdas1.fnl.0p25.2020053112.f00.grib2,0.0,Already_Downloaded
2020-05-31,18Z,gdas1.fnl.0p25.2020053118.f00.grib2,0.0,Already_Downloaded
2020-06-01,00Z,gdas1.fnl.0p25.2020060100.f00.grib2,0.0,Already_Downloaded
2020-06-01,06Z,gdas1.fnl.0p25.2020060106.f00.grib2,0.0,Already_Downloaded
2020-06-01,12Z,gdas1.fnl.0p25.2020060112.f00.grib2,0.0,Already_Downloaded
2020-06-01,18Z,gdas1.fnl.0p25.2020060118.f00.grib2,0.0,Already_Downloaded
2020-06-02,00Z,gdas1.fnl.0p25.2020060200.f00.grib2,0.0,Already_Downloaded
2020-06-02,06Z,gdas1.fnl.0p25.2020060206.f00.grib2,0.0,Already_Downloaded
2020-06-02,12Z,gdas1.fnl.0p25.2020060212.f00.grib2,0.0,Already_Downloaded
2020-06-02,18Z,gdas1.fnl.0p25.2020060218.f00.grib2,0.0,Already_Downloaded
2020-06-03,00Z,gdas1.fnl.0p25.2020060300.f00.grib2,0.0,Already_Downloaded
2020-06-03,06Z,gdas1.fnl.0p25.2020060306.f00.grib2,0.0,Already_Downloaded
2020-06-03,12Z,gdas1.fnl.0p25.2020060312.f00.grib2,0.0,Already_Downloaded
2020-06-03,18Z,gdas1.fnl.0p25.2020060318.f00.grib2,0.0,Already_Downloaded
2020-06-04,00Z,gdas1.fnl.0p25.2020060400.f00.grib2,0.0,Already_Downloaded
2020-06-04,06Z,gdas1.fnl.0p25.2020060406.f00.grib2,0.0,Already_Downloaded
2020-06-04,12Z,gdas1.fnl.0p25.2020060412.f00.grib2,0.0,Already_Downloaded
2020-06-04,18Z,gdas1.fnl.0p25.2020060418.f00.grib2,0.0,Already_Downloaded
2020-06-05,00Z,gdas1.fnl.0p25.2020060500.f00.grib2,0.0,Already_Downloaded
2020-06-05,06Z,gdas1.fnl.0p25.2020060506.f00.grib2,0.0,Already_Downloaded
2020-06-05,12Z,gdas1.fnl.0p25.2020060512.f00.grib2,0.0,Already_Downloaded
2020-06-05,18Z,gdas1.fnl.0p25.2020060518.f00.grib2,0.0,Already_Downloaded
2020-06-06,00Z,gdas1.fnl.0p25.2020060600.f00.grib2,0.0,Already_Downloaded
2020-06-06,06Z,gdas1.fnl.0p25.2020060606.f00.grib2,0.0,Already_Downloaded
2020-06-06,12Z,gdas1.fnl.0p25.2020060612.f00.grib2,0.0,Already_Downloaded
2020-06-06,18Z,gdas1.fnl.0p25.2020060618.f00.grib2,0.0,Already_Downloaded
2020-06-07,00Z,gdas1.fnl.0p25.2020060700.f00.grib2,0.0,Already_Downloaded
2020-06-07,06Z,gdas1.fnl.0p25.2020060706.f00.grib2,0.0,Already_Downloaded
2020-06-07,12Z,gdas1.fnl.0p25.2020060712.f00.grib2,0.0,Already_Downloaded
2020-06-07,18Z,gdas1.fnl.0p25.2020060718.f00.grib2,0.0,Already_Downloaded
2020-06-08,00Z,gdas1.fnl.0p25.2020060800.f00.grib2,0.0,Already_Downloaded
2020-06-08,06Z,gdas1.fnl.0p25.2020060806.f00.grib2,0.0,Already_Downloaded
2020-06-08,12Z,gdas1.fnl.0p25.2020060812.f00.grib2,0.0,Already_Downloaded
2020-06-08,18Z,gdas1.fnl.0p25.2020060818.f00.grib2,0.0,Already_Downloaded
2020-06-09,00Z,gdas1.fnl.0p25.2020060900.f00.grib2,0.0,Already_Downloaded
2020-06-09,06Z,gdas1.fnl.0p25.2020060906.f00.grib2,0.0,Already_Downloaded
2020-06-09,12Z,gdas1.fnl.0p25.2020060912.f00.grib2,0.0,Already_Downloaded
2020-06-09,18Z,gdas1.fnl.0p25.2020060918.f00.grib2,0.0,Already_Downloaded
2020-06-10,00Z,gdas1.fnl.0p25.2020061000.f00.grib2,0.0,Already_Downloaded
2020-06-10,06Z,gdas1.fnl.0p25.2020061006.f00.grib2,0.0,Already_Downloaded
2020-06-10,12Z,gdas1.fnl.0p25.2020061012.f00.grib2,0.0,Already_Downloaded
2020-06-10,18Z,gdas1.fnl.0p25.2020061018.f00.grib2,0.0,Already_Downloaded
2020-06-11,00Z,gdas1.fnl.0p25.2020061100.f00.grib2,0.0,Already_Downloaded
2020-06-11,06Z,gdas1.fnl.0p25.2020061106.f00.grib2,0.0,Already_Downloaded
2020-06-11,12Z,gdas1.fnl.0p25.2020061112.f00.grib2,0.0,Already_Downloaded
2020-06-11,18Z,gdas1.fnl.0p25.2020061118.f00.grib2,0.0,Already_Downloaded
2020-06-12,00Z,gdas1.fnl.0p25.2020061200.f00.grib2,0.0,Already_Downloaded
2020-06-12,06Z,gdas1.fnl.0p25.2020061206.f00.grib2,0.0,Already_Downloaded
2020-06-12,12Z,gdas1.fnl.0p25.2020061212.f00.grib2,0.0,Already_Downloaded
2020-06-12,18Z,gdas1.fnl.0p25.2020061218.f00.grib2,0.0,Already_Downloaded
2020-06-13,00Z,gdas1.fnl.0p25.2020061300.f00.grib2,0.0,Already_Downloaded
2020-06-13,06Z,gdas1.fnl.0p25.2020061306.f00.grib2,0.0,Already_Downloaded
2020-06-13,12Z,gdas1.fnl.0p25.2020061312.f00.grib2,0.0,Already_Downloaded
2020-06-13,18Z,gdas1.fnl.0p25.2020061318.f00.grib2,0.0,Already_Downloaded
2020-06-14,00Z,gdas1.fnl.0p25.2020061400.f00.grib2,0.0,Already_Downloaded
2020-06-14,06Z,gdas1.fnl.0p25.2020061406.f00.grib2,0.0,Already_Downloaded
2020-06-14,12Z,gdas1.fnl.0p25.2020061412.f00.grib2,0.0,Already_Downloaded
2020-06-14,18Z,gdas1.fnl.0p25.2020061418.f00.grib2,0.0,Already_Downloaded
2020-06-15,00Z,gdas1.fnl.0p25.2020061500.f00.grib2,0.0,Already_Downloaded
2020-06-15,06Z,gdas1.fnl.0p25.2020061506.f00.grib2,0.0,Already_Downloaded
2020-06-15,12Z,gdas1.fnl.0p25.2020061512.f00.grib2,0.0,Already_Downloaded
2020-06-15,18Z,gdas1.fnl.0p25.2020061518.f00.grib2,0.0,Already_Downloaded
2020-06-16,00Z,gdas1.fnl.0p25.2020061600.f00.grib2,0.0,Already_Downloaded
2020-06-16,06Z,gdas1.fnl.0p25.2020061606.f00.grib2,0.0,Already_Downloaded
2020-06-16,12Z,gdas1.fnl.0p25.2020061612.f00.grib2,0.0,Already_Downloaded
2020-06-16,18Z,gdas1.fnl.0p25.2020061618.f00.grib2,0.0,Already_Downloaded
2020-06-17,00Z,gdas1.fnl.0p25.2020061700.f00.grib2,0.0,Already_Downloaded
2020-06-17,06Z,gdas1.fnl.0p25.2020061706.f00.grib2,0.0,Already_Downloaded
2020-06-17,12Z,gdas1.fnl.0p25.2020061712.f00.grib2,0.0,Already_Downloaded
2020-06-17,18Z,gdas1.fnl.0p25.2020061718.f00.grib2,0.0,Already_Downloaded
2020-06-18,00Z,gdas1.fnl.0p25.2020061800.f00.grib2,0.0,Already_Downloaded
2020-06-18,06Z,gdas1.fnl.0p25.2020061806.f00.grib2,0.0,Already_Downloaded
2020-06-18,12Z,gdas1.fnl.0p25.2020061812.f00.grib2,0.0,Already_Downloaded
2020-06-18,18Z,gdas1.fnl.0p25.2020061818.f00.grib2,0.0,Already_Downloaded
2020-06-19,00Z,gdas1.fnl.0p25.2020061900.f00.grib2,0.0,Already_Downloaded
2020-06-19,06Z,gdas1.fnl.0p25.2020061906.f00.grib2,0.0,Already_Downloaded
2020-06-19,12Z,gdas1.fnl.0p25.2020061912.f00.grib2,0.0,Already_Downloaded
2020-06-19,18Z,gdas1.fnl.0p25.2020061918.f00.grib2,0.0,Already_Downloaded
2020-06-20,00Z,gdas1.fnl.0p25.2020062000.f00.grib2,0.0,Already_Downloaded
2020-06-20,06Z,gdas1.fnl.0p25.2020062006.f00.grib2,0.0,Already_Downloaded
2020-06-20,12Z,gdas1.fnl.0p25.2020062012.f00.grib2,0.0,Already_Downloaded
2020-06-20,18Z,gdas1.fnl.0p25.2020062018.f00.grib2,0.0,Already_Downloaded
2020-06-21,00Z,gdas1.fnl.0p25.2020062100.f00.grib2,0.0,Already_Downloaded
2020-06-21,06Z,gdas1.fnl.0p25.2020062106.f00.grib2,0.0,Already_Downloaded
2020-06-21,12Z,gdas1.fnl.0p25.2020062112.f00.grib2,0.0,Already_Downloaded
2020-06-21,18Z,gdas1.fnl.0p25.2020062118.f00.grib2,0.0,Already_Downloaded
2020-06-22,00Z,gdas1.fnl.0p25.2020062200.f00.grib2,0.0,Already_Downloaded
2020-06-22,06Z,gdas1.fnl.0p25.2020062206.f00.grib2,0.0,Already_Downloaded
2020-06-22,12Z,gdas1.fnl.0p25.2020062212.f00.grib2,0.0,Already_Downloaded
2020-06-22,18Z,gdas1.fnl.0p25.2020062218.f00.grib2,0.0,Already_Downloaded
2020-06-23,00Z,gdas1.fnl.0p25.2020062300.f00.grib2,0.0,Already_Downloaded
2020-06-23,06Z,gdas1.fnl.0p25.2020062306.f00.grib2,0.0,Already_Downloaded
2020-06-23,12Z,gdas1.fnl.0p25.2020062312.f00.grib2,0.0,Already_Downloaded
2020-06-23,18Z,gdas1.fnl.0p25.2020062318.f00.grib2,0.0,Already_Downloaded
2020-06-24,00Z,gdas1.fnl.0p25.2020062400.f00.grib2,0.0,Already_Downloaded
2020-06-24,06Z,gdas1.fnl.0p25.2020062406.f00.grib2,0.0,Already_Downloaded
2020-06-24,12Z,gdas1.fnl.0p25.2020062412.f00.grib2,0.0,Already_Downloaded
2020-06-24,18Z,gdas1.fnl.0p25.2020062418.f00.grib2,0.0,Already_Downloaded
2020-06-25,00Z,gdas1.fnl.0p25.2020062500.f00.grib2,0.0,Already_Downloaded
2020-06-25,06Z,gdas1.fnl.0p25.2020062506.f00.grib2,0.0,Already_Downloaded
2020-06-25,12Z,gdas1.fnl.0p25.2020062512.f00.grib2,0.0,Already_Downloaded
2020-06-25,18Z,gdas1.fnl.0p25.2020062518.f00.grib2,0.0,Already_Downloaded
2020-06-26,00Z,gdas1.fnl.0p25.2020062600.f00.grib2,0.0,Already_Downloaded
2020-06-26,06Z,gdas1.fnl.0p25.2020062606.f00.grib2,0.0,Already_Downloaded
2020-06-26,12Z,gdas1.fnl.0p25.2020062612.f00.grib2,0.0,Already_Downloaded
2020-06-26,18Z,gdas1.fnl.0p25.2020062618.f00.grib2,0.0,Already_Downloaded
2020-06-27,00Z,gdas1.fnl.0p25.2020062700.f00.grib2,0.0,Already_Downloaded
2020-06-27,06Z,gdas1.fnl.0p25.2020062706.f00.grib2,0.0,Already_Downloaded
2020-06-27,12Z,gdas1.fnl.0p25.2020062712.f00.grib2,0.0,Already_Downloaded
2020-06-27,18Z,gdas1.fnl.0p25.2020062718.f00.grib2,0.0,Already_Downloaded
2020-06-28,00Z,gdas1.fnl.0p25.2020062800.f00.grib2,0.0,Already_Downloaded
2020-06-28,06Z,gdas1.fnl.0p25.2020062806.f00.grib2,0.0,Already_Downloaded
2020-06-28,12Z,gdas1.fnl.0p25.2020062812.f00.grib2,0.0,Already_Downloaded
2020-06-28,18Z,gdas1.fnl.0p25.2020062818.f00.grib2,0.0,Already_Downloaded
2020-06-29,00Z,gdas1.fnl.0p25.2020062900.f00.grib2,0.0,Already_Downloaded
2020-06-29,06Z,gdas1.fnl.0p25.2020062906.f00.grib2,0.0,Already_Downloaded
2020-06-29,12Z,gdas1.fnl.0p25.2020062912.f00.grib2,0.0,Already_Downloaded
2020-06-29,18Z,gdas1.fnl.0p25.2020062918.f00.grib2,0.0,Already_Downloaded
2020-06-30,00Z,gdas1.fnl.0p25.2020063000.f00.grib2,0.0,Already_Downloaded
2020-06-30,06Z,gdas1.fnl.0p25.2020063006.f00.grib2,0.0,Already_Downloaded
2020-06-30,12Z,gdas1.fnl.0p25.2020063012.f00.grib2,0.0,Already_Downloaded
2020-06-30,18Z,gdas1.fnl.0p25.2020063018.f00.grib2,0.0,Already_Downloaded
2020-07-01,00Z,gdas1.fnl.0p25.2020070100.f00.grib2,0.0,Already_Downloaded
2020-07-01,06Z,gdas1.fnl.0p25.2020070106.f00.grib2,0.0,Already_Downloaded
2020-07-01,12Z,gdas1.fnl.0p25.2020070112.f00.grib2,0.0,Already_Downloaded
2020-07-01,18Z,gdas1.fnl.0p25.2020070118.f00.grib2,0.0,Already_Downloaded
2020-07-02,00Z,gdas1.fnl.0p25.2020070200.f00.grib2,0.0,Already_Downloaded
2020-07-02,06Z,gdas1.fnl.0p25.2020070206.f00.grib2,0.0,Already_Downloaded
2020-07-02,12Z,gdas1.fnl.0p25.2020070212.f00.grib2,0.0,Already_Downloaded
2020-07-02,18Z,gdas1.fnl.0p25.2020070218.f00.grib2,0.0,Already_Downloaded
2020-07-03,00Z,gdas1.fnl.0p25.2020070300.f00.grib2,0.0,Already_Downloaded
2020-07-03,06Z,gdas1.fnl.0p25.2020070306.f00.grib2,0.0,Already_Downloaded
2020-07-03,12Z,gdas1.fnl.0p25.2020070312.f00.grib2,0.0,Already_Downloaded
2020-07-03,18Z,gdas1.fnl.0p25.2020070318.f00.grib2,0.0,Already_Downloaded
2020-07-04,00Z,gdas1.fnl.0p25.2020070400.f00.grib2,0.0,Already_Downloaded
2020-07-04,06Z,gdas1.fnl.0p25.2020070406.f00.grib2,0.0,Already_Downloaded
2020-07-04,12Z,gdas1.fnl.0p25.2020070412.f00.grib2,0.0,Already_Downloaded
2020-07-04,18Z,gdas1.fnl.0p25.2020070418.f00.grib2,0.0,Already_Downloaded
2020-07-05,00Z,gdas1.fnl.0p25.2020070500.f00.grib2,0.0,Already_Downloaded
2020-07-05,06Z,gdas1.fnl.0p25.2020070506.f00.grib2,0.0,Already_Downloaded
2020-07-05,12Z,gdas1.fnl.0p25.2020070512.f00.grib2,0.0,Already_Downloaded
2020-07-05,18Z,gdas1.fnl.0p25.2020070518.f00.grib2,0.0,Already_Downloaded
2020-07-06,00Z,gdas1.fnl.0p25.2020070600.f00.grib2,0.0,Already_Downloaded
2020-07-06,06Z,gdas1.fnl.0p25.2020070606.f00.grib2,0.0,Already_Downloaded
2020-07-06,12Z,gdas1.fnl.0p25.2020070612.f00.grib2,0.0,Already_Downloaded
2020-07-06,18Z,gdas1.fnl.0p25.2020070618.f00.grib2,0.0,Already_Downloaded
2020-07-07,00Z,gdas1.fnl.0p25.2020070700.f00.grib2,0.0,Already_Downloaded
2020-07-07,06Z,gdas1.fnl.0p25.2020070706.f00.grib2,0.0,Already_Downloaded
2020-07-07,12Z,gdas1.fnl.0p25.2020070712.f00.grib2,0.0,Already_Downloaded
2020-07-07,18Z,gdas1.fnl.0p25.2020070718.f00.grib2,0.0,Already_Downloaded
2020-07-08,00Z,gdas1.fnl.0p25.2020070800.f00.grib2,0.0,Already_Downloaded
2020-07-08,06Z,gdas1.fnl.0p25.2020070806.f00.grib2,0.0,Already_Downloaded
2020-07-08,12Z,gdas1.fnl.0p25.2020070812.f00.grib2,0.0,Already_Downloaded
2020-07-08,18Z,gdas1.fnl.0p25.2020070818.f00.grib2,0.0,Already_Downloaded
2020-07-09,00Z,gdas1.fnl.0p25.2020070900.f00.grib2,0.0,Already_Downloaded
2020-07-09,06Z,gdas1.fnl.0p25.2020070906.f00.grib2,0.0,Already_Downloaded
2020-07-09,12Z,gdas1.fnl.0p25.2020070912.f00.grib2,0.0,Already_Downloaded
2020-07-09,18Z,gdas1.fnl.0p25.2020070918.f00.grib2,0.0,Already_Downloaded
2020-07-10,00Z,gdas1.fnl.0p25.2020071000.f00.grib2,0.0,Already_Downloaded
2020-07-10,06Z,gdas1.fnl.0p25.2020071006.f00.grib2,0.0,Already_Downloaded
2020-07-10,12Z,gdas1.fnl.0p25.2020071012.f00.grib2,0.0,Already_Downloaded
2020-07-10,18Z,gdas1.fnl.0p25.2020071018.f00.grib2,0.0,Already_Downloaded
2020-07-11,00Z,gdas1.fnl.0p25.2020071100.f00.grib2,0.0,Already_Downloaded
2020-07-11,06Z,gdas1.fnl.0p25.2020071106.f00.grib2,0.0,Already_Downloaded
2020-07-11,12Z,gdas1.fnl.0p25.2020071112.f00.grib2,0.0,Already_Downloaded
2020-07-11,18Z,gdas1.fnl.0p25.2020071118.f00.grib2,0.0,Already_Downloaded
2020-07-12,00Z,gdas1.fnl.0p25.2020071200.f00.grib2,0.0,Already_Downloaded
2020-07-12,06Z,gdas1.fnl.0p25.2020071206.f00.grib2,0.0,Already_Downloaded
2020-07-12,12Z,gdas1.fnl.0p25.2020071212.f00.grib2,0.0,Already_Downloaded
2020-07-12,18Z,gdas1.fnl.0p25.2020071218.f00.grib2,0.0,Already_Downloaded
2020-07-13,00Z,gdas1.fnl.0p25.2020071300.f00.grib2,0.0,Already_Downloaded
2020-07-13,06Z,gdas1.fnl.0p25.2020071306.f00.grib2,0.0,Already_Downloaded
2020-07-13,12Z,gdas1.fnl.0p25.2020071312.f00.grib2,0.0,Already_Downloaded
2020-07-13,18Z,gdas1.fnl.0p25.2020071318.f00.grib2,0.0,Already_Downloaded
2020-07-14,00Z,gdas1.fnl.0p25.2020071400.f00.grib2,0.0,Already_Downloaded
2020-07-14,06Z,gdas1.fnl.0p25.2020071406.f00.grib2,0.0,Already_Downloaded
2020-07-14,12Z,gdas1.fnl.0p25.2020071412.f00.grib2,0.0,Already_Downloaded
2020-07-14,18Z,gdas1.fnl.0p25.2020071418.f00.grib2,0.0,Already_Downloaded
2020-07-15,00Z,gdas1.fnl.0p25.2020071500.f00.grib2,0.0,Already_Downloaded
2020-07-15,06Z,gdas1.fnl.0p25.2020071506.f00.grib2,0.0,Already_Downloaded
2020-07-15,12Z,gdas1.fnl.0p25.2020071512.f00.grib2,0.0,Already_Downloaded
2020-07-15,18Z,gdas1.fnl.0p25.2020071518.f00.grib2,0.0,Already_Downloaded
2020-07-16,00Z,gdas1.fnl.0p25.2020071600.f00.grib2,0.0,Already_Downloaded
2020-07-16,06Z,gdas1.fnl.0p25.2020071606.f00.grib2,0.0,Already_Downloaded
2020-07-16,12Z,gdas1.fnl.0p25.2020071612.f00.grib2,0.0,Already_Downloaded
2020-07-16,18Z,gdas1.fnl.0p25.2020071618.f00.grib2,0.0,Already_Downloaded
2020-07-17,00Z,gdas1.fnl.0p25.2020071700.f00.grib2,0.0,Already_Downloaded
2020-07-17,06Z,gdas1.fnl.0p25.2020071706.f00.grib2,0.0,Already_Downloaded
2020-07-17,12Z,gdas1.fnl.0p25.2020071712.f00.grib2,0.0,Already_Downloaded
2020-07-17,18Z,gdas1.fnl.0p25.2020071718.f00.grib2,0.0,Already_Downloaded
2020-07-18,00Z,gdas1.fnl.0p25.2020071800.f00.grib2,0.0,Already_Downloaded
2020-07-18,06Z,gdas1.fnl.0p25.2020071806.f00.grib2,0.0,Already_Downloaded
2020-07-18,12Z,gdas1.fnl.0p25.2020071812.f00.grib2,0.0,Already_Downloaded
2020-07-18,18Z,gdas1.fnl.0p25.2020071818.f00.grib2,0.0,Already_Downloaded
2020-07-19,00Z,gdas1.fnl.0p25.2020071900.f00.grib2,0.0,Already_Downloaded
2020-07-19,06Z,gdas1.fnl.0p25.2020071906.f00.grib2,0.0,Already_Downloaded
2020-07-19,12Z,gdas1.fnl.0p25.2020071912.f00.grib2,0.0,Already_Downloaded
2020-07-19,18Z,gdas1.fnl.0p25.2020071918.f00.grib2,0.0,Already_Downloaded
2020-07-20,00Z,gdas1.fnl.0p25.2020072000.f00.grib2,0.0,Already_Downloaded
2020-07-20,06Z,gdas1.fnl.0p25.2020072006.f00.grib2,0.0,Already_Downloaded
2020-07-20,12Z,gdas1.fnl.0p25.2020072012.f00.grib2,0.0,Already_Downloaded
2020-07-20,18Z,gdas1.fnl.0p25.2020072018.f00.grib2,0.0,Already_Downloaded
2020-07-21,00Z,gdas1.fnl.0p25.2020072100.f00.grib2,0.0,Already_Downloaded
2020-07-21,06Z,gdas1.fnl.0p25.2020072106.f00.grib2,0.0,Already_Downloaded
2020-07-21,12Z,gdas1.fnl.0p25.2020072112.f00.grib2,0.0,Already_Downloaded
2020-07-21,18Z,gdas1.fnl.0p25.2020072118.f00.grib2,0.0,Already_Downloaded
2020-07-22,00Z,gdas1.fnl.0p25.2020072200.f00.grib2,0.0,Already_Downloaded
2020-07-22,06Z,gdas1.fnl.0p25.2020072206.f00.grib2,0.0,Already_Downloaded
2020-07-22,12Z,gdas1.fnl.0p25.2020072212.f00.grib2,0.0,Already_Downloaded
2020-07-22,18Z,gdas1.fnl.0p25.2020072218.f00.grib2,0.0,Already_Downloaded
2020-07-23,00Z,gdas1.fnl.0p25.2020072300.f00.grib2,0.0,Already_Downloaded
2020-07-23,06Z,gdas1.fnl.0p25.2020072306.f00.grib2,0.0,Already_Downloaded
2020-07-23,12Z,gdas1.fnl.0p25.2020072312.f00.grib2,0.0,Already_Downloaded
2020-07-23,18Z,gdas1.fnl.0p25.2020072318.f00.grib2,0.0,Already_Downloaded
2020-07-24,00Z,gdas1.fnl.0p25.2020072400.f00.grib2,0.0,Already_Downloaded
2020-07-24,06Z,gdas1.fnl.0p25.2020072406.f00.grib2,0.0,Already_Downloaded
2020-07-24,12Z,gdas1.fnl.0p25.2020072412.f00.grib2,0.0,Already_Downloaded
2020-07-24,18Z,gdas1.fnl.0p25.2020072418.f00.grib2,0.0,Already_Downloaded
2020-07-25,00Z,gdas1.fnl.0p25.2020072500.f00.grib2,0.0,Already_Downloaded
2020-07-25,06Z,gdas1.fnl.0p25.2020072506.f00.grib2,0.0,Already_Downloaded
2020-07-25,12Z,gdas1.fnl.0p25.2020072512.f00.grib2,0.0,Already_Downloaded
2020-07-25,18Z,gdas1.fnl.0p25.2020072518.f00.grib2,0.0,Already_Downloaded
2020-07-26,00Z,gdas1.fnl.0p25.2020072600.f00.grib2,0.0,Already_Downloaded
2020-07-26,06Z,gdas1.fnl.0p25.2020072606.f00.grib2,0.0,Already_Downloaded
2020-07-26,12Z,gdas1.fnl.0p25.2020072612.f00.grib2,0.0,Already_Downloaded
2020-07-26,18Z,gdas1.fnl.0p25.2020072618.f00.grib2,0.0,Already_Downloaded
2020-07-27,00Z,gdas1.fnl.0p25.2020072700.f00.grib2,0.0,Already_Downloaded
2020-07-27,06Z,gdas1.fnl.0p25.2020072706.f00.grib2,0.0,Already_Downloaded
2020-07-27,12Z,gdas1.fnl.0p25.2020072712.f00.grib2,0.0,Already_Downloaded
2020-07-27,18Z,gdas1.fnl.0p25.2020072718.f00.grib2,0.0,Already_Downloaded
2020-07-28,00Z,gdas1.fnl.0p25.2020072800.f00.grib2,0.0,Already_Downloaded
2020-07-28,06Z,gdas1.fnl.0p25.2020072806.f00.grib2,0.0,Already_Downloaded
2020-07-28,12Z,gdas1.fnl.0p25.2020072812.f00.grib2,0.0,Already_Downloaded
2020-07-28,18Z,gdas1.fnl.0p25.2020072818.f00.grib2,0.0,Already_Downloaded
2020-07-29,00Z,gdas1.fnl.0p25.2020072900.f00.grib2,0.0,Already_Downloaded
2020-07-29,06Z,gdas1.fnl.0p25.2020072906.f00.grib2,0.0,Already_Downloaded
2020-07-29,12Z,gdas1.fnl.0p25.2020072912.f00.grib2,0.0,Already_Downloaded
2020-07-29,18Z,gdas1.fnl.0p25.2020072918.f00.grib2,0.0,Already_Downloaded
2020-07-30,00Z,gdas1.fnl.0p25.2020073000.f00.grib2,0.0,Already_Downloaded
2020-07-30,06Z,gdas1.fnl.0p25.2020073006.f00.grib2,0.0,Already_Downloaded
2020-07-30,12Z,gdas1.fnl.0p25.2020073012.f00.grib2,0.0,Already_Downloaded
2020-07-30,18Z,gdas1.fnl.0p25.2020073018.f00.grib2,0.0,Already_Downloaded
2020-07-31,00Z,gdas1.fnl.0p25.2020073100.f00.grib2,0.0,Already_Downloaded
2020-07-31,06Z,gdas1.fnl.0p25.2020073106.f00.grib2,0.0,Already_Downloaded
2020-07-31,12Z,gdas1.fnl.0p25.2020073112.f00.grib2,0.0,Already_Downloaded
2020-07-31,18Z,gdas1.fnl.0p25.2020073118.f00.grib2,0.0,Already_Downloaded
2020-08-01,00Z,gdas1.fnl.0p25.2020080100.f00.grib2,0.0,Already_Downloaded
2020-08-01,06Z,gdas1.fnl.0p25.2020080106.f00.grib2,0.0,Already_Downloaded
2020-08-01,12Z,gdas1.fnl.0p25.2020080112.f00.grib2,0.0,Already_Downloaded
2020-08-01,18Z,gdas1.fnl.0p25.2020080118.f00.grib2,0.0,Already_Downloaded
2020-08-02,00Z,gdas1.fnl.0p25.2020080200.f00.grib2,0.0,Already_Downloaded
2020-08-02,06Z,gdas1.fnl.0p25.2020080206.f00.grib2,0.0,Already_Downloaded
2020-08-02,12Z,gdas1.fnl.0p25.2020080212.f00.grib2,0.0,Already_Downloaded
2020-08-02,18Z,gdas1.fnl.0p25.2020080218.f00.grib2,0.0,Already_Downloaded
2020-08-03,00Z,gdas1.fnl.0p25.2020080300.f00.grib2,0.0,Already_Downloaded
2020-08-03,06Z,gdas1.fnl.0p25.2020080306.f00.grib2,0.0,Already_Downloaded
2020-08-03,12Z,gdas1.fnl.0p25.2020080312.f00.grib2,0.0,Already_Downloaded
2020-08-03,18Z,gdas1.fnl.0p25.2020080318.f00.grib2,0.0,Already_Downloaded
2020-08-04,00Z,gdas1.fnl.0p25.2020080400.f00.grib2,0.0,Already_Downloaded
2020-08-04,06Z,gdas1.fnl.0p25.2020080406.f00.grib2,0.0,Already_Downloaded
2020-08-04,12Z,gdas1.fnl.0p25.2020080412.f00.grib2,0.0,Already_Downloaded
2020-08-04,18Z,gdas1.fnl.0p25.2020080418.f00.grib2,0.0,Already_Downloaded
2020-08-05,00Z,gdas1.fnl.0p25.2020080500.f00.grib2,0.0,Already_Downloaded
2020-08-05,06Z,gdas1.fnl.0p25.2020080506.f00.grib2,0.0,Already_Downloaded
2020-08-05,12Z,gdas1.fnl.0p25.2020080512.f00.grib2,0.0,Already_Downloaded
2020-08-05,18Z,gdas1.fnl.0p25.2020080518.f00.grib2,0.0,Already_Downloaded
2020-08-06,00Z,gdas1.fnl.0p25.2020080600.f00.grib2,0.0,Already_Downloaded
2020-08-06,06Z,gdas1.fnl.0p25.2020080606.f00.grib2,0.0,Already_Downloaded
2020-08-06,12Z,gdas1.fnl.0p25.2020080612.f00.grib2,0.0,Already_Downloaded
2020-08-06,18Z,gdas1.fnl.0p25.2020080618.f00.grib2,0.0,Already_Downloaded
2020-08-07,00Z,gdas1.fnl.0p25.2020080700.f00.grib2,0.0,Already_Downloaded
2020-08-07,06Z,gdas1.fnl.0p25.2020080706.f00.grib2,0.0,Already_Downloaded
2020-08-07,12Z,gdas1.fnl.0p25.2020080712.f00.grib2,0.0,Already_Downloaded
2020-08-07,18Z,gdas1.fnl.0p25.2020080718.f00.grib2,0.0,Already_Downloaded
2020-08-08,00Z,gdas1.fnl.0p25.2020080800.f00.grib2,0.0,Already_Downloaded
2020-08-08,06Z,gdas1.fnl.0p25.2020080806.f00.grib2,0.0,Already_Downloaded
2020-08-08,12Z,gdas1.fnl.0p25.2020080812.f00.grib2,0.0,Already_Downloaded
2020-08-08,18Z,gdas1.fnl.0p25.2020080818.f00.grib2,0.0,Already_Downloaded
2020-08-09,00Z,gdas1.fnl.0p25.2020080900.f00.grib2,0.0,Already_Downloaded
2020-08-09,06Z,gdas1.fnl.0p25.2020080906.f00.grib2,0.0,Already_Downloaded
2020-08-09,12Z,gdas1.fnl.0p25.2020080912.f00.grib2,0.0,Already_Downloaded
2020-08-09,18Z,gdas1.fnl.0p25.2020080918.f00.grib2,0.0,Already_Downloaded
2020-08-10,00Z,gdas1.fnl.0p25.2020081000.f00.grib2,0.0,Already_Downloaded
2020-08-10,06Z,gdas1.fnl.0p25.2020081006.f00.grib2,0.0,Already_Downloaded
2020-08-10,12Z,gdas1.fnl.0p25.2020081012.f00.grib2,0.0,Already_Downloaded
2020-08-10,18Z,gdas1.fnl.0p25.2020081018.f00.grib2,0.0,Already_Downloaded
2020-08-11,00Z,gdas1.fnl.0p25.2020081100.f00.grib2,0.0,Already_Downloaded
2020-08-11,06Z,gdas1.fnl.0p25.2020081106.f00.grib2,0.0,Already_Downloaded
2020-08-11,12Z,gdas1.fnl.0p25.2020081112.f00.grib2,0.0,Already_Downloaded
2020-08-11,18Z,gdas1.fnl.0p25.2020081118.f00.grib2,0.0,Already_Downloaded
2020-08-12,00Z,gdas1.fnl.0p25.2020081200.f00.grib2,0.0,Already_Downloaded
2020-08-12,06Z,gdas1.fnl.0p25.2020081206.f00.grib2,0.0,Already_Downloaded
2020-08-12,12Z,gdas1.fnl.0p25.2020081212.f00.grib2,0.0,Already_Downloaded
2020-08-12,18Z,gdas1.fnl.0p25.2020081218.f00.grib2,0.0,Already_Downloaded
2020-08-13,00Z,gdas1.fnl.0p25.2020081300.f00.grib2,0.0,Already_Downloaded
2020-08-13,06Z,gdas1.fnl.0p25.2020081306.f00.grib2,0.0,Already_Downloaded
2020-08-13,12Z,gdas1.fnl.0p25.2020081312.f00.grib2,0.0,Already_Downloaded
2020-08-13,18Z,gdas1.fnl.0p25.2020081318.f00.grib2,0.0,Already_Downloaded
2020-08-14,00Z,gdas1.fnl.0p25.2020081400.f00.grib2,0.0,Already_Downloaded
2020-08-14,06Z,gdas1.fnl.0p25.2020081406.f00.grib2,0.0,Already_Downloaded
2020-08-14,12Z,gdas1.fnl.0p25.2020081412.f00.grib2,0.0,Already_Downloaded
2020-08-14,18Z,gdas1.fnl.0p25.2020081418.f00.grib2,0.0,Already_Downloaded
2020-08-15,00Z,gdas1.fnl.0p25.2020081500.f00.grib2,0.0,Already_Downloaded
2020-08-15,06Z,gdas1.fnl.0p25.2020081506.f00.grib2,0.0,Already_Downloaded
2020-08-15,12Z,gdas1.fnl.0p25.2020081512.f00.grib2,0.0,Already_Downloaded
2020-08-15,18Z,gdas1.fnl.0p25.2020081518.f00.grib2,0.0,Already_Downloaded
2020-08-16,00Z,gdas1.fnl.0p25.2020081600.f00.grib2,0.0,Already_Downloaded
2020-08-16,06Z,gdas1.fnl.0p25.2020081606.f00.grib2,0.0,Already_Downloaded
2020-08-16,12Z,gdas1.fnl.0p25.2020081612.f00.grib2,0.0,Already_Downloaded
2020-08-16,18Z,gdas1.fnl.0p25.2020081618.f00.grib2,0.0,Already_Downloaded
2020-08-17,00Z,gdas1.fnl.0p25.2020081700.f00.grib2,0.0,Already_Downloaded
2020-08-17,06Z,gdas1.fnl.0p25.2020081706.f00.grib2,0.0,Already_Downloaded
2020-08-17,12Z,gdas1.fnl.0p25.2020081712.f00.grib2,0.0,Already_Downloaded
2020-08-17,18Z,gdas1.fnl.0p25.2020081718.f00.grib2,0.0,Already_Downloaded
2020-08-18,00Z,gdas1.fnl.0p25.2020081800.f00.grib2,0.0,Already_Downloaded
2020-08-18,06Z,gdas1.fnl.0p25.2020081806.f00.grib2,0.0,Already_Downloaded
2020-08-18,12Z,gdas1.fnl.0p25.2020081812.f00.grib2,0.0,Already_Downloaded
2020-08-18,18Z,gdas1.fnl.0p25.2020081818.f00.grib2,0.0,Already_Downloaded
2020-08-19,00Z,gdas1.fnl.0p25.2020081900.f00.grib2,0.0,Already_Downloaded
2020-08-19,06Z,gdas1.fnl.0p25.2020081906.f00.grib2,0.0,Already_Downloaded
2020-08-19,12Z,gdas1.fnl.0p25.2020081912.f00.grib2,0.0,Already_Downloaded
2020-08-19,18Z,gdas1.fnl.0p25.2020081918.f00.grib2,0.0,Already_Downloaded
2020-08-20,00Z,gdas1.fnl.0p25.2020082000.f00.grib2,0.0,Already_Downloaded
2020-08-20,06Z,gdas1.fnl.0p25.2020082006.f00.grib2,0.0,Already_Downloaded
2020-08-20,12Z,gdas1.fnl.0p25.2020082012.f00.grib2,0.0,Already_Downloaded
2020-08-20,18Z,gdas1.fnl.0p25.2020082018.f00.grib2,0.0,Already_Downloaded
2020-08-21,00Z,gdas1.fnl.0p25.2020082100.f00.grib2,0.0,Already_Downloaded
2020-08-21,06Z,gdas1.fnl.0p25.2020082106.f00.grib2,0.0,Already_Downloaded
2020-08-21,12Z,gdas1.fnl.0p25.2020082112.f00.grib2,0.0,Already_Downloaded
2020-08-21,18Z,gdas1.fnl.0p25.2020082118.f00.grib2,0.0,Already_Downloaded
2020-08-22,00Z,gdas1.fnl.0p25.2020082200.f00.grib2,0.0,Already_Downloaded
2020-08-22,06Z,gdas1.fnl.0p25.2020082206.f00.grib2,0.0,Already_Downloaded
2020-08-22,12Z,gdas1.fnl.0p25.2020082212.f00.grib2,0.0,Already_Downloaded
2020-08-22,18Z,gdas1.fnl.0p25.2020082218.f00.grib2,0.0,Already_Downloaded
2020-08-23,00Z,gdas1.fnl.0p25.2020082300.f00.grib2,0.0,Already_Downloaded
2020-08-23,06Z,gdas1.fnl.0p25.2020082306.f00.grib2,0.0,Already_Downloaded
2020-08-23,12Z,gdas1.fnl.0p25.2020082312.f00.grib2,0.0,Already_Downloaded
2020-08-23,18Z,gdas1.fnl.0p25.2020082318.f00.grib2,0.0,Already_Downloaded
2020-08-24,00Z,gdas1.fnl.0p25.2020082400.f00.grib2,0.0,Already_Downloaded
2020-08-24,06Z,gdas1.fnl.0p25.2020082406.f00.grib2,0.0,Already_Downloaded
2020-08-24,12Z,gdas1.fnl.0p25.2020082412.f00.grib2,0.0,Already_Downloaded
2020-08-24,18Z,gdas1.fnl.0p25.2020082418.f00.grib2,0.0,Already_Downloaded
2020-08-25,00Z,gdas1.fnl.0p25.2020082500.f00.grib2,0.0,Already_Downloaded
2020-08-25,06Z,gdas1.fnl.0p25.2020082506.f00.grib2,0.0,Already_Downloaded
2020-08-25,12Z,gdas1.fnl.0p25.2020082512.f00.grib2,0.0,Already_Downloaded
2020-08-25,18Z,gdas1.fnl.0p25.2020082518.f00.grib2,0.0,Already_Downloaded
2020-08-26,00Z,gdas1.fnl.0p25.2020082600.f00.grib2,0.0,Already_Downloaded
2020-08-26,06Z,gdas1.fnl.0p25.2020082606.f00.grib2,0.0,Already_Downloaded
2020-08-26,12Z,gdas1.fnl.0p25.2020082612.f00.grib2,0.0,Already_Downloaded
2020-08-26,18Z,gdas1.fnl.0p25.2020082618.f00.grib2,0.0,Already_Downloaded
2020-08-27,00Z,gdas1.fnl.0p25.2020082700.f00.grib2,0.0,Already_Downloaded
2020-08-27,06Z,gdas1.fnl.0p25.2020082706.f00.grib2,0.0,Already_Downloaded
2020-08-27,12Z,gdas1.fnl.0p25.2020082712.f00.grib2,0.0,Already_Downloaded
2020-08-27,18Z,gdas1.fnl.0p25.2020082718.f00.grib2,0.0,Already_Downloaded
2020-08-28,00Z,gdas1.fnl.0p25.2020082800.f00.grib2,0.0,Already_Downloaded
2020-08-28,06Z,gdas1.fnl.0p25.2020082806.f00.grib2,0.0,Already_Downloaded
2020-08-28,12Z,gdas1.fnl.0p25.2020082812.f00.grib2,0.0,Already_Downloaded
2020-08-28,18Z,gdas1.fnl.0p25.2020082818.f00.grib2,0.0,Already_Downloaded
2020-08-29,00Z,gdas1.fnl.0p25.2020082900.f00.grib2,0.0,Already_Downloaded
2020-08-29,06Z,gdas1.fnl.0p25.2020082906.f00.grib2,0.0,Already_Downloaded
2020-08-29,12Z,gdas1.fnl.0p25.2020082912.f00.grib2,0.0,Already_Downloaded
2020-08-29,18Z,gdas1.fnl.0p25.2020082918.f00.grib2,0.0,Already_Downloaded
2020-08-30,00Z,gdas1.fnl.0p25.2020083000.f00.grib2,0.0,Already_Downloaded
2020-08-30,06Z,gdas1.fnl.0p25.2020083006.f00.grib2,0.0,Already_Downloaded
2020-08-30,12Z,gdas1.fnl.0p25.2020083012.f00.grib2,0.0,Already_Downloaded
2020-08-30,18Z,gdas1.fnl.0p25.2020083018.f00.grib2,0.0,Already_Downloaded
2020-08-31,00Z,gdas1.fnl.0p25.2020083100.f00.grib2,0.0,Already_Downloaded
2020-08-31,06Z,gdas1.fnl.0p25.2020083106.f00.grib2,0.0,Already_Downloaded
2020-08-31,12Z,gdas1.fnl.0p25.2020083112.f00.grib2,0.0,Already_Downloaded
2020-08-31,18Z,gdas1.fnl.0p25.2020083118.f00.grib2,0.0,Already_Downloaded
2020-09-01,00Z,gdas1.fnl.0p25.2020090100.f00.grib2,0.0,Already_Downloaded
2020-09-01,06Z,gdas1.fnl.0p25.2020090106.f00.grib2,0.0,Already_Downloaded
2020-09-01,12Z,gdas1.fnl.0p25.2020090112.f00.grib2,0.0,Already_Downloaded
2020-09-01,18Z,gdas1.fnl.0p25.2020090118.f00.grib2,0.0,Already_Downloaded
2020-09-02,00Z,gdas1.fnl.0p25.2020090200.f00.grib2,0.0,Already_Downloaded
2020-09-02,06Z,gdas1.fnl.0p25.2020090206.f00.grib2,0.0,Already_Downloaded
2020-09-02,12Z,gdas1.fnl.0p25.2020090212.f00.grib2,0.0,Already_Downloaded
2020-09-02,18Z,gdas1.fnl.0p25.2020090218.f00.grib2,0.0,Already_Downloaded
2020-09-03,00Z,gdas1.fnl.0p25.2020090300.f00.grib2,0.0,Already_Downloaded
2020-09-03,06Z,gdas1.fnl.0p25.2020090306.f00.grib2,0.0,Already_Downloaded
2020-09-03,12Z,gdas1.fnl.0p25.2020090312.f00.grib2,0.0,Already_Downloaded
2020-09-03,18Z,gdas1.fnl.0p25.2020090318.f00.grib2,0.0,Already_Downloaded
2020-09-04,00Z,gdas1.fnl.0p25.2020090400.f00.grib2,0.0,Already_Downloaded
2020-09-04,06Z,gdas1.fnl.0p25.2020090406.f00.grib2,0.0,Already_Downloaded
2020-09-04,12Z,gdas1.fnl.0p25.2020090412.f00.grib2,0.0,Already_Downloaded
2020-09-04,18Z,gdas1.fnl.0p25.2020090418.f00.grib2,0.0,Already_Downloaded
2020-09-05,00Z,gdas1.fnl.0p25.2020090500.f00.grib2,0.0,Already_Downloaded
2020-09-05,06Z,gdas1.fnl.0p25.2020090506.f00.grib2,0.0,Already_Downloaded
2020-09-05,12Z,gdas1.fnl.0p25.2020090512.f00.grib2,0.0,Already_Downloaded
2020-09-05,18Z,gdas1.fnl.0p25.2020090518.f00.grib2,0.0,Already_Downloaded
2020-09-06,00Z,gdas1.fnl.0p25.2020090600.f00.grib2,0.0,Already_Downloaded
2020-09-06,06Z,gdas1.fnl.0p25.2020090606.f00.grib2,0.0,Already_Downloaded
2020-09-06,12Z,gdas1.fnl.0p25.2020090612.f00.grib2,0.0,Already_Downloaded
2020-09-06,18Z,gdas1.fnl.0p25.2020090618.f00.grib2,0.0,Already_Downloaded
2020-09-07,00Z,gdas1.fnl.0p25.2020090700.f00.grib2,0.0,Already_Downloaded
2020-09-07,06Z,gdas1.fnl.0p25.2020090706.f00.grib2,0.0,Already_Downloaded
2020-09-07,12Z,gdas1.fnl.0p25.2020090712.f00.grib2,0.0,Already_Downloaded
2020-09-07,18Z,gdas1.fnl.0p25.2020090718.f00.grib2,0.0,Already_Downloaded
2020-09-08,00Z,gdas1.fnl.0p25.2020090800.f00.grib2,0.0,Already_Downloaded
2020-09-08,06Z,gdas1.fnl.0p25.2020090806.f00.grib2,0.0,Already_Downloaded
2020-09-08,12Z,gdas1.fnl.0p25.2020090812.f00.grib2,0.0,Already_Downloaded
2020-09-08,18Z,gdas1.fnl.0p25.2020090818.f00.grib2,0.0,Already_Downloaded
2020-09-09,00Z,gdas1.fnl.0p25.2020090900.f00.grib2,0.0,Already_Downloaded
2020-09-09,06Z,gdas1.fnl.0p25.2020090906.f00.grib2,0.0,Already_Downloaded
2020-09-09,12Z,gdas1.fnl.0p25.2020090912.f00.grib2,0.0,Already_Downloaded
2020-09-09,18Z,gdas1.fnl.0p25.2020090918.f00.grib2,0.0,Already_Downloaded
2020-09-10,00Z,gdas1.fnl.0p25.2020091000.f00.grib2,0.0,Already_Downloaded
2020-09-10,06Z,gdas1.fnl.0p25.2020091006.f00.grib2,0.0,Already_Downloaded
2020-09-10,12Z,gdas1.fnl.0p25.2020091012.f00.grib2,0.0,Already_Downloaded
2020-09-10,18Z,gdas1.fnl.0p25.2020091018.f00.grib2,0.0,Already_Downloaded
2020-09-11,00Z,gdas1.fnl.0p25.2020091100.f00.grib2,0.0,Already_Downloaded
2020-09-11,06Z,gdas1.fnl.0p25.2020091106.f00.grib2,0.0,Already_Downloaded
2020-09-11,12Z,gdas1.fnl.0p25.2020091112.f00.grib2,0.0,Already_Downloaded
2020-09-11,18Z,gdas1.fnl.0p25.2020091118.f00.grib2,0.0,Already_Downloaded
2020-09-12,00Z,gdas1.fnl.0p25.2020091200.f00.grib2,0.0,Already_Downloaded
2020-09-12,06Z,gdas1.fnl.0p25.2020091206.f00.grib2,0.0,Already_Downloaded
2020-09-12,12Z,gdas1.fnl.0p25.2020091212.f00.grib2,0.0,Already_Downloaded
2020-09-12,18Z,gdas1.fnl.0p25.2020091218.f00.grib2,0.0,Already_Downloaded
2020-09-13,00Z,gdas1.fnl.0p25.2020091300.f00.grib2,0.0,Already_Downloaded
2020-09-13,06Z,gdas1.fnl.0p25.2020091306.f00.grib2,0.0,Already_Downloaded
2020-09-13,12Z,gdas1.fnl.0p25.2020091312.f00.grib2,0.0,Already_Downloaded
2020-09-13,18Z,gdas1.fnl.0p25.2020091318.f00.grib2,0.0,Already_Downloaded
2020-09-14,00Z,gdas1.fnl.0p25.2020091400.f00.grib2,0.0,Already_Downloaded
2020-09-14,06Z,gdas1.fnl.0p25.2020091406.f00.grib2,0.0,Already_Downloaded
2020-09-14,12Z,gdas1.fnl.0p25.2020091412.f00.grib2,0.0,Already_Downloaded
2020-09-14,18Z,gdas1.fnl.0p25.2020091418.f00.grib2,0.0,Already_Downloaded
2020-09-15,00Z,gdas1.fnl.0p25.2020091500.f00.grib2,0.0,Already_Downloaded
2020-09-15,06Z,gdas1.fnl.0p25.2020091506.f00.grib2,0.0,Already_Downloaded
2020-09-15,12Z,gdas1.fnl.0p25.2020091512.f00.grib2,0.0,Already_Downloaded
2020-09-15,18Z,gdas1.fnl.0p25.2020091518.f00.grib2,0.0,Already_Downloaded
2020-09-16,00Z,gdas1.fnl.0p25.2020091600.f00.grib2,0.0,Already_Downloaded
2020-09-16,06Z,gdas1.fnl.0p25.2020091606.f00.grib2,0.0,Already_Downloaded
2020-09-16,12Z,gdas1.fnl.0p25.2020091612.f00.grib2,0.0,Already_Downloaded
2020-09-16,18Z,gdas1.fnl.0p25.2020091618.f00.grib2,0.0,Already_Downloaded
2020-09-17,00Z,gdas1.fnl.0p25.2020091700.f00.grib2,0.0,Already_Downloaded
2020-09-17,06Z,gdas1.fnl.0p25.2020091706.f00.grib2,0.0,Already_Downloaded
2020-09-17,12Z,gdas1.fnl.0p25.2020091712.f00.grib2,0.0,Already_Downloaded
2020-09-17,18Z,gdas1.fnl.0p25.2020091718.f00.grib2,0.0,Already_Downloaded
2020-09-18,00Z,gdas1.fnl.0p25.2020091800.f00.grib2,0.0,Already_Downloaded
2020-09-18,06Z,gdas1.fnl.0p25.2020091806.f00.grib2,0.0,Already_Downloaded
2020-09-18,12Z,gdas1.fnl.0p25.2020091812.f00.grib2,0.0,Already_Downloaded
2020-09-18,18Z,gdas1.fnl.0p25.2020091818.f00.grib2,0.0,Already_Downloaded
2020-09-19,00Z,gdas1.fnl.0p25.2020091900.f00.grib2,0.0,Already_Downloaded
2020-09-19,06Z,gdas1.fnl.0p25.2020091906.f00.grib2,0.0,Already_Downloaded
2020-09-19,12Z,gdas1.fnl.0p25.2020091912.f00.grib2,0.0,Already_Downloaded
2020-09-19,18Z,gdas1.fnl.0p25.2020091918.f00.grib2,0.0,Already_Downloaded
2020-09-20,00Z,gdas1.fnl.0p25.2020092000.f00.grib2,0.0,Already_Downloaded
2020-09-20,06Z,gdas1.fnl.0p25.2020092006.f00.grib2,0.0,Already_Downloaded
2020-09-20,12Z,gdas1.fnl.0p25.2020092012.f00.grib2,0.0,Already_Downloaded
2020-09-20,18Z,gdas1.fnl.0p25.2020092018.f00.grib2,0.0,Already_Downloaded
2020-09-21,00Z,gdas1.fnl.0p25.2020092100.f00.grib2,0.0,Already_Downloaded
2020-09-21,06Z,gdas1.fnl.0p25.2020092106.f00.grib2,0.0,Already_Downloaded
2020-09-21,12Z,gdas1.fnl.0p25.2020092112.f00.grib2,0.0,Already_Downloaded
2020-09-21,18Z,gdas1.fnl.0p25.2020092118.f00.grib2,0.0,Already_Downloaded
2020-09-22,00Z,gdas1.fnl.0p25.2020092200.f00.grib2,0.0,Already_Downloaded
2020-09-22,06Z,gdas1.fnl.0p25.2020092206.f00.grib2,0.0,Already_Downloaded
2020-09-22,12Z,gdas1.fnl.0p25.2020092212.f00.grib2,0.0,Already_Downloaded
2020-09-22,18Z,gdas1.fnl.0p25.2020092218.f00.grib2,0.0,Already_Downloaded
2020-09-23,00Z,gdas1.fnl.0p25.2020092300.f00.grib2,0.0,Already_Downloaded
2020-09-23,06Z,gdas1.fnl.0p25.2020092306.f00.grib2,0.0,Already_Downloaded
2020-09-23,12Z,gdas1.fnl.0p25.2020092312.f00.grib2,0.0,Already_Downloaded
2020-09-23,18Z,gdas1.fnl.0p25.2020092318.f00.grib2,0.0,Already_Downloaded
2020-09-24,00Z,gdas1.fnl.0p25.2020092400.f00.grib2,0.0,Already_Downloaded
2020-09-24,06Z,gdas1.fnl.0p25.2020092406.f00.grib2,0.0,Already_Downloaded
2020-09-24,12Z,gdas1.fnl.0p25.2020092412.f00.grib2,0.0,Already_Downloaded
2020-09-24,18Z,gdas1.fnl.0p25.2020092418.f00.grib2,0.0,Already_Downloaded
2020-09-25,00Z,gdas1.fnl.0p25.2020092500.f00.grib2,0.0,Already_Downloaded
2020-09-25,06Z,gdas1.fnl.0p25.2020092506.f00.grib2,0.0,Already_Downloaded
2020-09-25,12Z,gdas1.fnl.0p25.2020092512.f00.grib2,0.0,Already_Downloaded
2020-09-25,18Z,gdas1.fnl.0p25.2020092518.f00.grib2,0.0,Already_Downloaded
2020-09-26,00Z,gdas1.fnl.0p25.2020092600.f00.grib2,0.0,Already_Downloaded
2020-09-26,06Z,gdas1.fnl.0p25.2020092606.f00.grib2,0.0,Already_Downloaded
2020-09-26,12Z,gdas1.fnl.0p25.2020092612.f00.grib2,0.0,Already_Downloaded
2020-09-26,18Z,gdas1.fnl.0p25.2020092618.f00.grib2,0.0,Already_Downloaded
2020-09-27,00Z,gdas1.fnl.0p25.2020092700.f00.grib2,0.0,Already_Downloaded
2020-09-27,06Z,gdas1.fnl.0p25.2020092706.f00.grib2,0.0,Already_Downloaded
2020-09-27,12Z,gdas1.fnl.0p25.2020092712.f00.grib2,0.0,Already_Downloaded
2020-09-27,18Z,gdas1.fnl.0p25.2020092718.f00.grib2,0.0,Already_Downloaded
2020-09-28,00Z,gdas1.fnl.0p25.2020092800.f00.grib2,0.0,Already_Downloaded
2020-09-28,06Z,gdas1.fnl.0p25.2020092806.f00.grib2,0.0,Already_Downloaded
2020-09-28,12Z,gdas1.fnl.0p25.2020092812.f00.grib2,0.0,Already_Downloaded
2020-09-28,18Z,gdas1.fnl.0p25.2020092818.f00.grib2,0.0,Already_Downloaded
2020-09-29,00Z,gdas1.fnl.0p25.2020092900.f00.grib2,0.0,Already_Downloaded
2020-09-29,06Z,gdas1.fnl.0p25.2020092906.f00.grib2,0.0,Already_Downloaded
2020-09-29,12Z,gdas1.fnl.0p25.2020092912.f00.grib2,0.0,Already_Downloaded
2020-09-29,18Z,gdas1.fnl.0p25.2020092918.f00.grib2,0.0,Already_Downloaded
2020-09-30,00Z,gdas1.fnl.0p25.2020093000.f00.grib2,0.0,Already_Downloaded
2020-09-30,06Z,gdas1.fnl.0p25.2020093006.f00.grib2,0.0,Already_Downloaded
2020-09-30,12Z,gdas1.fnl.0p25.2020093012.f00.grib2,0.0,Already_Downloaded
2020-09-30,18Z,gdas1.fnl.0p25.2020093018.f00.grib2,0.0,Already_Downloaded
2020-10-01,00Z,gdas1.fnl.0p25.2020100100.f00.grib2,0.0,Already_Downloaded
2020-10-01,06Z,gdas1.fnl.0p25.2020100106.f00.grib2,0.0,Already_Downloaded
2020-10-01,12Z,gdas1.fnl.0p25.2020100112.f00.grib2,0.0,Already_Downloaded
2020-10-01,18Z,gdas1.fnl.0p25.2020100118.f00.grib2,0.0,Already_Downloaded
2020-10-02,00Z,gdas1.fnl.0p25.2020100200.f00.grib2,0.0,Already_Downloaded
2020-10-02,06Z,gdas1.fnl.0p25.2020100206.f00.grib2,0.0,Already_Downloaded
2020-10-02,12Z,gdas1.fnl.0p25.2020100212.f00.grib2,0.0,Already_Downloaded
2020-10-02,18Z,gdas1.fnl.0p25.2020100218.f00.grib2,0.0,Already_Downloaded
2020-10-03,00Z,gdas1.fnl.0p25.2020100300.f00.grib2,0.0,Already_Downloaded
2020-10-03,06Z,gdas1.fnl.0p25.2020100306.f00.grib2,0.0,Already_Downloaded
2020-10-03,12Z,gdas1.fnl.0p25.2020100312.f00.grib2,0.0,Already_Downloaded
2020-10-03,18Z,gdas1.fnl.0p25.2020100318.f00.grib2,0.0,Already_Downloaded
2020-10-04,00Z,gdas1.fnl.0p25.2020100400.f00.grib2,0.0,Already_Downloaded
2020-10-04,06Z,gdas1.fnl.0p25.2020100406.f00.grib2,0.0,Already_Downloaded
2020-10-04,12Z,gdas1.fnl.0p25.2020100412.f00.grib2,0.0,Already_Downloaded
2020-10-04,18Z,gdas1.fnl.0p25.2020100418.f00.grib2,0.0,Already_Downloaded
2020-10-05,00Z,gdas1.fnl.0p25.2020100500.f00.grib2,0.0,Already_Downloaded
2020-10-05,06Z,gdas1.fnl.0p25.2020100506.f00.grib2,0.0,Already_Downloaded
2020-10-05,12Z,gdas1.fnl.0p25.2020100512.f00.grib2,0.0,Already_Downloaded
2020-10-05,18Z,gdas1.fnl.0p25.2020100518.f00.grib2,0.0,Already_Downloaded
2020-10-06,00Z,gdas1.fnl.0p25.2020100600.f00.grib2,0.0,Already_Downloaded
2020-10-06,06Z,gdas1.fnl.0p25.2020100606.f00.grib2,0.0,Already_Downloaded
2020-10-06,12Z,gdas1.fnl.0p25.2020100612.f00.grib2,0.0,Already_Downloaded
2020-10-06,18Z,gdas1.fnl.0p25.2020100618.f00.grib2,0.0,Already_Downloaded
2020-10-07,00Z,gdas1.fnl.0p25.2020100700.f00.grib2,0.0,Already_Downloaded
2020-10-07,06Z,gdas1.fnl.0p25.2020100706.f00.grib2,0.0,Already_Downloaded
2020-10-07,12Z,gdas1.fnl.0p25.2020100712.f00.grib2,0.0,Already_Downloaded
2020-10-07,18Z,gdas1.fnl.0p25.2020100718.f00.grib2,0.0,Already_Downloaded
2020-10-08,00Z,gdas1.fnl.0p25.2020100800.f00.grib2,0.0,Already_Downloaded
2020-10-08,06Z,gdas1.fnl.0p25.2020100806.f00.grib2,0.0,Already_Downloaded
2020-10-08,12Z,gdas1.fnl.0p25.2020100812.f00.grib2,0.0,Already_Downloaded
2020-10-08,18Z,gdas1.fnl.0p25.2020100818.f00.grib2,0.0,Already_Downloaded
2020-10-09,00Z,gdas1.fnl.0p25.2020100900.f00.grib2,0.0,Already_Downloaded
2020-10-09,06Z,gdas1.fnl.0p25.2020100906.f00.grib2,0.0,Already_Downloaded
2020-10-09,12Z,gdas1.fnl.0p25.2020100912.f00.grib2,0.0,Already_Downloaded
2020-10-09,18Z,gdas1.fnl.0p25.2020100918.f00.grib2,0.0,Already_Downloaded
2020-10-10,00Z,gdas1.fnl.0p25.2020101000.f00.grib2,0.0,Already_Downloaded
2020-10-10,06Z,gdas1.fnl.0p25.2020101006.f00.grib2,0.0,Already_Downloaded
2020-10-10,12Z,gdas1.fnl.0p25.2020101012.f00.grib2,0.0,Already_Downloaded
2020-10-10,18Z,gdas1.fnl.0p25.2020101018.f00.grib2,0.0,Already_Downloaded
2020-10-11,00Z,gdas1.fnl.0p25.2020101100.f00.grib2,0.0,Already_Downloaded
2020-10-11,06Z,gdas1.fnl.0p25.2020101106.f00.grib2,0.0,Already_Downloaded
2020-10-11,12Z,gdas1.fnl.0p25.2020101112.f00.grib2,0.0,Already_Downloaded
2020-10-11,18Z,gdas1.fnl.0p25.2020101118.f00.grib2,0.0,Already_Downloaded
2020-10-12,00Z,gdas1.fnl.0p25.2020101200.f00.grib2,0.0,Already_Downloaded
2020-10-12,06Z,gdas1.fnl.0p25.2020101206.f00.grib2,0.0,Already_Downloaded
2020-10-12,12Z,gdas1.fnl.0p25.2020101212.f00.grib2,0.0,Already_Downloaded
2020-10-12,18Z,gdas1.fnl.0p25.2020101218.f00.grib2,0.0,Already_Downloaded
2020-10-13,00Z,gdas1.fnl.0p25.2020101300.f00.grib2,0.0,Already_Downloaded
2020-10-13,06Z,gdas1.fnl.0p25.2020101306.f00.grib2,0.0,Already_Downloaded
2020-10-13,12Z,gdas1.fnl.0p25.2020101312.f00.grib2,0.0,Already_Downloaded
2020-10-13,18Z,gdas1.fnl.0p25.2020101318.f00.grib2,0.0,Already_Downloaded
2020-10-14,00Z,gdas1.fnl.0p25.2020101400.f00.grib2,0.0,Already_Downloaded
2020-10-14,06Z,gdas1.fnl.0p25.2020101406.f00.grib2,0.0,Already_Downloaded
2020-10-14,12Z,gdas1.fnl.0p25.2020101412.f00.grib2,0.0,Already_Downloaded
2020-10-14,18Z,gdas1.fnl.0p25.2020101418.f00.grib2,0.0,Already_Downloaded
2020-10-15,00Z,gdas1.fnl.0p25.2020101500.f00.grib2,0.0,Already_Downloaded
2020-10-15,06Z,gdas1.fnl.0p25.2020101506.f00.grib2,0.0,Already_Downloaded
2020-10-15,12Z,gdas1.fnl.0p25.2020101512.f00.grib2,0.0,Already_Downloaded
2020-10-15,18Z,gdas1.fnl.0p25.2020101518.f00.grib2,0.0,Already_Downloaded
2020-10-16,00Z,gdas1.fnl.0p25.2020101600.f00.grib2,0.0,Already_Downloaded
2020-10-16,06Z,gdas1.fnl.0p25.2020101606.f00.grib2,0.0,Already_Downloaded
2020-10-16,12Z,gdas1.fnl.0p25.2020101612.f00.grib2,0.0,Already_Downloaded
2020-10-16,18Z,gdas1.fnl.0p25.2020101618.f00.grib2,0.0,Already_Downloaded
2020-10-17,00Z,gdas1.fnl.0p25.2020101700.f00.grib2,0.0,Already_Downloaded
2020-10-17,06Z,gdas1.fnl.0p25.2020101706.f00.grib2,0.0,Already_Downloaded
2020-10-17,12Z,gdas1.fnl.0p25.2020101712.f00.grib2,0.0,Already_Downloaded
2020-10-17,18Z,gdas1.fnl.0p25.2020101718.f00.grib2,0.0,Already_Downloaded
2020-10-18,00Z,gdas1.fnl.0p25.2020101800.f00.grib2,0.0,Already_Downloaded
2020-10-18,06Z,gdas1.fnl.0p25.2020101806.f00.grib2,0.0,Already_Downloaded
2020-10-18,12Z,gdas1.fnl.0p25.2020101812.f00.grib2,0.0,Already_Downloaded
2020-10-18,18Z,gdas1.fnl.0p25.2020101818.f00.grib2,0.0,Already_Downloaded
2020-10-19,00Z,gdas1.fnl.0p25.2020101900.f00.grib2,0.0,Already_Downloaded
2020-10-19,06Z,gdas1.fnl.0p25.2020101906.f00.grib2,0.0,Already_Downloaded
2020-10-19,12Z,gdas1.fnl.0p25.2020101912.f00.grib2,0.0,Already_Downloaded
2020-10-19,18Z,gdas1.fnl.0p25.2020101918.f00.grib2,0.0,Already_Downloaded
2020-10-20,00Z,gdas1.fnl.0p25.2020102000.f00.grib2,0.0,Already_Downloaded
2020-10-20,06Z,gdas1.fnl.0p25.2020102006.f00.grib2,0.0,Already_Downloaded
2020-10-20,12Z,gdas1.fnl.0p25.2020102012.f00.grib2,0.0,Already_Downloaded
2020-10-20,18Z,gdas1.fnl.0p25.2020102018.f00.grib2,0.0,Already_Downloaded
2020-10-21,00Z,gdas1.fnl.0p25.2020102100.f00.grib2,0.0,Already_Downloaded
2020-10-21,06Z,gdas1.fnl.0p25.2020102106.f00.grib2,0.0,Already_Downloaded
2020-10-21,12Z,gdas1.fnl.0p25.2020102112.f00.grib2,0.0,Already_Downloaded
2020-10-21,18Z,gdas1.fnl.0p25.2020102118.f00.grib2,0.0,Already_Downloaded
2020-10-22,00Z,gdas1.fnl.0p25.2020102200.f00.grib2,0.0,Already_Downloaded
2020-10-22,06Z,gdas1.fnl.0p25.2020102206.f00.grib2,0.0,Already_Downloaded
2020-10-22,12Z,gdas1.fnl.0p25.2020102212.f00.grib2,0.0,Already_Downloaded
2020-10-22,18Z,gdas1.fnl.0p25.2020102218.f00.grib2,0.0,Already_Downloaded
2020-10-23,00Z,gdas1.fnl.0p25.2020102300.f00.grib2,0.0,Already_Downloaded
2020-10-23,06Z,gdas1.fnl.0p25.2020102306.f00.grib2,0.0,Already_Downloaded
2020-10-23,12Z,gdas1.fnl.0p25.2020102312.f00.grib2,0.0,Already_Downloaded
2020-10-23,18Z,gdas1.fnl.0p25.2020102318.f00.grib2,0.0,Already_Downloaded
2020-10-24,00Z,gdas1.fnl.0p25.2020102400.f00.grib2,0.0,Already_Downloaded
2020-10-24,06Z,gdas1.fnl.0p25.2020102406.f00.grib2,0.0,Already_Downloaded
2020-10-24,12Z,gdas1.fnl.0p25.2020102412.f00.grib2,0.0,Already_Downloaded
2020-10-24,18Z,gdas1.fnl.0p25.2020102418.f00.grib2,0.0,Already_Downloaded
2020-10-25,00Z,gdas1.fnl.0p25.2020102500.f00.grib2,0.0,Already_Downloaded
2020-10-25,06Z,gdas1.fnl.0p25.2020102506.f00.grib2,0.0,Already_Downloaded
2020-10-25,12Z,gdas1.fnl.0p25.2020102512.f00.grib2,0.0,Already_Downloaded
2020-10-25,18Z,gdas1.fnl.0p25.2020102518.f00.grib2,0.0,Already_Downloaded
2020-10-26,00Z,gdas1.fnl.0p25.2020102600.f00.grib2,0.0,Already_Downloaded
2020-10-26,06Z,gdas1.fnl.0p25.2020102606.f00.grib2,0.0,Already_Downloaded
2020-10-26,12Z,gdas1.fnl.0p25.2020102612.f00.grib2,0.0,Already_Downloaded
2020-10-26,18Z,gdas1.fnl.0p25.2020102618.f00.grib2,0.0,Already_Downloaded
2020-10-27,00Z,gdas1.fnl.0p25.2020102700.f00.grib2,0.0,Already_Downloaded
2020-10-27,06Z,gdas1.fnl.0p25.2020102706.f00.grib2,0.0,Already_Downloaded
2020-10-27,12Z,gdas1.fnl.0p25.2020102712.f00.grib2,0.0,Already_Downloaded
2020-10-27,18Z,gdas1.fnl.0p25.2020102718.f00.grib2,0.0,Already_Downloaded
2020-10-28,00Z,gdas1.fnl.0p25.2020102800.f00.grib2,0.0,Already_Downloaded
2020-10-28,06Z,gdas1.fnl.0p25.2020102806.f00.grib2,0.0,Already_Downloaded
2020-10-28,12Z,gdas1.fnl.0p25.2020102812.f00.grib2,0.0,Already_Downloaded
2020-10-28,18Z,gdas1.fnl.0p25.2020102818.f00.grib2,0.0,Already_Downloaded
2020-10-29,00Z,gdas1.fnl.0p25.2020102900.f00.grib2,0.0,Already_Downloaded
2020-10-29,06Z,gdas1.fnl.0p25.2020102906.f00.grib2,0.0,Already_Downloaded
2020-10-29,12Z,gdas1.fnl.0p25.2020102912.f00.grib2,0.0,Already_Downloaded
2020-10-29,18Z,gdas1.fnl.0p25.2020102918.f00.grib2,0.0,Already_Downloaded
2020-10-30,00Z,gdas1.fnl.0p25.2020103000.f00.grib2,0.0,Already_Downloaded
2020-10-30,06Z,gdas1.fnl.0p25.2020103006.f00.grib2,0.0,Already_Downloaded
2020-10-30,12Z,gdas1.fnl.0p25.2020103012.f00.grib2,0.0,Already_Downloaded
2020-10-30,18Z,gdas1.fnl.0p25.2020103018.f00.grib2,0.0,Already_Downloaded
2020-10-31,00Z,gdas1.fnl.0p25.2020103100.f00.grib2,0.0,Already_Downloaded
2020-10-31,06Z,gdas1.fnl.0p25.2020103106.f00.grib2,0.0,Already_Downloaded
2020-10-31,12Z,gdas1.fnl.0p25.2020103112.f00.grib2,0.0,Already_Downloaded
2020-10-31,18Z,gdas1.fnl.0p25.2020103118.f00.grib2,0.0,Already_Downloaded
2020-11-01,00Z,gdas1.fnl.0p25.2020110100.f00.grib2,0.0,Already_Downloaded
2020-11-01,06Z,gdas1.fnl.0p25.2020110106.f00.grib2,0.0,Already_Downloaded
2020-11-01,12Z,gdas1.fnl.0p25.2020110112.f00.grib2,0.0,Already_Downloaded
2020-11-01,18Z,gdas1.fnl.0p25.2020110118.f00.grib2,0.0,Already_Downloaded
2020-11-02,00Z,gdas1.fnl.0p25.2020110200.f00.grib2,0.0,Already_Downloaded
2020-11-02,06Z,gdas1.fnl.0p25.2020110206.f00.grib2,0.0,Already_Downloaded
2020-11-02,12Z,gdas1.fnl.0p25.2020110212.f00.grib2,0.0,Already_Downloaded
2020-11-02,18Z,gdas1.fnl.0p25.2020110218.f00.grib2,0.0,Already_Downloaded
2020-11-03,00Z,gdas1.fnl.0p25.2020110300.f00.grib2,0.0,Already_Downloaded
2020-11-03,06Z,gdas1.fnl.0p25.2020110306.f00.grib2,0.0,Already_Downloaded
2020-11-03,12Z,gdas1.fnl.0p25.2020110312.f00.grib2,0.0,Already_Downloaded
2020-11-03,18Z,gdas1.fnl.0p25.2020110318.f00.grib2,0.0,Already_Downloaded
2020-11-04,00Z,gdas1.fnl.0p25.2020110400.f00.grib2,0.0,Already_Downloaded
2020-11-04,06Z,gdas1.fnl.0p25.2020110406.f00.grib2,0.0,Already_Downloaded
2020-11-04,12Z,gdas1.fnl.0p25.2020110412.f00.grib2,0.0,Already_Downloaded
2020-11-04,18Z,gdas1.fnl.0p25.2020110418.f00.grib2,0.0,Already_Downloaded
2020-11-05,00Z,gdas1.fnl.0p25.2020110500.f00.grib2,0.0,Already_Downloaded
2020-11-05,06Z,gdas1.fnl.0p25.2020110506.f00.grib2,0.0,Already_Downloaded
2020-11-05,12Z,gdas1.fnl.0p25.2020110512.f00.grib2,0.0,Already_Downloaded
2020-11-05,18Z,gdas1.fnl.0p25.2020110518.f00.grib2,0.0,Already_Downloaded
2020-11-06,00Z,gdas1.fnl.0p25.2020110600.f00.grib2,0.0,Already_Downloaded
2020-11-06,06Z,gdas1.fnl.0p25.2020110606.f00.grib2,0.0,Already_Downloaded
2020-11-06,12Z,gdas1.fnl.0p25.2020110612.f00.grib2,0.0,Already_Downloaded
2020-11-06,18Z,gdas1.fnl.0p25.2020110618.f00.grib2,0.0,Already_Downloaded
2020-11-07,00Z,gdas1.fnl.0p25.2020110700.f00.grib2,0.0,Already_Downloaded
2020-11-07,06Z,gdas1.fnl.0p25.2020110706.f00.grib2,0.0,Already_Downloaded
2020-11-07,12Z,gdas1.fnl.0p25.2020110712.f00.grib2,0.0,Already_Downloaded
2020-11-07,18Z,gdas1.fnl.0p25.2020110718.f00.grib2,0.0,Already_Downloaded
2020-11-08,00Z,gdas1.fnl.0p25.2020110800.f00.grib2,0.0,Already_Downloaded
2020-11-08,06Z,gdas1.fnl.0p25.2020110806.f00.grib2,0.0,Already_Downloaded
2020-11-08,12Z,gdas1.fnl.0p25.2020110812.f00.grib2,0.0,Already_Downloaded
2020-11-08,18Z,gdas1.fnl.0p25.2020110818.f00.grib2,0.0,Already_Downloaded
2020-11-09,00Z,gdas1.fnl.0p25.2020110900.f00.grib2,0.0,Already_Downloaded
2020-11-09,06Z,gdas1.fnl.0p25.2020110906.f00.grib2,0.0,Already_Downloaded
2020-11-09,12Z,gdas1.fnl.0p25.2020110912.f00.grib2,0.0,Already_Downloaded
2020-11-09,18Z,gdas1.fnl.0p25.2020110918.f00.grib2,0.0,Already_Downloaded
2020-11-10,00Z,gdas1.fnl.0p25.2020111000.f00.grib2,0.0,Already_Downloaded
2020-11-10,06Z,gdas1.fnl.0p25.2020111006.f00.grib2,0.0,Already_Downloaded
2020-11-10,12Z,gdas1.fnl.0p25.2020111012.f00.grib2,0.0,Already_Downloaded
2020-11-10,18Z,gdas1.fnl.0p25.2020111018.f00.grib2,0.0,Already_Downloaded
2020-11-11,00Z,gdas1.fnl.0p25.2020111100.f00.grib2,0.0,Already_Downloaded
2020-11-11,06Z,gdas1.fnl.0p25.2020111106.f00.grib2,0.0,Already_Downloaded
2020-11-11,12Z,gdas1.fnl.0p25.2020111112.f00.grib2,0.0,Already_Downloaded
2020-11-11,18Z,gdas1.fnl.0p25.2020111118.f00.grib2,0.0,Already_Downloaded
2020-11-12,00Z,gdas1.fnl.0p25.2020111200.f00.grib2,0.0,Already_Downloaded
2020-11-12,06Z,gdas1.fnl.0p25.2020111206.f00.grib2,0.0,Already_Downloaded
2020-11-12,12Z,gdas1.fnl.0p25.2020111212.f00.grib2,0.0,Already_Downloaded
2020-11-12,18Z,gdas1.fnl.0p25.2020111218.f00.grib2,0.0,Already_Downloaded
2020-11-13,00Z,gdas1.fnl.0p25.2020111300.f00.grib2,0.0,Already_Downloaded
2020-11-13,06Z,gdas1.fnl.0p25.2020111306.f00.grib2,0.0,Already_Downloaded
2020-11-13,12Z,gdas1.fnl.0p25.2020111312.f00.grib2,0.0,Already_Downloaded
2020-11-13,18Z,gdas1.fnl.0p25.2020111318.f00.grib2,0.0,Already_Downloaded
2020-11-14,00Z,gdas1.fnl.0p25.2020111400.f00.grib2,0.0,Already_Downloaded
2020-11-14,06Z,gdas1.fnl.0p25.2020111406.f00.grib2,0.0,Already_Downloaded
2020-11-14,12Z,gdas1.fnl.0p25.2020111412.f00.grib2,0.0,Already_Downloaded
2020-11-14,18Z,gdas1.fnl.0p25.2020111418.f00.grib2,0.0,Already_Downloaded
2020-11-15,00Z,gdas1.fnl.0p25.2020111500.f00.grib2,0.0,Already_Downloaded
2020-11-15,06Z,gdas1.fnl.0p25.2020111506.f00.grib2,0.0,Already_Downloaded
2020-11-15,12Z,gdas1.fnl.0p25.2020111512.f00.grib2,0.0,Already_Downloaded
2020-11-15,18Z,gdas1.fnl.0p25.2020111518.f00.grib2,0.0,Already_Downloaded
2020-11-16,00Z,gdas1.fnl.0p25.2020111600.f00.grib2,0.0,Already_Downloaded
2020-11-16,06Z,gdas1.fnl.0p25.2020111606.f00.grib2,0.0,Already_Downloaded
2020-11-16,12Z,gdas1.fnl.0p25.2020111612.f00.grib2,0.0,Already_Downloaded
2020-11-16,18Z,gdas1.fnl.0p25.2020111618.f00.grib2,0.0,Already_Downloaded
2020-11-17,00Z,gdas1.fnl.0p25.2020111700.f00.grib2,0.0,Already_Downloaded
2020-11-17,06Z,gdas1.fnl.0p25.2020111706.f00.grib2,0.0,Already_Downloaded
2020-11-17,12Z,gdas1.fnl.0p25.2020111712.f00.grib2,0.0,Already_Downloaded
2020-11-17,18Z,gdas1.fnl.0p25.2020111718.f00.grib2,0.0,Already_Downloaded
2020-11-18,00Z,gdas1.fnl.0p25.2020111800.f00.grib2,0.0,Already_Downloaded
2020-11-18,06Z,gdas1.fnl.0p25.2020111806.f00.grib2,0.0,Already_Downloaded
2020-11-18,12Z,gdas1.fnl.0p25.2020111812.f00.grib2,0.0,Already_Downloaded
2020-11-18,18Z,gdas1.fnl.0p25.2020111818.f00.grib2,0.0,Already_Downloaded
2020-11-19,00Z,gdas1.fnl.0p25.2020111900.f00.grib2,0.0,Already_Downloaded
2020-11-19,06Z,gdas1.fnl.0p25.2020111906.f00.grib2,0.0,Already_Downloaded
2020-11-19,12Z,gdas1.fnl.0p25.2020111912.f00.grib2,0.0,Already_Downloaded
2020-11-19,18Z,gdas1.fnl.0p25.2020111918.f00.grib2,0.0,Already_Downloaded
2020-11-20,00Z,gdas1.fnl.0p25.2020112000.f00.grib2,0.0,Already_Downloaded
2020-11-20,06Z,gdas1.fnl.0p25.2020112006.f00.grib2,0.0,Already_Downloaded
2020-11-20,12Z,gdas1.fnl.0p25.2020112012.f00.grib2,0.0,Already_Downloaded
2020-11-20,18Z,gdas1.fnl.0p25.2020112018.f00.grib2,0.0,Already_Downloaded
2020-11-21,00Z,gdas1.fnl.0p25.2020112100.f00.grib2,0.0,Already_Downloaded
2020-11-21,06Z,gdas1.fnl.0p25.2020112106.f00.grib2,0.0,Already_Downloaded
2020-11-21,12Z,gdas1.fnl.0p25.2020112112.f00.grib2,0.0,Already_Downloaded
2020-11-21,18Z,gdas1.fnl.0p25.2020112118.f00.grib2,0.0,Already_Downloaded
2020-11-22,00Z,gdas1.fnl.0p25.2020112200.f00.grib2,0.0,Already_Downloaded
2020-11-22,06Z,gdas1.fnl.0p25.2020112206.f00.grib2,0.0,Already_Downloaded
2020-11-22,12Z,gdas1.fnl.0p25.2020112212.f00.grib2,0.0,Already_Downloaded
2020-11-22,18Z,gdas1.fnl.0p25.2020112218.f00.grib2,0.0,Already_Downloaded
2020-11-23,00Z,gdas1.fnl.0p25.2020112300.f00.grib2,0.0,Already_Downloaded
2020-11-23,06Z,gdas1.fnl.0p25.2020112306.f00.grib2,0.0,Already_Downloaded
2020-11-23,12Z,gdas1.fnl.0p25.2020112312.f00.grib2,0.0,Already_Downloaded
2020-11-23,18Z,gdas1.fnl.0p25.2020112318.f00.grib2,0.0,Already_Downloaded
2020-11-24,00Z,gdas1.fnl.0p25.2020112400.f00.grib2,0.0,Already_Downloaded
2020-11-24,06Z,gdas1.fnl.0p25.2020112406.f00.grib2,0.0,Already_Downloaded
2020-11-24,12Z,gdas1.fnl.0p25.2020112412.f00.grib2,0.0,Already_Downloaded
2020-11-24,18Z,gdas1.fnl.0p25.2020112418.f00.grib2,0.0,Already_Downloaded
2020-11-25,00Z,gdas1.fnl.0p25.2020112500.f00.grib2,0.0,Already_Downloaded
2020-11-25,06Z,gdas1.fnl.0p25.2020112506.f00.grib2,0.0,Already_Downloaded
2020-11-25,12Z,gdas1.fnl.0p25.2020112512.f00.grib2,0.0,Already_Downloaded
2020-11-25,18Z,gdas1.fnl.0p25.2020112518.f00.grib2,0.0,Already_Downloaded
2020-11-26,00Z,gdas1.fnl.0p25.2020112600.f00.grib2,0.0,Already_Downloaded
2020-11-26,06Z,gdas1.fnl.0p25.2020112606.f00.grib2,0.0,Already_Downloaded
2020-11-26,12Z,gdas1.fnl.0p25.2020112612.f00.grib2,0.0,Already_Downloaded
2020-11-26,18Z,gdas1.fnl.0p25.2020112618.f00.grib2,0.0,Already_Downloaded
2020-11-27,00Z,gdas1.fnl.0p25.2020112700.f00.grib2,0.0,Already_Downloaded
2020-11-27,06Z,gdas1.fnl.0p25.2020112706.f00.grib2,0.0,Already_Downloaded
2020-11-27,12Z,gdas1.fnl.0p25.2020112712.f00.grib2,0.0,Already_Downloaded
2020-11-27,18Z,gdas1.fnl.0p25.2020112718.f00.grib2,0.0,Already_Downloaded
2020-11-28,00Z,gdas1.fnl.0p25.2020112800.f00.grib2,0.0,Already_Downloaded
2020-11-28,06Z,gdas1.fnl.0p25.2020112806.f00.grib2,0.0,Already_Downloaded
2020-11-28,12Z,gdas1.fnl.0p25.2020112812.f00.grib2,0.0,Already_Downloaded
2020-11-28,18Z,gdas1.fnl.0p25.2020112818.f00.grib2,0.0,Already_Downloaded
2020-11-29,00Z,gdas1.fnl.0p25.2020112900.f00.grib2,0.0,Already_Downloaded
2020-11-29,06Z,gdas1.fnl.0p25.2020112906.f00.grib2,0.0,Already_Downloaded
2020-11-29,12Z,gdas1.fnl.0p25.2020112912.f00.grib2,0.0,Already_Downloaded
2020-11-29,18Z,gdas1.fnl.0p25.2020112918.f00.grib2,0.0,Already_Downloaded
2020-11-30,00Z,gdas1.fnl.0p25.2020113000.f00.grib2,0.0,Already_Downloaded
2020-11-30,06Z,gdas1.fnl.0p25.2020113006.f00.grib2,0.0,Already_Downloaded
2020-11-30,12Z,gdas1.fnl.0p25.2020113012.f00.grib2,0.0,Already_Downloaded
2020-11-30,18Z,gdas1.fnl.0p25.2020113018.f00.grib2,0.0,Already_Downloaded
2020-12-01,00Z,gdas1.fnl.0p25.2020120100.f00.grib2,0.0,Already_Downloaded
2020-12-01,06Z,gdas1.fnl.0p25.2020120106.f00.grib2,0.0,Already_Downloaded
2020-12-01,12Z,gdas1.fnl.0p25.2020120112.f00.grib2,0.0,Already_Downloaded
2020-12-01,18Z,gdas1.fnl.0p25.2020120118.f00.grib2,0.0,Already_Downloaded
2020-12-02,00Z,gdas1.fnl.0p25.2020120200.f00.grib2,0.0,Already_Downloaded
2020-12-02,06Z,gdas1.fnl.0p25.2020120206.f00.grib2,0.0,Already_Downloaded
2020-12-02,12Z,gdas1.fnl.0p25.2020120212.f00.grib2,0.0,Already_Downloaded
2020-12-02,18Z,gdas1.fnl.0p25.2020120218.f00.grib2,0.0,Already_Downloaded
2020-12-03,00Z,gdas1.fnl.0p25.2020120300.f00.grib2,0.0,Already_Downloaded
2020-12-03,06Z,gdas1.fnl.0p25.2020120306.f00.grib2,0.0,Already_Downloaded
2020-12-03,12Z,gdas1.fnl.0p25.2020120312.f00.grib2,0.0,Already_Downloaded
2020-12-03,18Z,gdas1.fnl.0p25.2020120318.f00.grib2,0.0,Already_Downloaded
2020-12-04,00Z,gdas1.fnl.0p25.2020120400.f00.grib2,0.0,Already_Downloaded
2020-12-04,06Z,gdas1.fnl.0p25.2020120406.f00.grib2,0.0,Already_Downloaded
2020-12-04,12Z,gdas1.fnl.0p25.2020120412.f00.grib2,0.0,Already_Downloaded
2020-12-04,18Z,gdas1.fnl.0p25.2020120418.f00.grib2,0.0,Already_Downloaded
2020-12-05,00Z,gdas1.fnl.0p25.2020120500.f00.grib2,0.0,Already_Downloaded
2020-12-05,06Z,gdas1.fnl.0p25.2020120506.f00.grib2,0.0,Already_Downloaded
2020-12-05,12Z,gdas1.fnl.0p25.2020120512.f00.grib2,0.0,Already_Downloaded
2020-12-05,18Z,gdas1.fnl.0p25.2020120518.f00.grib2,0.0,Already_Downloaded
2020-12-06,00Z,gdas1.fnl.0p25.2020120600.f00.grib2,0.0,Already_Downloaded
2020-12-06,06Z,gdas1.fnl.0p25.2020120606.f00.grib2,0.0,Already_Downloaded
2020-12-06,12Z,gdas1.fnl.0p25.2020120612.f00.grib2,0.0,Already_Downloaded
2020-12-06,18Z,gdas1.fnl.0p25.2020120618.f00.grib2,0.0,Already_Downloaded
2020-12-07,00Z,gdas1.fnl.0p25.2020120700.f00.grib2,0.0,Already_Downloaded
2020-12-07,06Z,gdas1.fnl.0p25.2020120706.f00.grib2,0.0,Already_Downloaded
2020-12-07,12Z,gdas1.fnl.0p25.2020120712.f00.grib2,0.0,Already_Downloaded
2020-12-07,18Z,gdas1.fnl.0p25.2020120718.f00.grib2,0.0,Already_Downloaded
2020-12-08,00Z,gdas1.fnl.0p25.2020120800.f00.grib2,0.0,Already_Downloaded
2020-12-08,06Z,gdas1.fnl.0p25.2020120806.f00.grib2,0.0,Already_Downloaded
2020-12-08,12Z,gdas1.fnl.0p25.2020120812.f00.grib2,0.0,Already_Downloaded
2020-12-08,18Z,gdas1.fnl.0p25.2020120818.f00.grib2,0.0,Already_Downloaded
2020-12-09,00Z,gdas1.fnl.0p25.2020120900.f00.grib2,0.0,Already_Downloaded
2020-12-09,06Z,gdas1.fnl.0p25.2020120906.f00.grib2,0.0,Already_Downloaded
2020-12-09,12Z,gdas1.fnl.0p25.2020120912.f00.grib2,0.0,Already_Downloaded
2020-12-09,18Z,gdas1.fnl.0p25.2020120918.f00.grib2,0.0,Already_Downloaded
2020-12-10,00Z,gdas1.fnl.0p25.2020121000.f00.grib2,0.0,Already_Downloaded
2020-12-10,06Z,gdas1.fnl.0p25.2020121006.f00.grib2,0.0,Already_Downloaded
2020-12-10,12Z,gdas1.fnl.0p25.2020121012.f00.grib2,0.0,Already_Downloaded
2020-12-10,18Z,gdas1.fnl.0p25.2020121018.f00.grib2,0.0,Already_Downloaded
2020-12-11,00Z,gdas1.fnl.0p25.2020121100.f00.grib2,0.0,Already_Downloaded
2020-12-11,06Z,gdas1.fnl.0p25.2020121106.f00.grib2,0.0,Already_Downloaded
2020-12-11,12Z,gdas1.fnl.0p25.2020121112.f00.grib2,0.0,Already_Downloaded
2020-12-11,18Z,gdas1.fnl.0p25.2020121118.f00.grib2,0.0,Already_Downloaded
2020-12-12,00Z,gdas1.fnl.0p25.2020121200.f00.grib2,0.0,Already_Downloaded
2020-12-12,06Z,gdas1.fnl.0p25.2020121206.f00.grib2,0.0,Already_Downloaded
2020-12-12,12Z,gdas1.fnl.0p25.2020121212.f00.grib2,0.0,Already_Downloaded
2020-12-12,18Z,gdas1.fnl.0p25.2020121218.f00.grib2,0.0,Already_Downloaded
2020-12-13,00Z,gdas1.fnl.0p25.2020121300.f00.grib2,0.0,Already_Downloaded
2020-12-13,06Z,gdas1.fnl.0p25.2020121306.f00.grib2,0.0,Already_Downloaded
2020-12-13,12Z,gdas1.fnl.0p25.2020121312.f00.grib2,0.0,Already_Downloaded
2020-12-13,18Z,gdas1.fnl.0p25.2020121318.f00.grib2,0.0,Already_Downloaded
2020-12-14,00Z,gdas1.fnl.0p25.2020121400.f00.grib2,0.0,Already_Downloaded
2020-12-14,06Z,gdas1.fnl.0p25.2020121406.f00.grib2,0.0,Already_Downloaded
2020-12-14,12Z,gdas1.fnl.0p25.2020121412.f00.grib2,0.0,Already_Downloaded
2020-12-14,18Z,gdas1.fnl.0p25.2020121418.f00.grib2,0.0,Already_Downloaded
2020-12-15,00Z,gdas1.fnl.0p25.2020121500.f00.grib2,0.0,Already_Downloaded
2020-12-15,06Z,gdas1.fnl.0p25.2020121506.f00.grib2,0.0,Already_Downloaded
2020-12-15,12Z,gdas1.fnl.0p25.2020121512.f00.grib2,0.0,Already_Downloaded
2020-12-15,18Z,gdas1.fnl.0p25.2020121518.f00.grib2,0.0,Already_Downloaded
2020-12-16,00Z,gdas1.fnl.0p25.2020121600.f00.grib2,0.0,Already_Downloaded
2020-12-16,06Z,gdas1.fnl.0p25.2020121606.f00.grib2,0.0,Already_Downloaded
2020-12-16,12Z,gdas1.fnl.0p25.2020121612.f00.grib2,0.0,Already_Downloaded
2020-12-16,18Z,gdas1.fnl.0p25.2020121618.f00.grib2,0.0,Already_Downloaded
2020-12-17,00Z,gdas1.fnl.0p25.2020121700.f00.grib2,0.0,Already_Downloaded
2020-12-17,06Z,gdas1.fnl.0p25.2020121706.f00.grib2,0.0,Already_Downloaded
2020-12-17,12Z,gdas1.fnl.0p25.2020121712.f00.grib2,0.0,Already_Downloaded
2020-12-17,18Z,gdas1.fnl.0p25.2020121718.f00.grib2,0.0,Already_Downloaded
2020-12-18,00Z,gdas1.fnl.0p25.2020121800.f00.grib2,0.0,Already_Downloaded
2020-12-18,06Z,gdas1.fnl.0p25.2020121806.f00.grib2,0.0,Already_Downloaded
2020-12-18,12Z,gdas1.fnl.0p25.2020121812.f00.grib2,0.0,Already_Downloaded
2020-12-18,18Z,gdas1.fnl.0p25.2020121818.f00.grib2,0.0,Already_Downloaded
2020-12-19,00Z,gdas1.fnl.0p25.2020121900.f00.grib2,0.0,Already_Downloaded
2020-12-19,06Z,gdas1.fnl.0p25.2020121906.f00.grib2,0.0,Already_Downloaded
2020-12-19,12Z,gdas1.fnl.0p25.2020121912.f00.grib2,0.0,Already_Downloaded
2020-12-19,18Z,gdas1.fnl.0p25.2020121918.f00.grib2,0.0,Already_Downloaded
2020-12-20,00Z,gdas1.fnl.0p25.2020122000.f00.grib2,0.0,Already_Downloaded
2020-12-20,06Z,gdas1.fnl.0p25.2020122006.f00.grib2,0.0,Already_Downloaded
2020-12-20,12Z,gdas1.fnl.0p25.2020122012.f00.grib2,0.0,Already_Downloaded
2020-12-20,18Z,gdas1.fnl.0p25.2020122018.f00.grib2,0.0,Already_Downloaded
2020-12-21,00Z,gdas1.fnl.0p25.2020122100.f00.grib2,0.0,Already_Downloaded
2020-12-21,06Z,gdas1.fnl.0p25.2020122106.f00.grib2,0.0,Already_Downloaded
2020-12-21,12Z,gdas1.fnl.0p25.2020122112.f00.grib2,0.0,Already_Downloaded
2020-12-21,18Z,gdas1.fnl.0p25.2020122118.f00.grib2,0.0,Already_Downloaded
2020-12-22,00Z,gdas1.fnl.0p25.2020122200.f00.grib2,0.0,Already_Downloaded
2020-12-22,06Z,gdas1.fnl.0p25.2020122206.f00.grib2,0.0,Already_Downloaded
2020-12-22,12Z,gdas1.fnl.0p25.2020122212.f00.grib2,0.0,Already_Downloaded
2020-12-22,18Z,gdas1.fnl.0p25.2020122218.f00.grib2,0.0,Already_Downloaded
2020-12-23,00Z,gdas1.fnl.0p25.2020122300.f00.grib2,0.0,Already_Downloaded
2020-12-23,06Z,gdas1.fnl.0p25.2020122306.f00.grib2,0.0,Already_Downloaded
2020-12-23,12Z,gdas1.fnl.0p25.2020122312.f00.grib2,0.0,Already_Downloaded
2020-12-23,18Z,gdas1.fnl.0p25.2020122318.f00.grib2,0.0,Already_Downloaded
2020-12-24,00Z,gdas1.fnl.0p25.2020122400.f00.grib2,0.0,Already_Downloaded
2020-12-24,06Z,gdas1.fnl.0p25.2020122406.f00.grib2,0.0,Already_Downloaded
2020-12-24,12Z,gdas1.fnl.0p25.2020122412.f00.grib2,0.0,Already_Downloaded
2020-12-24,18Z,gdas1.fnl.0p25.2020122418.f00.grib2,0.0,Already_Downloaded
2020-12-25,00Z,gdas1.fnl.0p25.2020122500.f00.grib2,0.0,Already_Downloaded
2020-12-25,06Z,gdas1.fnl.0p25.2020122506.f00.grib2,0.0,Already_Downloaded
2020-12-25,12Z,gdas1.fnl.0p25.2020122512.f00.grib2,0.0,Already_Downloaded
2020-12-25,18Z,gdas1.fnl.0p25.2020122518.f00.grib2,0.0,Already_Downloaded
2020-12-26,00Z,gdas1.fnl.0p25.2020122600.f00.grib2,0.0,Already_Downloaded
2020-12-26,06Z,gdas1.fnl.0p25.2020122606.f00.grib2,0.0,Already_Downloaded
2020-12-26,12Z,gdas1.fnl.0p25.2020122612.f00.grib2,0.0,Already_Downloaded
2020-12-26,18Z,gdas1.fnl.0p25.2020122618.f00.grib2,0.0,Already_Downloaded
2020-12-27,00Z,gdas1.fnl.0p25.2020122700.f00.grib2,0.0,Already_Downloaded
2020-12-27,06Z,gdas1.fnl.0p25.2020122706.f00.grib2,0.0,Already_Downloaded
2020-12-27,12Z,gdas1.fnl.0p25.2020122712.f00.grib2,0.0,Already_Downloaded
2020-12-27,18Z,gdas1.fnl.0p25.2020122718.f00.grib2,0.0,Already_Downloaded
2020-12-28,00Z,gdas1.fnl.0p25.2020122800.f00.grib2,0.0,Already_Downloaded
2020-12-28,06Z,gdas1.fnl.0p25.2020122806.f00.grib2,0.0,Already_Downloaded
2020-12-28,12Z,gdas1.fnl.0p25.2020122812.f00.grib2,0.0,Already_Downloaded
2020-12-28,18Z,gdas1.fnl.0p25.2020122818.f00.grib2,0.0,Already_Downloaded
2020-12-29,00Z,gdas1.fnl.0p25.2020122900.f00.grib2,0.0,Already_Downloaded
2020-12-29,06Z,gdas1.fnl.0p25.2020122906.f00.grib2,0.0,Already_Downloaded
2020-12-29,12Z,gdas1.fnl.0p25.2020122912.f00.grib2,0.0,Already_Downloaded
2020-12-29,18Z,gdas1.fnl.0p25.2020122918.f00.grib2,0.0,Already_Downloaded
2020-12-30,00Z,gdas1.fnl.0p25.2020123000.f00.grib2,0.0,Already_Downloaded
2020-12-30,06Z,gdas1.fnl.0p25.2020123006.f00.grib2,0.0,Already_Downloaded
2020-12-30,12Z,gdas1.fnl.0p25.2020123012.f00.grib2,0.0,Already_Downloaded
2020-12-30,18Z,gdas1.fnl.0p25.2020123018.f00.grib2,0.0,Already_Downloaded
2020-12-31,00Z,gdas1.fnl.0p25.2020123100.f00.grib2,0.0,Already_Downloaded
2020-12-31,06Z,gdas1.fnl.0p25.2020123106.f00.grib2,0.0,Already_Downloaded
2020-12-31,12Z,gdas1.fnl.0p25.2020123112.f00.grib2,0.0,Already_Downloaded
2020-12-31,18Z,gdas1.fnl.0p25.2020123118.f00.grib2,0.0,Already_Downloaded
