date,file_name,product,version,file_size_mb,status
2015-03-31,SMAP_L3_SM_P_E_20150331_R19240_001.h5,SPL3SMP_E,006,239.99,Downloaded
2015-04-01,SMAP_L3_SM_P_E_20150401_R19240_001.h5,SPL3SMP_E,006,633.63,Downloaded
2015-04-02,SMAP_L3_SM_P_E_20150402_R19240_001.h5,SPL3SMP_E,006,655.39,Downloaded
2015-04-03,SMAP_L3_SM_P_E_20150403_R19240_001.h5,SPL3SMP_E,006,542.42,Downloaded
2015-04-04,SMAP_L3_SM_P_E_20150404_R19240_001.h5,SPL3SMP_E,006,646.56,Downloaded
2015-04-05,SMAP_L3_SM_P_E_20150405_R19240_001.h5,SPL3SMP_E,006,650.15,Downloaded
2015-04-06,SMAP_L3_SM_P_E_20150406_R19240_001.h5,SPL3SMP_E,006,644.36,Downloaded
2015-04-07,SMAP_L3_SM_P_E_20150407_R19240_001.h5,SPL3SMP_E,006,655.89,Downloaded
2015-04-08,SMAP_L3_SM_P_E_20150408_R19240_001.h5,SPL3SMP_E,006,640.09,Downloaded
2015-04-09,SMAP_L3_SM_P_E_20150409_R19240_001.h5,SPL3SMP_E,006,651.76,Downloaded
2015-04-10,SMAP_L3_SM_P_E_20150410_R19240_001.h5,SPL3SMP_E,006,657.54,Downloaded
2015-04-11,SMAP_L3_SM_P_E_20150411_R19240_001.h5,SPL3SMP_E,006,651.27,Downloaded
2015-04-12,SMAP_L3_SM_P_E_20150412_R19240_001.h5,SPL3SMP_E,006,652.82,Downloaded
2015-04-13,SMAP_L3_SM_P_E_20150413_R19240_001.h5,SPL3SMP_E,006,625.09,Downloaded
2015-04-14,SMAP_L3_SM_P_E_20150414_R19240_001.h5,SPL3SMP_E,006,641.89,Downloaded
2015-04-15,SMAP_L3_SM_P_E_20150415_R19240_001.h5,SPL3SMP_E,006,643.89,Downloaded
2015-04-16,SMAP_L3_SM_P_E_20150416_R19240_001.h5,SPL3SMP_E,006,633.5,Downloaded
2015-04-17,SMAP_L3_SM_P_E_20150417_R19240_001.h5,SPL3SMP_E,006,616.58,Downloaded
2015-04-18,SMAP_L3_SM_P_E_20150418_R19240_001.h5,SPL3SMP_E,006,629.36,Downloaded
2015-04-19,SMAP_L3_SM_P_E_20150419_R19240_001.h5,SPL3SMP_E,006,653.96,Downloaded
2015-04-20,SMAP_L3_SM_P_E_20150420_R19240_001.h5,SPL3SMP_E,006,632.77,Downloaded
2015-04-21,SMAP_L3_SM_P_E_20150421_R19240_001.h5,SPL3SMP_E,006,645.52,Downloaded
2015-04-22,SMAP_L3_SM_P_E_20150422_R19240_001.h5,SPL3SMP_E,006,589.51,Downloaded
2015-04-23,SMAP_L3_SM_P_E_20150423_R19240_001.h5,SPL3SMP_E,006,654.7,Downloaded
2015-04-24,SMAP_L3_SM_P_E_20150424_R19240_001.h5,SPL3SMP_E,006,592.34,Downloaded
2015-04-25,SMAP_L3_SM_P_E_20150425_R19240_001.h5,SPL3SMP_E,006,633.76,Downloaded
2015-04-26,SMAP_L3_SM_P_E_20150426_R19240_001.h5,SPL3SMP_E,006,657.26,Downloaded
2015-04-27,SMAP_L3_SM_P_E_20150427_R19240_001.h5,SPL3SMP_E,006,648.53,Downloaded
2015-04-28,SMAP_L3_SM_P_E_20150428_R19240_001.h5,SPL3SMP_E,006,650.68,Downloaded
2015-04-29,SMAP_L3_SM_P_E_20150429_R19240_001.h5,SPL3SMP_E,006,644.09,Downloaded
2015-04-30,SMAP_L3_SM_P_E_20150430_R19240_001.h5,SPL3SMP_E,006,618.52,Downloaded
2015-05-01,SMAP_L3_SM_P_E_20150501_R19240_001.h5,SPL3SMP_E,006,649.26,Downloaded
2015-05-02,SMAP_L3_SM_P_E_20150502_R19240_001.h5,SPL3SMP_E,006,607.31,Downloaded
2015-05-03,SMAP_L3_SM_P_E_20150503_R19240_001.h5,SPL3SMP_E,006,638.71,Downloaded
2015-05-04,SMAP_L3_SM_P_E_20150504_R19240_001.h5,SPL3SMP_E,006,621.05,Downloaded
2015-05-05,SMAP_L3_SM_P_E_20150505_R19240_001.h5,SPL3SMP_E,006,647.47,Downloaded
2015-05-06,SMAP_L3_SM_P_E_20150506_R19240_001.h5,SPL3SMP_E,006,635.14,Downloaded
2015-05-07,SMAP_L3_SM_P_E_20150507_R19240_001.h5,SPL3SMP_E,006,652.01,Downloaded
2015-05-08,SMAP_L3_SM_P_E_20150508_R19240_001.h5,SPL3SMP_E,006,649.58,Downloaded
2015-05-09,SMAP_L3_SM_P_E_20150509_R19240_001.h5,SPL3SMP_E,006,663.96,Downloaded
2015-05-10,SMAP_L3_SM_P_E_20150510_R19240_001.h5,SPL3SMP_E,006,621.99,Downloaded
2015-05-11,SMAP_L3_SM_P_E_20150511_R19240_001.h5,SPL3SMP_E,006,657.11,Downloaded
2015-05-12,SMAP_L3_SM_P_E_20150512_R19240_001.h5,SPL3SMP_E,006,298.0,Downloaded
2015-05-14,SMAP_L3_SM_P_E_20150514_R19240_001.h5,SPL3SMP_E,006,198.74,Downloaded
2015-05-15,SMAP_L3_SM_P_E_20150515_R19240_001.h5,SPL3SMP_E,006,595.67,Downloaded
2015-05-16,SMAP_L3_SM_P_E_20150516_R19240_001.h5,SPL3SMP_E,006,651.86,Downloaded
2015-05-17,SMAP_L3_SM_P_E_20150517_R19240_001.h5,SPL3SMP_E,006,644.37,Downloaded
2015-05-18,SMAP_L3_SM_P_E_20150518_R19240_001.h5,SPL3SMP_E,006,627.24,Downloaded
2015-05-19,SMAP_L3_SM_P_E_20150519_R19240_001.h5,SPL3SMP_E,006,660.19,Downloaded
2015-05-20,SMAP_L3_SM_P_E_20150520_R19240_001.h5,SPL3SMP_E,006,646.72,Downloaded
2015-05-21,SMAP_L3_SM_P_E_20150521_R19240_001.h5,SPL3SMP_E,006,655.73,Downloaded
2015-05-22,SMAP_L3_SM_P_E_20150522_R19240_001.h5,SPL3SMP_E,006,659.43,Downloaded
2015-05-23,SMAP_L3_SM_P_E_20150523_R19240_001.h5,SPL3SMP_E,006,661.79,Downloaded
2015-05-24,SMAP_L3_SM_P_E_20150524_R19240_001.h5,SPL3SMP_E,006,654.72,Downloaded
2015-05-25,SMAP_L3_SM_P_E_20150525_R19240_001.h5,SPL3SMP_E,006,669.79,Downloaded
2015-05-26,SMAP_L3_SM_P_E_20150526_R19240_001.h5,SPL3SMP_E,006,649.83,Downloaded
2015-05-27,SMAP_L3_SM_P_E_20150527_R19240_001.h5,SPL3SMP_E,006,657.37,Downloaded
2015-05-28,SMAP_L3_SM_P_E_20150528_R19240_001.h5,SPL3SMP_E,006,628.71,Downloaded
2015-05-29,SMAP_L3_SM_P_E_20150529_R19240_001.h5,SPL3SMP_E,006,622.9,Downloaded
2015-05-30,SMAP_L3_SM_P_E_20150530_R19240_001.h5,SPL3SMP_E,006,661.5,Downloaded
2015-05-31,SMAP_L3_SM_P_E_20150531_R19240_001.h5,SPL3SMP_E,006,632.32,Downloaded
2015-06-01,SMAP_L3_SM_P_E_20150601_R19240_001.h5,SPL3SMP_E,006,594.72,Downloaded
2015-06-02,SMAP_L3_SM_P_E_20150602_R19240_001.h5,SPL3SMP_E,006,625.25,Downloaded
2015-06-03,SMAP_L3_SM_P_E_20150603_R19240_001.h5,SPL3SMP_E,006,542.67,Downloaded
2015-06-04,SMAP_L3_SM_P_E_20150604_R19240_001.h5,SPL3SMP_E,006,600.91,Downloaded
2015-06-05,SMAP_L3_SM_P_E_20150605_R19240_001.h5,SPL3SMP_E,006,671.33,Downloaded
2015-06-06,SMAP_L3_SM_P_E_20150606_R19240_001.h5,SPL3SMP_E,006,639.42,Downloaded
2015-06-07,SMAP_L3_SM_P_E_20150607_R19240_001.h5,SPL3SMP_E,006,665.29,Downloaded
2015-06-08,SMAP_L3_SM_P_E_20150608_R19240_001.h5,SPL3SMP_E,006,667.57,Downloaded
2015-06-09,SMAP_L3_SM_P_E_20150609_R19240_001.h5,SPL3SMP_E,006,644.89,Downloaded
2015-06-10,SMAP_L3_SM_P_E_20150610_R19240_001.h5,SPL3SMP_E,006,675.43,Downloaded
2015-06-11,SMAP_L3_SM_P_E_20150611_R19240_001.h5,SPL3SMP_E,006,618.51,Downloaded
2015-06-12,SMAP_L3_SM_P_E_20150612_R19240_001.h5,SPL3SMP_E,006,645.68,Downloaded
2015-06-13,SMAP_L3_SM_P_E_20150613_R19240_001.h5,SPL3SMP_E,006,589.71,Downloaded
2015-06-14,SMAP_L3_SM_P_E_20150614_R19240_001.h5,SPL3SMP_E,006,647.47,Downloaded
2015-06-15,SMAP_L3_SM_P_E_20150615_R19240_001.h5,SPL3SMP_E,006,527.16,Downloaded
2015-06-16,SMAP_L3_SM_P_E_20150616_R19240_001.h5,SPL3SMP_E,006,372.77,Downloaded
2015-06-17,SMAP_L3_SM_P_E_20150617_R19240_001.h5,SPL3SMP_E,006,151.73,Downloaded
2015-06-18,SMAP_L3_SM_P_E_20150618_R19240_001.h5,SPL3SMP_E,006,290.35,Downloaded
2015-06-19,SMAP_L3_SM_P_E_20150619_R19240_001.h5,SPL3SMP_E,006,588.66,Downloaded
2015-06-20,SMAP_L3_SM_P_E_20150620_R19240_001.h5,SPL3SMP_E,006,417.28,Downloaded
2015-06-21,SMAP_L3_SM_P_E_20150621_R19240_001.h5,SPL3SMP_E,006,655.34,Downloaded
2015-06-22,SMAP_L3_SM_P_E_20150622_R19240_001.h5,SPL3SMP_E,006,484.33,Downloaded
2015-06-23,SMAP_L3_SM_P_E_20150623_R19240_001.h5,SPL3SMP_E,006,628.32,Downloaded
2015-06-24,SMAP_L3_SM_P_E_20150624_R19240_001.h5,SPL3SMP_E,006,533.42,Downloaded
2015-06-25,SMAP_L3_SM_P_E_20150625_R19240_001.h5,SPL3SMP_E,006,542.2,Downloaded
2015-06-26,SMAP_L3_SM_P_E_20150626_R19240_001.h5,SPL3SMP_E,006,533.64,Downloaded
2015-06-27,SMAP_L3_SM_P_E_20150627_R19240_001.h5,SPL3SMP_E,006,656.97,Downloaded
2015-06-28,SMAP_L3_SM_P_E_20150628_R19240_001.h5,SPL3SMP_E,006,669.7,Downloaded
2015-06-29,SMAP_L3_SM_P_E_20150629_R19240_001.h5,SPL3SMP_E,006,675.6,Downloaded
2015-06-30,SMAP_L3_SM_P_E_20150630_R19240_001.h5,SPL3SMP_E,006,659.73,Downloaded
2015-07-01,SMAP_L3_SM_P_E_20150701_R19240_001.h5,SPL3SMP_E,006,667.53,Downloaded
2015-07-02,SMAP_L3_SM_P_E_20150702_R19240_001.h5,SPL3SMP_E,006,671.08,Downloaded
2015-07-03,SMAP_L3_SM_P_E_20150703_R19240_001.h5,SPL3SMP_E,006,662.23,Downloaded
2015-07-04,SMAP_L3_SM_P_E_20150704_R19240_001.h5,SPL3SMP_E,006,677.4,Downloaded
2015-07-05,SMAP_L3_SM_P_E_20150705_R19240_001.h5,SPL3SMP_E,006,648.61,Downloaded
2015-07-06,SMAP_L3_SM_P_E_20150706_R19240_001.h5,SPL3SMP_E,006,668.71,Downloaded
2015-07-07,SMAP_L3_SM_P_E_20150707_R19240_001.h5,SPL3SMP_E,006,641.48,Downloaded
2015-07-08,SMAP_L3_SM_P_E_20150708_R19240_001.h5,SPL3SMP_E,006,657.51,Downloaded
2015-07-09,SMAP_L3_SM_P_E_20150709_R19240_001.h5,SPL3SMP_E,006,667.69,Downloaded
2015-07-10,SMAP_L3_SM_P_E_20150710_R19240_001.h5,SPL3SMP_E,006,671.17,Downloaded
2015-07-11,SMAP_L3_SM_P_E_20150711_R19240_001.h5,SPL3SMP_E,006,630.19,Downloaded
2015-07-12,SMAP_L3_SM_P_E_20150712_R19240_001.h5,SPL3SMP_E,006,637.37,Downloaded
2015-07-13,SMAP_L3_SM_P_E_20150713_R19240_001.h5,SPL3SMP_E,006,550.79,Downloaded
2015-07-14,SMAP_L3_SM_P_E_20150714_R19240_001.h5,SPL3SMP_E,006,538.61,Downloaded
2015-07-15,SMAP_L3_SM_P_E_20150715_R19240_001.h5,SPL3SMP_E,006,665.81,Downloaded
2015-07-16,SMAP_L3_SM_P_E_20150716_R19240_001.h5,SPL3SMP_E,006,624.35,Downloaded
2015-07-17,SMAP_L3_SM_P_E_20150717_R19240_001.h5,SPL3SMP_E,006,667.7,Downloaded
2015-07-18,SMAP_L3_SM_P_E_20150718_R19240_001.h5,SPL3SMP_E,006,671.78,Downloaded
2015-07-19,SMAP_L3_SM_P_E_20150719_R19240_001.h5,SPL3SMP_E,006,662.19,Downloaded
2015-07-20,SMAP_L3_SM_P_E_20150720_R19240_001.h5,SPL3SMP_E,006,677.26,Downloaded
2015-07-21,SMAP_L3_SM_P_E_20150721_R19240_001.h5,SPL3SMP_E,006,657.9,Downloaded
2015-07-22,SMAP_L3_SM_P_E_20150722_R19240_001.h5,SPL3SMP_E,006,669.55,Downloaded
2015-07-23,SMAP_L3_SM_P_E_20150723_R19240_001.h5,SPL3SMP_E,006,622.74,Downloaded
2015-07-24,SMAP_L3_SM_P_E_20150724_R19240_001.h5,SPL3SMP_E,006,665.03,Downloaded
2015-07-25,SMAP_L3_SM_P_E_20150725_R19240_001.h5,SPL3SMP_E,006,631.78,Downloaded
2015-07-26,SMAP_L3_SM_P_E_20150726_R19240_001.h5,SPL3SMP_E,006,661.11,Downloaded
2015-07-27,SMAP_L3_SM_P_E_20150727_R19240_001.h5,SPL3SMP_E,006,531.94,Downloaded
2015-07-28,SMAP_L3_SM_P_E_20150728_R19240_001.h5,SPL3SMP_E,006,504.84,Downloaded
2015-07-29,SMAP_L3_SM_P_E_20150729_R19240_001.h5,SPL3SMP_E,006,475.2,Downloaded
2015-07-30,SMAP_L3_SM_P_E_20150730_R19240_001.h5,SPL3SMP_E,006,624.64,Downloaded
2015-07-31,SMAP_L3_SM_P_E_20150731_R19240_001.h5,SPL3SMP_E,006,538.28,Downloaded
2015-08-01,SMAP_L3_SM_P_E_20150801_R19240_001.h5,SPL3SMP_E,006,618.06,Downloaded
2015-08-02,SMAP_L3_SM_P_E_20150802_R19240_001.h5,SPL3SMP_E,006,621.62,Downloaded
2015-08-03,SMAP_L3_SM_P_E_20150803_R19240_001.h5,SPL3SMP_E,006,660.16,Downloaded
2015-08-04,SMAP_L3_SM_P_E_20150804_R19240_001.h5,SPL3SMP_E,006,592.37,Downloaded
2015-08-05,SMAP_L3_SM_P_E_20150805_R19240_001.h5,SPL3SMP_E,006,676.78,Downloaded
2015-08-06,SMAP_L3_SM_P_E_20150806_R19240_001.h5,SPL3SMP_E,006,614.83,Downloaded
2015-08-07,SMAP_L3_SM_P_E_20150807_R19240_001.h5,SPL3SMP_E,006,670.01,Downloaded
2015-08-08,SMAP_L3_SM_P_E_20150808_R19240_001.h5,SPL3SMP_E,006,576.12,Downloaded
2015-08-09,SMAP_L3_SM_P_E_20150809_R19240_001.h5,SPL3SMP_E,006,627.56,Downloaded
2015-08-10,SMAP_L3_SM_P_E_20150810_R19240_001.h5,SPL3SMP_E,006,558.11,Downloaded
2015-08-11,SMAP_L3_SM_P_E_20150811_R19240_001.h5,SPL3SMP_E,006,594.38,Downloaded
2015-08-12,SMAP_L3_SM_P_E_20150812_R19240_001.h5,SPL3SMP_E,006,523.62,Downloaded
2015-08-13,SMAP_L3_SM_P_E_20150813_R19240_001.h5,SPL3SMP_E,006,622.62,Downloaded
2015-08-14,SMAP_L3_SM_P_E_20150814_R19240_001.h5,SPL3SMP_E,006,591.19,Downloaded
2015-08-15,SMAP_L3_SM_P_E_20150815_R19240_001.h5,SPL3SMP_E,006,669.99,Downloaded
2015-08-16,SMAP_L3_SM_P_E_20150816_R19240_001.h5,SPL3SMP_E,006,652.89,Downloaded
2015-08-17,SMAP_L3_SM_P_E_20150817_R19240_001.h5,SPL3SMP_E,006,664.12,Downloaded
2015-08-18,SMAP_L3_SM_P_E_20150818_R19240_001.h5,SPL3SMP_E,006,667.54,Downloaded
2015-08-19,SMAP_L3_SM_P_E_20150819_R19240_001.h5,SPL3SMP_E,006,671.07,Downloaded
2015-08-20,SMAP_L3_SM_P_E_20150820_R19240_001.h5,SPL3SMP_E,006,571.97,Downloaded
2015-08-21,SMAP_L3_SM_P_E_20150821_R19240_001.h5,SPL3SMP_E,006,660.62,Downloaded
2015-08-22,SMAP_L3_SM_P_E_20150822_R19240_001.h5,SPL3SMP_E,006,657.08,Downloaded
2015-08-23,SMAP_L3_SM_P_E_20150823_R19240_001.h5,SPL3SMP_E,006,669.97,Downloaded
2015-08-24,SMAP_L3_SM_P_E_20150824_R19240_001.h5,SPL3SMP_E,006,538.27,Downloaded
2015-08-25,SMAP_L3_SM_P_E_20150825_R19240_001.h5,SPL3SMP_E,006,664.41,Downloaded
2015-08-26,SMAP_L3_SM_P_E_20150826_R19240_001.h5,SPL3SMP_E,006,668.04,Downloaded
2015-08-27,SMAP_L3_SM_P_E_20150827_R19240_001.h5,SPL3SMP_E,006,671.12,Downloaded
2015-08-28,SMAP_L3_SM_P_E_20150828_R19240_001.h5,SPL3SMP_E,006,662.39,Downloaded
2015-08-29,SMAP_L3_SM_P_E_20150829_R19240_001.h5,SPL3SMP_E,006,641.52,Downloaded
2015-08-30,SMAP_L3_SM_P_E_20150830_R19240_001.h5,SPL3SMP_E,006,657.73,Downloaded
2015-08-31,SMAP_L3_SM_P_E_20150831_R19240_001.h5,SPL3SMP_E,006,670.53,Downloaded
2015-09-01,SMAP_L3_SM_P_E_20150901_R19240_001.h5,SPL3SMP_E,006,675.94,Downloaded
2015-09-02,SMAP_L3_SM_P_E_20150902_R19240_001.h5,SPL3SMP_E,006,664.9,Downloaded
2015-09-03,SMAP_L3_SM_P_E_20150903_R19240_001.h5,SPL3SMP_E,006,668.47,Downloaded
2015-09-04,SMAP_L3_SM_P_E_20150904_R19240_001.h5,SPL3SMP_E,006,642.34,Downloaded
2015-09-05,SMAP_L3_SM_P_E_20150905_R19240_001.h5,SPL3SMP_E,006,662.86,Downloaded
2015-09-06,SMAP_L3_SM_P_E_20150906_R19240_001.h5,SPL3SMP_E,006,672.57,Downloaded
2015-09-07,SMAP_L3_SM_P_E_20150907_R19240_001.h5,SPL3SMP_E,006,646.42,Downloaded
2015-09-08,SMAP_L3_SM_P_E_20150908_R19240_001.h5,SPL3SMP_E,006,651.44,Downloaded
2015-09-09,SMAP_L3_SM_P_E_20150909_R19240_001.h5,SPL3SMP_E,006,676.28,Downloaded
2015-09-10,SMAP_L3_SM_P_E_20150910_R19240_001.h5,SPL3SMP_E,006,633.77,Downloaded
2015-09-11,SMAP_L3_SM_P_E_20150911_R19240_001.h5,SPL3SMP_E,006,632.34,Downloaded
2015-09-12,SMAP_L3_SM_P_E_20150912_R19240_001.h5,SPL3SMP_E,006,671.32,Downloaded
2015-09-13,SMAP_L3_SM_P_E_20150913_R19240_001.h5,SPL3SMP_E,006,662.69,Downloaded
2015-09-14,SMAP_L3_SM_P_E_20150914_R19240_001.h5,SPL3SMP_E,006,677.92,Downloaded
2015-09-15,SMAP_L3_SM_P_E_20150915_R19240_001.h5,SPL3SMP_E,006,657.3,Downloaded
2015-09-16,SMAP_L3_SM_P_E_20150916_R19240_001.h5,SPL3SMP_E,006,670.24,Downloaded
2015-09-17,SMAP_L3_SM_P_E_20150917_R19240_001.h5,SPL3SMP_E,006,664.8,Downloaded
2015-09-18,SMAP_L3_SM_P_E_20150918_R19240_001.h5,SPL3SMP_E,006,664.28,Downloaded
2015-09-19,SMAP_L3_SM_P_E_20150919_R19240_001.h5,SPL3SMP_E,006,668.16,Downloaded
2015-09-20,SMAP_L3_SM_P_E_20150920_R19240_001.h5,SPL3SMP_E,006,657.03,Downloaded
2015-09-21,SMAP_L3_SM_P_E_20150921_R19240_001.h5,SPL3SMP_E,006,662.06,Downloaded
2015-09-22,SMAP_L3_SM_P_E_20150922_R19240_001.h5,SPL3SMP_E,006,677.27,Downloaded
2015-09-23,SMAP_L3_SM_P_E_20150923_R19240_001.h5,SPL3SMP_E,006,618.3,Downloaded
2015-09-24,SMAP_L3_SM_P_E_20150924_R19240_001.h5,SPL3SMP_E,006,645.58,Downloaded
2015-09-25,SMAP_L3_SM_P_E_20150925_R19240_001.h5,SPL3SMP_E,006,634.15,Downloaded
2015-09-26,SMAP_L3_SM_P_E_20150926_R19240_001.h5,SPL3SMP_E,006,531.38,Downloaded
2015-09-27,SMAP_L3_SM_P_E_20150927_R19240_001.h5,SPL3SMP_E,006,665.65,Downloaded
2015-09-28,SMAP_L3_SM_P_E_20150928_R19240_001.h5,SPL3SMP_E,006,667.13,Downloaded
2015-09-29,SMAP_L3_SM_P_E_20150929_R19240_001.h5,SPL3SMP_E,006,615.15,Downloaded
2015-09-30,SMAP_L3_SM_P_E_20150930_R19240_001.h5,SPL3SMP_E,006,636.01,Downloaded
2015-10-01,SMAP_L3_SM_P_E_20151001_R19240_001.h5,SPL3SMP_E,006,632.02,Downloaded
2015-10-02,SMAP_L3_SM_P_E_20151002_R19240_001.h5,SPL3SMP_E,006,617.27,Downloaded
2015-10-03,SMAP_L3_SM_P_E_20151003_R19240_001.h5,SPL3SMP_E,006,654.99,Downloaded
2015-10-04,SMAP_L3_SM_P_E_20151004_R19240_001.h5,SPL3SMP_E,006,540.5,Downloaded
2015-10-05,SMAP_L3_SM_P_E_20151005_R19240_001.h5,SPL3SMP_E,006,617.43,Downloaded
2015-10-06,SMAP_L3_SM_P_E_20151006_R19240_001.h5,SPL3SMP_E,006,662.92,Downloaded
2015-10-07,SMAP_L3_SM_P_E_20151007_R19240_001.h5,SPL3SMP_E,006,621.27,Downloaded
2015-10-08,SMAP_L3_SM_P_E_20151008_R19240_001.h5,SPL3SMP_E,006,638.31,Downloaded
2015-10-09,SMAP_L3_SM_P_E_20151009_R19240_001.h5,SPL3SMP_E,006,604.05,Downloaded
2015-10-10,SMAP_L3_SM_P_E_20151010_R19240_001.h5,SPL3SMP_E,006,635.18,Downloaded
2015-10-11,SMAP_L3_SM_P_E_20151011_R19240_001.h5,SPL3SMP_E,006,587.25,Downloaded
2015-10-12,SMAP_L3_SM_P_E_20151012_R19240_001.h5,SPL3SMP_E,006,575.18,Downloaded
2015-10-13,SMAP_L3_SM_P_E_20151013_R19240_001.h5,SPL3SMP_E,006,596.53,Downloaded
2015-10-14,SMAP_L3_SM_P_E_20151014_R19240_001.h5,SPL3SMP_E,006,623.62,Downloaded
2015-10-15,SMAP_L3_SM_P_E_20151015_R19240_001.h5,SPL3SMP_E,006,632.08,Downloaded
2015-10-16,SMAP_L3_SM_P_E_20151016_R19240_001.h5,SPL3SMP_E,006,665.75,Downloaded
2015-10-17,SMAP_L3_SM_P_E_20151017_R19240_001.h5,SPL3SMP_E,006,609.33,Downloaded
2015-10-18,SMAP_L3_SM_P_E_20151018_R19240_001.h5,SPL3SMP_E,006,614.35,Downloaded
2015-10-19,SMAP_L3_SM_P_E_20151019_R19240_001.h5,SPL3SMP_E,006,646.38,Downloaded
2015-10-20,SMAP_L3_SM_P_E_20151020_R19240_001.h5,SPL3SMP_E,006,613.26,Downloaded
2015-10-21,SMAP_L3_SM_P_E_20151021_R19240_001.h5,SPL3SMP_E,006,568.23,Downloaded
2015-10-22,SMAP_L3_SM_P_E_20151022_R19240_001.h5,SPL3SMP_E,006,535.89,Downloaded
2015-10-23,SMAP_L3_SM_P_E_20151023_R19240_001.h5,SPL3SMP_E,006,345.88,Downloaded
2015-10-24,SMAP_L3_SM_P_E_20151024_R19240_001.h5,SPL3SMP_E,006,255.0,Downloaded
2015-10-25,SMAP_L3_SM_P_E_20151025_R19240_001.h5,SPL3SMP_E,006,115.43,Downloaded
2015-10-26,SMAP_L3_SM_P_E_20151026_R19240_002.h5,SPL3SMP_E,006,639.62,Downloaded
2015-10-27,SMAP_L3_SM_P_E_20151027_R19240_002.h5,SPL3SMP_E,006,619.42,Downloaded
2015-10-28,SMAP_L3_SM_P_E_20151028_R19240_002.h5,SPL3SMP_E,006,632.55,Downloaded
2015-10-29,SMAP_L3_SM_P_E_20151029_R19240_002.h5,SPL3SMP_E,006,633.9,Downloaded
2015-10-30,SMAP_L3_SM_P_E_20151030_R19240_001.h5,SPL3SMP_E,006,548.81,Downloaded
2015-10-31,SMAP_L3_SM_P_E_20151031_R19240_002.h5,SPL3SMP_E,006,603.26,Downloaded
2015-11-01,SMAP_L3_SM_P_E_20151101_R19240_002.h5,SPL3SMP_E,006,615.31,Downloaded
2015-11-02,SMAP_L3_SM_P_E_20151102_R19240_001.h5,SPL3SMP_E,006,469.66,Downloaded
2015-11-03,SMAP_L3_SM_P_E_20151103_R19240_002.h5,SPL3SMP_E,006,633.22,Downloaded
2015-11-04,SMAP_L3_SM_P_E_20151104_R19240_001.h5,SPL3SMP_E,006,641.96,Downloaded
2015-11-05,SMAP_L3_SM_P_E_20151105_R19240_001.h5,SPL3SMP_E,006,645.87,Downloaded
2015-11-06,SMAP_L3_SM_P_E_20151106_R19240_001.h5,SPL3SMP_E,006,639.78,Downloaded
2015-11-07,SMAP_L3_SM_P_E_20151107_R19240_001.h5,SPL3SMP_E,006,630.59,Downloaded
2015-11-08,SMAP_L3_SM_P_E_20151108_R19240_001.h5,SPL3SMP_E,006,634.13,Downloaded
2015-11-09,SMAP_L3_SM_P_E_20151109_R19240_001.h5,SPL3SMP_E,006,656.88,Downloaded
2015-11-10,SMAP_L3_SM_P_E_20151110_R19240_001.h5,SPL3SMP_E,006,637.01,Downloaded
2015-11-11,SMAP_L3_SM_P_E_20151111_R19240_001.h5,SPL3SMP_E,006,648.47,Downloaded
2015-11-12,SMAP_L3_SM_P_E_20151112_R19240_001.h5,SPL3SMP_E,006,652.73,Downloaded
2015-11-13,SMAP_L3_SM_P_E_20151113_R19240_001.h5,SPL3SMP_E,006,643.88,Downloaded
2015-11-14,SMAP_L3_SM_P_E_20151114_R19240_001.h5,SPL3SMP_E,006,645.73,Downloaded
2015-11-15,SMAP_L3_SM_P_E_20151115_R19240_001.h5,SPL3SMP_E,006,647.01,Downloaded
2015-11-16,SMAP_L3_SM_P_E_20151116_R19240_001.h5,SPL3SMP_E,006,640.8,Downloaded
2015-11-17,SMAP_L3_SM_P_E_20151117_R19240_001.h5,SPL3SMP_E,006,653.62,Downloaded
2015-11-18,SMAP_L3_SM_P_E_20151118_R19240_001.h5,SPL3SMP_E,006,634.43,Downloaded
2015-11-19,SMAP_L3_SM_P_E_20151119_R19240_001.h5,SPL3SMP_E,006,645.15,Downloaded
2015-11-20,SMAP_L3_SM_P_E_20151120_R19240_001.h5,SPL3SMP_E,006,649.89,Downloaded
2015-11-21,SMAP_L3_SM_P_E_20151121_R19240_001.h5,SPL3SMP_E,006,640.29,Downloaded
2015-11-22,SMAP_L3_SM_P_E_20151122_R19240_001.h5,SPL3SMP_E,006,641.0,Downloaded
2015-11-23,SMAP_L3_SM_P_E_20151123_R19240_001.h5,SPL3SMP_E,006,642.92,Downloaded
2015-11-24,SMAP_L3_SM_P_E_20151124_R19240_001.h5,SPL3SMP_E,006,638.03,Downloaded
2015-11-25,SMAP_L3_SM_P_E_20151125_R19240_001.h5,SPL3SMP_E,006,609.36,Downloaded
2015-11-26,SMAP_L3_SM_P_E_20151126_R19240_001.h5,SPL3SMP_E,006,568.55,Downloaded
2015-11-27,SMAP_L3_SM_P_E_20151127_R19240_001.h5,SPL3SMP_E,006,620.45,Downloaded
2015-11-28,SMAP_L3_SM_P_E_20151128_R19240_001.h5,SPL3SMP_E,006,628.12,Downloaded
2015-11-29,SMAP_L3_SM_P_E_20151129_R19240_001.h5,SPL3SMP_E,006,583.25,Downloaded
2015-11-30,SMAP_L3_SM_P_E_20151130_R19240_001.h5,SPL3SMP_E,006,640.7,Downloaded
2015-12-01,SMAP_L3_SM_P_E_20151201_R19240_001.h5,SPL3SMP_E,006,641.85,Downloaded
2015-12-02,SMAP_L3_SM_P_E_20151202_R19240_001.h5,SPL3SMP_E,006,636.92,Downloaded
2015-12-03,SMAP_L3_SM_P_E_20151203_R19240_001.h5,SPL3SMP_E,006,648.86,Downloaded
2015-12-04,SMAP_L3_SM_P_E_20151204_R19240_001.h5,SPL3SMP_E,006,631.08,Downloaded
2015-12-05,SMAP_L3_SM_P_E_20151205_R19240_001.h5,SPL3SMP_E,006,65.73,Downloaded
2015-12-06,SMAP_L3_SM_P_E_20151206_R19240_001.h5,SPL3SMP_E,006,219.41,Downloaded
2015-12-07,SMAP_L3_SM_P_E_20151207_R19240_001.h5,SPL3SMP_E,006,639.99,Downloaded
2015-12-08,SMAP_L3_SM_P_E_20151208_R19240_001.h5,SPL3SMP_E,006,641.76,Downloaded
2015-12-09,SMAP_L3_SM_P_E_20151209_R19240_001.h5,SPL3SMP_E,006,644.12,Downloaded
2015-12-10,SMAP_L3_SM_P_E_20151210_R19240_001.h5,SPL3SMP_E,006,561.33,Downloaded
2015-12-11,SMAP_L3_SM_P_E_20151211_R19240_001.h5,SPL3SMP_E,006,623.3,Downloaded
2015-12-12,SMAP_L3_SM_P_E_20151212_R19240_001.h5,SPL3SMP_E,006,631.06,Downloaded
2015-12-13,SMAP_L3_SM_P_E_20151213_R19240_001.h5,SPL3SMP_E,006,602.62,Downloaded
2015-12-14,SMAP_L3_SM_P_E_20151214_R19240_001.h5,SPL3SMP_E,006,645.95,Downloaded
2015-12-15,SMAP_L3_SM_P_E_20151215_R19240_001.h5,SPL3SMP_E,006,142.51,Downloaded
2015-12-17,SMAP_L3_SM_P_E_20151217_R19240_001.h5,SPL3SMP_E,006,183.78,Downloaded
2015-12-18,SMAP_L3_SM_P_E_20151218_R19240_001.h5,SPL3SMP_E,006,634.6,Downloaded
2015-12-19,SMAP_L3_SM_P_E_20151219_R19240_001.h5,SPL3SMP_E,006,646.22,Downloaded
2015-12-20,SMAP_L3_SM_P_E_20151220_R19240_001.h5,SPL3SMP_E,006,628.33,Downloaded
2015-12-21,SMAP_L3_SM_P_E_20151221_R19240_001.h5,SPL3SMP_E,006,640.81,Downloaded
2015-12-22,SMAP_L3_SM_P_E_20151222_R19240_001.h5,SPL3SMP_E,006,645.58,Downloaded
2015-12-23,SMAP_L3_SM_P_E_20151223_R19240_001.h5,SPL3SMP_E,006,637.07,Downloaded
2015-12-24,SMAP_L3_SM_P_E_20151224_R19240_001.h5,SPL3SMP_E,006,638.95,Downloaded
2015-12-25,SMAP_L3_SM_P_E_20151225_R19240_001.h5,SPL3SMP_E,006,625.05,Downloaded
2015-12-26,SMAP_L3_SM_P_E_20151226_R19240_001.h5,SPL3SMP_E,006,635.63,Downloaded
2015-12-27,SMAP_L3_SM_P_E_20151227_R19240_001.h5,SPL3SMP_E,006,646.18,Downloaded
2015-12-28,SMAP_L3_SM_P_E_20151228_R19240_001.h5,SPL3SMP_E,006,604.37,Downloaded
2015-12-29,SMAP_L3_SM_P_E_20151229_R19240_001.h5,SPL3SMP_E,006,639.67,Downloaded
2015-12-30,SMAP_L3_SM_P_E_20151230_R19240_001.h5,SPL3SMP_E,006,643.46,Downloaded
2015-12-31,SMAP_L3_SM_P_E_20151231_R19240_001.h5,SPL3SMP_E,006,634.02,Downloaded
2016-01-01,SMAP_L3_SM_P_E_20160101_R19240_001.h5,SPL3SMP_E,006,634.57,Downloaded
2016-01-02,SMAP_L3_SM_P_E_20160102_R19240_001.h5,SPL3SMP_E,006,638.59,Downloaded
2016-01-03,SMAP_L3_SM_P_E_20160103_R19240_001.h5,SPL3SMP_E,006,631.96,Downloaded
2016-01-04,SMAP_L3_SM_P_E_20160104_R19240_001.h5,SPL3SMP_E,006,608.73,Downloaded
2016-01-05,SMAP_L3_SM_P_E_20160105_R19240_001.h5,SPL3SMP_E,006,616.07,Downloaded
2016-01-06,SMAP_L3_SM_P_E_20160106_R19240_001.h5,SPL3SMP_E,006,637.26,Downloaded
2016-01-07,SMAP_L3_SM_P_E_20160107_R19240_001.h5,SPL3SMP_E,006,635.05,Downloaded
2016-01-08,SMAP_L3_SM_P_E_20160108_R19240_001.h5,SPL3SMP_E,006,633.87,Downloaded
2016-01-09,SMAP_L3_SM_P_E_20160109_R19240_001.h5,SPL3SMP_E,006,635.16,Downloaded
2016-01-10,SMAP_L3_SM_P_E_20160110_R19240_001.h5,SPL3SMP_E,006,638.48,Downloaded
2016-01-11,SMAP_L3_SM_P_E_20160111_R19240_001.h5,SPL3SMP_E,006,632.22,Downloaded
2016-01-12,SMAP_L3_SM_P_E_20160112_R19240_001.h5,SPL3SMP_E,006,643.2,Downloaded
2016-01-13,SMAP_L3_SM_P_E_20160113_R19240_001.h5,SPL3SMP_E,006,626.45,Downloaded
2016-01-14,SMAP_L3_SM_P_E_20160114_R19240_001.h5,SPL3SMP_E,006,638.06,Downloaded
2016-01-15,SMAP_L3_SM_P_E_20160115_R19240_001.h5,SPL3SMP_E,006,642.36,Downloaded
2016-01-16,SMAP_L3_SM_P_E_20160116_R19240_001.h5,SPL3SMP_E,006,597.85,Downloaded
2016-01-17,SMAP_L3_SM_P_E_20160117_R19240_001.h5,SPL3SMP_E,006,621.89,Downloaded
2016-01-18,SMAP_L3_SM_P_E_20160118_R19240_001.h5,SPL3SMP_E,006,608.85,Downloaded
2016-01-19,SMAP_L3_SM_P_E_20160119_R19240_001.h5,SPL3SMP_E,006,630.8,Downloaded
2016-01-20,SMAP_L3_SM_P_E_20160120_R19240_001.h5,SPL3SMP_E,006,641.99,Downloaded
2016-01-21,SMAP_L3_SM_P_E_20160121_R19240_001.h5,SPL3SMP_E,006,624.89,Downloaded
2016-01-22,SMAP_L3_SM_P_E_20160122_R19240_001.h5,SPL3SMP_E,006,624.04,Downloaded
2016-01-23,SMAP_L3_SM_P_E_20160123_R19240_001.h5,SPL3SMP_E,006,640.24,Downloaded
2016-01-24,SMAP_L3_SM_P_E_20160124_R19240_001.h5,SPL3SMP_E,006,631.99,Downloaded
2016-01-25,SMAP_L3_SM_P_E_20160125_R19240_001.h5,SPL3SMP_E,006,633.94,Downloaded
2016-01-26,SMAP_L3_SM_P_E_20160126_R19240_001.h5,SPL3SMP_E,006,618.56,Downloaded
2016-01-27,SMAP_L3_SM_P_E_20160127_R19240_001.h5,SPL3SMP_E,006,631.67,Downloaded
2016-01-28,SMAP_L3_SM_P_E_20160128_R19240_001.h5,SPL3SMP_E,006,643.65,Downloaded
2016-01-29,SMAP_L3_SM_P_E_20160129_R19240_001.h5,SPL3SMP_E,006,626.89,Downloaded
2016-01-30,SMAP_L3_SM_P_E_20160130_R19240_001.h5,SPL3SMP_E,006,638.25,Downloaded
2016-01-31,SMAP_L3_SM_P_E_20160131_R19240_001.h5,SPL3SMP_E,006,643.36,Downloaded
2016-02-01,SMAP_L3_SM_P_E_20160201_R19240_001.h5,SPL3SMP_E,006,634.16,Downloaded
2016-02-02,SMAP_L3_SM_P_E_20160202_R19240_001.h5,SPL3SMP_E,006,585.47,Downloaded
2016-02-03,SMAP_L3_SM_P_E_20160203_R19240_001.h5,SPL3SMP_E,006,638.13,Downloaded
2016-02-04,SMAP_L3_SM_P_E_20160204_R19240_001.h5,SPL3SMP_E,006,627.67,Downloaded
2016-02-05,SMAP_L3_SM_P_E_20160205_R19240_001.h5,SPL3SMP_E,006,640.23,Downloaded
2016-02-06,SMAP_L3_SM_P_E_20160206_R19240_001.h5,SPL3SMP_E,006,627.31,Downloaded
2016-02-07,SMAP_L3_SM_P_E_20160207_R19240_001.h5,SPL3SMP_E,006,639.32,Downloaded
2016-02-08,SMAP_L3_SM_P_E_20160208_R19240_001.h5,SPL3SMP_E,006,608.74,Downloaded
2016-02-09,SMAP_L3_SM_P_E_20160209_R19240_001.h5,SPL3SMP_E,006,634.87,Downloaded
2016-02-10,SMAP_L3_SM_P_E_20160210_R19240_001.h5,SPL3SMP_E,006,636.59,Downloaded
2016-02-11,SMAP_L3_SM_P_E_20160211_R19240_001.h5,SPL3SMP_E,006,638.64,Downloaded
2016-02-12,SMAP_L3_SM_P_E_20160212_R19240_001.h5,SPL3SMP_E,006,633.33,Downloaded
2016-02-13,SMAP_L3_SM_P_E_20160213_R19240_001.h5,SPL3SMP_E,006,644.21,Downloaded
2016-02-14,SMAP_L3_SM_P_E_20160214_R19240_001.h5,SPL3SMP_E,006,626.62,Downloaded
2016-02-15,SMAP_L3_SM_P_E_20160215_R19240_001.h5,SPL3SMP_E,006,638.76,Downloaded
2016-02-16,SMAP_L3_SM_P_E_20160216_R19240_001.h5,SPL3SMP_E,006,643.13,Downloaded
2016-02-17,SMAP_L3_SM_P_E_20160217_R19240_001.h5,SPL3SMP_E,006,635.83,Downloaded
2016-02-18,SMAP_L3_SM_P_E_20160218_R19240_001.h5,SPL3SMP_E,006,637.79,Downloaded
2016-02-19,SMAP_L3_SM_P_E_20160219_R19240_001.h5,SPL3SMP_E,006,625.43,Downloaded
2016-02-20,SMAP_L3_SM_P_E_20160220_R19240_001.h5,SPL3SMP_E,006,614.33,Downloaded
2016-02-21,SMAP_L3_SM_P_E_20160221_R19240_001.h5,SPL3SMP_E,006,647.13,Downloaded
2016-02-22,SMAP_L3_SM_P_E_20160222_R19240_001.h5,SPL3SMP_E,006,624.25,Downloaded
2016-02-23,SMAP_L3_SM_P_E_20160223_R19240_001.h5,SPL3SMP_E,006,641.11,Downloaded
2016-02-24,SMAP_L3_SM_P_E_20160224_R19240_001.h5,SPL3SMP_E,006,627.0,Downloaded
2016-02-25,SMAP_L3_SM_P_E_20160225_R19240_001.h5,SPL3SMP_E,006,617.73,Downloaded
2016-02-26,SMAP_L3_SM_P_E_20160226_R19240_001.h5,SPL3SMP_E,006,639.32,Downloaded
2016-02-27,SMAP_L3_SM_P_E_20160227_R19240_001.h5,SPL3SMP_E,006,641.48,Downloaded
2016-02-28,SMAP_L3_SM_P_E_20160228_R19240_001.h5,SPL3SMP_E,006,615.95,Downloaded
2016-02-29,SMAP_L3_SM_P_E_20160229_R19240_001.h5,SPL3SMP_E,006,648.82,Downloaded
2016-03-01,SMAP_L3_SM_P_E_20160301_R19240_001.h5,SPL3SMP_E,006,630.16,Downloaded
2016-03-02,SMAP_L3_SM_P_E_20160302_R19240_001.h5,SPL3SMP_E,006,642.27,Downloaded
2016-03-03,SMAP_L3_SM_P_E_20160303_R19240_001.h5,SPL3SMP_E,006,615.21,Downloaded
2016-03-04,SMAP_L3_SM_P_E_20160304_R19240_001.h5,SPL3SMP_E,006,638.12,Downloaded
2016-03-05,SMAP_L3_SM_P_E_20160305_R19240_001.h5,SPL3SMP_E,006,639.87,Downloaded
2016-03-06,SMAP_L3_SM_P_E_20160306_R19240_001.h5,SPL3SMP_E,006,629.89,Downloaded
2016-03-07,SMAP_L3_SM_P_E_20160307_R19240_001.h5,SPL3SMP_E,006,637.41,Downloaded
2016-03-08,SMAP_L3_SM_P_E_20160308_R19240_001.h5,SPL3SMP_E,006,649.71,Downloaded
2016-03-09,SMAP_L3_SM_P_E_20160309_R19240_001.h5,SPL3SMP_E,006,631.58,Downloaded
2016-03-10,SMAP_L3_SM_P_E_20160310_R19240_001.h5,SPL3SMP_E,006,642.94,Downloaded
2016-03-11,SMAP_L3_SM_P_E_20160311_R19240_001.h5,SPL3SMP_E,006,647.86,Downloaded
2016-03-12,SMAP_L3_SM_P_E_20160312_R19240_001.h5,SPL3SMP_E,006,639.99,Downloaded
2016-03-13,SMAP_L3_SM_P_E_20160313_R19240_001.h5,SPL3SMP_E,006,641.63,Downloaded
2016-03-14,SMAP_L3_SM_P_E_20160314_R19240_001.h5,SPL3SMP_E,006,629.16,Downloaded
2016-03-15,SMAP_L3_SM_P_E_20160315_R19240_001.h5,SPL3SMP_E,006,627.48,Downloaded
2016-03-16,SMAP_L3_SM_P_E_20160316_R19240_001.h5,SPL3SMP_E,006,650.61,Downloaded
2016-03-17,SMAP_L3_SM_P_E_20160317_R19240_001.h5,SPL3SMP_E,006,632.67,Downloaded
2016-03-18,SMAP_L3_SM_P_E_20160318_R19240_001.h5,SPL3SMP_E,006,644.41,Downloaded
2016-03-19,SMAP_L3_SM_P_E_20160319_R19240_001.h5,SPL3SMP_E,006,648.66,Downloaded
2016-03-20,SMAP_L3_SM_P_E_20160320_R19240_001.h5,SPL3SMP_E,006,640.29,Downloaded
2016-03-21,SMAP_L3_SM_P_E_20160321_R19240_001.h5,SPL3SMP_E,006,642.36,Downloaded
2016-03-22,SMAP_L3_SM_P_E_20160322_R19240_001.h5,SPL3SMP_E,006,642.93,Downloaded
2016-03-23,SMAP_L3_SM_P_E_20160323_R19240_001.h5,SPL3SMP_E,006,638.42,Downloaded
2016-03-24,SMAP_L3_SM_P_E_20160324_R19240_001.h5,SPL3SMP_E,006,650.84,Downloaded
2016-03-25,SMAP_L3_SM_P_E_20160325_R19240_001.h5,SPL3SMP_E,006,633.07,Downloaded
2016-03-26,SMAP_L3_SM_P_E_20160326_R19240_001.h5,SPL3SMP_E,006,645.13,Downloaded
2016-03-27,SMAP_L3_SM_P_E_20160327_R19240_001.h5,SPL3SMP_E,006,650.07,Downloaded
2016-03-28,SMAP_L3_SM_P_E_20160328_R19240_001.h5,SPL3SMP_E,006,641.94,Downloaded
2016-03-29,SMAP_L3_SM_P_E_20160329_R19240_001.h5,SPL3SMP_E,006,623.4,Downloaded
2016-03-30,SMAP_L3_SM_P_E_20160330_R19240_001.h5,SPL3SMP_E,006,646.23,Downloaded
2016-03-31,SMAP_L3_SM_P_E_20160331_R19240_001.h5,SPL3SMP_E,006,640.97,Downloaded
2016-04-01,SMAP_L3_SM_P_E_20160401_R19240_001.h5,SPL3SMP_E,006,639.9,Downloaded
2016-04-02,SMAP_L3_SM_P_E_20160402_R19240_001.h5,SPL3SMP_E,006,634.87,Downloaded
2016-04-03,SMAP_L3_SM_P_E_20160403_R19240_001.h5,SPL3SMP_E,006,646.76,Downloaded
2016-04-04,SMAP_L3_SM_P_E_20160404_R19240_001.h5,SPL3SMP_E,006,652.09,Downloaded
2016-04-05,SMAP_L3_SM_P_E_20160405_R19240_001.h5,SPL3SMP_E,006,598.74,Downloaded
2016-04-06,SMAP_L3_SM_P_E_20160406_R19240_001.h5,SPL3SMP_E,006,645.68,Downloaded
2016-04-07,SMAP_L3_SM_P_E_20160407_R19240_001.h5,SPL3SMP_E,006,648.03,Downloaded
2016-04-08,SMAP_L3_SM_P_E_20160408_R19240_001.h5,SPL3SMP_E,006,642.04,Downloaded
2016-04-09,SMAP_L3_SM_P_E_20160409_R19240_001.h5,SPL3SMP_E,006,655.32,Downloaded
2016-04-10,SMAP_L3_SM_P_E_20160410_R19240_001.h5,SPL3SMP_E,006,636.74,Downloaded
2016-04-11,SMAP_L3_SM_P_E_20160411_R19240_001.h5,SPL3SMP_E,006,648.81,Downloaded
2016-04-12,SMAP_L3_SM_P_E_20160412_R19240_001.h5,SPL3SMP_E,006,605.59,Downloaded
2016-04-13,SMAP_L3_SM_P_E_20160413_R19240_001.h5,SPL3SMP_E,006,569.01,Downloaded
2016-04-14,SMAP_L3_SM_P_E_20160414_R19240_001.h5,SPL3SMP_E,006,648.2,Downloaded
2016-04-15,SMAP_L3_SM_P_E_20160415_R19240_001.h5,SPL3SMP_E,006,650.61,Downloaded
2016-04-16,SMAP_L3_SM_P_E_20160416_R19240_001.h5,SPL3SMP_E,006,645.09,Downloaded
2016-04-17,SMAP_L3_SM_P_E_20160417_R19240_001.h5,SPL3SMP_E,006,658.12,Downloaded
2016-04-18,SMAP_L3_SM_P_E_20160418_R19240_001.h5,SPL3SMP_E,006,619.93,Downloaded
2016-04-19,SMAP_L3_SM_P_E_20160419_R19240_001.h5,SPL3SMP_E,006,652.63,Downloaded
2016-04-20,SMAP_L3_SM_P_E_20160420_R19240_001.h5,SPL3SMP_E,006,658.3,Downloaded
2016-04-21,SMAP_L3_SM_P_E_20160421_R19240_001.h5,SPL3SMP_E,006,649.23,Downloaded
2016-04-22,SMAP_L3_SM_P_E_20160422_R19240_001.h5,SPL3SMP_E,006,650.91,Downloaded
2016-04-23,SMAP_L3_SM_P_E_20160423_R19240_001.h5,SPL3SMP_E,006,653.66,Downloaded
2016-04-24,SMAP_L3_SM_P_E_20160424_R19240_001.h5,SPL3SMP_E,006,647.19,Downloaded
2016-04-25,SMAP_L3_SM_P_E_20160425_R19240_001.h5,SPL3SMP_E,006,618.92,Downloaded
2016-04-26,SMAP_L3_SM_P_E_20160426_R19240_001.h5,SPL3SMP_E,006,526.56,Downloaded
2016-04-27,SMAP_L3_SM_P_E_20160427_R19240_001.h5,SPL3SMP_E,006,654.45,Downloaded
2016-04-28,SMAP_L3_SM_P_E_20160428_R19240_001.h5,SPL3SMP_E,006,659.51,Downloaded
2016-04-29,SMAP_L3_SM_P_E_20160429_R19240_001.h5,SPL3SMP_E,006,650.59,Downloaded
2016-04-30,SMAP_L3_SM_P_E_20160430_R19240_001.h5,SPL3SMP_E,006,180.5,Downloaded
2016-05-02,SMAP_L3_SM_P_E_20160502_R19240_001.h5,SPL3SMP_E,006,183.68,Downloaded
2016-05-03,SMAP_L3_SM_P_E_20160503_R19240_001.h5,SPL3SMP_E,006,619.03,Downloaded
2016-05-04,SMAP_L3_SM_P_E_20160504_R19240_001.h5,SPL3SMP_E,006,645.18,Downloaded
2016-05-05,SMAP_L3_SM_P_E_20160505_R19240_001.h5,SPL3SMP_E,006,657.32,Downloaded
2016-05-06,SMAP_L3_SM_P_E_20160506_R19240_001.h5,SPL3SMP_E,006,660.0,Downloaded
2016-05-07,SMAP_L3_SM_P_E_20160507_R19240_001.h5,SPL3SMP_E,006,653.04,Downloaded
2016-05-08,SMAP_L3_SM_P_E_20160508_R19240_001.h5,SPL3SMP_E,006,655.03,Downloaded
2016-05-09,SMAP_L3_SM_P_E_20160509_R19240_001.h5,SPL3SMP_E,006,658.68,Downloaded
2016-05-10,SMAP_L3_SM_P_E_20160510_R19240_001.h5,SPL3SMP_E,006,650.87,Downloaded
2016-05-11,SMAP_L3_SM_P_E_20160511_R19240_001.h5,SPL3SMP_E,006,643.04,Downloaded
2016-05-12,SMAP_L3_SM_P_E_20160512_R19240_001.h5,SPL3SMP_E,006,640.22,Downloaded
2016-05-13,SMAP_L3_SM_P_E_20160513_R19240_001.h5,SPL3SMP_E,006,658.32,Downloaded
2016-05-14,SMAP_L3_SM_P_E_20160514_R19240_001.h5,SPL3SMP_E,006,663.43,Downloaded
2016-05-15,SMAP_L3_SM_P_E_20160515_R19240_001.h5,SPL3SMP_E,006,654.11,Downloaded
2016-05-16,SMAP_L3_SM_P_E_20160516_R19240_001.h5,SPL3SMP_E,006,656.5,Downloaded
2016-05-17,SMAP_L3_SM_P_E_20160517_R19240_001.h5,SPL3SMP_E,006,661.35,Downloaded
2016-05-18,SMAP_L3_SM_P_E_20160518_R19240_001.h5,SPL3SMP_E,006,652.44,Downloaded
2016-05-19,SMAP_L3_SM_P_E_20160519_R19240_001.h5,SPL3SMP_E,006,667.74,Downloaded
2016-05-20,SMAP_L3_SM_P_E_20160520_R19240_001.h5,SPL3SMP_E,006,648.96,Downloaded
2016-05-21,SMAP_L3_SM_P_E_20160521_R19240_001.h5,SPL3SMP_E,006,661.45,Downloaded
2016-05-22,SMAP_L3_SM_P_E_20160522_R19240_001.h5,SPL3SMP_E,006,667.17,Downloaded
2016-05-23,SMAP_L3_SM_P_E_20160523_R19240_001.h5,SPL3SMP_E,006,657.04,Downloaded
2016-05-24,SMAP_L3_SM_P_E_20160524_R19240_001.h5,SPL3SMP_E,006,659.8,Downloaded
2016-05-25,SMAP_L3_SM_P_E_20160525_R19240_001.h5,SPL3SMP_E,006,660.9,Downloaded
2016-05-26,SMAP_L3_SM_P_E_20160526_R19240_001.h5,SPL3SMP_E,006,655.59,Downloaded
2016-05-27,SMAP_L3_SM_P_E_20160527_R19240_001.h5,SPL3SMP_E,006,670.09,Downloaded
2016-05-28,SMAP_L3_SM_P_E_20160528_R19240_001.h5,SPL3SMP_E,006,651.29,Downloaded
2016-05-29,SMAP_L3_SM_P_E_20160529_R19240_001.h5,SPL3SMP_E,006,664.21,Downloaded
2016-05-30,SMAP_L3_SM_P_E_20160530_R19240_001.h5,SPL3SMP_E,006,667.12,Downloaded
2016-05-31,SMAP_L3_SM_P_E_20160531_R19240_001.h5,SPL3SMP_E,006,659.87,Downloaded
2016-06-01,SMAP_L3_SM_P_E_20160601_R19240_001.h5,SPL3SMP_E,006,643.59,Downloaded
2016-06-02,SMAP_L3_SM_P_E_20160602_R19240_001.h5,SPL3SMP_E,006,666.52,Downloaded
2016-06-03,SMAP_L3_SM_P_E_20160603_R19240_001.h5,SPL3SMP_E,006,658.49,Downloaded
2016-06-04,SMAP_L3_SM_P_E_20160604_R19240_001.h5,SPL3SMP_E,006,673.33,Downloaded
2016-06-05,SMAP_L3_SM_P_E_20160605_R19240_001.h5,SPL3SMP_E,006,654.11,Downloaded
2016-06-06,SMAP_L3_SM_P_E_20160606_R19240_001.h5,SPL3SMP_E,006,648.53,Downloaded
2016-06-07,SMAP_L3_SM_P_E_20160607_R19240_001.h5,SPL3SMP_E,006,655.75,Downloaded
2016-06-08,SMAP_L3_SM_P_E_20160608_R19240_001.h5,SPL3SMP_E,006,662.47,Downloaded
2016-06-09,SMAP_L3_SM_P_E_20160609_R19240_001.h5,SPL3SMP_E,006,665.64,Downloaded
2016-06-10,SMAP_L3_SM_P_E_20160610_R19240_001.h5,SPL3SMP_E,006,648.51,Downloaded
2016-06-11,SMAP_L3_SM_P_E_20160611_R19240_001.h5,SPL3SMP_E,006,660.24,Downloaded
2016-06-12,SMAP_L3_SM_P_E_20160612_R19240_001.h5,SPL3SMP_E,006,675.39,Downloaded
2016-06-13,SMAP_L3_SM_P_E_20160613_R19240_001.h5,SPL3SMP_E,006,656.15,Downloaded
2016-06-14,SMAP_L3_SM_P_E_20160614_R19240_001.h5,SPL3SMP_E,006,668.99,Downloaded
2016-06-15,SMAP_L3_SM_P_E_20160615_R19240_001.h5,SPL3SMP_E,006,666.51,Downloaded
2016-06-16,SMAP_L3_SM_P_E_20160616_R19240_001.h5,SPL3SMP_E,006,664.06,Downloaded
2016-06-17,SMAP_L3_SM_P_E_20160617_R19240_001.h5,SPL3SMP_E,006,615.4,Downloaded
2016-06-18,SMAP_L3_SM_P_E_20160618_R19240_001.h5,SPL3SMP_E,006,666.58,Downloaded
2016-06-19,SMAP_L3_SM_P_E_20160619_R19240_001.h5,SPL3SMP_E,006,660.31,Downloaded
2016-06-20,SMAP_L3_SM_P_E_20160620_R19240_001.h5,SPL3SMP_E,006,641.82,Downloaded
2016-06-21,SMAP_L3_SM_P_E_20160621_R19240_001.h5,SPL3SMP_E,006,657.13,Downloaded
2016-06-22,SMAP_L3_SM_P_E_20160622_R19240_001.h5,SPL3SMP_E,006,611.11,Downloaded
2016-06-23,SMAP_L3_SM_P_E_20160623_R19240_001.h5,SPL3SMP_E,006,658.65,Downloaded
2016-06-24,SMAP_L3_SM_P_E_20160624_R19240_001.h5,SPL3SMP_E,006,664.78,Downloaded
2016-06-25,SMAP_L3_SM_P_E_20160625_R19240_001.h5,SPL3SMP_E,006,645.4,Downloaded
2016-06-26,SMAP_L3_SM_P_E_20160626_R19240_001.h5,SPL3SMP_E,006,671.06,Downloaded
2016-06-27,SMAP_L3_SM_P_E_20160627_R19240_001.h5,SPL3SMP_E,006,660.63,Downloaded
2016-06-28,SMAP_L3_SM_P_E_20160628_R19240_001.h5,SPL3SMP_E,006,677.87,Downloaded
2016-06-29,SMAP_L3_SM_P_E_20160629_R19240_001.h5,SPL3SMP_E,006,636.27,Downloaded
2016-06-30,SMAP_L3_SM_P_E_20160630_R19240_001.h5,SPL3SMP_E,006,668.13,Downloaded
2016-07-01,SMAP_L3_SM_P_E_20160701_R19240_001.h5,SPL3SMP_E,006,675.9,Downloaded
2016-07-02,SMAP_L3_SM_P_E_20160702_R19240_001.h5,SPL3SMP_E,006,652.91,Downloaded
2016-07-03,SMAP_L3_SM_P_E_20160703_R19240_001.h5,SPL3SMP_E,006,668.46,Downloaded
2016-07-04,SMAP_L3_SM_P_E_20160704_R19240_001.h5,SPL3SMP_E,006,671.29,Downloaded
2016-07-05,SMAP_L3_SM_P_E_20160705_R19240_001.h5,SPL3SMP_E,006,663.13,Downloaded
2016-07-06,SMAP_L3_SM_P_E_20160706_R19240_001.h5,SPL3SMP_E,006,678.28,Downloaded
2016-07-07,SMAP_L3_SM_P_E_20160707_R19240_001.h5,SPL3SMP_E,006,658.03,Downloaded
2016-07-08,SMAP_L3_SM_P_E_20160708_R19240_001.h5,SPL3SMP_E,006,670.97,Downloaded
2016-07-09,SMAP_L3_SM_P_E_20160709_R19240_001.h5,SPL3SMP_E,006,676.24,Downloaded
2016-07-10,SMAP_L3_SM_P_E_20160710_R19240_001.h5,SPL3SMP_E,006,656.15,Downloaded
2016-07-11,SMAP_L3_SM_P_E_20160711_R19240_001.h5,SPL3SMP_E,006,668.75,Downloaded
2016-07-12,SMAP_L3_SM_P_E_20160712_R19240_001.h5,SPL3SMP_E,006,671.28,Downloaded
2016-07-13,SMAP_L3_SM_P_E_20160713_R19240_001.h5,SPL3SMP_E,006,628.95,Downloaded
2016-07-14,SMAP_L3_SM_P_E_20160714_R19240_001.h5,SPL3SMP_E,006,673.11,Downloaded
2016-07-15,SMAP_L3_SM_P_E_20160715_R19240_001.h5,SPL3SMP_E,006,635.04,Downloaded
2016-07-16,SMAP_L3_SM_P_E_20160716_R19240_001.h5,SPL3SMP_E,006,670.81,Downloaded
2016-07-17,SMAP_L3_SM_P_E_20160717_R19240_001.h5,SPL3SMP_E,006,676.07,Downloaded
2016-07-18,SMAP_L3_SM_P_E_20160718_R19240_001.h5,SPL3SMP_E,006,665.05,Downloaded
2016-07-19,SMAP_L3_SM_P_E_20160719_R19240_001.h5,SPL3SMP_E,006,646.51,Downloaded
2016-07-20,SMAP_L3_SM_P_E_20160720_R19240_001.h5,SPL3SMP_E,006,671.14,Downloaded
2016-07-21,SMAP_L3_SM_P_E_20160721_R19240_001.h5,SPL3SMP_E,006,663.24,Downloaded
2016-07-22,SMAP_L3_SM_P_E_20160722_R19240_001.h5,SPL3SMP_E,006,678.37,Downloaded
2016-07-23,SMAP_L3_SM_P_E_20160723_R19240_001.h5,SPL3SMP_E,006,657.92,Downloaded
2016-07-24,SMAP_L3_SM_P_E_20160724_R19240_001.h5,SPL3SMP_E,006,670.65,Downloaded
2016-07-25,SMAP_L3_SM_P_E_20160725_R19240_001.h5,SPL3SMP_E,006,675.99,Downloaded
2016-07-26,SMAP_L3_SM_P_E_20160726_R19240_001.h5,SPL3SMP_E,006,646.17,Downloaded
2016-07-27,SMAP_L3_SM_P_E_20160727_R19240_001.h5,SPL3SMP_E,006,660.19,Downloaded
2016-07-28,SMAP_L3_SM_P_E_20160728_R19240_001.h5,SPL3SMP_E,006,628.1,Downloaded
2016-07-29,SMAP_L3_SM_P_E_20160729_R19240_001.h5,SPL3SMP_E,006,656.42,Downloaded
2016-07-30,SMAP_L3_SM_P_E_20160730_R19240_001.h5,SPL3SMP_E,006,655.94,Downloaded
2016-07-31,SMAP_L3_SM_P_E_20160731_R19240_001.h5,SPL3SMP_E,006,657.17,Downloaded
2016-08-01,SMAP_L3_SM_P_E_20160801_R19240_001.h5,SPL3SMP_E,006,631.65,Downloaded
2016-08-02,SMAP_L3_SM_P_E_20160802_R19240_001.h5,SPL3SMP_E,006,675.39,Downloaded
2016-08-03,SMAP_L3_SM_P_E_20160803_R19240_001.h5,SPL3SMP_E,006,664.41,Downloaded
2016-08-04,SMAP_L3_SM_P_E_20160804_R19240_001.h5,SPL3SMP_E,006,602.04,Downloaded
2016-08-05,SMAP_L3_SM_P_E_20160805_R19240_001.h5,SPL3SMP_E,006,670.53,Downloaded
2016-08-06,SMAP_L3_SM_P_E_20160806_R19240_001.h5,SPL3SMP_E,006,662.74,Downloaded
2016-08-07,SMAP_L3_SM_P_E_20160807_R19240_001.h5,SPL3SMP_E,006,677.68,Downloaded
2016-08-08,SMAP_L3_SM_P_E_20160808_R19240_001.h5,SPL3SMP_E,006,657.02,Downloaded
2016-08-09,SMAP_L3_SM_P_E_20160809_R19240_001.h5,SPL3SMP_E,006,669.37,Downloaded
2016-08-10,SMAP_L3_SM_P_E_20160810_R19240_001.h5,SPL3SMP_E,006,670.15,Downloaded
2016-08-11,SMAP_L3_SM_P_E_20160811_R19240_001.h5,SPL3SMP_E,006,664.19,Downloaded
2016-08-12,SMAP_L3_SM_P_E_20160812_R19240_001.h5,SPL3SMP_E,006,644.82,Downloaded
2016-08-13,SMAP_L3_SM_P_E_20160813_R19240_001.h5,SPL3SMP_E,006,624.62,Downloaded
2016-08-14,SMAP_L3_SM_P_E_20160814_R19240_001.h5,SPL3SMP_E,006,661.86,Downloaded
2016-08-15,SMAP_L3_SM_P_E_20160815_R19240_001.h5,SPL3SMP_E,006,665.32,Downloaded
2016-08-16,SMAP_L3_SM_P_E_20160816_R19240_001.h5,SPL3SMP_E,006,645.73,Downloaded
2016-08-17,SMAP_L3_SM_P_E_20160817_R19240_001.h5,SPL3SMP_E,006,669.61,Downloaded
2016-08-18,SMAP_L3_SM_P_E_20160818_R19240_001.h5,SPL3SMP_E,006,675.09,Downloaded
2016-08-19,SMAP_L3_SM_P_E_20160819_R19240_001.h5,SPL3SMP_E,006,663.74,Downloaded
2016-08-20,SMAP_L3_SM_P_E_20160820_R19240_001.h5,SPL3SMP_E,006,648.38,Downloaded
2016-08-21,SMAP_L3_SM_P_E_20160821_R19240_001.h5,SPL3SMP_E,006,646.06,Downloaded
2016-08-22,SMAP_L3_SM_P_E_20160822_R19240_001.h5,SPL3SMP_E,006,603.3,Downloaded
2016-08-23,SMAP_L3_SM_P_E_20160823_R19240_001.h5,SPL3SMP_E,006,654.29,Downloaded
2016-08-24,SMAP_L3_SM_P_E_20160824_R19240_001.h5,SPL3SMP_E,006,656.89,Downloaded
2016-08-25,SMAP_L3_SM_P_E_20160825_R19240_001.h5,SPL3SMP_E,006,669.97,Downloaded
2016-08-26,SMAP_L3_SM_P_E_20160826_R19240_001.h5,SPL3SMP_E,006,675.43,Downloaded
2016-08-27,SMAP_L3_SM_P_E_20160827_R19240_001.h5,SPL3SMP_E,006,646.98,Downloaded
2016-08-28,SMAP_L3_SM_P_E_20160828_R19240_001.h5,SPL3SMP_E,006,668.33,Downloaded
2016-08-29,SMAP_L3_SM_P_E_20160829_R19240_001.h5,SPL3SMP_E,006,647.87,Downloaded
2016-08-30,SMAP_L3_SM_P_E_20160830_R19240_001.h5,SPL3SMP_E,006,639.76,Downloaded
2016-08-31,SMAP_L3_SM_P_E_20160831_R19240_001.h5,SPL3SMP_E,006,677.9,Downloaded
2016-09-01,SMAP_L3_SM_P_E_20160901_R19240_001.h5,SPL3SMP_E,006,615.22,Downloaded
2016-09-02,SMAP_L3_SM_P_E_20160902_R19240_001.h5,SPL3SMP_E,006,670.39,Downloaded
2016-09-03,SMAP_L3_SM_P_E_20160903_R19240_001.h5,SPL3SMP_E,006,660.25,Downloaded
2016-09-04,SMAP_L3_SM_P_E_20160904_R19240_001.h5,SPL3SMP_E,006,664.58,Downloaded
2016-09-05,SMAP_L3_SM_P_E_20160905_R19240_001.h5,SPL3SMP_E,006,499.55,Downloaded
2016-09-06,SMAP_L3_SM_P_E_20160906_R19240_001.h5,SPL3SMP_E,006,231.79,Downloaded
2016-09-07,SMAP_L3_SM_P_E_20160907_R19240_001.h5,SPL3SMP_E,006,662.98,Downloaded
2016-09-08,SMAP_L3_SM_P_E_20160908_R19240_001.h5,SPL3SMP_E,006,678.16,Downloaded
2016-09-09,SMAP_L3_SM_P_E_20160909_R19240_001.h5,SPL3SMP_E,006,657.51,Downloaded
2016-09-10,SMAP_L3_SM_P_E_20160910_R19240_001.h5,SPL3SMP_E,006,627.8,Downloaded
2016-09-11,SMAP_L3_SM_P_E_20160911_R19240_001.h5,SPL3SMP_E,006,675.74,Downloaded
2016-09-12,SMAP_L3_SM_P_E_20160912_R19240_001.h5,SPL3SMP_E,006,655.19,Downloaded
2016-09-13,SMAP_L3_SM_P_E_20160913_R19240_001.h5,SPL3SMP_E,006,633.82,Downloaded
2016-09-14,SMAP_L3_SM_P_E_20160914_R19240_001.h5,SPL3SMP_E,006,670.2,Downloaded
2016-09-15,SMAP_L3_SM_P_E_20160915_R19240_001.h5,SPL3SMP_E,006,657.32,Downloaded
2016-09-16,SMAP_L3_SM_P_E_20160916_R19240_001.h5,SPL3SMP_E,006,677.69,Downloaded
2016-09-17,SMAP_L3_SM_P_E_20160917_R19240_001.h5,SPL3SMP_E,006,656.68,Downloaded
2016-09-18,SMAP_L3_SM_P_E_20160918_R19240_001.h5,SPL3SMP_E,006,655.72,Downloaded
2016-09-19,SMAP_L3_SM_P_E_20160919_R19240_001.h5,SPL3SMP_E,006,653.87,Downloaded
2016-09-20,SMAP_L3_SM_P_E_20160920_R19240_001.h5,SPL3SMP_E,006,653.53,Downloaded
2016-09-21,SMAP_L3_SM_P_E_20160921_R19240_001.h5,SPL3SMP_E,006,627.88,Downloaded
2016-09-22,SMAP_L3_SM_P_E_20160922_R19240_001.h5,SPL3SMP_E,006,670.23,Downloaded
2016-09-23,SMAP_L3_SM_P_E_20160923_R19240_001.h5,SPL3SMP_E,006,662.34,Downloaded
2016-09-24,SMAP_L3_SM_P_E_20160924_R19240_001.h5,SPL3SMP_E,006,677.17,Downloaded
2016-09-25,SMAP_L3_SM_P_E_20160925_R19240_001.h5,SPL3SMP_E,006,656.23,Downloaded
2016-09-26,SMAP_L3_SM_P_E_20160926_R19240_001.h5,SPL3SMP_E,006,619.41,Downloaded
2016-09-28,SMAP_L3_SM_P_E_20160928_R19240_001.h5,SPL3SMP_E,006,253.3,Downloaded
2016-09-29,SMAP_L3_SM_P_E_20160929_R19240_001.h5,SPL3SMP_E,006,663.99,Downloaded
2016-09-30,SMAP_L3_SM_P_E_20160930_R19240_001.h5,SPL3SMP_E,006,665.65,Downloaded
2016-10-01,SMAP_L3_SM_P_E_20161001_R19240_001.h5,SPL3SMP_E,006,651.37,Downloaded
2016-10-02,SMAP_L3_SM_P_E_20161002_R19240_001.h5,SPL3SMP_E,006,640.55,Downloaded
2016-10-03,SMAP_L3_SM_P_E_20161003_R19240_001.h5,SPL3SMP_E,006,651.64,Downloaded
2016-10-04,SMAP_L3_SM_P_E_20161004_R19240_001.h5,SPL3SMP_E,006,643.2,Downloaded
2016-10-05,SMAP_L3_SM_P_E_20161005_R19240_001.h5,SPL3SMP_E,006,668.88,Downloaded
2016-10-06,SMAP_L3_SM_P_E_20161006_R19240_001.h5,SPL3SMP_E,006,658.31,Downloaded
2016-10-07,SMAP_L3_SM_P_E_20161007_R19240_001.h5,SPL3SMP_E,006,661.29,Downloaded
2016-10-08,SMAP_L3_SM_P_E_20161008_R19240_001.h5,SPL3SMP_E,006,641.19,Downloaded
2016-10-09,SMAP_L3_SM_P_E_20161009_R19240_001.h5,SPL3SMP_E,006,655.84,Downloaded
2016-10-10,SMAP_L3_SM_P_E_20161010_R19240_001.h5,SPL3SMP_E,006,669.74,Downloaded
2016-10-11,SMAP_L3_SM_P_E_20161011_R19240_001.h5,SPL3SMP_E,006,640.02,Downloaded
2016-10-12,SMAP_L3_SM_P_E_20161012_R19240_001.h5,SPL3SMP_E,006,651.01,Downloaded
2016-10-13,SMAP_L3_SM_P_E_20161013_R19240_001.h5,SPL3SMP_E,006,650.68,Downloaded
2016-10-14,SMAP_L3_SM_P_E_20161014_R19240_001.h5,SPL3SMP_E,006,646.01,Downloaded
2016-10-15,SMAP_L3_SM_P_E_20161015_R19240_001.h5,SPL3SMP_E,006,633.46,Downloaded
2016-10-16,SMAP_L3_SM_P_E_20161016_R19240_001.h5,SPL3SMP_E,006,612.95,Downloaded
2016-10-17,SMAP_L3_SM_P_E_20161017_R19240_001.h5,SPL3SMP_E,006,649.3,Downloaded
2016-10-18,SMAP_L3_SM_P_E_20161018_R19240_001.h5,SPL3SMP_E,006,647.68,Downloaded
2016-10-19,SMAP_L3_SM_P_E_20161019_R19240_001.h5,SPL3SMP_E,006,602.64,Downloaded
2016-10-20,SMAP_L3_SM_P_E_20161020_R19240_001.h5,SPL3SMP_E,006,654.53,Downloaded
2016-10-21,SMAP_L3_SM_P_E_20161021_R19240_001.h5,SPL3SMP_E,006,659.17,Downloaded
2016-10-22,SMAP_L3_SM_P_E_20161022_R19240_001.h5,SPL3SMP_E,006,649.86,Downloaded
2016-10-23,SMAP_L3_SM_P_E_20161023_R19240_001.h5,SPL3SMP_E,006,630.3,Downloaded
2016-10-24,SMAP_L3_SM_P_E_20161024_R19240_001.h5,SPL3SMP_E,006,628.08,Downloaded
2016-10-25,SMAP_L3_SM_P_E_20161025_R19240_001.h5,SPL3SMP_E,006,646.46,Downloaded
2016-10-26,SMAP_L3_SM_P_E_20161026_R19240_001.h5,SPL3SMP_E,006,658.8,Downloaded
2016-10-27,SMAP_L3_SM_P_E_20161027_R19240_001.h5,SPL3SMP_E,006,640.24,Downloaded
2016-10-28,SMAP_L3_SM_P_E_20161028_R19240_001.h5,SPL3SMP_E,006,651.15,Downloaded
2016-10-29,SMAP_L3_SM_P_E_20161029_R19240_001.h5,SPL3SMP_E,006,655.35,Downloaded
2016-10-30,SMAP_L3_SM_P_E_20161030_R19240_002.h5,SPL3SMP_E,006,645.51,Downloaded
2016-10-31,SMAP_L3_SM_P_E_20161031_R19240_001.h5,SPL3SMP_E,006,646.35,Downloaded
2016-11-01,SMAP_L3_SM_P_E_20161101_R19240_001.h5,SPL3SMP_E,006,611.8,Downloaded
2016-11-02,SMAP_L3_SM_P_E_20161102_R19240_001.h5,SPL3SMP_E,006,642.97,Downloaded
2016-11-03,SMAP_L3_SM_P_E_20161103_R19240_001.h5,SPL3SMP_E,006,635.65,Downloaded
2016-11-04,SMAP_L3_SM_P_E_20161104_R19240_001.h5,SPL3SMP_E,006,637.34,Downloaded
2016-11-05,SMAP_L3_SM_P_E_20161105_R19240_001.h5,SPL3SMP_E,006,645.61,Downloaded
2016-11-06,SMAP_L3_SM_P_E_20161106_R19240_001.h5,SPL3SMP_E,006,653.56,Downloaded
2016-11-07,SMAP_L3_SM_P_E_20161107_R19240_001.h5,SPL3SMP_E,006,640.96,Downloaded
2016-11-08,SMAP_L3_SM_P_E_20161108_R19240_001.h5,SPL3SMP_E,006,645.14,Downloaded
2016-11-09,SMAP_L3_SM_P_E_20161109_R19240_001.h5,SPL3SMP_E,006,637.76,Downloaded
2016-11-10,SMAP_L3_SM_P_E_20161110_R19240_001.h5,SPL3SMP_E,006,640.82,Downloaded
2016-11-11,SMAP_L3_SM_P_E_20161111_R19240_001.h5,SPL3SMP_E,006,653.07,Downloaded
2016-11-12,SMAP_L3_SM_P_E_20161112_R19240_001.h5,SPL3SMP_E,006,617.38,Downloaded
2016-11-13,SMAP_L3_SM_P_E_20161113_R19240_001.h5,SPL3SMP_E,006,647.65,Downloaded
2016-11-14,SMAP_L3_SM_P_E_20161114_R19240_001.h5,SPL3SMP_E,006,652.69,Downloaded
2016-11-15,SMAP_L3_SM_P_E_20161115_R19240_001.h5,SPL3SMP_E,006,643.62,Downloaded
2016-11-16,SMAP_L3_SM_P_E_20161116_R19240_001.h5,SPL3SMP_E,006,643.21,Downloaded
2016-11-17,SMAP_L3_SM_P_E_20161117_R19240_001.h5,SPL3SMP_E,006,646.63,Downloaded
2016-11-18,SMAP_L3_SM_P_E_20161118_R19240_001.h5,SPL3SMP_E,006,638.87,Downloaded
2016-11-19,SMAP_L3_SM_P_E_20161119_R19240_001.h5,SPL3SMP_E,006,643.33,Downloaded
2016-11-20,SMAP_L3_SM_P_E_20161120_R19240_001.h5,SPL3SMP_E,006,628.16,Downloaded
2016-11-21,SMAP_L3_SM_P_E_20161121_R19240_001.h5,SPL3SMP_E,006,641.56,Downloaded
2016-11-22,SMAP_L3_SM_P_E_20161122_R19240_001.h5,SPL3SMP_E,006,648.54,Downloaded
2016-11-23,SMAP_L3_SM_P_E_20161123_R19240_001.h5,SPL3SMP_E,006,640.05,Downloaded
2016-11-24,SMAP_L3_SM_P_E_20161124_R19240_001.h5,SPL3SMP_E,006,640.54,Downloaded
2016-11-25,SMAP_L3_SM_P_E_20161125_R19240_001.h5,SPL3SMP_E,006,643.9,Downloaded
2016-11-26,SMAP_L3_SM_P_E_20161126_R19240_001.h5,SPL3SMP_E,006,637.86,Downloaded
2016-11-27,SMAP_L3_SM_P_E_20161127_R19240_001.h5,SPL3SMP_E,006,648.89,Downloaded
2016-11-28,SMAP_L3_SM_P_E_20161128_R19240_001.h5,SPL3SMP_E,006,631.21,Downloaded
2016-11-29,SMAP_L3_SM_P_E_20161129_R19240_001.h5,SPL3SMP_E,006,642.48,Downloaded
2016-11-30,SMAP_L3_SM_P_E_20161130_R19240_001.h5,SPL3SMP_E,006,647.04,Downloaded
2016-12-01,SMAP_L3_SM_P_E_20161201_R19240_001.h5,SPL3SMP_E,006,638.56,Downloaded
2016-12-02,SMAP_L3_SM_P_E_20161202_R19240_001.h5,SPL3SMP_E,006,640.15,Downloaded
2016-12-03,SMAP_L3_SM_P_E_20161203_R19240_001.h5,SPL3SMP_E,006,642.65,Downloaded
2016-12-04,SMAP_L3_SM_P_E_20161204_R19240_001.h5,SPL3SMP_E,006,632.39,Downloaded
2016-12-05,SMAP_L3_SM_P_E_20161205_R19240_001.h5,SPL3SMP_E,006,632.58,Downloaded
2016-12-06,SMAP_L3_SM_P_E_20161206_R19240_001.h5,SPL3SMP_E,006,619.48,Downloaded
2016-12-07,SMAP_L3_SM_P_E_20161207_R19240_001.h5,SPL3SMP_E,006,641.31,Downloaded
2016-12-08,SMAP_L3_SM_P_E_20161208_R19240_001.h5,SPL3SMP_E,006,645.27,Downloaded
2016-12-09,SMAP_L3_SM_P_E_20161209_R19240_001.h5,SPL3SMP_E,006,623.15,Downloaded
2016-12-10,SMAP_L3_SM_P_E_20161210_R19240_001.h5,SPL3SMP_E,006,637.59,Downloaded
2016-12-11,SMAP_L3_SM_P_E_20161211_R19240_001.h5,SPL3SMP_E,006,640.41,Downloaded
2016-12-12,SMAP_L3_SM_P_E_20161212_R19240_001.h5,SPL3SMP_E,006,595.01,Downloaded
2016-12-13,SMAP_L3_SM_P_E_20161213_R19240_001.h5,SPL3SMP_E,006,646.36,Downloaded
2016-12-14,SMAP_L3_SM_P_E_20161214_R19240_001.h5,SPL3SMP_E,006,628.66,Downloaded
2016-12-15,SMAP_L3_SM_P_E_20161215_R19240_001.h5,SPL3SMP_E,006,640.09,Downloaded
2016-12-16,SMAP_L3_SM_P_E_20161216_R19240_001.h5,SPL3SMP_E,006,623.76,Downloaded
2016-12-17,SMAP_L3_SM_P_E_20161217_R19240_001.h5,SPL3SMP_E,006,635.31,Downloaded
2016-12-18,SMAP_L3_SM_P_E_20161218_R19240_001.h5,SPL3SMP_E,006,596.66,Downloaded
2016-12-19,SMAP_L3_SM_P_E_20161219_R19240_001.h5,SPL3SMP_E,006,638.67,Downloaded
2016-12-20,SMAP_L3_SM_P_E_20161220_R19240_001.h5,SPL3SMP_E,006,633.47,Downloaded
2016-12-21,SMAP_L3_SM_P_E_20161221_R19240_001.h5,SPL3SMP_E,006,645.19,Downloaded
2016-12-22,SMAP_L3_SM_P_E_20161222_R19240_001.h5,SPL3SMP_E,006,627.87,Downloaded
2016-12-23,SMAP_L3_SM_P_E_20161223_R19240_001.h5,SPL3SMP_E,006,639.51,Downloaded
2016-12-24,SMAP_L3_SM_P_E_20161224_R19240_001.h5,SPL3SMP_E,006,643.79,Downloaded
2016-12-25,SMAP_L3_SM_P_E_20161225_R19240_001.h5,SPL3SMP_E,006,635.56,Downloaded
2016-12-26,SMAP_L3_SM_P_E_20161226_R19240_001.h5,SPL3SMP_E,006,614.18,Downloaded
2016-12-27,SMAP_L3_SM_P_E_20161227_R19240_001.h5,SPL3SMP_E,006,639.22,Downloaded
2016-12-28,SMAP_L3_SM_P_E_20161228_R19240_001.h5,SPL3SMP_E,006,593.02,Downloaded
2016-12-29,SMAP_L3_SM_P_E_20161229_R19240_001.h5,SPL3SMP_E,006,565.62,Downloaded
2016-12-30,SMAP_L3_SM_P_E_20161230_R19240_001.h5,SPL3SMP_E,006,627.93,Downloaded
2016-12-31,SMAP_L3_SM_P_E_20161231_R19240_001.h5,SPL3SMP_E,006,611.92,Downloaded
2017-01-01,SMAP_L3_SM_P_E_20170101_R19240_001.h5,SPL3SMP_E,006,650.63,Downloaded
2017-01-02,SMAP_L3_SM_P_E_20170102_R19240_001.h5,SPL3SMP_E,006,619.81,Downloaded
2017-01-03,SMAP_L3_SM_P_E_20170103_R19240_001.h5,SPL3SMP_E,006,636.31,Downloaded
2017-01-04,SMAP_L3_SM_P_E_20170104_R19240_001.h5,SPL3SMP_E,006,615.36,Downloaded
2017-01-05,SMAP_L3_SM_P_E_20170105_R19240_001.h5,SPL3SMP_E,006,630.32,Downloaded
2017-01-06,SMAP_L3_SM_P_E_20170106_R19240_001.h5,SPL3SMP_E,006,640.96,Downloaded
2017-01-07,SMAP_L3_SM_P_E_20170107_R19240_001.h5,SPL3SMP_E,006,622.93,Downloaded
2017-01-08,SMAP_L3_SM_P_E_20170108_R19240_001.h5,SPL3SMP_E,006,635.08,Downloaded
2017-01-09,SMAP_L3_SM_P_E_20170109_R19240_001.h5,SPL3SMP_E,006,638.97,Downloaded
2017-01-10,SMAP_L3_SM_P_E_20170110_R19240_001.h5,SPL3SMP_E,006,559.55,Downloaded
2017-01-11,SMAP_L3_SM_P_E_20170111_R19240_001.h5,SPL3SMP_E,006,633.23,Downloaded
2017-01-12,SMAP_L3_SM_P_E_20170112_R19240_001.h5,SPL3SMP_E,006,635.69,Downloaded
2017-01-13,SMAP_L3_SM_P_E_20170113_R19240_001.h5,SPL3SMP_E,006,621.65,Downloaded
2017-01-14,SMAP_L3_SM_P_E_20170114_R19240_001.h5,SPL3SMP_E,006,641.74,Downloaded
2017-01-15,SMAP_L3_SM_P_E_20170115_R19240_001.h5,SPL3SMP_E,006,515.78,Downloaded
2017-01-16,SMAP_L3_SM_P_E_20170116_R19240_001.h5,SPL3SMP_E,006,391.61,Downloaded
2017-01-17,SMAP_L3_SM_P_E_20170117_R19240_001.h5,SPL3SMP_E,006,513.04,Downloaded
2017-01-18,SMAP_L3_SM_P_E_20170118_R19240_001.h5,SPL3SMP_E,006,576.05,Downloaded
2017-01-19,SMAP_L3_SM_P_E_20170119_R19240_001.h5,SPL3SMP_E,006,590.21,Downloaded
2017-01-20,SMAP_L3_SM_P_E_20170120_R19240_001.h5,SPL3SMP_E,006,635.65,Downloaded
2017-01-21,SMAP_L3_SM_P_E_20170121_R19240_001.h5,SPL3SMP_E,006,630.61,Downloaded
2017-01-22,SMAP_L3_SM_P_E_20170122_R19240_001.h5,SPL3SMP_E,006,642.55,Downloaded
2017-01-23,SMAP_L3_SM_P_E_20170123_R19240_001.h5,SPL3SMP_E,006,610.98,Downloaded
2017-01-24,SMAP_L3_SM_P_E_20170124_R19240_001.h5,SPL3SMP_E,006,635.99,Downloaded
2017-01-25,SMAP_L3_SM_P_E_20170125_R19240_001.h5,SPL3SMP_E,006,623.62,Downloaded
2017-01-26,SMAP_L3_SM_P_E_20170126_R19240_001.h5,SPL3SMP_E,006,613.7,Downloaded
2017-01-27,SMAP_L3_SM_P_E_20170127_R19240_001.h5,SPL3SMP_E,006,618.15,Downloaded
2017-01-28,SMAP_L3_SM_P_E_20170128_R19240_001.h5,SPL3SMP_E,006,635.66,Downloaded
2017-01-29,SMAP_L3_SM_P_E_20170129_R19240_001.h5,SPL3SMP_E,006,630.04,Downloaded
2017-01-30,SMAP_L3_SM_P_E_20170130_R19240_001.h5,SPL3SMP_E,006,641.58,Downloaded
2017-01-31,SMAP_L3_SM_P_E_20170131_R19240_001.h5,SPL3SMP_E,006,602.92,Downloaded
2017-02-01,SMAP_L3_SM_P_E_20170201_R19240_001.h5,SPL3SMP_E,006,609.6,Downloaded
2017-02-02,SMAP_L3_SM_P_E_20170202_R19240_001.h5,SPL3SMP_E,006,639.76,Downloaded
2017-02-03,SMAP_L3_SM_P_E_20170203_R19240_001.h5,SPL3SMP_E,006,631.46,Downloaded
2017-02-04,SMAP_L3_SM_P_E_20170204_R19240_001.h5,SPL3SMP_E,006,632.67,Downloaded
2017-02-05,SMAP_L3_SM_P_E_20170205_R19240_001.h5,SPL3SMP_E,006,635.29,Downloaded
2017-02-06,SMAP_L3_SM_P_E_20170206_R19240_001.h5,SPL3SMP_E,006,630.51,Downloaded
2017-02-07,SMAP_L3_SM_P_E_20170207_R19240_001.h5,SPL3SMP_E,006,642.01,Downloaded
2017-02-08,SMAP_L3_SM_P_E_20170208_R19240_001.h5,SPL3SMP_E,006,623.94,Downloaded
2017-02-09,SMAP_L3_SM_P_E_20170209_R19240_001.h5,SPL3SMP_E,006,634.06,Downloaded
2017-02-10,SMAP_L3_SM_P_E_20170210_R19240_001.h5,SPL3SMP_E,006,624.65,Downloaded
2017-02-11,SMAP_L3_SM_P_E_20170211_R19240_001.h5,SPL3SMP_E,006,631.5,Downloaded
2017-02-12,SMAP_L3_SM_P_E_20170212_R19240_001.h5,SPL3SMP_E,006,624.64,Downloaded
2017-02-13,SMAP_L3_SM_P_E_20170213_R19240_001.h5,SPL3SMP_E,006,635.5,Downloaded
2017-02-14,SMAP_L3_SM_P_E_20170214_R19240_001.h5,SPL3SMP_E,006,625.37,Downloaded
2017-02-15,SMAP_L3_SM_P_E_20170215_R19240_001.h5,SPL3SMP_E,006,580.36,Downloaded
2017-02-16,SMAP_L3_SM_P_E_20170216_R19240_001.h5,SPL3SMP_E,006,625.22,Downloaded
2017-02-17,SMAP_L3_SM_P_E_20170217_R19240_001.h5,SPL3SMP_E,006,636.89,Downloaded
2017-02-18,SMAP_L3_SM_P_E_20170218_R19240_001.h5,SPL3SMP_E,006,642.17,Downloaded
2017-02-19,SMAP_L3_SM_P_E_20170219_R19240_001.h5,SPL3SMP_E,006,634.27,Downloaded
2017-02-20,SMAP_L3_SM_P_E_20170220_R19240_001.h5,SPL3SMP_E,006,635.19,Downloaded
2017-02-21,SMAP_L3_SM_P_E_20170221_R19240_001.h5,SPL3SMP_E,006,638.5,Downloaded
2017-02-22,SMAP_L3_SM_P_E_20170222_R19240_001.h5,SPL3SMP_E,006,632.46,Downloaded
2017-02-23,SMAP_L3_SM_P_E_20170223_R19240_001.h5,SPL3SMP_E,006,630.61,Downloaded
2017-02-24,SMAP_L3_SM_P_E_20170224_R19240_001.h5,SPL3SMP_E,006,611.17,Downloaded
2017-02-25,SMAP_L3_SM_P_E_20170225_R19240_001.h5,SPL3SMP_E,006,638.35,Downloaded
2017-02-26,SMAP_L3_SM_P_E_20170226_R19240_001.h5,SPL3SMP_E,006,642.75,Downloaded
2017-02-27,SMAP_L3_SM_P_E_20170227_R19240_001.h5,SPL3SMP_E,006,634.7,Downloaded
2017-02-28,SMAP_L3_SM_P_E_20170228_R19240_001.h5,SPL3SMP_E,006,599.07,Downloaded
2017-03-01,SMAP_L3_SM_P_E_20170301_R19240_001.h5,SPL3SMP_E,006,638.58,Downloaded
2017-03-02,SMAP_L3_SM_P_E_20170302_R19240_001.h5,SPL3SMP_E,006,633.11,Downloaded
2017-03-03,SMAP_L3_SM_P_E_20170303_R19240_001.h5,SPL3SMP_E,006,645.5,Downloaded
2017-03-04,SMAP_L3_SM_P_E_20170304_R19240_001.h5,SPL3SMP_E,006,627.68,Downloaded
2017-03-05,SMAP_L3_SM_P_E_20170305_R19240_001.h5,SPL3SMP_E,006,617.6,Downloaded
2017-03-06,SMAP_L3_SM_P_E_20170306_R19240_001.h5,SPL3SMP_E,006,643.63,Downloaded
2017-03-07,SMAP_L3_SM_P_E_20170307_R19240_001.h5,SPL3SMP_E,006,634.49,Downloaded
2017-03-08,SMAP_L3_SM_P_E_20170308_R19240_001.h5,SPL3SMP_E,006,637.13,Downloaded
2017-03-09,SMAP_L3_SM_P_E_20170309_R19240_001.h5,SPL3SMP_E,006,635.09,Downloaded
2017-03-10,SMAP_L3_SM_P_E_20170310_R19240_001.h5,SPL3SMP_E,006,634.22,Downloaded
2017-03-11,SMAP_L3_SM_P_E_20170311_R19240_001.h5,SPL3SMP_E,006,645.84,Downloaded
2017-03-12,SMAP_L3_SM_P_E_20170312_R19240_001.h5,SPL3SMP_E,006,627.62,Downloaded
2017-03-13,SMAP_L3_SM_P_E_20170313_R19240_001.h5,SPL3SMP_E,006,639.77,Downloaded
2017-03-14,SMAP_L3_SM_P_E_20170314_R19240_001.h5,SPL3SMP_E,006,633.63,Downloaded
2017-03-15,SMAP_L3_SM_P_E_20170315_R19240_001.h5,SPL3SMP_E,006,576.48,Downloaded
2017-03-16,SMAP_L3_SM_P_E_20170316_R19240_001.h5,SPL3SMP_E,006,638.22,Downloaded
2017-03-17,SMAP_L3_SM_P_E_20170317_R19240_001.h5,SPL3SMP_E,006,640.83,Downloaded
2017-03-18,SMAP_L3_SM_P_E_20170318_R19240_001.h5,SPL3SMP_E,006,609.97,Downloaded
2017-03-19,SMAP_L3_SM_P_E_20170319_R19240_001.h5,SPL3SMP_E,006,647.9,Downloaded
2017-03-20,SMAP_L3_SM_P_E_20170320_R19240_001.h5,SPL3SMP_E,006,602.12,Downloaded
2017-03-21,SMAP_L3_SM_P_E_20170321_R19240_001.h5,SPL3SMP_E,006,641.67,Downloaded
2017-03-22,SMAP_L3_SM_P_E_20170322_R19240_001.h5,SPL3SMP_E,006,643.5,Downloaded
2017-03-23,SMAP_L3_SM_P_E_20170323_R19240_001.h5,SPL3SMP_E,006,635.66,Downloaded
2017-03-24,SMAP_L3_SM_P_E_20170324_R19240_001.h5,SPL3SMP_E,006,639.33,Downloaded
2017-03-25,SMAP_L3_SM_P_E_20170325_R19240_001.h5,SPL3SMP_E,006,637.87,Downloaded
2017-03-26,SMAP_L3_SM_P_E_20170326_R19240_001.h5,SPL3SMP_E,006,636.91,Downloaded
2017-03-27,SMAP_L3_SM_P_E_20170327_R19240_001.h5,SPL3SMP_E,006,649.47,Downloaded
2017-03-28,SMAP_L3_SM_P_E_20170328_R19240_001.h5,SPL3SMP_E,006,620.75,Downloaded
2017-03-29,SMAP_L3_SM_P_E_20170329_R19240_001.h5,SPL3SMP_E,006,624.64,Downloaded
2017-03-30,SMAP_L3_SM_P_E_20170330_R19240_001.h5,SPL3SMP_E,006,645.39,Downloaded
2017-03-31,SMAP_L3_SM_P_E_20170331_R19240_001.h5,SPL3SMP_E,006,640.38,Downloaded
2017-04-01,SMAP_L3_SM_P_E_20170401_R19240_001.h5,SPL3SMP_E,006,616.41,Downloaded
2017-04-02,SMAP_L3_SM_P_E_20170402_R19240_001.h5,SPL3SMP_E,006,645.03,Downloaded
2017-04-03,SMAP_L3_SM_P_E_20170403_R19240_001.h5,SPL3SMP_E,006,638.92,Downloaded
2017-04-04,SMAP_L3_SM_P_E_20170404_R19240_001.h5,SPL3SMP_E,006,651.82,Downloaded
2017-04-05,SMAP_L3_SM_P_E_20170405_R19240_001.h5,SPL3SMP_E,006,631.2,Downloaded
2017-04-06,SMAP_L3_SM_P_E_20170406_R19240_001.h5,SPL3SMP_E,006,645.6,Downloaded
2017-04-07,SMAP_L3_SM_P_E_20170407_R19240_001.h5,SPL3SMP_E,006,650.8,Downloaded
2017-04-08,SMAP_L3_SM_P_E_20170408_R19240_001.h5,SPL3SMP_E,006,642.71,Downloaded
2017-04-09,SMAP_L3_SM_P_E_20170409_R19240_001.h5,SPL3SMP_E,006,643.83,Downloaded
2017-04-10,SMAP_L3_SM_P_E_20170410_R19240_001.h5,SPL3SMP_E,006,643.53,Downloaded
2017-04-11,SMAP_L3_SM_P_E_20170411_R19240_001.h5,SPL3SMP_E,006,640.45,Downloaded
2017-04-12,SMAP_L3_SM_P_E_20170412_R19240_001.h5,SPL3SMP_E,006,653.31,Downloaded
2017-04-13,SMAP_L3_SM_P_E_20170413_R19240_001.h5,SPL3SMP_E,006,635.48,Downloaded
2017-04-14,SMAP_L3_SM_P_E_20170414_R19240_001.h5,SPL3SMP_E,006,602.06,Downloaded
2017-04-15,SMAP_L3_SM_P_E_20170415_R19240_001.h5,SPL3SMP_E,006,652.14,Downloaded
2017-04-16,SMAP_L3_SM_P_E_20170416_R19240_001.h5,SPL3SMP_E,006,643.24,Downloaded
2017-04-17,SMAP_L3_SM_P_E_20170417_R19240_001.h5,SPL3SMP_E,006,644.52,Downloaded
2017-04-18,SMAP_L3_SM_P_E_20170418_R19240_001.h5,SPL3SMP_E,006,648.42,Downloaded
2017-04-19,SMAP_L3_SM_P_E_20170419_R19240_001.h5,SPL3SMP_E,006,642.06,Downloaded
2017-04-20,SMAP_L3_SM_P_E_20170420_R19240_001.h5,SPL3SMP_E,006,640.98,Downloaded
2017-04-21,SMAP_L3_SM_P_E_20170421_R19240_001.h5,SPL3SMP_E,006,636.88,Downloaded
2017-04-22,SMAP_L3_SM_P_E_20170422_R19240_001.h5,SPL3SMP_E,006,648.41,Downloaded
2017-04-23,SMAP_L3_SM_P_E_20170423_R19240_001.h5,SPL3SMP_E,006,659.36,Downloaded
2017-04-24,SMAP_L3_SM_P_E_20170424_R19240_001.h5,SPL3SMP_E,006,622.76,Downloaded
2017-04-25,SMAP_L3_SM_P_E_20170425_R19240_001.h5,SPL3SMP_E,006,646.48,Downloaded
2017-04-26,SMAP_L3_SM_P_E_20170426_R19240_001.h5,SPL3SMP_E,006,620.84,Downloaded
2017-04-27,SMAP_L3_SM_P_E_20170427_R19240_001.h5,SPL3SMP_E,006,643.51,Downloaded
2017-04-28,SMAP_L3_SM_P_E_20170428_R19240_001.h5,SPL3SMP_E,006,656.66,Downloaded
2017-04-29,SMAP_L3_SM_P_E_20170429_R19240_001.h5,SPL3SMP_E,006,638.35,Downloaded
2017-04-30,SMAP_L3_SM_P_E_20170430_R19240_001.h5,SPL3SMP_E,006,650.92,Downloaded
2017-05-01,SMAP_L3_SM_P_E_20170501_R19240_001.h5,SPL3SMP_E,006,656.31,Downloaded
2017-05-02,SMAP_L3_SM_P_E_20170502_R19240_001.h5,SPL3SMP_E,006,647.37,Downloaded
2017-05-03,SMAP_L3_SM_P_E_20170503_R19240_001.h5,SPL3SMP_E,006,644.21,Downloaded
2017-05-04,SMAP_L3_SM_P_E_20170504_R19240_001.h5,SPL3SMP_E,006,653.34,Downloaded
2017-05-05,SMAP_L3_SM_P_E_20170505_R19240_001.h5,SPL3SMP_E,006,646.36,Downloaded
2017-05-06,SMAP_L3_SM_P_E_20170506_R19240_001.h5,SPL3SMP_E,006,659.71,Downloaded
2017-05-07,SMAP_L3_SM_P_E_20170507_R19240_001.h5,SPL3SMP_E,006,641.66,Downloaded
2017-05-08,SMAP_L3_SM_P_E_20170508_R19240_001.h5,SPL3SMP_E,006,644.68,Downloaded
2017-05-09,SMAP_L3_SM_P_E_20170509_R19240_001.h5,SPL3SMP_E,006,650.43,Downloaded
2017-05-10,SMAP_L3_SM_P_E_20170510_R19240_001.h5,SPL3SMP_E,006,650.24,Downloaded
2017-05-11,SMAP_L3_SM_P_E_20170511_R19240_001.h5,SPL3SMP_E,006,634.35,Downloaded
2017-05-12,SMAP_L3_SM_P_E_20170512_R19240_001.h5,SPL3SMP_E,006,628.9,Downloaded
2017-05-13,SMAP_L3_SM_P_E_20170513_R19240_001.h5,SPL3SMP_E,006,647.92,Downloaded
2017-05-14,SMAP_L3_SM_P_E_20170514_R19240_001.h5,SPL3SMP_E,006,658.8,Downloaded
2017-05-15,SMAP_L3_SM_P_E_20170515_R19240_001.h5,SPL3SMP_E,006,643.43,Downloaded
2017-05-16,SMAP_L3_SM_P_E_20170516_R19240_001.h5,SPL3SMP_E,006,656.05,Downloaded
2017-05-17,SMAP_L3_SM_P_E_20170517_R19240_001.h5,SPL3SMP_E,006,661.57,Downloaded
2017-05-18,SMAP_L3_SM_P_E_20170518_R19240_001.h5,SPL3SMP_E,006,652.06,Downloaded
2017-05-19,SMAP_L3_SM_P_E_20170519_R19240_001.h5,SPL3SMP_E,006,653.76,Downloaded
2017-05-20,SMAP_L3_SM_P_E_20170520_R19240_001.h5,SPL3SMP_E,006,658.35,Downloaded
2017-05-21,SMAP_L3_SM_P_E_20170521_R19240_001.h5,SPL3SMP_E,006,649.78,Downloaded
2017-05-22,SMAP_L3_SM_P_E_20170522_R19240_001.h5,SPL3SMP_E,006,663.9,Downloaded
2017-05-23,SMAP_L3_SM_P_E_20170523_R19240_001.h5,SPL3SMP_E,006,645.59,Downloaded
2017-05-24,SMAP_L3_SM_P_E_20170524_R19240_001.h5,SPL3SMP_E,006,654.89,Downloaded
2017-05-25,SMAP_L3_SM_P_E_20170525_R19240_001.h5,SPL3SMP_E,006,664.07,Downloaded
2017-05-26,SMAP_L3_SM_P_E_20170526_R19240_001.h5,SPL3SMP_E,006,649.84,Downloaded
2017-05-27,SMAP_L3_SM_P_E_20170527_R19240_001.h5,SPL3SMP_E,006,650.32,Downloaded
2017-05-28,SMAP_L3_SM_P_E_20170528_R19240_001.h5,SPL3SMP_E,006,661.25,Downloaded
2017-05-29,SMAP_L3_SM_P_E_20170529_R19240_001.h5,SPL3SMP_E,006,652.26,Downloaded
2017-05-30,SMAP_L3_SM_P_E_20170530_R19240_001.h5,SPL3SMP_E,006,666.41,Downloaded
2017-05-31,SMAP_L3_SM_P_E_20170531_R19240_001.h5,SPL3SMP_E,006,647.96,Downloaded
2017-06-01,SMAP_L3_SM_P_E_20170601_R19240_001.h5,SPL3SMP_E,006,642.2,Downloaded
2017-06-02,SMAP_L3_SM_P_E_20170602_R19240_001.h5,SPL3SMP_E,006,666.92,Downloaded
2017-06-03,SMAP_L3_SM_P_E_20170603_R19240_001.h5,SPL3SMP_E,006,657.16,Downloaded
2017-06-04,SMAP_L3_SM_P_E_20170604_R19240_001.h5,SPL3SMP_E,006,659.32,Downloaded
2017-06-05,SMAP_L3_SM_P_E_20170605_R19240_001.h5,SPL3SMP_E,006,659.22,Downloaded
2017-06-06,SMAP_L3_SM_P_E_20170606_R19240_001.h5,SPL3SMP_E,006,654.98,Downloaded
2017-06-07,SMAP_L3_SM_P_E_20170607_R19240_001.h5,SPL3SMP_E,006,670.38,Downloaded
2017-06-08,SMAP_L3_SM_P_E_20170608_R19240_001.h5,SPL3SMP_E,006,649.11,Downloaded
2017-06-09,SMAP_L3_SM_P_E_20170609_R19240_001.h5,SPL3SMP_E,006,664.34,Downloaded
2017-06-10,SMAP_L3_SM_P_E_20170610_R19240_001.h5,SPL3SMP_E,006,670.28,Downloaded
2017-06-11,SMAP_L3_SM_P_E_20170611_R19240_001.h5,SPL3SMP_E,006,660.02,Downloaded
2017-06-12,SMAP_L3_SM_P_E_20170612_R19240_001.h5,SPL3SMP_E,006,630.17,Downloaded
2017-06-13,SMAP_L3_SM_P_E_20170613_R19240_001.h5,SPL3SMP_E,006,667.27,Downloaded
2017-06-14,SMAP_L3_SM_P_E_20170614_R19240_001.h5,SPL3SMP_E,006,646.62,Downloaded
2017-06-15,SMAP_L3_SM_P_E_20170615_R19240_001.h5,SPL3SMP_E,006,672.61,Downloaded
2017-06-16,SMAP_L3_SM_P_E_20170616_R19240_001.h5,SPL3SMP_E,006,654.05,Downloaded
2017-06-17,SMAP_L3_SM_P_E_20170617_R19240_001.h5,SPL3SMP_E,006,666.08,Downloaded
2017-06-18,SMAP_L3_SM_P_E_20170618_R19240_001.h5,SPL3SMP_E,006,672.03,Downloaded
2017-06-19,SMAP_L3_SM_P_E_20170619_R19240_001.h5,SPL3SMP_E,006,641.41,Downloaded
2017-06-20,SMAP_L3_SM_P_E_20170620_R19240_001.h5,SPL3SMP_E,006,664.19,Downloaded
2017-06-21,SMAP_L3_SM_P_E_20170621_R19240_001.h5,SPL3SMP_E,006,663.8,Downloaded
2017-06-22,SMAP_L3_SM_P_E_20170622_R19240_001.h5,SPL3SMP_E,006,659.33,Downloaded
2017-06-23,SMAP_L3_SM_P_E_20170623_R19240_001.h5,SPL3SMP_E,006,674.16,Downloaded
2017-06-24,SMAP_L3_SM_P_E_20170624_R19240_001.h5,SPL3SMP_E,006,655.38,Downloaded
2017-06-25,SMAP_L3_SM_P_E_20170625_R19240_001.h5,SPL3SMP_E,006,667.83,Downloaded
2017-06-26,SMAP_L3_SM_P_E_20170626_R19240_001.h5,SPL3SMP_E,006,626.86,Downloaded
2017-06-27,SMAP_L3_SM_P_E_20170627_R19240_001.h5,SPL3SMP_E,006,662.74,Downloaded
2017-06-28,SMAP_L3_SM_P_E_20170628_R19240_001.h5,SPL3SMP_E,006,665.7,Downloaded
2017-06-29,SMAP_L3_SM_P_E_20170629_R19240_001.h5,SPL3SMP_E,006,668.75,Downloaded
2017-06-30,SMAP_L3_SM_P_E_20170630_R19240_001.h5,SPL3SMP_E,006,660.5,Downloaded
2017-07-01,SMAP_L3_SM_P_E_20170701_R19240_001.h5,SPL3SMP_E,006,675.03,Downloaded
2017-07-02,SMAP_L3_SM_P_E_20170702_R19240_001.h5,SPL3SMP_E,006,656.08,Downloaded
2017-07-03,SMAP_L3_SM_P_E_20170703_R19240_001.h5,SPL3SMP_E,006,668.62,Downloaded
2017-07-04,SMAP_L3_SM_P_E_20170704_R19240_001.h5,SPL3SMP_E,006,674.31,Downloaded
2017-07-05,SMAP_L3_SM_P_E_20170705_R19240_001.h5,SPL3SMP_E,006,658.84,Downloaded
2017-07-06,SMAP_L3_SM_P_E_20170706_R19240_001.h5,SPL3SMP_E,006,665.46,Downloaded
2017-07-07,SMAP_L3_SM_P_E_20170707_R19240_001.h5,SPL3SMP_E,006,670.37,Downloaded
2017-07-08,SMAP_L3_SM_P_E_20170708_R19240_001.h5,SPL3SMP_E,006,660.54,Downloaded
2017-07-09,SMAP_L3_SM_P_E_20170709_R19240_001.h5,SPL3SMP_E,006,675.1,Downloaded
2017-07-10,SMAP_L3_SM_P_E_20170710_R19240_001.h5,SPL3SMP_E,006,656.38,Downloaded
2017-07-11,SMAP_L3_SM_P_E_20170711_R19240_001.h5,SPL3SMP_E,006,657.59,Downloaded
2017-07-12,SMAP_L3_SM_P_E_20170712_R19240_001.h5,SPL3SMP_E,006,663.65,Downloaded
2017-07-13,SMAP_L3_SM_P_E_20170713_R19240_001.h5,SPL3SMP_E,006,659.14,Downloaded
2017-07-14,SMAP_L3_SM_P_E_20170714_R19240_001.h5,SPL3SMP_E,006,643.03,Downloaded
2017-07-15,SMAP_L3_SM_P_E_20170715_R19240_001.h5,SPL3SMP_E,006,658.61,Downloaded
2017-07-16,SMAP_L3_SM_P_E_20170716_R19240_001.h5,SPL3SMP_E,006,625.16,Downloaded
2017-07-17,SMAP_L3_SM_P_E_20170717_R19240_001.h5,SPL3SMP_E,006,669.96,Downloaded
2017-07-18,SMAP_L3_SM_P_E_20170718_R19240_001.h5,SPL3SMP_E,006,656.28,Downloaded
2017-07-19,SMAP_L3_SM_P_E_20170719_R19240_001.h5,SPL3SMP_E,006,668.73,Downloaded
2017-07-20,SMAP_L3_SM_P_E_20170720_R19240_001.h5,SPL3SMP_E,006,668.7,Downloaded
2017-07-21,SMAP_L3_SM_P_E_20170721_R19240_001.h5,SPL3SMP_E,006,649.44,Downloaded
2017-07-22,SMAP_L3_SM_P_E_20170722_R19240_001.h5,SPL3SMP_E,006,666.0,Downloaded
2017-07-23,SMAP_L3_SM_P_E_20170723_R19240_001.h5,SPL3SMP_E,006,656.83,Downloaded
2017-07-24,SMAP_L3_SM_P_E_20170724_R19240_001.h5,SPL3SMP_E,006,618.42,Downloaded
2017-07-25,SMAP_L3_SM_P_E_20170725_R19240_001.h5,SPL3SMP_E,006,675.5,Downloaded
2017-07-26,SMAP_L3_SM_P_E_20170726_R19240_001.h5,SPL3SMP_E,006,656.27,Downloaded
2017-07-27,SMAP_L3_SM_P_E_20170727_R19240_001.h5,SPL3SMP_E,006,630.82,Downloaded
2017-07-28,SMAP_L3_SM_P_E_20170728_R19240_001.h5,SPL3SMP_E,006,645.52,Downloaded
2017-07-29,SMAP_L3_SM_P_E_20170729_R19240_001.h5,SPL3SMP_E,006,644.26,Downloaded
2017-07-30,SMAP_L3_SM_P_E_20170730_R19240_001.h5,SPL3SMP_E,006,584.88,Downloaded
2017-07-31,SMAP_L3_SM_P_E_20170731_R19240_001.h5,SPL3SMP_E,006,512.77,Downloaded
2017-08-01,SMAP_L3_SM_P_E_20170801_R19240_001.h5,SPL3SMP_E,006,652.53,Downloaded
2017-08-02,SMAP_L3_SM_P_E_20170802_R19240_001.h5,SPL3SMP_E,006,649.3,Downloaded
2017-08-03,SMAP_L3_SM_P_E_20170803_R19240_001.h5,SPL3SMP_E,006,655.88,Downloaded
2017-08-04,SMAP_L3_SM_P_E_20170804_R19240_001.h5,SPL3SMP_E,006,662.57,Downloaded
2017-08-05,SMAP_L3_SM_P_E_20170805_R19240_001.h5,SPL3SMP_E,006,673.87,Downloaded
2017-08-06,SMAP_L3_SM_P_E_20170806_R19240_001.h5,SPL3SMP_E,006,663.03,Downloaded
2017-08-07,SMAP_L3_SM_P_E_20170807_R19240_001.h5,SPL3SMP_E,006,665.69,Downloaded
2017-08-08,SMAP_L3_SM_P_E_20170808_R19240_001.h5,SPL3SMP_E,006,664.79,Downloaded
2017-08-09,SMAP_L3_SM_P_E_20170809_R19240_001.h5,SPL3SMP_E,006,660.48,Downloaded
2017-08-10,SMAP_L3_SM_P_E_20170810_R19240_001.h5,SPL3SMP_E,006,662.26,Downloaded
2017-08-11,SMAP_L3_SM_P_E_20170811_R19240_001.h5,SPL3SMP_E,006,634.41,Downloaded
2017-08-12,SMAP_L3_SM_P_E_20170812_R19240_001.h5,SPL3SMP_E,006,649.71,Downloaded
2017-08-13,SMAP_L3_SM_P_E_20170813_R19240_001.h5,SPL3SMP_E,006,672.99,Downloaded
2017-08-14,SMAP_L3_SM_P_E_20170814_R19240_001.h5,SPL3SMP_E,006,648.88,Downloaded
2017-08-15,SMAP_L3_SM_P_E_20170815_R19240_001.h5,SPL3SMP_E,006,665.19,Downloaded
2017-08-16,SMAP_L3_SM_P_E_20170816_R19240_001.h5,SPL3SMP_E,006,650.83,Downloaded
2017-08-17,SMAP_L3_SM_P_E_20170817_R19240_001.h5,SPL3SMP_E,006,659.82,Downloaded
2017-08-18,SMAP_L3_SM_P_E_20170818_R19240_001.h5,SPL3SMP_E,006,674.41,Downloaded
2017-08-19,SMAP_L3_SM_P_E_20170819_R19240_001.h5,SPL3SMP_E,006,655.28,Downloaded
2017-08-20,SMAP_L3_SM_P_E_20170820_R19240_001.h5,SPL3SMP_E,006,667.92,Downloaded
2017-08-21,SMAP_L3_SM_P_E_20170821_R19240_001.h5,SPL3SMP_E,006,673.34,Downloaded
2017-08-22,SMAP_L3_SM_P_E_20170822_R19240_001.h5,SPL3SMP_E,006,659.05,Downloaded
2017-08-23,SMAP_L3_SM_P_E_20170823_R19240_001.h5,SPL3SMP_E,006,665.15,Downloaded
2017-08-24,SMAP_L3_SM_P_E_20170824_R19240_001.h5,SPL3SMP_E,006,669.67,Downloaded
2017-08-25,SMAP_L3_SM_P_E_20170825_R19240_001.h5,SPL3SMP_E,006,660.17,Downloaded
2017-08-26,SMAP_L3_SM_P_E_20170826_R19240_001.h5,SPL3SMP_E,006,646.45,Downloaded
2017-08-27,SMAP_L3_SM_P_E_20170827_R19240_001.h5,SPL3SMP_E,006,655.28,Downloaded
2017-08-28,SMAP_L3_SM_P_E_20170828_R19240_001.h5,SPL3SMP_E,006,668.46,Downloaded
2017-08-29,SMAP_L3_SM_P_E_20170829_R19240_001.h5,SPL3SMP_E,006,674.08,Downloaded
2017-08-30,SMAP_L3_SM_P_E_20170830_R19240_001.h5,SPL3SMP_E,006,660.39,Downloaded
2017-08-31,SMAP_L3_SM_P_E_20170831_R19240_001.h5,SPL3SMP_E,006,48.65,Downloaded
2017-09-01,SMAP_L3_SM_P_E_20170901_R19240_001.h5,SPL3SMP_E,006,646.02,Downloaded
2017-09-02,SMAP_L3_SM_P_E_20170902_R19240_001.h5,SPL3SMP_E,006,660.93,Downloaded
2017-09-03,SMAP_L3_SM_P_E_20170903_R19240_001.h5,SPL3SMP_E,006,659.74,Downloaded
2017-09-04,SMAP_L3_SM_P_E_20170904_R19240_001.h5,SPL3SMP_E,006,655.98,Downloaded
2017-09-05,SMAP_L3_SM_P_E_20170905_R19240_001.h5,SPL3SMP_E,006,629.73,Downloaded
2017-09-06,SMAP_L3_SM_P_E_20170906_R19240_001.h5,SPL3SMP_E,006,674.26,Downloaded
2017-09-07,SMAP_L3_SM_P_E_20170907_R19240_001.h5,SPL3SMP_E,006,663.5,Downloaded
2017-09-08,SMAP_L3_SM_P_E_20170908_R19240_001.h5,SPL3SMP_E,006,658.56,Downloaded
2017-09-09,SMAP_L3_SM_P_E_20170909_R19240_001.h5,SPL3SMP_E,006,654.62,Downloaded
2017-09-10,SMAP_L3_SM_P_E_20170910_R19240_001.h5,SPL3SMP_E,006,654.64,Downloaded
2017-09-11,SMAP_L3_SM_P_E_20170911_R19240_001.h5,SPL3SMP_E,006,675.6,Downloaded
2017-09-12,SMAP_L3_SM_P_E_20170912_R19240_001.h5,SPL3SMP_E,006,633.43,Downloaded
2017-09-13,SMAP_L3_SM_P_E_20170913_R19240_001.h5,SPL3SMP_E,006,668.53,Downloaded
2017-09-14,SMAP_L3_SM_P_E_20170914_R19240_001.h5,SPL3SMP_E,006,674.14,Downloaded
2017-09-15,SMAP_L3_SM_P_E_20170915_R19240_001.h5,SPL3SMP_E,006,660.67,Downloaded
2017-09-16,SMAP_L3_SM_P_E_20170916_R19240_001.h5,SPL3SMP_E,006,664.38,Downloaded
2017-09-17,SMAP_L3_SM_P_E_20170917_R19240_001.h5,SPL3SMP_E,006,669.86,Downloaded
2017-09-18,SMAP_L3_SM_P_E_20170918_R19240_001.h5,SPL3SMP_E,006,608.4,Downloaded
2017-09-19,SMAP_L3_SM_P_E_20170919_R19240_001.h5,SPL3SMP_E,006,661.48,Downloaded
2017-09-20,SMAP_L3_SM_P_E_20170920_R19240_001.h5,SPL3SMP_E,006,655.42,Downloaded
2017-09-21,SMAP_L3_SM_P_E_20170921_R19240_001.h5,SPL3SMP_E,006,667.97,Downloaded
2017-09-22,SMAP_L3_SM_P_E_20170922_R19240_001.h5,SPL3SMP_E,006,673.32,Downloaded
2017-09-23,SMAP_L3_SM_P_E_20170923_R19240_001.h5,SPL3SMP_E,006,662.41,Downloaded
2017-09-24,SMAP_L3_SM_P_E_20170924_R19240_001.h5,SPL3SMP_E,006,656.55,Downloaded
2017-09-25,SMAP_L3_SM_P_E_20170925_R19240_001.h5,SPL3SMP_E,006,668.13,Downloaded
2017-09-26,SMAP_L3_SM_P_E_20170926_R19240_001.h5,SPL3SMP_E,006,658.59,Downloaded
2017-09-27,SMAP_L3_SM_P_E_20170927_R19240_001.h5,SPL3SMP_E,006,664.85,Downloaded
2017-09-28,SMAP_L3_SM_P_E_20170928_R19240_001.h5,SPL3SMP_E,006,651.29,Downloaded
2017-09-29,SMAP_L3_SM_P_E_20170929_R19240_001.h5,SPL3SMP_E,006,665.75,Downloaded
2017-09-30,SMAP_L3_SM_P_E_20170930_R19240_001.h5,SPL3SMP_E,006,670.21,Downloaded
2017-10-01,SMAP_L3_SM_P_E_20171001_R19240_001.h5,SPL3SMP_E,006,659.05,Downloaded
2017-10-02,SMAP_L3_SM_P_E_20171002_R19240_001.h5,SPL3SMP_E,006,656.14,Downloaded
2017-10-03,SMAP_L3_SM_P_E_20171003_R19240_001.h5,SPL3SMP_E,006,663.87,Downloaded
2017-10-04,SMAP_L3_SM_P_E_20171004_R19240_001.h5,SPL3SMP_E,006,655.7,Downloaded
2017-10-05,SMAP_L3_SM_P_E_20171005_R19240_001.h5,SPL3SMP_E,006,667.26,Downloaded
2017-10-06,SMAP_L3_SM_P_E_20171006_R19240_001.h5,SPL3SMP_E,006,648.63,Downloaded
2017-10-07,SMAP_L3_SM_P_E_20171007_R19240_001.h5,SPL3SMP_E,006,661.25,Downloaded
2017-10-08,SMAP_L3_SM_P_E_20171008_R19240_001.h5,SPL3SMP_E,006,665.86,Downloaded
2017-10-09,SMAP_L3_SM_P_E_20171009_R19240_001.h5,SPL3SMP_E,006,646.09,Downloaded
2017-10-10,SMAP_L3_SM_P_E_20171010_R19240_001.h5,SPL3SMP_E,006,616.12,Downloaded
2017-10-11,SMAP_L3_SM_P_E_20171011_R19240_001.h5,SPL3SMP_E,006,652.69,Downloaded
2017-10-12,SMAP_L3_SM_P_E_20171012_R19240_001.h5,SPL3SMP_E,006,652.29,Downloaded
2017-10-13,SMAP_L3_SM_P_E_20171013_R19240_001.h5,SPL3SMP_E,006,665.74,Downloaded
2017-10-14,SMAP_L3_SM_P_E_20171014_R19240_001.h5,SPL3SMP_E,006,613.85,Downloaded
2017-10-15,SMAP_L3_SM_P_E_20171015_R19240_001.h5,SPL3SMP_E,006,645.43,Downloaded
2017-10-16,SMAP_L3_SM_P_E_20171016_R19240_001.h5,SPL3SMP_E,006,662.11,Downloaded
2017-10-17,SMAP_L3_SM_P_E_20171017_R19240_001.h5,SPL3SMP_E,006,647.36,Downloaded
2017-10-18,SMAP_L3_SM_P_E_20171018_R19240_001.h5,SPL3SMP_E,006,641.72,Downloaded
2017-10-19,SMAP_L3_SM_P_E_20171019_R19240_001.h5,SPL3SMP_E,006,657.62,Downloaded
2017-10-20,SMAP_L3_SM_P_E_20171020_R19240_001.h5,SPL3SMP_E,006,649.35,Downloaded
2017-10-21,SMAP_L3_SM_P_E_20171021_R19240_001.h5,SPL3SMP_E,006,662.36,Downloaded
2017-10-22,SMAP_L3_SM_P_E_20171022_R19240_001.h5,SPL3SMP_E,006,642.82,Downloaded
2017-10-23,SMAP_L3_SM_P_E_20171023_R19240_001.h5,SPL3SMP_E,006,654.78,Downloaded
2017-10-24,SMAP_L3_SM_P_E_20171024_R19240_001.h5,SPL3SMP_E,006,658.84,Downloaded
2017-10-25,SMAP_L3_SM_P_E_20171025_R19240_001.h5,SPL3SMP_E,006,648.53,Downloaded
2017-10-26,SMAP_L3_SM_P_E_20171026_R19240_001.h5,SPL3SMP_E,006,648.03,Downloaded
2017-10-27,SMAP_L3_SM_P_E_20171027_R19240_001.h5,SPL3SMP_E,006,651.76,Downloaded
2017-10-28,SMAP_L3_SM_P_E_20171028_R19240_001.h5,SPL3SMP_E,006,644.52,Downloaded
2017-10-29,SMAP_L3_SM_P_E_20171029_R19240_001.h5,SPL3SMP_E,006,655.38,Downloaded
2017-10-30,SMAP_L3_SM_P_E_20171030_R19240_001.h5,SPL3SMP_E,006,638.66,Downloaded
2017-10-31,SMAP_L3_SM_P_E_20171031_R19240_001.h5,SPL3SMP_E,006,65.5,Downloaded
2017-11-01,SMAP_L3_SM_P_E_20171101_R19240_001.h5,SPL3SMP_E,006,606.49,Downloaded
2017-11-02,SMAP_L3_SM_P_E_20171102_R19240_001.h5,SPL3SMP_E,006,645.08,Downloaded
2017-11-03,SMAP_L3_SM_P_E_20171103_R19240_001.h5,SPL3SMP_E,006,643.25,Downloaded
2017-11-04,SMAP_L3_SM_P_E_20171104_R19240_001.h5,SPL3SMP_E,006,658.36,Downloaded
2017-11-05,SMAP_L3_SM_P_E_20171105_R19240_001.h5,SPL3SMP_E,006,642.26,Downloaded
2017-11-06,SMAP_L3_SM_P_E_20171106_R19240_001.h5,SPL3SMP_E,006,617.19,Downloaded
2017-11-07,SMAP_L3_SM_P_E_20171107_R19240_001.h5,SPL3SMP_E,006,636.11,Downloaded
2017-11-08,SMAP_L3_SM_P_E_20171108_R19240_001.h5,SPL3SMP_E,006,647.89,Downloaded
2017-11-09,SMAP_L3_SM_P_E_20171109_R19240_001.h5,SPL3SMP_E,006,651.5,Downloaded
2017-11-10,SMAP_L3_SM_P_E_20171110_R19240_001.h5,SPL3SMP_E,006,641.95,Downloaded
2017-11-11,SMAP_L3_SM_P_E_20171111_R19240_001.h5,SPL3SMP_E,006,621.86,Downloaded
2017-11-12,SMAP_L3_SM_P_E_20171112_R19240_001.h5,SPL3SMP_E,006,641.44,Downloaded
2017-11-13,SMAP_L3_SM_P_E_20171113_R19240_001.h5,SPL3SMP_E,006,640.14,Downloaded
2017-11-14,SMAP_L3_SM_P_E_20171114_R19240_001.h5,SPL3SMP_E,006,651.33,Downloaded
2017-11-15,SMAP_L3_SM_P_E_20171115_R19240_001.h5,SPL3SMP_E,006,633.21,Downloaded
2017-11-16,SMAP_L3_SM_P_E_20171116_R19240_001.h5,SPL3SMP_E,006,639.97,Downloaded
2017-11-17,SMAP_L3_SM_P_E_20171117_R19240_001.h5,SPL3SMP_E,006,649.3,Downloaded
2017-11-18,SMAP_L3_SM_P_E_20171118_R19240_001.h5,SPL3SMP_E,006,640.44,Downloaded
2017-11-19,SMAP_L3_SM_P_E_20171119_R19240_001.h5,SPL3SMP_E,006,641.08,Downloaded
2017-11-20,SMAP_L3_SM_P_E_20171120_R19240_001.h5,SPL3SMP_E,006,644.76,Downloaded
2017-11-21,SMAP_L3_SM_P_E_20171121_R19240_001.h5,SPL3SMP_E,006,637.48,Downloaded
2017-11-22,SMAP_L3_SM_P_E_20171122_R19240_001.h5,SPL3SMP_E,006,648.78,Downloaded
2017-11-23,SMAP_L3_SM_P_E_20171123_R19240_001.h5,SPL3SMP_E,006,631.74,Downloaded
2017-11-24,SMAP_L3_SM_P_E_20171124_R19240_001.h5,SPL3SMP_E,006,643.37,Downloaded
2017-11-25,SMAP_L3_SM_P_E_20171125_R19240_001.h5,SPL3SMP_E,006,647.97,Downloaded
2017-11-26,SMAP_L3_SM_P_E_20171126_R19240_001.h5,SPL3SMP_E,006,639.57,Downloaded
2017-11-27,SMAP_L3_SM_P_E_20171127_R19240_001.h5,SPL3SMP_E,006,639.5,Downloaded
2017-11-28,SMAP_L3_SM_P_E_20171128_R19240_001.h5,SPL3SMP_E,006,643.39,Downloaded
2017-11-29,SMAP_L3_SM_P_E_20171129_R19240_001.h5,SPL3SMP_E,006,636.51,Downloaded
2017-11-30,SMAP_L3_SM_P_E_20171130_R19240_001.h5,SPL3SMP_E,006,635.73,Downloaded
2017-12-01,SMAP_L3_SM_P_E_20171201_R19240_001.h5,SPL3SMP_E,006,630.36,Downloaded
2017-12-02,SMAP_L3_SM_P_E_20171202_R19240_001.h5,SPL3SMP_E,006,632.48,Downloaded
2017-12-03,SMAP_L3_SM_P_E_20171203_R19240_001.h5,SPL3SMP_E,006,639.46,Downloaded
2017-12-04,SMAP_L3_SM_P_E_20171204_R19240_001.h5,SPL3SMP_E,006,617.33,Downloaded
2017-12-05,SMAP_L3_SM_P_E_20171205_R19240_001.h5,SPL3SMP_E,006,636.93,Downloaded
2017-12-06,SMAP_L3_SM_P_E_20171206_R19240_001.h5,SPL3SMP_E,006,641.17,Downloaded
2017-12-07,SMAP_L3_SM_P_E_20171207_R19240_001.h5,SPL3SMP_E,006,608.08,Downloaded
2017-12-08,SMAP_L3_SM_P_E_20171208_R19240_001.h5,SPL3SMP_E,006,626.27,Downloaded
2017-12-09,SMAP_L3_SM_P_E_20171209_R19240_001.h5,SPL3SMP_E,006,628.38,Downloaded
2017-12-10,SMAP_L3_SM_P_E_20171210_R19240_001.h5,SPL3SMP_E,006,618.37,Downloaded
2017-12-11,SMAP_L3_SM_P_E_20171211_R19240_001.h5,SPL3SMP_E,006,633.6,Downloaded
2017-12-12,SMAP_L3_SM_P_E_20171212_R19240_001.h5,SPL3SMP_E,006,635.6,Downloaded
2017-12-13,SMAP_L3_SM_P_E_20171213_R19240_001.h5,SPL3SMP_E,006,628.98,Downloaded
2017-12-14,SMAP_L3_SM_P_E_20171214_R19240_001.h5,SPL3SMP_E,006,640.38,Downloaded
2017-12-15,SMAP_L3_SM_P_E_20171215_R19240_001.h5,SPL3SMP_E,006,633.61,Downloaded
2017-12-16,SMAP_L3_SM_P_E_20171216_R19240_001.h5,SPL3SMP_E,006,644.77,Downloaded
2017-12-17,SMAP_L3_SM_P_E_20171217_R19240_001.h5,SPL3SMP_E,006,627.73,Downloaded
2017-12-18,SMAP_L3_SM_P_E_20171218_R19240_001.h5,SPL3SMP_E,006,634.4,Downloaded
2017-12-19,SMAP_L3_SM_P_E_20171219_R19240_001.h5,SPL3SMP_E,006,643.77,Downloaded
2017-12-20,SMAP_L3_SM_P_E_20171220_R19240_001.h5,SPL3SMP_E,006,635.09,Downloaded
2017-12-21,SMAP_L3_SM_P_E_20171221_R19240_001.h5,SPL3SMP_E,006,613.48,Downloaded
2017-12-22,SMAP_L3_SM_P_E_20171222_R19240_001.h5,SPL3SMP_E,006,639.28,Downloaded
2017-12-23,SMAP_L3_SM_P_E_20171223_R19240_001.h5,SPL3SMP_E,006,614.32,Downloaded
2017-12-24,SMAP_L3_SM_P_E_20171224_R19240_001.h5,SPL3SMP_E,006,636.0,Downloaded
2017-12-25,SMAP_L3_SM_P_E_20171225_R19240_001.h5,SPL3SMP_E,006,624.09,Downloaded
2017-12-26,SMAP_L3_SM_P_E_20171226_R19240_001.h5,SPL3SMP_E,006,633.86,Downloaded
2017-12-27,SMAP_L3_SM_P_E_20171227_R19240_001.h5,SPL3SMP_E,006,642.14,Downloaded
2017-12-28,SMAP_L3_SM_P_E_20171228_R19240_001.h5,SPL3SMP_E,006,634.27,Downloaded
2017-12-29,SMAP_L3_SM_P_E_20171229_R19240_001.h5,SPL3SMP_E,006,630.81,Downloaded
2017-12-30,SMAP_L3_SM_P_E_20171230_R19240_001.h5,SPL3SMP_E,006,638.83,Downloaded
2017-12-31,SMAP_L3_SM_P_E_20171231_R19240_001.h5,SPL3SMP_E,006,632.78,Downloaded
2018-01-01,SMAP_L3_SM_P_E_20180101_R19240_001.h5,SPL3SMP_E,006,642.96,Downloaded
2018-01-02,SMAP_L3_SM_P_E_20180102_R19240_001.h5,SPL3SMP_E,006,626.12,Downloaded
2018-01-03,SMAP_L3_SM_P_E_20180103_R19240_001.h5,SPL3SMP_E,006,635.33,Downloaded
2018-01-04,SMAP_L3_SM_P_E_20180104_R19240_001.h5,SPL3SMP_E,006,581.07,Downloaded
2018-01-05,SMAP_L3_SM_P_E_20180105_R19240_001.h5,SPL3SMP_E,006,576.72,Downloaded
2018-01-06,SMAP_L3_SM_P_E_20180106_R19240_001.h5,SPL3SMP_E,006,579.69,Downloaded
2018-01-07,SMAP_L3_SM_P_E_20180107_R19240_001.h5,SPL3SMP_E,006,573.9,Downloaded
2018-01-08,SMAP_L3_SM_P_E_20180108_R19240_001.h5,SPL3SMP_E,006,527.92,Downloaded
2018-01-09,SMAP_L3_SM_P_E_20180109_R19240_001.h5,SPL3SMP_E,006,526.41,Downloaded
2018-01-10,SMAP_L3_SM_P_E_20180110_R19240_001.h5,SPL3SMP_E,006,507.3,Downloaded
2018-01-11,SMAP_L3_SM_P_E_20180111_R19240_001.h5,SPL3SMP_E,006,562.63,Downloaded
2018-01-12,SMAP_L3_SM_P_E_20180112_R19240_001.h5,SPL3SMP_E,006,578.09,Downloaded
2018-01-13,SMAP_L3_SM_P_E_20180113_R19240_001.h5,SPL3SMP_E,006,619.54,Downloaded
2018-01-14,SMAP_L3_SM_P_E_20180114_R19240_001.h5,SPL3SMP_E,006,633.86,Downloaded
2018-01-15,SMAP_L3_SM_P_E_20180115_R19240_001.h5,SPL3SMP_E,006,637.23,Downloaded
2018-01-16,SMAP_L3_SM_P_E_20180116_R19240_001.h5,SPL3SMP_E,006,630.52,Downloaded
2018-01-17,SMAP_L3_SM_P_E_20180117_R19240_001.h5,SPL3SMP_E,006,640.33,Downloaded
2018-01-18,SMAP_L3_SM_P_E_20180118_R19240_001.h5,SPL3SMP_E,006,624.45,Downloaded
2018-01-19,SMAP_L3_SM_P_E_20180119_R19240_001.h5,SPL3SMP_E,006,636.58,Downloaded
2018-01-20,SMAP_L3_SM_P_E_20180120_R19240_001.h5,SPL3SMP_E,006,532.35,Downloaded
2018-01-21,SMAP_L3_SM_P_E_20180121_R19240_001.h5,SPL3SMP_E,006,67.59,Downloaded
2018-01-22,SMAP_L3_SM_P_E_20180122_R19240_001.h5,SPL3SMP_E,006,633.41,Downloaded
2018-01-23,SMAP_L3_SM_P_E_20180123_R19240_001.h5,SPL3SMP_E,006,631.78,Downloaded
2018-01-24,SMAP_L3_SM_P_E_20180124_R19240_001.h5,SPL3SMP_E,006,630.69,Downloaded
2018-01-25,SMAP_L3_SM_P_E_20180125_R19240_001.h5,SPL3SMP_E,006,620.55,Downloaded
2018-01-26,SMAP_L3_SM_P_E_20180126_R19240_001.h5,SPL3SMP_E,006,623.99,Downloaded
2018-01-27,SMAP_L3_SM_P_E_20180127_R19240_001.h5,SPL3SMP_E,006,636.14,Downloaded
2018-01-28,SMAP_L3_SM_P_E_20180128_R19240_001.h5,SPL3SMP_E,006,640.13,Downloaded
2018-01-29,SMAP_L3_SM_P_E_20180129_R19240_001.h5,SPL3SMP_E,006,632.39,Downloaded
2018-01-30,SMAP_L3_SM_P_E_20180130_R19240_001.h5,SPL3SMP_E,006,632.8,Downloaded
2018-01-31,SMAP_L3_SM_P_E_20180131_R19240_001.h5,SPL3SMP_E,006,637.29,Downloaded
2018-02-01,SMAP_L3_SM_P_E_20180201_R19240_001.h5,SPL3SMP_E,006,606.59,Downloaded
2018-02-02,SMAP_L3_SM_P_E_20180202_R19240_001.h5,SPL3SMP_E,006,641.56,Downloaded
2018-02-03,SMAP_L3_SM_P_E_20180203_R19240_001.h5,SPL3SMP_E,006,624.81,Downloaded
2018-02-04,SMAP_L3_SM_P_E_20180204_R19240_001.h5,SPL3SMP_E,006,632.9,Downloaded
2018-02-05,SMAP_L3_SM_P_E_20180205_R19240_001.h5,SPL3SMP_E,006,640.17,Downloaded
2018-02-06,SMAP_L3_SM_P_E_20180206_R19240_001.h5,SPL3SMP_E,006,632.14,Downloaded
2018-02-07,SMAP_L3_SM_P_E_20180207_R19240_001.h5,SPL3SMP_E,006,502.42,Downloaded
2018-02-08,SMAP_L3_SM_P_E_20180208_R19240_001.h5,SPL3SMP_E,006,542.43,Downloaded
2018-02-09,SMAP_L3_SM_P_E_20180209_R19240_001.h5,SPL3SMP_E,006,495.43,Downloaded
2018-02-10,SMAP_L3_SM_P_E_20180210_R19240_001.h5,SPL3SMP_E,006,587.3,Downloaded
2018-02-11,SMAP_L3_SM_P_E_20180211_R19240_001.h5,SPL3SMP_E,006,499.47,Downloaded
2018-02-12,SMAP_L3_SM_P_E_20180212_R19240_001.h5,SPL3SMP_E,006,560.92,Downloaded
2018-02-13,SMAP_L3_SM_P_E_20180213_R19240_001.h5,SPL3SMP_E,006,640.23,Downloaded
2018-02-14,SMAP_L3_SM_P_E_20180214_R19240_001.h5,SPL3SMP_E,006,632.83,Downloaded
2018-02-15,SMAP_L3_SM_P_E_20180215_R19240_001.h5,SPL3SMP_E,006,593.72,Downloaded
2018-02-16,SMAP_L3_SM_P_E_20180216_R19240_001.h5,SPL3SMP_E,006,636.42,Downloaded
2018-02-17,SMAP_L3_SM_P_E_20180217_R19240_001.h5,SPL3SMP_E,006,631.25,Downloaded
2018-02-18,SMAP_L3_SM_P_E_20180218_R19240_001.h5,SPL3SMP_E,006,642.52,Downloaded
2018-02-19,SMAP_L3_SM_P_E_20180219_R19240_001.h5,SPL3SMP_E,006,625.76,Downloaded
2018-02-20,SMAP_L3_SM_P_E_20180220_R19240_001.h5,SPL3SMP_E,006,634.36,Downloaded
2018-02-21,SMAP_L3_SM_P_E_20180221_R19240_001.h5,SPL3SMP_E,006,641.67,Downloaded
2018-02-22,SMAP_L3_SM_P_E_20180222_R19240_001.h5,SPL3SMP_E,006,633.52,Downloaded
2018-02-23,SMAP_L3_SM_P_E_20180223_R19240_001.h5,SPL3SMP_E,006,611.56,Downloaded
2018-02-24,SMAP_L3_SM_P_E_20180224_R19240_001.h5,SPL3SMP_E,006,607.57,Downloaded
2018-02-25,SMAP_L3_SM_P_E_20180225_R19240_001.h5,SPL3SMP_E,006,580.08,Downloaded
2018-02-26,SMAP_L3_SM_P_E_20180226_R19240_001.h5,SPL3SMP_E,006,631.46,Downloaded
2018-02-27,SMAP_L3_SM_P_E_20180227_R19240_001.h5,SPL3SMP_E,006,625.85,Downloaded
2018-02-28,SMAP_L3_SM_P_E_20180228_R19240_001.h5,SPL3SMP_E,006,637.6,Downloaded
2018-03-01,SMAP_L3_SM_P_E_20180301_R19240_001.h5,SPL3SMP_E,006,549.42,Downloaded
2018-03-02,SMAP_L3_SM_P_E_20180302_R19240_001.h5,SPL3SMP_E,006,634.11,Downloaded
2018-03-03,SMAP_L3_SM_P_E_20180303_R19240_001.h5,SPL3SMP_E,006,634.87,Downloaded
2018-03-04,SMAP_L3_SM_P_E_20180304_R19240_001.h5,SPL3SMP_E,006,545.25,Downloaded
2018-03-05,SMAP_L3_SM_P_E_20180305_R19240_001.h5,SPL3SMP_E,006,632.58,Downloaded
2018-03-06,SMAP_L3_SM_P_E_20180306_R19240_001.h5,SPL3SMP_E,006,644.02,Downloaded
2018-03-07,SMAP_L3_SM_P_E_20180307_R19240_001.h5,SPL3SMP_E,006,626.63,Downloaded
2018-03-08,SMAP_L3_SM_P_E_20180308_R19240_001.h5,SPL3SMP_E,006,609.27,Downloaded
2018-03-09,SMAP_L3_SM_P_E_20180309_R19240_001.h5,SPL3SMP_E,006,569.79,Downloaded
2018-03-10,SMAP_L3_SM_P_E_20180310_R19240_001.h5,SPL3SMP_E,006,631.9,Downloaded
2018-03-11,SMAP_L3_SM_P_E_20180311_R19240_001.h5,SPL3SMP_E,006,637.47,Downloaded
2018-03-12,SMAP_L3_SM_P_E_20180312_R19240_001.h5,SPL3SMP_E,006,640.05,Downloaded
2018-03-13,SMAP_L3_SM_P_E_20180313_R19240_001.h5,SPL3SMP_E,006,635.29,Downloaded
2018-03-14,SMAP_L3_SM_P_E_20180314_R19240_001.h5,SPL3SMP_E,006,646.29,Downloaded
2018-03-15,SMAP_L3_SM_P_E_20180315_R19240_001.h5,SPL3SMP_E,006,628.88,Downloaded
2018-03-16,SMAP_L3_SM_P_E_20180316_R19240_001.h5,SPL3SMP_E,006,641.01,Downloaded
2018-03-17,SMAP_L3_SM_P_E_20180317_R19240_001.h5,SPL3SMP_E,006,631.57,Downloaded
2018-03-18,SMAP_L3_SM_P_E_20180318_R19240_001.h5,SPL3SMP_E,006,530.19,Downloaded
2018-03-19,SMAP_L3_SM_P_E_20180319_R19240_001.h5,SPL3SMP_E,006,577.94,Downloaded
2018-03-20,SMAP_L3_SM_P_E_20180320_R19240_001.h5,SPL3SMP_E,006,552.33,Downloaded
2018-03-21,SMAP_L3_SM_P_E_20180321_R19240_001.h5,SPL3SMP_E,006,609.19,Downloaded
2018-03-22,SMAP_L3_SM_P_E_20180322_R19240_001.h5,SPL3SMP_E,006,641.21,Downloaded
2018-03-23,SMAP_L3_SM_P_E_20180323_R19240_001.h5,SPL3SMP_E,006,629.94,Downloaded
2018-03-24,SMAP_L3_SM_P_E_20180324_R19240_001.h5,SPL3SMP_E,006,641.56,Downloaded
2018-03-25,SMAP_L3_SM_P_E_20180325_R19240_001.h5,SPL3SMP_E,006,646.73,Downloaded
2018-03-26,SMAP_L3_SM_P_E_20180326_R19240_001.h5,SPL3SMP_E,006,638.84,Downloaded
2018-03-27,SMAP_L3_SM_P_E_20180327_R19240_001.h5,SPL3SMP_E,006,639.17,Downloaded
2018-03-28,SMAP_L3_SM_P_E_20180328_R19240_001.h5,SPL3SMP_E,006,644.17,Downloaded
2018-03-29,SMAP_L3_SM_P_E_20180329_R19240_001.h5,SPL3SMP_E,006,637.51,Downloaded
2018-03-30,SMAP_L3_SM_P_E_20180330_R19240_001.h5,SPL3SMP_E,006,649.06,Downloaded
2018-03-31,SMAP_L3_SM_P_E_20180331_R19240_001.h5,SPL3SMP_E,006,631.52,Downloaded
2018-04-01,SMAP_L3_SM_P_E_20180401_R19240_001.h5,SPL3SMP_E,006,643.87,Downloaded
2018-04-02,SMAP_L3_SM_P_E_20180402_R19240_001.h5,SPL3SMP_E,006,647.7,Downloaded
2018-04-03,SMAP_L3_SM_P_E_20180403_R19240_001.h5,SPL3SMP_E,006,639.29,Downloaded
2018-04-04,SMAP_L3_SM_P_E_20180404_R19240_001.h5,SPL3SMP_E,006,640.05,Downloaded
2018-04-05,SMAP_L3_SM_P_E_20180405_R19240_001.h5,SPL3SMP_E,006,643.62,Downloaded
2018-04-06,SMAP_L3_SM_P_E_20180406_R19240_001.h5,SPL3SMP_E,006,637.16,Downloaded
2018-04-07,SMAP_L3_SM_P_E_20180407_R19240_001.h5,SPL3SMP_E,006,648.89,Downloaded
2018-04-08,SMAP_L3_SM_P_E_20180408_R19240_001.h5,SPL3SMP_E,006,622.92,Downloaded
2018-04-09,SMAP_L3_SM_P_E_20180409_R19240_001.h5,SPL3SMP_E,006,627.92,Downloaded
2018-04-10,SMAP_L3_SM_P_E_20180410_R19240_001.h5,SPL3SMP_E,006,649.77,Downloaded
2018-04-11,SMAP_L3_SM_P_E_20180411_R19240_001.h5,SPL3SMP_E,006,562.85,Downloaded
2018-04-12,SMAP_L3_SM_P_E_20180412_R19240_001.h5,SPL3SMP_E,006,643.02,Downloaded
2018-04-13,SMAP_L3_SM_P_E_20180413_R19240_001.h5,SPL3SMP_E,006,646.44,Downloaded
2018-04-14,SMAP_L3_SM_P_E_20180414_R19240_001.h5,SPL3SMP_E,006,639.44,Downloaded
2018-04-15,SMAP_L3_SM_P_E_20180415_R19240_001.h5,SPL3SMP_E,006,651.7,Downloaded
2018-04-16,SMAP_L3_SM_P_E_20180416_R19240_001.h5,SPL3SMP_E,006,634.84,Downloaded
2018-04-17,SMAP_L3_SM_P_E_20180417_R19240_001.h5,SPL3SMP_E,006,647.41,Downloaded
2018-04-18,SMAP_L3_SM_P_E_20180418_R19240_001.h5,SPL3SMP_E,006,652.48,Downloaded
2018-04-19,SMAP_L3_SM_P_E_20180419_R19240_001.h5,SPL3SMP_E,006,643.88,Downloaded
2018-04-20,SMAP_L3_SM_P_E_20180420_R19240_001.h5,SPL3SMP_E,006,622.94,Downloaded
2018-04-21,SMAP_L3_SM_P_E_20180421_R19240_001.h5,SPL3SMP_E,006,649.67,Downloaded
2018-04-22,SMAP_L3_SM_P_E_20180422_R19240_001.h5,SPL3SMP_E,006,642.2,Downloaded
2018-04-23,SMAP_L3_SM_P_E_20180423_R19240_001.h5,SPL3SMP_E,006,655.09,Downloaded
2018-04-24,SMAP_L3_SM_P_E_20180424_R19240_001.h5,SPL3SMP_E,006,635.4,Downloaded
2018-04-25,SMAP_L3_SM_P_E_20180425_R19240_001.h5,SPL3SMP_E,006,649.74,Downloaded
2018-04-26,SMAP_L3_SM_P_E_20180426_R19240_001.h5,SPL3SMP_E,006,616.06,Downloaded
2018-04-27,SMAP_L3_SM_P_E_20180427_R19240_001.h5,SPL3SMP_E,006,612.82,Downloaded
2018-04-28,SMAP_L3_SM_P_E_20180428_R19240_001.h5,SPL3SMP_E,006,647.39,Downloaded
2018-04-29,SMAP_L3_SM_P_E_20180429_R19240_001.h5,SPL3SMP_E,006,609.12,Downloaded
2018-04-30,SMAP_L3_SM_P_E_20180430_R19240_001.h5,SPL3SMP_E,006,644.26,Downloaded
2018-05-01,SMAP_L3_SM_P_E_20180501_R19240_001.h5,SPL3SMP_E,006,657.45,Downloaded
2018-05-02,SMAP_L3_SM_P_E_20180502_R19240_001.h5,SPL3SMP_E,006,575.44,Downloaded
2018-05-03,SMAP_L3_SM_P_E_20180503_R19240_001.h5,SPL3SMP_E,006,652.54,Downloaded
2018-05-04,SMAP_L3_SM_P_E_20180504_R19240_001.h5,SPL3SMP_E,006,657.59,Downloaded
2018-05-05,SMAP_L3_SM_P_E_20180505_R19240_001.h5,SPL3SMP_E,006,46.95,Downloaded
2018-05-06,SMAP_L3_SM_P_E_20180506_R19240_001.h5,SPL3SMP_E,006,649.94,Downloaded
2018-05-07,SMAP_L3_SM_P_E_20180507_R19240_001.h5,SPL3SMP_E,006,650.06,Downloaded
2018-05-08,SMAP_L3_SM_P_E_20180508_R19240_001.h5,SPL3SMP_E,006,382.85,Downloaded
2018-05-09,SMAP_L3_SM_P_E_20180509_R19240_001.h5,SPL3SMP_E,006,660.5,Downloaded
2018-05-10,SMAP_L3_SM_P_E_20180510_R19240_001.h5,SPL3SMP_E,006,643.35,Downloaded
2018-05-11,SMAP_L3_SM_P_E_20180511_R19240_001.h5,SPL3SMP_E,006,275.38,Downloaded
2018-05-12,SMAP_L3_SM_P_E_20180512_R19240_001.h5,SPL3SMP_E,006,660.74,Downloaded
2018-05-13,SMAP_L3_SM_P_E_20180513_R19240_001.h5,SPL3SMP_E,006,649.05,Downloaded
2018-05-14,SMAP_L3_SM_P_E_20180514_R19240_001.h5,SPL3SMP_E,006,538.78,Downloaded
2018-05-15,SMAP_L3_SM_P_E_20180515_R19240_001.h5,SPL3SMP_E,006,637.75,Downloaded
2018-05-16,SMAP_L3_SM_P_E_20180516_R19240_001.h5,SPL3SMP_E,006,648.1,Downloaded
2018-05-17,SMAP_L3_SM_P_E_20180517_R19240_001.h5,SPL3SMP_E,006,503.2,Downloaded
2018-05-18,SMAP_L3_SM_P_E_20180518_R19240_001.h5,SPL3SMP_E,006,633.84,Downloaded
2018-05-19,SMAP_L3_SM_P_E_20180519_R19240_001.h5,SPL3SMP_E,006,657.44,Downloaded
2018-05-20,SMAP_L3_SM_P_E_20180520_R19240_001.h5,SPL3SMP_E,006,623.14,Downloaded
2018-05-21,SMAP_L3_SM_P_E_20180521_R19240_001.h5,SPL3SMP_E,006,653.74,Downloaded
2018-05-22,SMAP_L3_SM_P_E_20180522_R19240_001.h5,SPL3SMP_E,006,646.31,Downloaded
2018-05-23,SMAP_L3_SM_P_E_20180523_R19240_001.h5,SPL3SMP_E,006,547.8,Downloaded
2018-05-24,SMAP_L3_SM_P_E_20180524_R19240_001.h5,SPL3SMP_E,006,627.72,Downloaded
2018-05-25,SMAP_L3_SM_P_E_20180525_R19240_001.h5,SPL3SMP_E,006,665.26,Downloaded
2018-05-26,SMAP_L3_SM_P_E_20180526_R19240_001.h5,SPL3SMP_E,006,647.19,Downloaded
2018-05-27,SMAP_L3_SM_P_E_20180527_R19240_001.h5,SPL3SMP_E,006,659.87,Downloaded
2018-05-28,SMAP_L3_SM_P_E_20180528_R19240_001.h5,SPL3SMP_E,006,665.16,Downloaded
2018-05-29,SMAP_L3_SM_P_E_20180529_R19240_001.h5,SPL3SMP_E,006,620.83,Downloaded
2018-05-30,SMAP_L3_SM_P_E_20180530_R19240_001.h5,SPL3SMP_E,006,657.19,Downloaded
2018-05-31,SMAP_L3_SM_P_E_20180531_R19240_001.h5,SPL3SMP_E,006,656.21,Downloaded
2018-06-01,SMAP_L3_SM_P_E_20180601_R19240_001.h5,SPL3SMP_E,006,653.08,Downloaded
2018-06-02,SMAP_L3_SM_P_E_20180602_R19240_001.h5,SPL3SMP_E,006,667.78,Downloaded
2018-06-03,SMAP_L3_SM_P_E_20180603_R19240_001.h5,SPL3SMP_E,006,642.48,Downloaded
2018-06-04,SMAP_L3_SM_P_E_20180604_R19240_001.h5,SPL3SMP_E,006,527.79,Downloaded
2018-06-05,SMAP_L3_SM_P_E_20180605_R19240_001.h5,SPL3SMP_E,006,667.99,Downloaded
2018-06-06,SMAP_L3_SM_P_E_20180606_R19240_001.h5,SPL3SMP_E,006,655.55,Downloaded
2018-06-07,SMAP_L3_SM_P_E_20180607_R19240_001.h5,SPL3SMP_E,006,643.21,Downloaded
2018-06-08,SMAP_L3_SM_P_E_20180608_R19240_001.h5,SPL3SMP_E,006,601.24,Downloaded
2018-06-09,SMAP_L3_SM_P_E_20180609_R19240_001.h5,SPL3SMP_E,006,644.89,Downloaded
2018-06-10,SMAP_L3_SM_P_E_20180610_R19240_001.h5,SPL3SMP_E,006,583.18,Downloaded
2018-06-11,SMAP_L3_SM_P_E_20180611_R19240_001.h5,SPL3SMP_E,006,652.87,Downloaded
2018-06-12,SMAP_L3_SM_P_E_20180612_R19240_001.h5,SPL3SMP_E,006,664.98,Downloaded
2018-06-13,SMAP_L3_SM_P_E_20180613_R19240_001.h5,SPL3SMP_E,006,670.99,Downloaded
2018-06-14,SMAP_L3_SM_P_E_20180614_R19240_001.h5,SPL3SMP_E,006,618.04,Downloaded
2018-06-15,SMAP_L3_SM_P_E_20180615_R19240_001.h5,SPL3SMP_E,006,612.08,Downloaded
2018-06-16,SMAP_L3_SM_P_E_20180616_R19240_001.h5,SPL3SMP_E,006,567.16,Downloaded
2018-06-17,SMAP_L3_SM_P_E_20180617_R19240_001.h5,SPL3SMP_E,006,627.37,Downloaded
2018-06-18,SMAP_L3_SM_P_E_20180618_R19240_001.h5,SPL3SMP_E,006,646.28,Downloaded
2018-06-19,SMAP_L3_SM_P_E_20180619_R19240_001.h5,SPL3SMP_E,006,634.61,Downloaded
2018-06-20,SMAP_L3_SM_P_E_20180620_R19240_001.h5,SPL3SMP_E,006,629.24,Downloaded
2018-06-21,SMAP_L3_SM_P_E_20180621_R19240_001.h5,SPL3SMP_E,006,583.9,Downloaded
2018-06-22,SMAP_L3_SM_P_E_20180622_R19240_001.h5,SPL3SMP_E,006,588.14,Downloaded
2018-06-23,SMAP_L3_SM_P_E_20180623_R19240_001.h5,SPL3SMP_E,006,132.88,Downloaded
2018-06-24,SMAP_L3_SM_P_E_20180624_R19240_001.h5,SPL3SMP_E,006,658.9,Downloaded
2018-06-25,SMAP_L3_SM_P_E_20180625_R19240_001.h5,SPL3SMP_E,006,659.18,Downloaded
2018-06-26,SMAP_L3_SM_P_E_20180626_R19240_001.h5,SPL3SMP_E,006,601.67,Downloaded
2018-06-27,SMAP_L3_SM_P_E_20180627_R19240_001.h5,SPL3SMP_E,006,319.89,Downloaded
2018-06-28,SMAP_L3_SM_P_E_20180628_R19240_001.h5,SPL3SMP_E,006,565.92,Downloaded
2018-06-29,SMAP_L3_SM_P_E_20180629_R19240_001.h5,SPL3SMP_E,006,415.03,Downloaded
2018-06-30,SMAP_L3_SM_P_E_20180630_R19240_001.h5,SPL3SMP_E,006,617.41,Downloaded
2018-07-01,SMAP_L3_SM_P_E_20180701_R19240_001.h5,SPL3SMP_E,006,662.64,Downloaded
2018-07-02,SMAP_L3_SM_P_E_20180702_R19240_001.h5,SPL3SMP_E,006,671.11,Downloaded
2018-07-03,SMAP_L3_SM_P_E_20180703_R19240_001.h5,SPL3SMP_E,006,659.85,Downloaded
2018-07-04,SMAP_L3_SM_P_E_20180704_R19240_001.h5,SPL3SMP_E,006,674.62,Downloaded
2018-07-05,SMAP_L3_SM_P_E_20180705_R19240_001.h5,SPL3SMP_E,006,656.47,Downloaded
2018-07-06,SMAP_L3_SM_P_E_20180706_R19240_001.h5,SPL3SMP_E,006,668.12,Downloaded
2018-07-07,SMAP_L3_SM_P_E_20180707_R19240_001.h5,SPL3SMP_E,006,674.23,Downloaded
2018-07-08,SMAP_L3_SM_P_E_20180708_R19240_001.h5,SPL3SMP_E,006,652.57,Downloaded
2018-07-09,SMAP_L3_SM_P_E_20180709_R19240_001.h5,SPL3SMP_E,006,665.64,Downloaded
2018-07-10,SMAP_L3_SM_P_E_20180710_R19240_001.h5,SPL3SMP_E,006,671.59,Downloaded
2018-07-11,SMAP_L3_SM_P_E_20180711_R19240_001.h5,SPL3SMP_E,006,653.29,Downloaded
2018-07-12,SMAP_L3_SM_P_E_20180712_R19240_001.h5,SPL3SMP_E,006,663.78,Downloaded
2018-07-13,SMAP_L3_SM_P_E_20180713_R19240_001.h5,SPL3SMP_E,006,656.94,Downloaded
2018-07-14,SMAP_L3_SM_P_E_20180714_R19240_001.h5,SPL3SMP_E,006,668.3,Downloaded
2018-07-15,SMAP_L3_SM_P_E_20180715_R19240_001.h5,SPL3SMP_E,006,674.54,Downloaded
2018-07-16,SMAP_L3_SM_P_E_20180716_R19240_001.h5,SPL3SMP_E,006,663.8,Downloaded
2018-07-17,SMAP_L3_SM_P_E_20180717_R19240_001.h5,SPL3SMP_E,006,631.5,Downloaded
2018-07-18,SMAP_L3_SM_P_E_20180718_R19240_001.h5,SPL3SMP_E,006,643.0,Downloaded
2018-07-19,SMAP_L3_SM_P_E_20180719_R19240_001.h5,SPL3SMP_E,006,653.51,Downloaded
2018-07-20,SMAP_L3_SM_P_E_20180720_R19240_001.h5,SPL3SMP_E,006,661.91,Downloaded
2018-07-21,SMAP_L3_SM_P_E_20180721_R19240_001.h5,SPL3SMP_E,006,656.91,Downloaded
2018-07-22,SMAP_L3_SM_P_E_20180722_R19240_001.h5,SPL3SMP_E,006,654.37,Downloaded
2018-07-23,SMAP_L3_SM_P_E_20180723_R19240_001.h5,SPL3SMP_E,006,674.57,Downloaded
2018-07-24,SMAP_L3_SM_P_E_20180724_R19240_001.h5,SPL3SMP_E,006,663.89,Downloaded
2018-07-25,SMAP_L3_SM_P_E_20180725_R19240_001.h5,SPL3SMP_E,006,628.48,Downloaded
2018-07-26,SMAP_L3_SM_P_E_20180726_R19240_001.h5,SPL3SMP_E,006,671.61,Downloaded
2018-07-27,SMAP_L3_SM_P_E_20180727_R19240_001.h5,SPL3SMP_E,006,659.83,Downloaded
2018-07-28,SMAP_L3_SM_P_E_20180728_R19240_001.h5,SPL3SMP_E,006,660.71,Downloaded
2018-07-29,SMAP_L3_SM_P_E_20180729_R19240_001.h5,SPL3SMP_E,006,656.4,Downloaded
2018-07-30,SMAP_L3_SM_P_E_20180730_R19240_001.h5,SPL3SMP_E,006,667.92,Downloaded
2018-07-31,SMAP_L3_SM_P_E_20180731_R19240_001.h5,SPL3SMP_E,006,674.14,Downloaded
2018-08-01,SMAP_L3_SM_P_E_20180801_R19240_001.h5,SPL3SMP_E,006,663.57,Downloaded
2018-08-02,SMAP_L3_SM_P_E_20180802_R19240_001.h5,SPL3SMP_E,006,665.53,Downloaded
2018-08-03,SMAP_L3_SM_P_E_20180803_R19240_001.h5,SPL3SMP_E,006,671.23,Downloaded
2018-08-04,SMAP_L3_SM_P_E_20180804_R19240_001.h5,SPL3SMP_E,006,659.89,Downloaded
2018-08-05,SMAP_L3_SM_P_E_20180805_R19240_001.h5,SPL3SMP_E,006,674.79,Downloaded
2018-08-06,SMAP_L3_SM_P_E_20180806_R19240_001.h5,SPL3SMP_E,006,656.34,Downloaded
2018-08-07,SMAP_L3_SM_P_E_20180807_R19240_001.h5,SPL3SMP_E,006,667.9,Downloaded
2018-08-08,SMAP_L3_SM_P_E_20180808_R19240_001.h5,SPL3SMP_E,006,674.24,Downloaded
2018-08-09,SMAP_L3_SM_P_E_20180809_R19240_001.h5,SPL3SMP_E,006,663.5,Downloaded
2018-08-10,SMAP_L3_SM_P_E_20180810_R19240_001.h5,SPL3SMP_E,006,656.13,Downloaded
2018-08-11,SMAP_L3_SM_P_E_20180811_R19240_001.h5,SPL3SMP_E,006,667.97,Downloaded
2018-08-12,SMAP_L3_SM_P_E_20180812_R19240_001.h5,SPL3SMP_E,006,659.9,Downloaded
2018-08-13,SMAP_L3_SM_P_E_20180813_R19240_001.h5,SPL3SMP_E,006,674.74,Downloaded
2018-08-14,SMAP_L3_SM_P_E_20180814_R19240_001.h5,SPL3SMP_E,006,642.01,Downloaded
2018-08-15,SMAP_L3_SM_P_E_20180815_R19240_001.h5,SPL3SMP_E,006,668.13,Downloaded
2018-08-16,SMAP_L3_SM_P_E_20180816_R19240_001.h5,SPL3SMP_E,006,657.25,Downloaded
2018-08-17,SMAP_L3_SM_P_E_20180817_R19240_001.h5,SPL3SMP_E,006,660.63,Downloaded
2018-08-18,SMAP_L3_SM_P_E_20180818_R19240_001.h5,SPL3SMP_E,006,665.42,Downloaded
2018-08-19,SMAP_L3_SM_P_E_20180819_R19240_001.h5,SPL3SMP_E,006,663.21,Downloaded
2018-08-20,SMAP_L3_SM_P_E_20180820_R19240_001.h5,SPL3SMP_E,006,659.36,Downloaded
2018-08-21,SMAP_L3_SM_P_E_20180821_R19240_001.h5,SPL3SMP_E,006,659.93,Downloaded
2018-08-22,SMAP_L3_SM_P_E_20180822_R19240_001.h5,SPL3SMP_E,006,655.88,Downloaded
2018-08-23,SMAP_L3_SM_P_E_20180823_R19240_001.h5,SPL3SMP_E,006,667.84,Downloaded
2018-08-24,SMAP_L3_SM_P_E_20180824_R19240_001.h5,SPL3SMP_E,006,673.67,Downloaded
2018-08-25,SMAP_L3_SM_P_E_20180825_R19240_001.h5,SPL3SMP_E,006,662.41,Downloaded
2018-08-26,SMAP_L3_SM_P_E_20180826_R19240_001.h5,SPL3SMP_E,006,665.11,Downloaded
2018-08-27,SMAP_L3_SM_P_E_20180827_R19240_001.h5,SPL3SMP_E,006,670.97,Downloaded
2018-08-28,SMAP_L3_SM_P_E_20180828_R19240_001.h5,SPL3SMP_E,006,660.21,Downloaded
2018-08-29,SMAP_L3_SM_P_E_20180829_R19240_001.h5,SPL3SMP_E,006,674.98,Downloaded
2018-08-30,SMAP_L3_SM_P_E_20180830_R19240_001.h5,SPL3SMP_E,006,656.28,Downloaded
2018-08-31,SMAP_L3_SM_P_E_20180831_R19240_001.h5,SPL3SMP_E,006,668.34,Downloaded
2018-09-01,SMAP_L3_SM_P_E_20180901_R19240_001.h5,SPL3SMP_E,006,662.17,Downloaded
2018-09-02,SMAP_L3_SM_P_E_20180902_R19240_001.h5,SPL3SMP_E,006,640.17,Downloaded
2018-09-03,SMAP_L3_SM_P_E_20180903_R19240_001.h5,SPL3SMP_E,006,665.44,Downloaded
2018-09-04,SMAP_L3_SM_P_E_20180904_R19240_001.h5,SPL3SMP_E,006,661.29,Downloaded
2018-09-05,SMAP_L3_SM_P_E_20180905_R19240_001.h5,SPL3SMP_E,006,660.4,Downloaded
2018-09-06,SMAP_L3_SM_P_E_20180906_R19240_001.h5,SPL3SMP_E,006,462.65,Downloaded
2018-09-07,SMAP_L3_SM_P_E_20180907_R19240_001.h5,SPL3SMP_E,006,656.28,Downloaded
2018-09-08,SMAP_L3_SM_P_E_20180908_R19240_001.h5,SPL3SMP_E,006,668.84,Downloaded
2018-09-09,SMAP_L3_SM_P_E_20180909_R19240_001.h5,SPL3SMP_E,006,674.31,Downloaded
2018-09-10,SMAP_L3_SM_P_E_20180910_R19240_001.h5,SPL3SMP_E,006,638.67,Downloaded
2018-09-11,SMAP_L3_SM_P_E_20180911_R19240_001.h5,SPL3SMP_E,006,664.52,Downloaded
2018-09-12,SMAP_L3_SM_P_E_20180912_R19240_001.h5,SPL3SMP_E,006,639.96,Downloaded
2018-09-13,SMAP_L3_SM_P_E_20180913_R19240_001.h5,SPL3SMP_E,006,641.18,Downloaded
2018-09-14,SMAP_L3_SM_P_E_20180914_R19240_001.h5,SPL3SMP_E,006,661.5,Downloaded
2018-09-15,SMAP_L3_SM_P_E_20180915_R19240_001.h5,SPL3SMP_E,006,650.41,Downloaded
2018-09-16,SMAP_L3_SM_P_E_20180916_R19240_001.h5,SPL3SMP_E,006,667.64,Downloaded
2018-09-17,SMAP_L3_SM_P_E_20180917_R19240_001.h5,SPL3SMP_E,006,668.18,Downloaded
2018-09-18,SMAP_L3_SM_P_E_20180918_R19240_001.h5,SPL3SMP_E,006,643.79,Downloaded
2018-09-19,SMAP_L3_SM_P_E_20180919_R19240_001.h5,SPL3SMP_E,006,664.53,Downloaded
2018-09-20,SMAP_L3_SM_P_E_20180920_R19240_001.h5,SPL3SMP_E,006,665.08,Downloaded
2018-09-21,SMAP_L3_SM_P_E_20180921_R19240_001.h5,SPL3SMP_E,006,618.45,Downloaded
2018-09-22,SMAP_L3_SM_P_E_20180922_R19240_001.h5,SPL3SMP_E,006,673.57,Downloaded
2018-09-23,SMAP_L3_SM_P_E_20180923_R19240_001.h5,SPL3SMP_E,006,653.28,Downloaded
2018-09-24,SMAP_L3_SM_P_E_20180924_R19240_001.h5,SPL3SMP_E,006,667.05,Downloaded
2018-09-25,SMAP_L3_SM_P_E_20180925_R19240_001.h5,SPL3SMP_E,006,672.37,Downloaded
2018-09-26,SMAP_L3_SM_P_E_20180926_R19240_001.h5,SPL3SMP_E,006,662.1,Downloaded
2018-09-27,SMAP_L3_SM_P_E_20180927_R19240_001.h5,SPL3SMP_E,006,663.82,Downloaded
2018-09-28,SMAP_L3_SM_P_E_20180928_R19240_001.h5,SPL3SMP_E,006,668.73,Downloaded
2018-09-29,SMAP_L3_SM_P_E_20180929_R19240_001.h5,SPL3SMP_E,006,658.14,Downloaded
2018-09-30,SMAP_L3_SM_P_E_20180930_R19240_001.h5,SPL3SMP_E,006,672.22,Downloaded
2018-10-01,SMAP_L3_SM_P_E_20181001_R19240_001.h5,SPL3SMP_E,006,651.39,Downloaded
2018-10-02,SMAP_L3_SM_P_E_20181002_R19240_001.h5,SPL3SMP_E,006,665.65,Downloaded
2018-10-03,SMAP_L3_SM_P_E_20181003_R19240_001.h5,SPL3SMP_E,006,668.97,Downloaded
2018-10-04,SMAP_L3_SM_P_E_20181004_R19240_001.h5,SPL3SMP_E,006,637.74,Downloaded
2018-10-05,SMAP_L3_SM_P_E_20181005_R19240_001.h5,SPL3SMP_E,006,660.56,Downloaded
2018-10-06,SMAP_L3_SM_P_E_20181006_R19240_001.h5,SPL3SMP_E,006,665.21,Downloaded
2018-10-07,SMAP_L3_SM_P_E_20181007_R19240_001.h5,SPL3SMP_E,006,655.54,Downloaded
2018-10-08,SMAP_L3_SM_P_E_20181008_R19240_001.h5,SPL3SMP_E,006,640.0,Downloaded
2018-10-09,SMAP_L3_SM_P_E_20181009_R19240_001.h5,SPL3SMP_E,006,649.48,Downloaded
2018-10-10,SMAP_L3_SM_P_E_20181010_R19240_001.h5,SPL3SMP_E,006,662.48,Downloaded
2018-10-11,SMAP_L3_SM_P_E_20181011_R19240_001.h5,SPL3SMP_E,006,631.66,Downloaded
2018-10-12,SMAP_L3_SM_P_E_20181012_R19240_001.h5,SPL3SMP_E,006,656.62,Downloaded
2018-10-13,SMAP_L3_SM_P_E_20181013_R19240_001.h5,SPL3SMP_E,006,643.77,Downloaded
2018-10-14,SMAP_L3_SM_P_E_20181014_R19240_001.h5,SPL3SMP_E,006,660.45,Downloaded
2018-10-15,SMAP_L3_SM_P_E_20181015_R19240_001.h5,SPL3SMP_E,006,651.7,Downloaded
2018-10-16,SMAP_L3_SM_P_E_20181016_R19240_001.h5,SPL3SMP_E,006,664.57,Downloaded
2018-10-17,SMAP_L3_SM_P_E_20181017_R19240_001.h5,SPL3SMP_E,006,645.62,Downloaded
2018-10-18,SMAP_L3_SM_P_E_20181018_R19240_001.h5,SPL3SMP_E,006,620.98,Downloaded
2018-10-19,SMAP_L3_SM_P_E_20181019_R19240_001.h5,SPL3SMP_E,006,661.25,Downloaded
2018-10-20,SMAP_L3_SM_P_E_20181020_R19240_001.h5,SPL3SMP_E,006,650.42,Downloaded
2018-10-21,SMAP_L3_SM_P_E_20181021_R19240_001.h5,SPL3SMP_E,006,646.52,Downloaded
2018-10-22,SMAP_L3_SM_P_E_20181022_R19240_001.h5,SPL3SMP_E,006,658.35,Downloaded
2018-10-23,SMAP_L3_SM_P_E_20181023_R19240_001.h5,SPL3SMP_E,006,649.52,Downloaded
2018-10-24,SMAP_L3_SM_P_E_20181024_R19240_001.h5,SPL3SMP_E,006,661.54,Downloaded
2018-10-25,SMAP_L3_SM_P_E_20181025_R19240_001.h5,SPL3SMP_E,006,642.73,Downloaded
2018-10-26,SMAP_L3_SM_P_E_20181026_R19240_001.h5,SPL3SMP_E,006,653.91,Downloaded
2018-10-27,SMAP_L3_SM_P_E_20181027_R19240_001.h5,SPL3SMP_E,006,659.48,Downloaded
2018-10-28,SMAP_L3_SM_P_E_20181028_R19240_001.h5,SPL3SMP_E,006,650.15,Downloaded
2018-10-29,SMAP_L3_SM_P_E_20181029_R19240_001.h5,SPL3SMP_E,006,648.7,Downloaded
2018-10-30,SMAP_L3_SM_P_E_20181030_R19240_001.h5,SPL3SMP_E,006,653.3,Downloaded
2018-10-31,SMAP_L3_SM_P_E_20181031_R19240_001.h5,SPL3SMP_E,006,644.94,Downloaded
2018-11-01,SMAP_L3_SM_P_E_20181101_R19240_001.h5,SPL3SMP_E,006,656.44,Downloaded
2018-11-02,SMAP_L3_SM_P_E_20181102_R19240_001.h5,SPL3SMP_E,006,637.88,Downloaded
2018-11-03,SMAP_L3_SM_P_E_20181103_R19240_001.h5,SPL3SMP_E,006,617.3,Downloaded
2018-11-04,SMAP_L3_SM_P_E_20181104_R19240_001.h5,SPL3SMP_E,006,651.22,Downloaded
2018-11-05,SMAP_L3_SM_P_E_20181105_R19240_001.h5,SPL3SMP_E,006,633.61,Downloaded
2018-11-06,SMAP_L3_SM_P_E_20181106_R19240_001.h5,SPL3SMP_E,006,645.86,Downloaded
2018-11-07,SMAP_L3_SM_P_E_20181107_R19240_001.h5,SPL3SMP_E,006,649.62,Downloaded
2018-11-08,SMAP_L3_SM_P_E_20181108_R19240_001.h5,SPL3SMP_E,006,634.48,Downloaded
2018-11-09,SMAP_L3_SM_P_E_20181109_R19240_001.h5,SPL3SMP_E,006,652.92,Downloaded
2018-11-10,SMAP_L3_SM_P_E_20181110_R19240_001.h5,SPL3SMP_E,006,630.02,Downloaded
2018-11-11,SMAP_L3_SM_P_E_20181111_R19240_001.h5,SPL3SMP_E,006,646.38,Downloaded
2018-11-12,SMAP_L3_SM_P_E_20181112_R19240_001.h5,SPL3SMP_E,006,634.12,Downloaded
2018-11-13,SMAP_L3_SM_P_E_20181113_R19240_001.h5,SPL3SMP_E,006,640.9,Downloaded
2018-11-14,SMAP_L3_SM_P_E_20181114_R19240_001.h5,SPL3SMP_E,006,641.92,Downloaded
2018-11-15,SMAP_L3_SM_P_E_20181115_R19240_001.h5,SPL3SMP_E,006,645.25,Downloaded
2018-11-16,SMAP_L3_SM_P_E_20181116_R19240_001.h5,SPL3SMP_E,006,636.76,Downloaded
2018-11-17,SMAP_L3_SM_P_E_20181117_R19240_001.h5,SPL3SMP_E,006,649.51,Downloaded
2018-11-18,SMAP_L3_SM_P_E_20181118_R19240_001.h5,SPL3SMP_E,006,631.85,Downloaded
2018-11-19,SMAP_L3_SM_P_E_20181119_R19240_001.h5,SPL3SMP_E,006,640.86,Downloaded
2018-11-20,SMAP_L3_SM_P_E_20181120_R19240_001.h5,SPL3SMP_E,006,647.05,Downloaded
2018-11-21,SMAP_L3_SM_P_E_20181121_R19240_001.h5,SPL3SMP_E,006,588.34,Downloaded
2018-11-22,SMAP_L3_SM_P_E_20181122_R19240_001.h5,SPL3SMP_E,006,639.65,Downloaded
2018-11-23,SMAP_L3_SM_P_E_20181123_R19240_001.h5,SPL3SMP_E,006,606.69,Downloaded
2018-11-24,SMAP_L3_SM_P_E_20181124_R19240_001.h5,SPL3SMP_E,006,636.06,Downloaded
2018-11-25,SMAP_L3_SM_P_E_20181125_R19240_001.h5,SPL3SMP_E,006,631.72,Downloaded
2018-11-26,SMAP_L3_SM_P_E_20181126_R19240_001.h5,SPL3SMP_E,006,629.32,Downloaded
2018-11-27,SMAP_L3_SM_P_E_20181127_R19240_001.h5,SPL3SMP_E,006,600.99,Downloaded
2018-11-28,SMAP_L3_SM_P_E_20181128_R19240_001.h5,SPL3SMP_E,006,629.18,Downloaded
2018-11-29,SMAP_L3_SM_P_E_20181129_R19240_001.h5,SPL3SMP_E,006,634.96,Downloaded
2018-11-30,SMAP_L3_SM_P_E_20181130_R19240_001.h5,SPL3SMP_E,006,638.02,Downloaded
2018-12-01,SMAP_L3_SM_P_E_20181201_R19240_001.h5,SPL3SMP_E,006,641.82,Downloaded
2018-12-02,SMAP_L3_SM_P_E_20181202_R19240_001.h5,SPL3SMP_E,006,634.19,Downloaded
2018-12-03,SMAP_L3_SM_P_E_20181203_R19240_001.h5,SPL3SMP_E,006,645.09,Downloaded
2018-12-04,SMAP_L3_SM_P_E_20181204_R19240_001.h5,SPL3SMP_E,006,627.93,Downloaded
2018-12-05,SMAP_L3_SM_P_E_20181205_R19240_001.h5,SPL3SMP_E,006,639.92,Downloaded
2018-12-06,SMAP_L3_SM_P_E_20181206_R19240_001.h5,SPL3SMP_E,006,643.47,Downloaded
2018-12-07,SMAP_L3_SM_P_E_20181207_R19240_001.h5,SPL3SMP_E,006,635.01,Downloaded
2018-12-08,SMAP_L3_SM_P_E_20181208_R19240_001.h5,SPL3SMP_E,006,631.17,Downloaded
2018-12-09,SMAP_L3_SM_P_E_20181209_R19240_001.h5,SPL3SMP_E,006,640.1,Downloaded
2018-12-10,SMAP_L3_SM_P_E_20181210_R19240_001.h5,SPL3SMP_E,006,633.44,Downloaded
2018-12-11,SMAP_L3_SM_P_E_20181211_R19240_001.h5,SPL3SMP_E,006,644.44,Downloaded
2018-12-12,SMAP_L3_SM_P_E_20181212_R19240_001.h5,SPL3SMP_E,006,584.35,Downloaded
2018-12-13,SMAP_L3_SM_P_E_20181213_R19240_001.h5,SPL3SMP_E,006,639.1,Downloaded
2018-12-14,SMAP_L3_SM_P_E_20181214_R19240_001.h5,SPL3SMP_E,006,643.39,Downloaded
2018-12-15,SMAP_L3_SM_P_E_20181215_R19240_001.h5,SPL3SMP_E,006,593.5,Downloaded
2018-12-16,SMAP_L3_SM_P_E_20181216_R19240_001.h5,SPL3SMP_E,006,576.65,Downloaded
2018-12-17,SMAP_L3_SM_P_E_20181217_R19240_001.h5,SPL3SMP_E,006,604.79,Downloaded
2018-12-18,SMAP_L3_SM_P_E_20181218_R19240_001.h5,SPL3SMP_E,006,549.36,Downloaded
2018-12-19,SMAP_L3_SM_P_E_20181219_R19240_001.h5,SPL3SMP_E,006,608.14,Downloaded
2018-12-20,SMAP_L3_SM_P_E_20181220_R19240_001.h5,SPL3SMP_E,006,625.98,Downloaded
2018-12-21,SMAP_L3_SM_P_E_20181221_R19240_001.h5,SPL3SMP_E,006,638.15,Downloaded
2018-12-22,SMAP_L3_SM_P_E_20181222_R19240_001.h5,SPL3SMP_E,006,642.92,Downloaded
2018-12-23,SMAP_L3_SM_P_E_20181223_R19240_001.h5,SPL3SMP_E,006,634.32,Downloaded
2018-12-24,SMAP_L3_SM_P_E_20181224_R19240_001.h5,SPL3SMP_E,006,634.96,Downloaded
2018-12-25,SMAP_L3_SM_P_E_20181225_R19240_001.h5,SPL3SMP_E,006,639.14,Downloaded
2018-12-26,SMAP_L3_SM_P_E_20181226_R19240_001.h5,SPL3SMP_E,006,582.13,Downloaded
2018-12-27,SMAP_L3_SM_P_E_20181227_R19240_001.h5,SPL3SMP_E,006,642.91,Downloaded
2018-12-28,SMAP_L3_SM_P_E_20181228_R19240_001.h5,SPL3SMP_E,006,625.17,Downloaded
2018-12-29,SMAP_L3_SM_P_E_20181229_R19240_001.h5,SPL3SMP_E,006,637.05,Downloaded
2018-12-30,SMAP_L3_SM_P_E_20181230_R19240_001.h5,SPL3SMP_E,006,641.08,Downloaded
2018-12-31,SMAP_L3_SM_P_E_20181231_R19240_001.h5,SPL3SMP_E,006,632.65,Downloaded
2019-01-01,SMAP_L3_SM_P_E_20190101_R19240_001.h5,SPL3SMP_E,006,618.19,Downloaded
2019-01-02,SMAP_L3_SM_P_E_20190102_R19240_001.h5,SPL3SMP_E,006,636.45,Downloaded
2019-01-03,SMAP_L3_SM_P_E_20190103_R19240_001.h5,SPL3SMP_E,006,610.74,Downloaded
2019-01-04,SMAP_L3_SM_P_E_20190104_R19240_001.h5,SPL3SMP_E,006,632.33,Downloaded
2019-01-05,SMAP_L3_SM_P_E_20190105_R19240_001.h5,SPL3SMP_E,006,614.21,Downloaded
2019-01-06,SMAP_L3_SM_P_E_20190106_R19240_001.h5,SPL3SMP_E,006,636.51,Downloaded
2019-01-07,SMAP_L3_SM_P_E_20190107_R19240_001.h5,SPL3SMP_E,006,641.57,Downloaded
2019-01-08,SMAP_L3_SM_P_E_20190108_R19240_001.h5,SPL3SMP_E,006,632.94,Downloaded
2019-01-09,SMAP_L3_SM_P_E_20190109_R19240_001.h5,SPL3SMP_E,006,606.38,Downloaded
2019-01-10,SMAP_L3_SM_P_E_20190110_R19240_001.h5,SPL3SMP_E,006,637.77,Downloaded
2019-01-11,SMAP_L3_SM_P_E_20190111_R19240_001.h5,SPL3SMP_E,006,630.6,Downloaded
2019-01-12,SMAP_L3_SM_P_E_20190112_R19240_001.h5,SPL3SMP_E,006,637.62,Downloaded
2019-01-13,SMAP_L3_SM_P_E_20190113_R19240_001.h5,SPL3SMP_E,006,582.4,Downloaded
2019-01-14,SMAP_L3_SM_P_E_20190114_R19240_001.h5,SPL3SMP_E,006,636.45,Downloaded
2019-01-15,SMAP_L3_SM_P_E_20190115_R19240_001.h5,SPL3SMP_E,006,641.11,Downloaded
2019-01-16,SMAP_L3_SM_P_E_20190116_R19240_001.h5,SPL3SMP_E,006,632.63,Downloaded
2019-01-17,SMAP_L3_SM_P_E_20190117_R19240_001.h5,SPL3SMP_E,006,633.8,Downloaded
2019-01-18,SMAP_L3_SM_P_E_20190118_R19240_001.h5,SPL3SMP_E,006,638.04,Downloaded
2019-01-19,SMAP_L3_SM_P_E_20190119_R19240_001.h5,SPL3SMP_E,006,630.63,Downloaded
2019-01-20,SMAP_L3_SM_P_E_20190120_R19240_001.h5,SPL3SMP_E,006,624.01,Downloaded
2019-01-21,SMAP_L3_SM_P_E_20190121_R19240_001.h5,SPL3SMP_E,006,625.12,Downloaded
2019-01-22,SMAP_L3_SM_P_E_20190122_R19240_001.h5,SPL3SMP_E,006,636.01,Downloaded
2019-01-23,SMAP_L3_SM_P_E_20190123_R19240_001.h5,SPL3SMP_E,006,640.14,Downloaded
2019-01-24,SMAP_L3_SM_P_E_20190124_R19240_001.h5,SPL3SMP_E,006,632.28,Downloaded
2019-01-25,SMAP_L3_SM_P_E_20190125_R19240_001.h5,SPL3SMP_E,006,633.15,Downloaded
2019-01-26,SMAP_L3_SM_P_E_20190126_R19240_001.h5,SPL3SMP_E,006,637.97,Downloaded
2019-01-27,SMAP_L3_SM_P_E_20190127_R19240_001.h5,SPL3SMP_E,006,630.75,Downloaded
2019-01-28,SMAP_L3_SM_P_E_20190128_R19240_001.h5,SPL3SMP_E,006,624.16,Downloaded
2019-01-29,SMAP_L3_SM_P_E_20190129_R19240_001.h5,SPL3SMP_E,006,625.38,Downloaded
2019-01-30,SMAP_L3_SM_P_E_20190130_R19240_001.h5,SPL3SMP_E,006,635.98,Downloaded
2019-01-31,SMAP_L3_SM_P_E_20190131_R19240_001.h5,SPL3SMP_E,006,640.04,Downloaded
2019-02-01,SMAP_L3_SM_P_E_20190201_R19240_001.h5,SPL3SMP_E,006,632.63,Downloaded
2019-02-02,SMAP_L3_SM_P_E_20190202_R19240_001.h5,SPL3SMP_E,006,604.25,Downloaded
2019-02-03,SMAP_L3_SM_P_E_20190203_R19240_001.h5,SPL3SMP_E,006,638.47,Downloaded
2019-02-04,SMAP_L3_SM_P_E_20190204_R19240_001.h5,SPL3SMP_E,006,592.04,Downloaded
2019-02-05,SMAP_L3_SM_P_E_20190205_R19240_001.h5,SPL3SMP_E,006,641.7,Downloaded
2019-02-06,SMAP_L3_SM_P_E_20190206_R19240_001.h5,SPL3SMP_E,006,625.18,Downloaded
2019-02-07,SMAP_L3_SM_P_E_20190207_R19240_001.h5,SPL3SMP_E,006,636.29,Downloaded
2019-02-08,SMAP_L3_SM_P_E_20190208_R19240_001.h5,SPL3SMP_E,006,635.7,Downloaded
2019-02-09,SMAP_L3_SM_P_E_20190209_R19240_001.h5,SPL3SMP_E,006,632.56,Downloaded
2019-02-10,SMAP_L3_SM_P_E_20190210_R19240_001.h5,SPL3SMP_E,006,632.95,Downloaded
2019-02-11,SMAP_L3_SM_P_E_20190211_R19240_001.h5,SPL3SMP_E,006,637.77,Downloaded
2019-02-12,SMAP_L3_SM_P_E_20190212_R19240_001.h5,SPL3SMP_E,006,627.05,Downloaded
2019-02-13,SMAP_L3_SM_P_E_20190213_R19240_001.h5,SPL3SMP_E,006,637.23,Downloaded
2019-02-14,SMAP_L3_SM_P_E_20190214_R19240_001.h5,SPL3SMP_E,006,625.4,Downloaded
2019-02-15,SMAP_L3_SM_P_E_20190215_R19240_001.h5,SPL3SMP_E,006,636.32,Downloaded
2019-02-16,SMAP_L3_SM_P_E_20190216_R19240_001.h5,SPL3SMP_E,006,641.07,Downloaded
2019-02-17,SMAP_L3_SM_P_E_20190217_R19240_001.h5,SPL3SMP_E,006,629.63,Downloaded
2019-02-18,SMAP_L3_SM_P_E_20190218_R19240_001.h5,SPL3SMP_E,006,633.89,Downloaded
2019-02-19,SMAP_L3_SM_P_E_20190219_R19240_001.h5,SPL3SMP_E,006,638.96,Downloaded
2019-02-20,SMAP_L3_SM_P_E_20190220_R19240_001.h5,SPL3SMP_E,006,631.42,Downloaded
2019-02-21,SMAP_L3_SM_P_E_20190221_R19240_001.h5,SPL3SMP_E,006,642.71,Downloaded
2019-02-22,SMAP_L3_SM_P_E_20190222_R19240_001.h5,SPL3SMP_E,006,626.87,Downloaded
2019-02-23,SMAP_L3_SM_P_E_20190223_R19240_001.h5,SPL3SMP_E,006,593.07,Downloaded
2019-02-24,SMAP_L3_SM_P_E_20190224_R19240_001.h5,SPL3SMP_E,006,643.2,Downloaded
2019-02-25,SMAP_L3_SM_P_E_20190225_R19240_001.h5,SPL3SMP_E,006,581.35,Downloaded
2019-02-26,SMAP_L3_SM_P_E_20190226_R19240_001.h5,SPL3SMP_E,006,628.89,Downloaded
2019-02-27,SMAP_L3_SM_P_E_20190227_R19240_001.h5,SPL3SMP_E,006,640.71,Downloaded
2019-02-28,SMAP_L3_SM_P_E_20190228_R19240_001.h5,SPL3SMP_E,006,624.32,Downloaded
2019-03-01,SMAP_L3_SM_P_E_20190301_R19240_001.h5,SPL3SMP_E,006,643.74,Downloaded
2019-03-02,SMAP_L3_SM_P_E_20190302_R19240_001.h5,SPL3SMP_E,006,628.23,Downloaded
2019-03-03,SMAP_L3_SM_P_E_20190303_R19240_001.h5,SPL3SMP_E,006,602.43,Downloaded
2019-03-04,SMAP_L3_SM_P_E_20190304_R19240_001.h5,SPL3SMP_E,006,643.57,Downloaded
2019-03-05,SMAP_L3_SM_P_E_20190305_R19240_001.h5,SPL3SMP_E,006,623.83,Downloaded
2019-03-06,SMAP_L3_SM_P_E_20190306_R19240_001.h5,SPL3SMP_E,006,636.32,Downloaded
2019-03-07,SMAP_L3_SM_P_E_20190307_R19240_001.h5,SPL3SMP_E,006,625.89,Downloaded
2019-03-08,SMAP_L3_SM_P_E_20190308_R19240_001.h5,SPL3SMP_E,006,627.16,Downloaded
2019-03-09,SMAP_L3_SM_P_E_20190309_R19240_001.h5,SPL3SMP_E,006,618.95,Downloaded
2019-03-10,SMAP_L3_SM_P_E_20190310_R19240_001.h5,SPL3SMP_E,006,629.54,Downloaded
2019-03-11,SMAP_L3_SM_P_E_20190311_R19240_001.h5,SPL3SMP_E,006,640.14,Downloaded
2019-03-12,SMAP_L3_SM_P_E_20190312_R19240_001.h5,SPL3SMP_E,006,643.88,Downloaded
2019-03-13,SMAP_L3_SM_P_E_20190313_R19240_001.h5,SPL3SMP_E,006,637.11,Downloaded
2019-03-14,SMAP_L3_SM_P_E_20190314_R19240_001.h5,SPL3SMP_E,006,638.0,Downloaded
2019-03-15,SMAP_L3_SM_P_E_20190315_R19240_001.h5,SPL3SMP_E,006,643.5,Downloaded
2019-03-16,SMAP_L3_SM_P_E_20190316_R19240_001.h5,SPL3SMP_E,006,635.4,Downloaded
2019-03-17,SMAP_L3_SM_P_E_20190317_R19240_001.h5,SPL3SMP_E,006,647.24,Downloaded
2019-03-18,SMAP_L3_SM_P_E_20190318_R19240_001.h5,SPL3SMP_E,006,631.3,Downloaded
2019-03-19,SMAP_L3_SM_P_E_20190319_R19240_001.h5,SPL3SMP_E,006,642.54,Downloaded
2019-03-20,SMAP_L3_SM_P_E_20190320_R19240_001.h5,SPL3SMP_E,006,646.9,Downloaded
2019-03-21,SMAP_L3_SM_P_E_20190321_R19240_001.h5,SPL3SMP_E,006,638.82,Downloaded
2019-03-22,SMAP_L3_SM_P_E_20190322_R19240_001.h5,SPL3SMP_E,006,610.4,Downloaded
2019-03-23,SMAP_L3_SM_P_E_20190323_R19240_001.h5,SPL3SMP_E,006,645.28,Downloaded
2019-03-24,SMAP_L3_SM_P_E_20190324_R19240_001.h5,SPL3SMP_E,006,636.91,Downloaded
2019-03-25,SMAP_L3_SM_P_E_20190325_R19240_001.h5,SPL3SMP_E,006,637.23,Downloaded
2019-03-26,SMAP_L3_SM_P_E_20190326_R19240_001.h5,SPL3SMP_E,006,632.73,Downloaded
2019-03-27,SMAP_L3_SM_P_E_20190327_R19240_001.h5,SPL3SMP_E,006,643.49,Downloaded
2019-03-28,SMAP_L3_SM_P_E_20190328_R19240_001.h5,SPL3SMP_E,006,649.05,Downloaded
2019-03-29,SMAP_L3_SM_P_E_20190329_R19240_001.h5,SPL3SMP_E,006,627.24,Downloaded
2019-03-30,SMAP_L3_SM_P_E_20190330_R19240_001.h5,SPL3SMP_E,006,641.05,Downloaded
2019-03-31,SMAP_L3_SM_P_E_20190331_R19240_001.h5,SPL3SMP_E,006,647.1,Downloaded
2019-04-01,SMAP_L3_SM_P_E_20190401_R19240_001.h5,SPL3SMP_E,006,638.75,Downloaded
2019-04-02,SMAP_L3_SM_P_E_20190402_R19240_001.h5,SPL3SMP_E,006,651.18,Downloaded
2019-04-03,SMAP_L3_SM_P_E_20190403_R19240_001.h5,SPL3SMP_E,006,634.92,Downloaded
2019-04-04,SMAP_L3_SM_P_E_20190404_R19240_001.h5,SPL3SMP_E,006,610.31,Downloaded
2019-04-05,SMAP_L3_SM_P_E_20190405_R19240_001.h5,SPL3SMP_E,006,651.07,Downloaded
2019-04-06,SMAP_L3_SM_P_E_20190406_R19240_001.h5,SPL3SMP_E,006,602.15,Downloaded
2019-04-07,SMAP_L3_SM_P_E_20190407_R19240_001.h5,SPL3SMP_E,006,641.52,Downloaded
2019-04-08,SMAP_L3_SM_P_E_20190408_R19240_001.h5,SPL3SMP_E,006,648.7,Downloaded
2019-04-09,SMAP_L3_SM_P_E_20190409_R19240_001.h5,SPL3SMP_E,006,640.16,Downloaded
2019-04-10,SMAP_L3_SM_P_E_20190410_R19240_001.h5,SPL3SMP_E,006,611.93,Downloaded
2019-04-11,SMAP_L3_SM_P_E_20190411_R19240_001.h5,SPL3SMP_E,006,627.55,Downloaded
2019-04-12,SMAP_L3_SM_P_E_20190412_R19240_001.h5,SPL3SMP_E,006,648.06,Downloaded
2019-04-13,SMAP_L3_SM_P_E_20190413_R19240_001.h5,SPL3SMP_E,006,653.27,Downloaded
2019-04-14,SMAP_L3_SM_P_E_20190414_R19240_001.h5,SPL3SMP_E,006,645.39,Downloaded
2019-04-15,SMAP_L3_SM_P_E_20190415_R19240_001.h5,SPL3SMP_E,006,645.86,Downloaded
2019-04-16,SMAP_L3_SM_P_E_20190416_R19240_001.h5,SPL3SMP_E,006,651.77,Downloaded
2019-04-17,SMAP_L3_SM_P_E_20190417_R19240_001.h5,SPL3SMP_E,006,601.6,Downloaded
2019-04-18,SMAP_L3_SM_P_E_20190418_R19240_001.h5,SPL3SMP_E,006,635.22,Downloaded
2019-04-19,SMAP_L3_SM_P_E_20190419_R19240_001.h5,SPL3SMP_E,006,638.12,Downloaded
2019-04-20,SMAP_L3_SM_P_E_20190420_R19240_001.h5,SPL3SMP_E,006,624.34,Downloaded
2019-04-21,SMAP_L3_SM_P_E_20190421_R19240_001.h5,SPL3SMP_E,006,638.74,Downloaded
2019-04-22,SMAP_L3_SM_P_E_20190422_R19240_001.h5,SPL3SMP_E,006,638.43,Downloaded
2019-04-23,SMAP_L3_SM_P_E_20190423_R19240_001.h5,SPL3SMP_E,006,621.05,Downloaded
2019-04-24,SMAP_L3_SM_P_E_20190424_R19240_001.h5,SPL3SMP_E,006,652.94,Downloaded
2019-04-25,SMAP_L3_SM_P_E_20190425_R19240_001.h5,SPL3SMP_E,006,643.65,Downloaded
2019-04-26,SMAP_L3_SM_P_E_20190426_R19240_001.h5,SPL3SMP_E,006,657.19,Downloaded
2019-04-27,SMAP_L3_SM_P_E_20190427_R19240_001.h5,SPL3SMP_E,006,640.11,Downloaded
2019-04-28,SMAP_L3_SM_P_E_20190428_R19240_001.h5,SPL3SMP_E,006,651.66,Downloaded
2019-04-29,SMAP_L3_SM_P_E_20190429_R19240_001.h5,SPL3SMP_E,006,656.69,Downloaded
2019-04-30,SMAP_L3_SM_P_E_20190430_R19240_001.h5,SPL3SMP_E,006,648.07,Downloaded
2019-05-01,SMAP_L3_SM_P_E_20190501_R19240_001.h5,SPL3SMP_E,006,649.04,Downloaded
2019-05-02,SMAP_L3_SM_P_E_20190502_R19240_001.h5,SPL3SMP_E,006,654.9,Downloaded
2019-05-03,SMAP_L3_SM_P_E_20190503_R19240_001.h5,SPL3SMP_E,006,631.88,Downloaded
2019-05-04,SMAP_L3_SM_P_E_20190504_R19240_001.h5,SPL3SMP_E,006,658.68,Downloaded
2019-05-05,SMAP_L3_SM_P_E_20190505_R19240_001.h5,SPL3SMP_E,006,540.84,Downloaded
2019-05-06,SMAP_L3_SM_P_E_20190506_R19240_001.h5,SPL3SMP_E,006,653.53,Downloaded
2019-05-07,SMAP_L3_SM_P_E_20190507_R19240_001.h5,SPL3SMP_E,006,659.25,Downloaded
2019-05-08,SMAP_L3_SM_P_E_20190508_R19240_001.h5,SPL3SMP_E,006,646.32,Downloaded
2019-05-09,SMAP_L3_SM_P_E_20190509_R19240_001.h5,SPL3SMP_E,006,652.21,Downloaded
2019-05-10,SMAP_L3_SM_P_E_20190510_R19240_001.h5,SPL3SMP_E,006,628.5,Downloaded
2019-05-11,SMAP_L3_SM_P_E_20190511_R19240_001.h5,SPL3SMP_E,006,637.44,Downloaded
2019-05-12,SMAP_L3_SM_P_E_20190512_R19240_001.h5,SPL3SMP_E,006,661.63,Downloaded
2019-05-13,SMAP_L3_SM_P_E_20190513_R19240_001.h5,SPL3SMP_E,006,644.55,Downloaded
2019-05-14,SMAP_L3_SM_P_E_20190514_R19240_001.h5,SPL3SMP_E,006,648.09,Downloaded
2019-05-15,SMAP_L3_SM_P_E_20190515_R19240_001.h5,SPL3SMP_E,006,662.14,Downloaded
2019-05-16,SMAP_L3_SM_P_E_20190516_R19240_001.h5,SPL3SMP_E,006,653.89,Downloaded
2019-05-17,SMAP_L3_SM_P_E_20190517_R19240_001.h5,SPL3SMP_E,006,655.06,Downloaded
2019-05-18,SMAP_L3_SM_P_E_20190518_R19240_001.h5,SPL3SMP_E,006,660.57,Downloaded
2019-05-19,SMAP_L3_SM_P_E_20190519_R19240_001.h5,SPL3SMP_E,006,565.51,Downloaded
2019-05-20,SMAP_L3_SM_P_E_20190520_R19240_001.h5,SPL3SMP_E,006,665.24,Downloaded
2019-05-21,SMAP_L3_SM_P_E_20190521_R19240_001.h5,SPL3SMP_E,006,647.43,Downloaded
2019-05-22,SMAP_L3_SM_P_E_20190522_R19240_001.h5,SPL3SMP_E,006,660.56,Downloaded
2019-05-23,SMAP_L3_SM_P_E_20190523_R19240_001.h5,SPL3SMP_E,006,665.94,Downloaded
2019-05-24,SMAP_L3_SM_P_E_20190524_R19240_001.h5,SPL3SMP_E,006,647.26,Downloaded
2019-05-25,SMAP_L3_SM_P_E_20190525_R19240_001.h5,SPL3SMP_E,006,643.68,Downloaded
2019-05-26,SMAP_L3_SM_P_E_20190526_R19240_001.h5,SPL3SMP_E,006,627.56,Downloaded
2019-05-27,SMAP_L3_SM_P_E_20190527_R19240_001.h5,SPL3SMP_E,006,654.57,Downloaded
2019-05-28,SMAP_L3_SM_P_E_20190528_R19240_001.h5,SPL3SMP_E,006,668.75,Downloaded
2019-05-29,SMAP_L3_SM_P_E_20190529_R19240_001.h5,SPL3SMP_E,006,631.47,Downloaded
2019-05-30,SMAP_L3_SM_P_E_20190530_R19240_001.h5,SPL3SMP_E,006,663.44,Downloaded
2019-05-31,SMAP_L3_SM_P_E_20190531_R19240_001.h5,SPL3SMP_E,006,608.88,Downloaded
2019-06-01,SMAP_L3_SM_P_E_20190601_R19240_001.h5,SPL3SMP_E,006,653.36,Downloaded
2019-06-02,SMAP_L3_SM_P_E_20190602_R19240_001.h5,SPL3SMP_E,006,661.51,Downloaded
2019-06-03,SMAP_L3_SM_P_E_20190603_R19240_001.h5,SPL3SMP_E,006,667.4,Downloaded
2019-06-04,SMAP_L3_SM_P_E_20190604_R19240_001.h5,SPL3SMP_E,006,657.58,Downloaded
2019-06-05,SMAP_L3_SM_P_E_20190605_R19240_001.h5,SPL3SMP_E,006,622.8,Downloaded
2019-06-06,SMAP_L3_SM_P_E_20190606_R19240_001.h5,SPL3SMP_E,006,633.61,Downloaded
2019-06-07,SMAP_L3_SM_P_E_20190607_R19240_001.h5,SPL3SMP_E,006,647.94,Downloaded
2019-06-08,SMAP_L3_SM_P_E_20190608_R19240_001.h5,SPL3SMP_E,006,665.73,Downloaded
2019-06-09,SMAP_L3_SM_P_E_20190609_R19240_001.h5,SPL3SMP_E,006,644.43,Downloaded
2019-06-10,SMAP_L3_SM_P_E_20190610_R19240_001.h5,SPL3SMP_E,006,619.03,Downloaded
2019-06-11,SMAP_L3_SM_P_E_20190611_R19240_001.h5,SPL3SMP_E,006,453.41,Downloaded
2019-06-12,SMAP_L3_SM_P_E_20190612_R19240_001.h5,SPL3SMP_E,006,559.23,Downloaded
2019-06-13,SMAP_L3_SM_P_E_20190613_R19240_001.h5,SPL3SMP_E,006,673.49,Downloaded
2019-06-14,SMAP_L3_SM_P_E_20190614_R19240_001.h5,SPL3SMP_E,006,654.98,Downloaded
2019-06-15,SMAP_L3_SM_P_E_20190615_R19240_001.h5,SPL3SMP_E,006,656.95,Downloaded
2019-06-16,SMAP_L3_SM_P_E_20190616_R19240_001.h5,SPL3SMP_E,006,673.24,Downloaded
2019-06-17,SMAP_L3_SM_P_E_20190617_R19240_001.h5,SPL3SMP_E,006,663.2,Downloaded
2019-06-18,SMAP_L3_SM_P_E_20190618_R19240_001.h5,SPL3SMP_E,006,625.21,Downloaded
2019-06-19,SMAP_L3_SM_P_E_20190619_R19240_001.h5,SPL3SMP_E,006,487.63,Downloaded
2019-07-23,SMAP_L3_SM_P_E_20190723_R19240_001.h5,SPL3SMP_E,006,137.41,Downloaded
2019-07-24,SMAP_L3_SM_P_E_20190724_R19240_001.h5,SPL3SMP_E,006,656.72,Downloaded
2019-07-25,SMAP_L3_SM_P_E_20190725_R19240_001.h5,SPL3SMP_E,006,667.38,Downloaded
2019-07-26,SMAP_L3_SM_P_E_20190726_R19240_001.h5,SPL3SMP_E,006,674.56,Downloaded
2019-07-27,SMAP_L3_SM_P_E_20190727_R19240_001.h5,SPL3SMP_E,006,609.51,Downloaded
2019-07-28,SMAP_L3_SM_P_E_20190728_R19240_001.h5,SPL3SMP_E,006,646.44,Downloaded
2019-07-29,SMAP_L3_SM_P_E_20190729_R19240_001.h5,SPL3SMP_E,006,668.88,Downloaded
2019-07-30,SMAP_L3_SM_P_E_20190730_R19240_001.h5,SPL3SMP_E,006,619.96,Downloaded
2019-07-31,SMAP_L3_SM_P_E_20190731_R19240_001.h5,SPL3SMP_E,006,675.09,Downloaded
2019-08-01,SMAP_L3_SM_P_E_20190801_R19240_001.h5,SPL3SMP_E,006,647.4,Downloaded
2019-08-02,SMAP_L3_SM_P_E_20190802_R19240_001.h5,SPL3SMP_E,006,668.73,Downloaded
2019-08-03,SMAP_L3_SM_P_E_20190803_R19240_001.h5,SPL3SMP_E,006,672.62,Downloaded
2019-08-04,SMAP_L3_SM_P_E_20190804_R19240_001.h5,SPL3SMP_E,006,662.35,Downloaded
2019-08-05,SMAP_L3_SM_P_E_20190805_R19240_001.h5,SPL3SMP_E,006,665.44,Downloaded
2019-08-06,SMAP_L3_SM_P_E_20190806_R19240_001.h5,SPL3SMP_E,006,546.67,Downloaded
2019-08-07,SMAP_L3_SM_P_E_20190807_R19240_001.h5,SPL3SMP_E,006,648.76,Downloaded
2019-08-08,SMAP_L3_SM_P_E_20190808_R19240_001.h5,SPL3SMP_E,006,674.94,Downloaded
2019-08-09,SMAP_L3_SM_P_E_20190809_R19240_001.h5,SPL3SMP_E,006,656.18,Downloaded
2019-08-10,SMAP_L3_SM_P_E_20190810_R19240_001.h5,SPL3SMP_E,006,668.53,Downloaded
2019-08-11,SMAP_L3_SM_P_E_20190811_R19240_001.h5,SPL3SMP_E,006,647.5,Downloaded
2019-08-12,SMAP_L3_SM_P_E_20190812_R19240_001.h5,SPL3SMP_E,006,646.07,Downloaded
2019-08-13,SMAP_L3_SM_P_E_20190813_R19240_001.h5,SPL3SMP_E,006,660.13,Downloaded
2019-08-14,SMAP_L3_SM_P_E_20190814_R19240_001.h5,SPL3SMP_E,006,651.12,Downloaded
2019-08-15,SMAP_L3_SM_P_E_20190815_R19240_001.h5,SPL3SMP_E,006,650.56,Downloaded
2019-08-16,SMAP_L3_SM_P_E_20190816_R19240_001.h5,SPL3SMP_E,006,674.56,Downloaded
2019-08-17,SMAP_L3_SM_P_E_20190817_R19240_001.h5,SPL3SMP_E,006,636.12,Downloaded
2019-08-18,SMAP_L3_SM_P_E_20190818_R19240_001.h5,SPL3SMP_E,006,649.46,Downloaded
2019-08-19,SMAP_L3_SM_P_E_20190819_R19240_001.h5,SPL3SMP_E,006,673.5,Downloaded
2019-08-20,SMAP_L3_SM_P_E_20190820_R19240_001.h5,SPL3SMP_E,006,662.3,Downloaded
2019-08-21,SMAP_L3_SM_P_E_20190821_R19240_001.h5,SPL3SMP_E,006,651.89,Downloaded
2019-08-22,SMAP_L3_SM_P_E_20190822_R19240_001.h5,SPL3SMP_E,006,670.89,Downloaded
2019-08-23,SMAP_L3_SM_P_E_20190823_R19240_001.h5,SPL3SMP_E,006,659.64,Downloaded
2019-08-24,SMAP_L3_SM_P_E_20190824_R19240_001.h5,SPL3SMP_E,006,674.63,Downloaded
2019-08-25,SMAP_L3_SM_P_E_20190825_R19240_001.h5,SPL3SMP_E,006,655.92,Downloaded
2019-08-26,SMAP_L3_SM_P_E_20190826_R19240_001.h5,SPL3SMP_E,006,667.89,Downloaded
2019-08-27,SMAP_L3_SM_P_E_20190827_R19240_001.h5,SPL3SMP_E,006,673.83,Downloaded
2019-08-28,SMAP_L3_SM_P_E_20190828_R19240_001.h5,SPL3SMP_E,006,662.63,Downloaded
2019-08-29,SMAP_L3_SM_P_E_20190829_R19240_001.h5,SPL3SMP_E,006,665.56,Downloaded
2019-08-30,SMAP_L3_SM_P_E_20190830_R19240_001.h5,SPL3SMP_E,006,652.81,Downloaded
2019-08-31,SMAP_L3_SM_P_E_20190831_R19240_001.h5,SPL3SMP_E,006,660.7,Downloaded
2019-09-01,SMAP_L3_SM_P_E_20190901_R19240_001.h5,SPL3SMP_E,006,675.3,Downloaded
2019-09-02,SMAP_L3_SM_P_E_20190902_R19240_001.h5,SPL3SMP_E,006,656.78,Downloaded
2019-09-03,SMAP_L3_SM_P_E_20190903_R19240_001.h5,SPL3SMP_E,006,655.21,Downloaded
2019-09-04,SMAP_L3_SM_P_E_20190904_R19240_001.h5,SPL3SMP_E,006,619.41,Downloaded
2019-09-05,SMAP_L3_SM_P_E_20190905_R19240_001.h5,SPL3SMP_E,006,628.53,Downloaded
2019-09-06,SMAP_L3_SM_P_E_20190906_R19240_001.h5,SPL3SMP_E,006,621.79,Downloaded
2019-09-07,SMAP_L3_SM_P_E_20190907_R19240_001.h5,SPL3SMP_E,006,671.81,Downloaded
2019-09-08,SMAP_L3_SM_P_E_20190908_R19240_001.h5,SPL3SMP_E,006,653.7,Downloaded
2019-09-09,SMAP_L3_SM_P_E_20190909_R19240_001.h5,SPL3SMP_E,006,674.55,Downloaded
2019-09-10,SMAP_L3_SM_P_E_20190910_R19240_001.h5,SPL3SMP_E,006,617.28,Downloaded
2019-09-11,SMAP_L3_SM_P_E_20190911_R19240_001.h5,SPL3SMP_E,006,668.55,Downloaded
2019-09-12,SMAP_L3_SM_P_E_20190912_R19240_001.h5,SPL3SMP_E,006,655.53,Downloaded
2019-09-13,SMAP_L3_SM_P_E_20190913_R19240_001.h5,SPL3SMP_E,006,651.51,Downloaded
2019-09-14,SMAP_L3_SM_P_E_20190914_R19240_001.h5,SPL3SMP_E,006,665.1,Downloaded
2019-09-15,SMAP_L3_SM_P_E_20190915_R19240_001.h5,SPL3SMP_E,006,648.12,Downloaded
2019-09-16,SMAP_L3_SM_P_E_20190916_R19240_001.h5,SPL3SMP_E,006,637.48,Downloaded
2019-09-17,SMAP_L3_SM_P_E_20190917_R19240_001.h5,SPL3SMP_E,006,665.46,Downloaded
2019-09-18,SMAP_L3_SM_P_E_20190918_R19240_001.h5,SPL3SMP_E,006,656.39,Downloaded
2019-09-19,SMAP_L3_SM_P_E_20190919_R19240_001.h5,SPL3SMP_E,006,668.39,Downloaded
2019-09-20,SMAP_L3_SM_P_E_20190920_R19240_001.h5,SPL3SMP_E,006,652.64,Downloaded
2019-09-21,SMAP_L3_SM_P_E_20190921_R19240_001.h5,SPL3SMP_E,006,663.72,Downloaded
2019-09-22,SMAP_L3_SM_P_E_20190922_R19240_001.h5,SPL3SMP_E,006,665.19,Downloaded
2019-09-23,SMAP_L3_SM_P_E_20190923_R19240_001.h5,SPL3SMP_E,006,650.48,Downloaded
2019-09-24,SMAP_L3_SM_P_E_20190924_R19240_001.h5,SPL3SMP_E,006,659.46,Downloaded
2019-09-25,SMAP_L3_SM_P_E_20190925_R19240_001.h5,SPL3SMP_E,006,674.03,Downloaded
2019-09-26,SMAP_L3_SM_P_E_20190926_R19240_001.h5,SPL3SMP_E,006,639.96,Downloaded
2019-09-27,SMAP_L3_SM_P_E_20190927_R19240_001.h5,SPL3SMP_E,006,666.66,Downloaded
2019-09-28,SMAP_L3_SM_P_E_20190928_R19240_001.h5,SPL3SMP_E,006,672.89,Downloaded
2019-09-29,SMAP_L3_SM_P_E_20190929_R19240_001.h5,SPL3SMP_E,006,661.68,Downloaded
2019-09-30,SMAP_L3_SM_P_E_20190930_R19240_001.h5,SPL3SMP_E,006,655.06,Downloaded
2019-10-01,SMAP_L3_SM_P_E_20191001_R19240_001.h5,SPL3SMP_E,006,668.64,Downloaded
2019-10-02,SMAP_L3_SM_P_E_20191002_R19240_001.h5,SPL3SMP_E,006,657.11,Downloaded
2019-10-03,SMAP_L3_SM_P_E_20191003_R19240_001.h5,SPL3SMP_E,006,670.33,Downloaded
2019-10-04,SMAP_L3_SM_P_E_20191004_R19240_001.h5,SPL3SMP_E,006,650.31,Downloaded
2019-10-05,SMAP_L3_SM_P_E_20191005_R19240_001.h5,SPL3SMP_E,006,663.08,Downloaded
2019-10-06,SMAP_L3_SM_P_E_20191006_R19240_001.h5,SPL3SMP_E,006,650.72,Downloaded
2019-10-07,SMAP_L3_SM_P_E_20191007_R19240_001.h5,SPL3SMP_E,006,657.71,Downloaded
2019-10-08,SMAP_L3_SM_P_E_20191008_R19240_001.h5,SPL3SMP_E,006,658.29,Downloaded
2019-10-09,SMAP_L3_SM_P_E_20191009_R19240_001.h5,SPL3SMP_E,006,663.59,Downloaded
2019-10-10,SMAP_L3_SM_P_E_20191010_R19240_001.h5,SPL3SMP_E,006,624.61,Downloaded
2019-10-11,SMAP_L3_SM_P_E_20191011_R19240_001.h5,SPL3SMP_E,006,664.72,Downloaded
2019-10-12,SMAP_L3_SM_P_E_20191012_R19240_001.h5,SPL3SMP_E,006,625.13,Downloaded
2019-10-13,SMAP_L3_SM_P_E_20191013_R19240_001.h5,SPL3SMP_E,006,617.19,Downloaded
2019-10-14,SMAP_L3_SM_P_E_20191014_R19240_001.h5,SPL3SMP_E,006,642.39,Downloaded
2019-10-15,SMAP_L3_SM_P_E_20191015_R19240_001.h5,SPL3SMP_E,006,654.97,Downloaded
2019-10-16,SMAP_L3_SM_P_E_20191016_R19240_001.h5,SPL3SMP_E,006,643.84,Downloaded
2019-10-17,SMAP_L3_SM_P_E_20191017_R19240_001.h5,SPL3SMP_E,006,661.63,Downloaded
2019-10-18,SMAP_L3_SM_P_E_20191018_R19240_001.h5,SPL3SMP_E,006,650.6,Downloaded
2019-10-19,SMAP_L3_SM_P_E_20191019_R19240_001.h5,SPL3SMP_E,006,643.43,Downloaded
2019-10-20,SMAP_L3_SM_P_E_20191020_R19240_001.h5,SPL3SMP_E,006,643.77,Downloaded
2019-10-21,SMAP_L3_SM_P_E_20191021_R19240_001.h5,SPL3SMP_E,006,654.94,Downloaded
2019-10-22,SMAP_L3_SM_P_E_20191022_R19240_001.h5,SPL3SMP_E,006,635.01,Downloaded
2019-10-23,SMAP_L3_SM_P_E_20191023_R19240_001.h5,SPL3SMP_E,006,651.15,Downloaded
2019-10-24,SMAP_L3_SM_P_E_20191024_R19240_001.h5,SPL3SMP_E,006,606.2,Downloaded
2019-10-25,SMAP_L3_SM_P_E_20191025_R19240_001.h5,SPL3SMP_E,006,656.18,Downloaded
2019-10-26,SMAP_L3_SM_P_E_20191026_R19240_001.h5,SPL3SMP_E,006,645.64,Downloaded
2019-10-27,SMAP_L3_SM_P_E_20191027_R19240_001.h5,SPL3SMP_E,006,657.75,Downloaded
2019-10-28,SMAP_L3_SM_P_E_20191028_R19240_001.h5,SPL3SMP_E,006,639.64,Downloaded
2019-10-29,SMAP_L3_SM_P_E_20191029_R19240_001.h5,SPL3SMP_E,006,652.07,Downloaded
2019-10-30,SMAP_L3_SM_P_E_20191030_R19240_001.h5,SPL3SMP_E,006,656.52,Downloaded
2019-10-31,SMAP_L3_SM_P_E_20191031_R19240_001.h5,SPL3SMP_E,006,638.01,Downloaded
2019-11-01,SMAP_L3_SM_P_E_20191101_R19240_001.h5,SPL3SMP_E,006,622.97,Downloaded
2019-11-02,SMAP_L3_SM_P_E_20191102_R19240_001.h5,SPL3SMP_E,006,652.86,Downloaded
2019-11-03,SMAP_L3_SM_P_E_20191103_R19240_001.h5,SPL3SMP_E,006,639.21,Downloaded
2019-11-04,SMAP_L3_SM_P_E_20191104_R19240_001.h5,SPL3SMP_E,006,654.5,Downloaded
2019-11-05,SMAP_L3_SM_P_E_20191105_R19240_001.h5,SPL3SMP_E,006,637.06,Downloaded
2019-11-06,SMAP_L3_SM_P_E_20191106_R19240_001.h5,SPL3SMP_E,006,636.42,Downloaded
2019-11-07,SMAP_L3_SM_P_E_20191107_R19240_001.h5,SPL3SMP_E,006,651.98,Downloaded
2019-11-08,SMAP_L3_SM_P_E_20191108_R19240_001.h5,SPL3SMP_E,006,636.37,Downloaded
2019-11-09,SMAP_L3_SM_P_E_20191109_R19240_001.h5,SPL3SMP_E,006,644.5,Downloaded
2019-11-10,SMAP_L3_SM_P_E_20191110_R19240_001.h5,SPL3SMP_E,006,648.47,Downloaded
2019-11-11,SMAP_L3_SM_P_E_20191111_R19240_001.h5,SPL3SMP_E,006,607.18,Downloaded
2019-11-12,SMAP_L3_SM_P_E_20191112_R19240_001.h5,SPL3SMP_E,006,629.69,Downloaded
2019-11-13,SMAP_L3_SM_P_E_20191113_R19240_001.h5,SPL3SMP_E,006,502.86,Downloaded
2019-11-14,SMAP_L3_SM_P_E_20191114_R19240_001.h5,SPL3SMP_E,006,645.78,Downloaded
2019-11-15,SMAP_L3_SM_P_E_20191115_R19240_001.h5,SPL3SMP_E,006,606.48,Downloaded
2019-11-16,SMAP_L3_SM_P_E_20191116_R19240_001.h5,SPL3SMP_E,006,641.02,Downloaded
2019-11-17,SMAP_L3_SM_P_E_20191117_R19240_001.h5,SPL3SMP_E,006,636.23,Downloaded
2019-11-18,SMAP_L3_SM_P_E_20191118_R19240_001.h5,SPL3SMP_E,006,646.92,Downloaded
2019-11-19,SMAP_L3_SM_P_E_20191119_R19240_001.h5,SPL3SMP_E,006,638.33,Downloaded
2019-11-20,SMAP_L3_SM_P_E_20191120_R19240_001.h5,SPL3SMP_E,006,606.63,Downloaded
2019-11-21,SMAP_L3_SM_P_E_20191121_R19240_001.h5,SPL3SMP_E,006,610.85,Downloaded
2019-11-22,SMAP_L3_SM_P_E_20191122_R19240_001.h5,SPL3SMP_E,006,643.32,Downloaded
2019-11-23,SMAP_L3_SM_P_E_20191123_R19240_001.h5,SPL3SMP_E,006,647.73,Downloaded
2019-11-24,SMAP_L3_SM_P_E_20191124_R19240_001.h5,SPL3SMP_E,006,574.27,Downloaded
2019-11-25,SMAP_L3_SM_P_E_20191125_R19240_001.h5,SPL3SMP_E,006,640.17,Downloaded
2019-11-26,SMAP_L3_SM_P_E_20191126_R19240_001.h5,SPL3SMP_E,006,645.22,Downloaded
2019-11-27,SMAP_L3_SM_P_E_20191127_R19240_001.h5,SPL3SMP_E,006,635.93,Downloaded
2019-11-28,SMAP_L3_SM_P_E_20191128_R19240_001.h5,SPL3SMP_E,006,647.2,Downloaded
2019-11-29,SMAP_L3_SM_P_E_20191129_R19240_001.h5,SPL3SMP_E,006,630.1,Downloaded
2019-11-30,SMAP_L3_SM_P_E_20191130_R19240_001.h5,SPL3SMP_E,006,593.66,Downloaded
2019-12-01,SMAP_L3_SM_P_E_20191201_R19240_001.h5,SPL3SMP_E,006,629.86,Downloaded
2019-12-02,SMAP_L3_SM_P_E_20191202_R19240_001.h5,SPL3SMP_E,006,635.0,Downloaded
2019-12-03,SMAP_L3_SM_P_E_20191203_R19240_001.h5,SPL3SMP_E,006,637.15,Downloaded
2019-12-04,SMAP_L3_SM_P_E_20191204_R19240_001.h5,SPL3SMP_E,006,642.32,Downloaded
2019-12-05,SMAP_L3_SM_P_E_20191205_R19240_001.h5,SPL3SMP_E,006,595.21,Downloaded
2019-12-06,SMAP_L3_SM_P_E_20191206_R19240_001.h5,SPL3SMP_E,006,626.57,Downloaded
2019-12-07,SMAP_L3_SM_P_E_20191207_R19240_001.h5,SPL3SMP_E,006,629.77,Downloaded
2019-12-08,SMAP_L3_SM_P_E_20191208_R19240_001.h5,SPL3SMP_E,006,641.13,Downloaded
2019-12-09,SMAP_L3_SM_P_E_20191209_R19240_001.h5,SPL3SMP_E,006,640.52,Downloaded
2019-12-10,SMAP_L3_SM_P_E_20191210_R19240_001.h5,SPL3SMP_E,006,637.82,Downloaded
2019-12-11,SMAP_L3_SM_P_E_20191211_R19240_001.h5,SPL3SMP_E,006,638.23,Downloaded
2019-12-12,SMAP_L3_SM_P_E_20191212_R19240_001.h5,SPL3SMP_E,006,610.38,Downloaded
2019-12-13,SMAP_L3_SM_P_E_20191213_R19240_001.h5,SPL3SMP_E,006,634.96,Downloaded
2019-12-14,SMAP_L3_SM_P_E_20191214_R19240_001.h5,SPL3SMP_E,006,645.8,Downloaded
2019-12-15,SMAP_L3_SM_P_E_20191215_R19240_001.h5,SPL3SMP_E,006,628.92,Downloaded
2019-12-16,SMAP_L3_SM_P_E_20191216_R19240_001.h5,SPL3SMP_E,006,603.55,Downloaded
2019-12-17,SMAP_L3_SM_P_E_20191217_R19240_001.h5,SPL3SMP_E,006,642.63,Downloaded
2019-12-18,SMAP_L3_SM_P_E_20191218_R19240_001.h5,SPL3SMP_E,006,563.39,Downloaded
2019-12-19,SMAP_L3_SM_P_E_20191219_R19240_001.h5,SPL3SMP_E,006,636.78,Downloaded
2019-12-20,SMAP_L3_SM_P_E_20191220_R19240_001.h5,SPL3SMP_E,006,640.03,Downloaded
2019-12-21,SMAP_L3_SM_P_E_20191221_R19240_001.h5,SPL3SMP_E,006,634.4,Downloaded
2019-12-22,SMAP_L3_SM_P_E_20191222_R19240_001.h5,SPL3SMP_E,006,645.65,Downloaded
2019-12-23,SMAP_L3_SM_P_E_20191223_R19240_001.h5,SPL3SMP_E,006,628.65,Downloaded
2019-12-24,SMAP_L3_SM_P_E_20191224_R19240_001.h5,SPL3SMP_E,006,609.47,Downloaded
2019-12-25,SMAP_L3_SM_P_E_20191225_R19240_001.h5,SPL3SMP_E,006,644.71,Downloaded
2019-12-26,SMAP_L3_SM_P_E_20191226_R19240_001.h5,SPL3SMP_E,006,636.44,Downloaded
2019-12-27,SMAP_L3_SM_P_E_20191227_R19240_001.h5,SPL3SMP_E,006,636.19,Downloaded
2019-12-28,SMAP_L3_SM_P_E_20191228_R19240_001.h5,SPL3SMP_E,006,637.34,Downloaded
2019-12-29,SMAP_L3_SM_P_E_20191229_R19240_001.h5,SPL3SMP_E,006,632.74,Downloaded
2019-12-30,SMAP_L3_SM_P_E_20191230_R19240_001.h5,SPL3SMP_E,006,613.45,Downloaded
2019-12-31,SMAP_L3_SM_P_E_20191231_R19240_001.h5,SPL3SMP_E,006,609.55,Downloaded
2020-01-01,SMAP_L3_SM_P_E_20200101_R19240_001.h5,SPL3SMP_E,006,614.89,Downloaded
2020-01-02,SMAP_L3_SM_P_E_20200102_R19240_001.h5,SPL3SMP_E,006,643.59,Downloaded
2020-01-03,SMAP_L3_SM_P_E_20200103_R19240_001.h5,SPL3SMP_E,006,635.89,Downloaded
2020-01-04,SMAP_L3_SM_P_E_20200104_R19240_001.h5,SPL3SMP_E,006,636.03,Downloaded
2020-01-05,SMAP_L3_SM_P_E_20200105_R19240_001.h5,SPL3SMP_E,006,640.74,Downloaded
2020-01-06,SMAP_L3_SM_P_E_20200106_R19240_001.h5,SPL3SMP_E,006,632.86,Downloaded
2020-01-07,SMAP_L3_SM_P_E_20200107_R19240_001.h5,SPL3SMP_E,006,635.52,Downloaded
2020-01-08,SMAP_L3_SM_P_E_20200108_R19240_001.h5,SPL3SMP_E,006,627.53,Downloaded
2020-01-09,SMAP_L3_SM_P_E_20200109_R19240_001.h5,SPL3SMP_E,006,637.84,Downloaded
2020-01-10,SMAP_L3_SM_P_E_20200110_R19240_001.h5,SPL3SMP_E,006,642.64,Downloaded
2020-01-11,SMAP_L3_SM_P_E_20200111_R19240_001.h5,SPL3SMP_E,006,633.33,Downloaded
2020-01-12,SMAP_L3_SM_P_E_20200112_R19240_001.h5,SPL3SMP_E,006,629.88,Downloaded
2020-01-13,SMAP_L3_SM_P_E_20200113_R19240_001.h5,SPL3SMP_E,006,627.63,Downloaded
2020-01-14,SMAP_L3_SM_P_E_20200114_R19240_001.h5,SPL3SMP_E,006,632.43,Downloaded
2020-01-15,SMAP_L3_SM_P_E_20200115_R19240_001.h5,SPL3SMP_E,006,642.45,Downloaded
2020-01-16,SMAP_L3_SM_P_E_20200116_R19240_001.h5,SPL3SMP_E,006,618.93,Downloaded
2020-01-17,SMAP_L3_SM_P_E_20200117_R19240_001.h5,SPL3SMP_E,006,613.1,Downloaded
2020-01-18,SMAP_L3_SM_P_E_20200118_R19240_001.h5,SPL3SMP_E,006,642.51,Downloaded
2020-01-19,SMAP_L3_SM_P_E_20200119_R19240_001.h5,SPL3SMP_E,006,634.14,Downloaded
2020-01-20,SMAP_L3_SM_P_E_20200120_R19240_001.h5,SPL3SMP_E,006,595.34,Downloaded
2020-01-21,SMAP_L3_SM_P_E_20200121_R19240_001.h5,SPL3SMP_E,006,561.52,Downloaded
2020-01-22,SMAP_L3_SM_P_E_20200122_R19240_001.h5,SPL3SMP_E,006,576.53,Downloaded
2020-01-23,SMAP_L3_SM_P_E_20200123_R19240_001.h5,SPL3SMP_E,006,582.27,Downloaded
2020-01-24,SMAP_L3_SM_P_E_20200124_R19240_001.h5,SPL3SMP_E,006,615.22,Downloaded
2020-01-25,SMAP_L3_SM_P_E_20200125_R19240_001.h5,SPL3SMP_E,006,638.38,Downloaded
2020-01-26,SMAP_L3_SM_P_E_20200126_R19240_001.h5,SPL3SMP_E,006,643.01,Downloaded
2020-01-27,SMAP_L3_SM_P_E_20200127_R19240_001.h5,SPL3SMP_E,006,624.76,Downloaded
2020-01-28,SMAP_L3_SM_P_E_20200128_R19240_001.h5,SPL3SMP_E,006,635.18,Downloaded
2020-01-29,SMAP_L3_SM_P_E_20200129_R19240_001.h5,SPL3SMP_E,006,619.94,Downloaded
2020-01-30,SMAP_L3_SM_P_E_20200130_R19240_001.h5,SPL3SMP_E,006,629.53,Downloaded
2020-01-31,SMAP_L3_SM_P_E_20200131_R19240_001.h5,SPL3SMP_E,006,643.93,Downloaded
2020-02-01,SMAP_L3_SM_P_E_20200201_R19240_001.h5,SPL3SMP_E,006,539.24,Downloaded
2020-02-02,SMAP_L3_SM_P_E_20200202_R19240_001.h5,SPL3SMP_E,006,622.67,Downloaded
2020-02-03,SMAP_L3_SM_P_E_20200203_R19240_001.h5,SPL3SMP_E,006,643.58,Downloaded
2020-02-04,SMAP_L3_SM_P_E_20200204_R19240_001.h5,SPL3SMP_E,006,584.47,Downloaded
2020-02-05,SMAP_L3_SM_P_E_20200205_R19240_001.h5,SPL3SMP_E,006,592.47,Downloaded
2020-02-06,SMAP_L3_SM_P_E_20200206_R19240_001.h5,SPL3SMP_E,006,621.61,Downloaded
2020-02-07,SMAP_L3_SM_P_E_20200207_R19240_001.h5,SPL3SMP_E,006,627.72,Downloaded
2020-02-08,SMAP_L3_SM_P_E_20200208_R19240_001.h5,SPL3SMP_E,006,627.24,Downloaded
2020-02-09,SMAP_L3_SM_P_E_20200209_R19240_001.h5,SPL3SMP_E,006,626.97,Downloaded
2020-02-10,SMAP_L3_SM_P_E_20200210_R19240_001.h5,SPL3SMP_E,006,638.21,Downloaded
2020-02-11,SMAP_L3_SM_P_E_20200211_R19240_001.h5,SPL3SMP_E,006,625.96,Downloaded
2020-02-12,SMAP_L3_SM_P_E_20200212_R19240_001.h5,SPL3SMP_E,006,600.23,Downloaded
2020-02-13,SMAP_L3_SM_P_E_20200213_R19240_001.h5,SPL3SMP_E,006,593.95,Downloaded
2020-02-14,SMAP_L3_SM_P_E_20200214_R19240_001.h5,SPL3SMP_E,006,635.93,Downloaded
2020-02-15,SMAP_L3_SM_P_E_20200215_R19240_001.h5,SPL3SMP_E,006,629.08,Downloaded
2020-02-16,SMAP_L3_SM_P_E_20200216_R19240_001.h5,SPL3SMP_E,006,627.57,Downloaded
2020-02-17,SMAP_L3_SM_P_E_20200217_R19240_001.h5,SPL3SMP_E,006,562.28,Downloaded
2020-02-18,SMAP_L3_SM_P_E_20200218_R19240_001.h5,SPL3SMP_E,006,621.02,Downloaded
2020-02-19,SMAP_L3_SM_P_E_20200219_R19240_001.h5,SPL3SMP_E,006,626.27,Downloaded
2020-02-20,SMAP_L3_SM_P_E_20200220_R19240_001.h5,SPL3SMP_E,006,636.4,Downloaded
2020-02-21,SMAP_L3_SM_P_E_20200221_R19240_001.h5,SPL3SMP_E,006,636.39,Downloaded
2020-02-22,SMAP_L3_SM_P_E_20200222_R19240_001.h5,SPL3SMP_E,006,641.81,Downloaded
2020-02-23,SMAP_L3_SM_P_E_20200223_R19240_001.h5,SPL3SMP_E,006,632.7,Downloaded
2020-02-24,SMAP_L3_SM_P_E_20200224_R19240_001.h5,SPL3SMP_E,006,636.62,Downloaded
2020-02-25,SMAP_L3_SM_P_E_20200225_R19240_001.h5,SPL3SMP_E,006,629.19,Downloaded
2020-02-26,SMAP_L3_SM_P_E_20200226_R19240_001.h5,SPL3SMP_E,006,640.98,Downloaded
2020-02-27,SMAP_L3_SM_P_E_20200227_R19240_001.h5,SPL3SMP_E,006,628.32,Downloaded
2020-02-28,SMAP_L3_SM_P_E_20200228_R19240_001.h5,SPL3SMP_E,006,637.78,Downloaded
2020-02-29,SMAP_L3_SM_P_E_20200229_R19240_001.h5,SPL3SMP_E,006,637.77,Downloaded
2020-03-01,SMAP_L3_SM_P_E_20200301_R19240_001.h5,SPL3SMP_E,006,633.04,Downloaded
2020-03-02,SMAP_L3_SM_P_E_20200302_R19240_001.h5,SPL3SMP_E,006,635.75,Downloaded
2020-03-03,SMAP_L3_SM_P_E_20200303_R19240_001.h5,SPL3SMP_E,006,646.88,Downloaded
2020-03-04,SMAP_L3_SM_P_E_20200304_R19240_001.h5,SPL3SMP_E,006,608.8,Downloaded
2020-03-05,SMAP_L3_SM_P_E_20200305_R19240_001.h5,SPL3SMP_E,006,642.04,Downloaded
2020-03-06,SMAP_L3_SM_P_E_20200306_R19240_001.h5,SPL3SMP_E,006,609.59,Downloaded
2020-03-07,SMAP_L3_SM_P_E_20200307_R19240_001.h5,SPL3SMP_E,006,639.0,Downloaded
2020-03-08,SMAP_L3_SM_P_E_20200308_R19240_001.h5,SPL3SMP_E,006,638.95,Downloaded
2020-03-09,SMAP_L3_SM_P_E_20200309_R19240_001.h5,SPL3SMP_E,006,615.1,Downloaded
2020-03-10,SMAP_L3_SM_P_E_20200310_R19240_001.h5,SPL3SMP_E,006,629.55,Downloaded
2020-03-11,SMAP_L3_SM_P_E_20200311_R19240_001.h5,SPL3SMP_E,006,647.79,Downloaded
2020-03-12,SMAP_L3_SM_P_E_20200312_R19240_001.h5,SPL3SMP_E,006,631.41,Downloaded
2020-03-13,SMAP_L3_SM_P_E_20200313_R19240_001.h5,SPL3SMP_E,006,597.42,Downloaded
2020-03-14,SMAP_L3_SM_P_E_20200314_R19240_001.h5,SPL3SMP_E,006,630.82,Downloaded
2020-03-15,SMAP_L3_SM_P_E_20200315_R19240_001.h5,SPL3SMP_E,006,627.91,Downloaded
2020-03-16,SMAP_L3_SM_P_E_20200316_R19240_001.h5,SPL3SMP_E,006,640.06,Downloaded
2020-03-17,SMAP_L3_SM_P_E_20200317_R19240_001.h5,SPL3SMP_E,006,645.22,Downloaded
2020-03-18,SMAP_L3_SM_P_E_20200318_R19240_001.h5,SPL3SMP_E,006,619.01,Downloaded
2020-03-19,SMAP_L3_SM_P_E_20200319_R19240_001.h5,SPL3SMP_E,006,618.09,Downloaded
2020-03-20,SMAP_L3_SM_P_E_20200320_R19240_001.h5,SPL3SMP_E,006,599.6,Downloaded
2020-03-21,SMAP_L3_SM_P_E_20200321_R19240_001.h5,SPL3SMP_E,006,620.31,Downloaded
2020-03-22,SMAP_L3_SM_P_E_20200322_R19240_001.h5,SPL3SMP_E,006,575.85,Downloaded
2020-03-23,SMAP_L3_SM_P_E_20200323_R19240_001.h5,SPL3SMP_E,006,605.83,Downloaded
2020-03-24,SMAP_L3_SM_P_E_20200324_R19240_001.h5,SPL3SMP_E,006,592.93,Downloaded
2020-03-25,SMAP_L3_SM_P_E_20200325_R19240_001.h5,SPL3SMP_E,006,646.52,Downloaded
2020-03-26,SMAP_L3_SM_P_E_20200326_R19240_001.h5,SPL3SMP_E,006,580.82,Downloaded
2020-03-27,SMAP_L3_SM_P_E_20200327_R19240_001.h5,SPL3SMP_E,006,638.61,Downloaded
2020-03-28,SMAP_L3_SM_P_E_20200328_R19240_001.h5,SPL3SMP_E,006,633.65,Downloaded
2020-03-29,SMAP_L3_SM_P_E_20200329_R19240_001.h5,SPL3SMP_E,006,645.9,Downloaded
2020-03-30,SMAP_L3_SM_P_E_20200330_R19240_001.h5,SPL3SMP_E,006,608.62,Downloaded
2020-03-31,SMAP_L3_SM_P_E_20200331_R19240_001.h5,SPL3SMP_E,006,641.68,Downloaded
2020-04-01,SMAP_L3_SM_P_E_20200401_R19240_001.h5,SPL3SMP_E,006,642.77,Downloaded
2020-04-02,SMAP_L3_SM_P_E_20200402_R19240_001.h5,SPL3SMP_E,006,646.72,Downloaded
2020-04-03,SMAP_L3_SM_P_E_20200403_R19240_001.h5,SPL3SMP_E,006,640.16,Downloaded
2020-04-04,SMAP_L3_SM_P_E_20200404_R19240_001.h5,SPL3SMP_E,006,652.0,Downloaded
2020-04-05,SMAP_L3_SM_P_E_20200405_R19240_001.h5,SPL3SMP_E,006,596.04,Downloaded
2020-04-06,SMAP_L3_SM_P_E_20200406_R19240_001.h5,SPL3SMP_E,006,631.44,Downloaded
2020-04-07,SMAP_L3_SM_P_E_20200407_R19240_001.h5,SPL3SMP_E,006,621.98,Downloaded
2020-04-08,SMAP_L3_SM_P_E_20200408_R19240_001.h5,SPL3SMP_E,006,615.69,Downloaded
2020-04-09,SMAP_L3_SM_P_E_20200409_R19240_001.h5,SPL3SMP_E,006,596.79,Downloaded
2020-04-10,SMAP_L3_SM_P_E_20200410_R19240_001.h5,SPL3SMP_E,006,580.86,Downloaded
2020-04-11,SMAP_L3_SM_P_E_20200411_R19240_001.h5,SPL3SMP_E,006,619.03,Downloaded
2020-04-12,SMAP_L3_SM_P_E_20200412_R19240_001.h5,SPL3SMP_E,006,653.67,Downloaded
2020-04-13,SMAP_L3_SM_P_E_20200413_R19240_001.h5,SPL3SMP_E,006,636.38,Downloaded
2020-04-14,SMAP_L3_SM_P_E_20200414_R19240_001.h5,SPL3SMP_E,006,637.82,Downloaded
2020-04-15,SMAP_L3_SM_P_E_20200415_R19240_001.h5,SPL3SMP_E,006,624.53,Downloaded
2020-04-16,SMAP_L3_SM_P_E_20200416_R19240_001.h5,SPL3SMP_E,006,596.96,Downloaded
2020-04-17,SMAP_L3_SM_P_E_20200417_R19240_001.h5,SPL3SMP_E,006,640.37,Downloaded
2020-04-18,SMAP_L3_SM_P_E_20200418_R19240_001.h5,SPL3SMP_E,006,651.67,Downloaded
2020-04-19,SMAP_L3_SM_P_E_20200419_R19240_001.h5,SPL3SMP_E,006,614.57,Downloaded
2020-04-20,SMAP_L3_SM_P_E_20200420_R19240_001.h5,SPL3SMP_E,006,654.94,Downloaded
2020-04-21,SMAP_L3_SM_P_E_20200421_R19240_001.h5,SPL3SMP_E,006,623.86,Downloaded
2020-04-22,SMAP_L3_SM_P_E_20200422_R19240_001.h5,SPL3SMP_E,006,649.64,Downloaded
2020-04-23,SMAP_L3_SM_P_E_20200423_R19240_001.h5,SPL3SMP_E,006,599.68,Downloaded
2020-04-24,SMAP_L3_SM_P_E_20200424_R19240_001.h5,SPL3SMP_E,006,647.13,Downloaded
2020-04-25,SMAP_L3_SM_P_E_20200425_R19240_001.h5,SPL3SMP_E,006,647.53,Downloaded
2020-04-26,SMAP_L3_SM_P_E_20200426_R19240_001.h5,SPL3SMP_E,006,654.07,Downloaded
2020-04-27,SMAP_L3_SM_P_E_20200427_R19240_001.h5,SPL3SMP_E,006,644.96,Downloaded
2020-04-28,SMAP_L3_SM_P_E_20200428_R19240_001.h5,SPL3SMP_E,006,624.96,Downloaded
2020-04-29,SMAP_L3_SM_P_E_20200429_R19240_001.h5,SPL3SMP_E,006,641.14,Downloaded
2020-04-30,SMAP_L3_SM_P_E_20200430_R19240_001.h5,SPL3SMP_E,006,653.0,Downloaded
2020-05-01,SMAP_L3_SM_P_E_20200501_R19240_001.h5,SPL3SMP_E,006,658.18,Downloaded
2020-05-02,SMAP_L3_SM_P_E_20200502_R19240_001.h5,SPL3SMP_E,006,607.74,Downloaded
2020-05-03,SMAP_L3_SM_P_E_20200503_R19240_001.h5,SPL3SMP_E,006,650.07,Downloaded
2020-05-04,SMAP_L3_SM_P_E_20200504_R19240_001.h5,SPL3SMP_E,006,643.34,Downloaded
2020-05-05,SMAP_L3_SM_P_E_20200505_R19240_001.h5,SPL3SMP_E,006,603.27,Downloaded
2020-05-06,SMAP_L3_SM_P_E_20200506_R19240_001.h5,SPL3SMP_E,006,660.8,Downloaded
2020-05-07,SMAP_L3_SM_P_E_20200507_R19240_001.h5,SPL3SMP_E,006,643.51,Downloaded
2020-05-08,SMAP_L3_SM_P_E_20200508_R19240_001.h5,SPL3SMP_E,006,647.18,Downloaded
2020-05-09,SMAP_L3_SM_P_E_20200509_R19240_001.h5,SPL3SMP_E,006,661.24,Downloaded
2020-05-10,SMAP_L3_SM_P_E_20200510_R19240_001.h5,SPL3SMP_E,006,651.9,Downloaded
2020-05-11,SMAP_L3_SM_P_E_20200511_R19240_001.h5,SPL3SMP_E,006,626.74,Downloaded
2020-05-12,SMAP_L3_SM_P_E_20200512_R19240_001.h5,SPL3SMP_E,006,637.38,Downloaded
2020-05-13,SMAP_L3_SM_P_E_20200513_R19240_001.h5,SPL3SMP_E,006,638.73,Downloaded
2020-05-14,SMAP_L3_SM_P_E_20200514_R19240_001.h5,SPL3SMP_E,006,626.39,Downloaded
2020-05-15,SMAP_L3_SM_P_E_20200515_R19240_001.h5,SPL3SMP_E,006,646.11,Downloaded
2020-05-16,SMAP_L3_SM_P_E_20200516_R19240_001.h5,SPL3SMP_E,006,658.07,Downloaded
2020-05-17,SMAP_L3_SM_P_E_20200517_R19240_001.h5,SPL3SMP_E,006,664.17,Downloaded
2020-05-18,SMAP_L3_SM_P_E_20200518_R19240_001.h5,SPL3SMP_E,006,616.34,Downloaded
2020-05-19,SMAP_L3_SM_P_E_20200519_R19240_001.h5,SPL3SMP_E,006,623.94,Downloaded
2020-05-20,SMAP_L3_SM_P_E_20200520_R19240_001.h5,SPL3SMP_E,006,663.62,Downloaded
2020-05-21,SMAP_L3_SM_P_E_20200521_R19240_001.h5,SPL3SMP_E,006,634.52,Downloaded
2020-05-22,SMAP_L3_SM_P_E_20200522_R19240_001.h5,SPL3SMP_E,006,667.54,Downloaded
2020-05-23,SMAP_L3_SM_P_E_20200523_R19240_001.h5,SPL3SMP_E,006,650.53,Downloaded
2020-05-24,SMAP_L3_SM_P_E_20200524_R19240_001.h5,SPL3SMP_E,006,663.01,Downloaded
2020-05-25,SMAP_L3_SM_P_E_20200525_R19240_001.h5,SPL3SMP_E,006,668.85,Downloaded
2020-05-26,SMAP_L3_SM_P_E_20200526_R19240_001.h5,SPL3SMP_E,006,584.31,Downloaded
2020-05-27,SMAP_L3_SM_P_E_20200527_R19240_001.h5,SPL3SMP_E,006,660.66,Downloaded
2020-05-28,SMAP_L3_SM_P_E_20200528_R19240_001.h5,SPL3SMP_E,006,667.36,Downloaded
2020-05-29,SMAP_L3_SM_P_E_20200529_R19240_001.h5,SPL3SMP_E,006,640.91,Downloaded
2020-05-30,SMAP_L3_SM_P_E_20200530_R19240_001.h5,SPL3SMP_E,006,626.78,Downloaded
2020-05-31,SMAP_L3_SM_P_E_20200531_R19240_001.h5,SPL3SMP_E,006,650.53,Downloaded
2020-06-01,SMAP_L3_SM_P_E_20200601_R19240_001.h5,SPL3SMP_E,006,642.01,Downloaded
2020-06-02,SMAP_L3_SM_P_E_20200602_R19240_001.h5,SPL3SMP_E,006,633.38,Downloaded
2020-06-03,SMAP_L3_SM_P_E_20200603_R19240_001.h5,SPL3SMP_E,006,640.08,Downloaded
2020-06-04,SMAP_L3_SM_P_E_20200604_R19240_001.h5,SPL3SMP_E,006,657.05,Downloaded
2020-06-05,SMAP_L3_SM_P_E_20200605_R19240_001.h5,SPL3SMP_E,006,668.83,Downloaded
2020-06-06,SMAP_L3_SM_P_E_20200606_R19240_001.h5,SPL3SMP_E,006,657.64,Downloaded
2020-06-07,SMAP_L3_SM_P_E_20200607_R19240_001.h5,SPL3SMP_E,006,671.99,Downloaded
2020-06-08,SMAP_L3_SM_P_E_20200608_R19240_001.h5,SPL3SMP_E,006,654.63,Downloaded
2020-06-09,SMAP_L3_SM_P_E_20200609_R19240_001.h5,SPL3SMP_E,006,655.75,Downloaded
2020-06-10,SMAP_L3_SM_P_E_20200610_R19240_001.h5,SPL3SMP_E,006,650.92,Downloaded
2020-06-11,SMAP_L3_SM_P_E_20200611_R19240_001.h5,SPL3SMP_E,006,583.86,Downloaded
2020-06-12,SMAP_L3_SM_P_E_20200612_R19240_001.h5,SPL3SMP_E,006,656.92,Downloaded
2020-06-13,SMAP_L3_SM_P_E_20200613_R19240_001.h5,SPL3SMP_E,006,612.32,Downloaded
2020-06-14,SMAP_L3_SM_P_E_20200614_R19240_001.h5,SPL3SMP_E,006,658.9,Downloaded
2020-06-15,SMAP_L3_SM_P_E_20200615_R19240_001.h5,SPL3SMP_E,006,673.47,Downloaded
2020-06-16,SMAP_L3_SM_P_E_20200616_R19240_001.h5,SPL3SMP_E,006,656.16,Downloaded
2020-06-17,SMAP_L3_SM_P_E_20200617_R19240_001.h5,SPL3SMP_E,006,667.36,Downloaded
2020-06-18,SMAP_L3_SM_P_E_20200618_R19240_001.h5,SPL3SMP_E,006,604.73,Downloaded
2020-06-19,SMAP_L3_SM_P_E_20200619_R19240_001.h5,SPL3SMP_E,006,648.62,Downloaded
2020-06-20,SMAP_L3_SM_P_E_20200620_R19240_001.h5,SPL3SMP_E,006,664.52,Downloaded
2020-06-21,SMAP_L3_SM_P_E_20200621_R19240_001.h5,SPL3SMP_E,006,669.58,Downloaded
2020-06-22,SMAP_L3_SM_P_E_20200622_R19240_001.h5,SPL3SMP_E,006,611.18,Downloaded
2020-06-23,SMAP_L3_SM_P_E_20200623_R19240_001.h5,SPL3SMP_E,006,662.04,Downloaded
2020-06-24,SMAP_L3_SM_P_E_20200624_R19240_001.h5,SPL3SMP_E,006,649.65,Downloaded
2020-06-25,SMAP_L3_SM_P_E_20200625_R19240_001.h5,SPL3SMP_E,006,667.88,Downloaded
2020-06-26,SMAP_L3_SM_P_E_20200626_R19240_001.h5,SPL3SMP_E,006,659.23,Downloaded
2020-06-27,SMAP_L3_SM_P_E_20200627_R19240_001.h5,SPL3SMP_E,006,633.99,Downloaded
2020-06-28,SMAP_L3_SM_P_E_20200628_R19240_001.h5,SPL3SMP_E,006,628.66,Downloaded
2020-06-29,SMAP_L3_SM_P_E_20200629_R19240_001.h5,SPL3SMP_E,006,672.44,Downloaded
2020-06-30,SMAP_L3_SM_P_E_20200630_R19240_001.h5,SPL3SMP_E,006,660.26,Downloaded
2020-07-01,SMAP_L3_SM_P_E_20200701_R19240_001.h5,SPL3SMP_E,006,674.9,Downloaded
2020-07-02,SMAP_L3_SM_P_E_20200702_R19240_001.h5,SPL3SMP_E,006,657.77,Downloaded
2020-07-03,SMAP_L3_SM_P_E_20200703_R19240_001.h5,SPL3SMP_E,006,668.54,Downloaded
2020-07-04,SMAP_L3_SM_P_E_20200704_R19240_001.h5,SPL3SMP_E,006,675.04,Downloaded
2020-07-05,SMAP_L3_SM_P_E_20200705_R19240_001.h5,SPL3SMP_E,006,619.56,Downloaded
2020-07-06,SMAP_L3_SM_P_E_20200706_R19240_001.h5,SPL3SMP_E,006,665.95,Downloaded
2020-07-07,SMAP_L3_SM_P_E_20200707_R19240_001.h5,SPL3SMP_E,006,661.45,Downloaded
2020-07-08,SMAP_L3_SM_P_E_20200708_R19240_001.h5,SPL3SMP_E,006,630.66,Downloaded
2020-07-09,SMAP_L3_SM_P_E_20200709_R19240_001.h5,SPL3SMP_E,006,641.7,Downloaded
2020-07-10,SMAP_L3_SM_P_E_20200710_R19240_001.h5,SPL3SMP_E,006,658.13,Downloaded
2020-07-11,SMAP_L3_SM_P_E_20200711_R19240_001.h5,SPL3SMP_E,006,592.65,Downloaded
2020-07-12,SMAP_L3_SM_P_E_20200712_R19240_001.h5,SPL3SMP_E,006,645.11,Downloaded
2020-07-13,SMAP_L3_SM_P_E_20200713_R19240_001.h5,SPL3SMP_E,006,647.14,Downloaded
2020-07-14,SMAP_L3_SM_P_E_20200714_R19240_001.h5,SPL3SMP_E,006,644.17,Downloaded
2020-07-15,SMAP_L3_SM_P_E_20200715_R19240_001.h5,SPL3SMP_E,006,653.53,Downloaded
2020-07-16,SMAP_L3_SM_P_E_20200716_R19240_001.h5,SPL3SMP_E,006,640.55,Downloaded
2020-07-17,SMAP_L3_SM_P_E_20200717_R19240_001.h5,SPL3SMP_E,006,637.56,Downloaded
2020-07-18,SMAP_L3_SM_P_E_20200718_R19240_001.h5,SPL3SMP_E,006,657.72,Downloaded
2020-07-19,SMAP_L3_SM_P_E_20200719_R19240_001.h5,SPL3SMP_E,006,651.51,Downloaded
2020-07-20,SMAP_L3_SM_P_E_20200720_R19240_001.h5,SPL3SMP_E,006,674.88,Downloaded
2020-07-21,SMAP_L3_SM_P_E_20200721_R19240_001.h5,SPL3SMP_E,006,662.03,Downloaded
2020-07-22,SMAP_L3_SM_P_E_20200722_R19240_001.h5,SPL3SMP_E,006,665.91,Downloaded
2020-07-23,SMAP_L3_SM_P_E_20200723_R19240_001.h5,SPL3SMP_E,006,672.71,Downloaded
2020-07-24,SMAP_L3_SM_P_E_20200724_R19240_001.h5,SPL3SMP_E,006,660.59,Downloaded
2020-07-25,SMAP_L3_SM_P_E_20200725_R19240_001.h5,SPL3SMP_E,006,675.05,Downloaded
2020-07-26,SMAP_L3_SM_P_E_20200726_R19240_001.h5,SPL3SMP_E,006,657.71,Downloaded
2020-07-27,SMAP_L3_SM_P_E_20200727_R19240_001.h5,SPL3SMP_E,006,668.58,Downloaded
2020-07-28,SMAP_L3_SM_P_E_20200728_R19240_001.h5,SPL3SMP_E,006,623.78,Downloaded
2020-07-29,SMAP_L3_SM_P_E_20200729_R19240_001.h5,SPL3SMP_E,006,664.43,Downloaded
2020-07-30,SMAP_L3_SM_P_E_20200730_R19240_001.h5,SPL3SMP_E,006,665.52,Downloaded
2020-07-31,SMAP_L3_SM_P_E_20200731_R19240_001.h5,SPL3SMP_E,006,672.36,Downloaded
2020-08-01,SMAP_L3_SM_P_E_20200801_R19240_001.h5,SPL3SMP_E,006,660.09,Downloaded
2020-08-02,SMAP_L3_SM_P_E_20200802_R19240_001.h5,SPL3SMP_E,006,674.7,Downloaded
2020-08-03,SMAP_L3_SM_P_E_20200803_R19240_001.h5,SPL3SMP_E,006,641.43,Downloaded
2020-08-04,SMAP_L3_SM_P_E_20200804_R19240_001.h5,SPL3SMP_E,006,668.16,Downloaded
2020-08-05,SMAP_L3_SM_P_E_20200805_R19240_001.h5,SPL3SMP_E,006,638.21,Downloaded
2020-08-06,SMAP_L3_SM_P_E_20200806_R19240_001.h5,SPL3SMP_E,006,663.17,Downloaded
2020-08-07,SMAP_L3_SM_P_E_20200807_R19240_001.h5,SPL3SMP_E,006,665.13,Downloaded
2020-08-08,SMAP_L3_SM_P_E_20200808_R19240_001.h5,SPL3SMP_E,006,671.95,Downloaded
2020-08-09,SMAP_L3_SM_P_E_20200809_R19240_001.h5,SPL3SMP_E,006,645.68,Downloaded
2020-08-10,SMAP_L3_SM_P_E_20200810_R19240_001.h5,SPL3SMP_E,006,657.05,Downloaded
2020-08-11,SMAP_L3_SM_P_E_20200811_R19240_001.h5,SPL3SMP_E,006,656.55,Downloaded
2020-08-12,SMAP_L3_SM_P_E_20200812_R19240_001.h5,SPL3SMP_E,006,667.94,Downloaded
2020-08-13,SMAP_L3_SM_P_E_20200813_R19240_001.h5,SPL3SMP_E,006,673.83,Downloaded
2020-08-14,SMAP_L3_SM_P_E_20200814_R19240_001.h5,SPL3SMP_E,006,652.01,Downloaded
2020-08-15,SMAP_L3_SM_P_E_20200815_R19240_001.h5,SPL3SMP_E,006,664.86,Downloaded
2020-08-16,SMAP_L3_SM_P_E_20200816_R19240_001.h5,SPL3SMP_E,006,671.47,Downloaded
2020-08-17,SMAP_L3_SM_P_E_20200817_R19240_001.h5,SPL3SMP_E,006,659.3,Downloaded
2020-08-18,SMAP_L3_SM_P_E_20200818_R19240_001.h5,SPL3SMP_E,006,674.18,Downloaded
2020-08-19,SMAP_L3_SM_P_E_20200819_R19240_001.h5,SPL3SMP_E,006,656.28,Downloaded
2020-08-20,SMAP_L3_SM_P_E_20200820_R19240_001.h5,SPL3SMP_E,006,667.53,Downloaded
2020-08-21,SMAP_L3_SM_P_E_20200821_R19240_001.h5,SPL3SMP_E,006,673.64,Downloaded
2020-08-22,SMAP_L3_SM_P_E_20200822_R19240_001.h5,SPL3SMP_E,006,662.11,Downloaded
2020-08-23,SMAP_L3_SM_P_E_20200823_R19240_001.h5,SPL3SMP_E,006,664.28,Downloaded
2020-08-24,SMAP_L3_SM_P_E_20200824_R19240_001.h5,SPL3SMP_E,006,669.71,Downloaded
2020-08-25,SMAP_L3_SM_P_E_20200825_R19240_001.h5,SPL3SMP_E,006,659.61,Downloaded
2020-08-26,SMAP_L3_SM_P_E_20200826_R19240_001.h5,SPL3SMP_E,006,674.64,Downloaded
2020-08-27,SMAP_L3_SM_P_E_20200827_R19240_001.h5,SPL3SMP_E,006,656.58,Downloaded
2020-08-28,SMAP_L3_SM_P_E_20200828_R19240_001.h5,SPL3SMP_E,006,668.42,Downloaded
2020-08-29,SMAP_L3_SM_P_E_20200829_R19240_002.h5,SPL3SMP_E,006,674.31,Downloaded
2020-08-30,SMAP_L3_SM_P_E_20200830_R19240_001.h5,SPL3SMP_E,006,664.42,Downloaded
2020-08-31,SMAP_L3_SM_P_E_20200831_R19240_001.h5,SPL3SMP_E,006,665.7,Downloaded
2020-09-01,SMAP_L3_SM_P_E_20200901_R19240_001.h5,SPL3SMP_E,006,672.14,Downloaded
2020-09-02,SMAP_L3_SM_P_E_20200902_R19240_001.h5,SPL3SMP_E,006,660.99,Downloaded
2020-09-03,SMAP_L3_SM_P_E_20200903_R19240_001.h5,SPL3SMP_E,006,675.36,Downloaded
2020-09-04,SMAP_L3_SM_P_E_20200904_R19240_001.h5,SPL3SMP_E,006,648.22,Downloaded
2020-09-05,SMAP_L3_SM_P_E_20200905_R19240_001.h5,SPL3SMP_E,006,668.86,Downloaded
2020-09-06,SMAP_L3_SM_P_E_20200906_R19240_001.h5,SPL3SMP_E,006,673.53,Downloaded
2020-09-07,SMAP_L3_SM_P_E_20200907_R19240_001.h5,SPL3SMP_E,006,663.98,Downloaded
2020-09-08,SMAP_L3_SM_P_E_20200908_R19240_001.h5,SPL3SMP_E,006,665.63,Downloaded
2020-09-09,SMAP_L3_SM_P_E_20200909_R19240_003.h5,SPL3SMP_E,006,671.9,Downloaded
2020-09-10,SMAP_L3_SM_P_E_20200910_R19240_001.h5,SPL3SMP_E,006,624.21,Downloaded
2020-09-11,SMAP_L3_SM_P_E_20200911_R19240_001.h5,SPL3SMP_E,006,564.87,Downloaded
2020-09-12,SMAP_L3_SM_P_E_20200912_R19240_001.h5,SPL3SMP_E,006,656.32,Downloaded
2020-09-13,SMAP_L3_SM_P_E_20200913_R19240_001.h5,SPL3SMP_E,006,668.42,Downloaded
2020-09-14,SMAP_L3_SM_P_E_20200914_R19240_001.h5,SPL3SMP_E,006,636.08,Downloaded
2020-09-15,SMAP_L3_SM_P_E_20200915_R19240_001.h5,SPL3SMP_E,006,661.59,Downloaded
2020-09-16,SMAP_L3_SM_P_E_20200916_R19240_003.h5,SPL3SMP_E,006,664.8,Downloaded
2020-09-17,SMAP_L3_SM_P_E_20200917_R19240_001.h5,SPL3SMP_E,006,644.99,Downloaded
2020-09-18,SMAP_L3_SM_P_E_20200918_R19240_001.h5,SPL3SMP_E,006,653.6,Downloaded
2020-09-19,SMAP_L3_SM_P_E_20200919_R19240_001.h5,SPL3SMP_E,006,674.55,Downloaded
2020-09-20,SMAP_L3_SM_P_E_20200920_R19240_001.h5,SPL3SMP_E,006,656.19,Downloaded
2020-09-21,SMAP_L3_SM_P_E_20200921_R19240_001.h5,SPL3SMP_E,006,668.25,Downloaded
2020-09-22,SMAP_L3_SM_P_E_20200922_R19240_001.h5,SPL3SMP_E,006,673.38,Downloaded
2020-09-23,SMAP_L3_SM_P_E_20200923_R19240_001.h5,SPL3SMP_E,006,663.88,Downloaded
2020-09-24,SMAP_L3_SM_P_E_20200924_R19240_001.h5,SPL3SMP_E,006,623.95,Downloaded
2020-09-25,SMAP_L3_SM_P_E_20200925_R19240_001.h5,SPL3SMP_E,006,671.06,Downloaded
2020-09-26,SMAP_L3_SM_P_E_20200926_R19240_001.h5,SPL3SMP_E,006,659.68,Downloaded
2020-09-27,SMAP_L3_SM_P_E_20200927_R19240_001.h5,SPL3SMP_E,006,674.13,Downloaded
2020-09-28,SMAP_L3_SM_P_E_20200928_R19240_001.h5,SPL3SMP_E,006,633.59,Downloaded
2020-09-29,SMAP_L3_SM_P_E_20200929_R19240_001.h5,SPL3SMP_E,006,569.05,Downloaded
2020-09-30,SMAP_L3_SM_P_E_20200930_R19240_001.h5,SPL3SMP_E,006,672.61,Downloaded
2020-10-01,SMAP_L3_SM_P_E_20201001_R19240_001.h5,SPL3SMP_E,006,607.23,Downloaded
2020-10-02,SMAP_L3_SM_P_E_20201002_R19240_001.h5,SPL3SMP_E,006,662.58,Downloaded
2020-10-03,SMAP_L3_SM_P_E_20201003_R19240_001.h5,SPL3SMP_E,006,667.91,Downloaded
2020-10-04,SMAP_L3_SM_P_E_20201004_R19240_001.h5,SPL3SMP_E,006,656.78,Downloaded
2020-10-05,SMAP_L3_SM_P_E_20201005_R19240_001.h5,SPL3SMP_E,006,642.3,Downloaded
2020-10-06,SMAP_L3_SM_P_E_20201006_R19240_001.h5,SPL3SMP_E,006,502.83,Downloaded
2020-10-07,SMAP_L3_SM_P_E_20201007_R19240_001.h5,SPL3SMP_E,006,662.54,Downloaded
2020-10-08,SMAP_L3_SM_P_E_20201008_R19240_001.h5,SPL3SMP_E,006,637.66,Downloaded
2020-10-09,SMAP_L3_SM_P_E_20201009_R19240_001.h5,SPL3SMP_E,006,576.83,Downloaded
2020-10-10,SMAP_L3_SM_P_E_20201010_R19240_001.h5,SPL3SMP_E,006,639.84,Downloaded
2020-10-11,SMAP_L3_SM_P_E_20201011_R19240_001.h5,SPL3SMP_E,006,664.19,Downloaded
2020-10-12,SMAP_L3_SM_P_E_20201012_R19240_001.h5,SPL3SMP_E,006,611.01,Downloaded
2020-10-13,SMAP_L3_SM_P_E_20201013_R19240_001.h5,SPL3SMP_E,006,662.05,Downloaded
2020-10-14,SMAP_L3_SM_P_E_20201014_R19240_001.h5,SPL3SMP_E,006,647.54,Downloaded
2020-10-15,SMAP_L3_SM_P_E_20201015_R19240_001.h5,SPL3SMP_E,006,659.61,Downloaded
2020-10-16,SMAP_L3_SM_P_E_20201016_R19240_001.h5,SPL3SMP_E,006,655.02,Downloaded
2020-10-17,SMAP_L3_SM_P_E_20201017_R19240_001.h5,SPL3SMP_E,006,652.16,Downloaded
2020-10-18,SMAP_L3_SM_P_E_20201018_R19240_001.h5,SPL3SMP_E,006,651.98,Downloaded
2020-10-19,SMAP_L3_SM_P_E_20201019_R19240_001.h5,SPL3SMP_E,006,656.97,Downloaded
2020-10-20,SMAP_L3_SM_P_E_20201020_R19240_001.h5,SPL3SMP_E,006,636.71,Downloaded
2020-10-21,SMAP_L3_SM_P_E_20201021_R19240_001.h5,SPL3SMP_E,006,617.47,Downloaded
2020-10-22,SMAP_L3_SM_P_E_20201022_R19240_001.h5,SPL3SMP_E,006,626.1,Downloaded
2020-10-23,SMAP_L3_SM_P_E_20201023_R19240_001.h5,SPL3SMP_E,006,653.19,Downloaded
2020-10-24,SMAP_L3_SM_P_E_20201024_R19240_001.h5,SPL3SMP_E,006,658.05,Downloaded
2020-10-25,SMAP_L3_SM_P_E_20201025_R19240_001.h5,SPL3SMP_E,006,643.93,Downloaded
2020-10-26,SMAP_L3_SM_P_E_20201026_R19240_001.h5,SPL3SMP_E,006,633.29,Downloaded
2020-10-27,SMAP_L3_SM_P_E_20201027_R19240_001.h5,SPL3SMP_E,006,615.1,Downloaded
2020-10-28,SMAP_L3_SM_P_E_20201028_R19240_001.h5,SPL3SMP_E,006,576.05,Downloaded
2020-10-29,SMAP_L3_SM_P_E_20201029_R19240_001.h5,SPL3SMP_E,006,655.93,Downloaded
2020-10-30,SMAP_L3_SM_P_E_20201030_R19240_001.h5,SPL3SMP_E,006,609.64,Downloaded
2020-10-31,SMAP_L3_SM_P_E_20201031_R19240_001.h5,SPL3SMP_E,006,601.2,Downloaded
2020-11-01,SMAP_L3_SM_P_E_20201101_R19240_001.h5,SPL3SMP_E,006,645.06,Downloaded
2020-11-02,SMAP_L3_SM_P_E_20201102_R19240_001.h5,SPL3SMP_E,006,594.12,Downloaded
2020-11-03,SMAP_L3_SM_P_E_20201103_R19240_001.h5,SPL3SMP_E,006,615.22,Downloaded
2020-11-04,SMAP_L3_SM_P_E_20201104_R19240_001.h5,SPL3SMP_E,006,624.33,Downloaded
2020-11-05,SMAP_L3_SM_P_E_20201105_R19240_001.h5,SPL3SMP_E,006,643.6,Downloaded
2020-11-06,SMAP_L3_SM_P_E_20201106_R19240_001.h5,SPL3SMP_E,006,628.93,Downloaded
2020-11-07,SMAP_L3_SM_P_E_20201107_R19240_001.h5,SPL3SMP_E,006,580.24,Downloaded
2020-11-08,SMAP_L3_SM_P_E_20201108_R19240_001.h5,SPL3SMP_E,006,622.89,Downloaded
2020-11-09,SMAP_L3_SM_P_E_20201109_R19240_001.h5,SPL3SMP_E,006,597.17,Downloaded
2020-11-10,SMAP_L3_SM_P_E_20201110_R19240_001.h5,SPL3SMP_E,006,590.05,Downloaded
2020-11-11,SMAP_L3_SM_P_E_20201111_R19240_001.h5,SPL3SMP_E,006,625.08,Downloaded
2020-11-12,SMAP_L3_SM_P_E_20201112_R19240_001.h5,SPL3SMP_E,006,650.47,Downloaded
2020-11-13,SMAP_L3_SM_P_E_20201113_R19240_001.h5,SPL3SMP_E,006,608.91,Downloaded
2020-11-14,SMAP_L3_SM_P_E_20201114_R19240_001.h5,SPL3SMP_E,006,651.81,Downloaded
2020-11-15,SMAP_L3_SM_P_E_20201115_R19240_001.h5,SPL3SMP_E,006,634.93,Downloaded
2020-11-16,SMAP_L3_SM_P_E_20201116_R19240_001.h5,SPL3SMP_E,006,645.93,Downloaded
2020-11-17,SMAP_L3_SM_P_E_20201117_R19240_001.h5,SPL3SMP_E,006,625.52,Downloaded
2020-11-18,SMAP_L3_SM_P_E_20201118_R19240_001.h5,SPL3SMP_E,006,623.16,Downloaded
2020-11-19,SMAP_L3_SM_P_E_20201119_R19240_001.h5,SPL3SMP_E,006,637.61,Downloaded
2020-11-20,SMAP_L3_SM_P_E_20201120_R19240_001.h5,SPL3SMP_E,006,621.43,Downloaded
2020-11-21,SMAP_L3_SM_P_E_20201121_R19240_001.h5,SPL3SMP_E,006,634.41,Downloaded
2020-11-22,SMAP_L3_SM_P_E_20201122_R19240_001.h5,SPL3SMP_E,006,603.16,Downloaded
2020-11-23,SMAP_L3_SM_P_E_20201123_R19240_001.h5,SPL3SMP_E,006,612.2,Downloaded
2020-11-24,SMAP_L3_SM_P_E_20201124_R19240_001.h5,SPL3SMP_E,006,626.48,Downloaded
2020-11-25,SMAP_L3_SM_P_E_20201125_R19240_001.h5,SPL3SMP_E,006,647.24,Downloaded
2020-11-26,SMAP_L3_SM_P_E_20201126_R19240_001.h5,SPL3SMP_E,006,602.35,Downloaded
2020-11-27,SMAP_L3_SM_P_E_20201127_R19240_001.h5,SPL3SMP_E,006,599.74,Downloaded
2020-11-28,SMAP_L3_SM_P_E_20201128_R19240_001.h5,SPL3SMP_E,006,620.57,Downloaded
2020-11-29,SMAP_L3_SM_P_E_20201129_R19240_001.h5,SPL3SMP_E,006,624.96,Downloaded
2020-11-30,SMAP_L3_SM_P_E_20201130_R19240_001.h5,SPL3SMP_E,006,646.77,Downloaded
2020-12-01,SMAP_L3_SM_P_E_20201201_R19240_001.h5,SPL3SMP_E,006,610.26,Downloaded
2020-12-02,SMAP_L3_SM_P_E_20201202_R19240_001.h5,SPL3SMP_E,006,635.65,Downloaded
2020-12-03,SMAP_L3_SM_P_E_20201203_R19240_001.h5,SPL3SMP_E,006,497.6,Downloaded
2020-12-04,SMAP_L3_SM_P_E_20201204_R19240_001.h5,SPL3SMP_E,006,598.48,Downloaded
2020-12-05,SMAP_L3_SM_P_E_20201205_R19240_001.h5,SPL3SMP_E,006,637.41,Downloaded
2020-12-06,SMAP_L3_SM_P_E_20201206_R19240_001.h5,SPL3SMP_E,006,628.16,Downloaded
2020-12-07,SMAP_L3_SM_P_E_20201207_R19240_001.h5,SPL3SMP_E,006,585.47,Downloaded
2020-12-08,SMAP_L3_SM_P_E_20201208_R19240_001.h5,SPL3SMP_E,006,645.0,Downloaded
2020-12-09,SMAP_L3_SM_P_E_20201209_R19240_001.h5,SPL3SMP_E,006,590.38,Downloaded
2020-12-10,SMAP_L3_SM_P_E_20201210_R19240_001.h5,SPL3SMP_E,006,616.15,Downloaded
2020-12-11,SMAP_L3_SM_P_E_20201211_R19240_001.h5,SPL3SMP_E,006,644.81,Downloaded
2020-12-12,SMAP_L3_SM_P_E_20201212_R19240_001.h5,SPL3SMP_E,006,635.98,Downloaded
2020-12-13,SMAP_L3_SM_P_E_20201213_R19240_001.h5,SPL3SMP_E,006,623.69,Downloaded
2020-12-14,SMAP_L3_SM_P_E_20201214_R19240_001.h5,SPL3SMP_E,006,616.44,Downloaded
2020-12-15,SMAP_L3_SM_P_E_20201215_R19240_001.h5,SPL3SMP_E,006,610.84,Downloaded
2020-12-16,SMAP_L3_SM_P_E_20201216_R19240_001.h5,SPL3SMP_E,006,523.47,Downloaded
2020-12-17,SMAP_L3_SM_P_E_20201217_R19240_001.h5,SPL3SMP_E,006,628.32,Downloaded
2020-12-18,SMAP_L3_SM_P_E_20201218_R19240_001.h5,SPL3SMP_E,006,635.5,Downloaded
2020-12-19,SMAP_L3_SM_P_E_20201219_R19240_001.h5,SPL3SMP_E,006,643.83,Downloaded
2020-12-20,SMAP_L3_SM_P_E_20201220_R19240_001.h5,SPL3SMP_E,006,380.41,Downloaded
2020-12-21,SMAP_L3_SM_P_E_20201221_R19240_001.h5,SPL3SMP_E,006,581.86,Downloaded
2020-12-22,SMAP_L3_SM_P_E_20201222_R19240_001.h5,SPL3SMP_E,006,642.42,Downloaded
2020-12-23,SMAP_L3_SM_P_E_20201223_R19240_001.h5,SPL3SMP_E,006,622.59,Downloaded
2020-12-24,SMAP_L3_SM_P_E_20201224_R19240_001.h5,SPL3SMP_E,006,642.9,Downloaded
2020-12-25,SMAP_L3_SM_P_E_20201225_R19240_001.h5,SPL3SMP_E,006,591.36,Downloaded
2020-12-26,SMAP_L3_SM_P_E_20201226_R19240_001.h5,SPL3SMP_E,006,637.47,Downloaded
2020-12-27,SMAP_L3_SM_P_E_20201227_R19240_001.h5,SPL3SMP_E,006,642.57,Downloaded
2020-12-28,SMAP_L3_SM_P_E_20201228_R19240_001.h5,SPL3SMP_E,006,634.96,Downloaded
2020-12-29,SMAP_L3_SM_P_E_20201229_R19240_001.h5,SPL3SMP_E,006,634.21,Downloaded
2020-12-30,SMAP_L3_SM_P_E_20201230_R19240_001.h5,SPL3SMP_E,006,639.9,Downloaded
2020-12-31,SMAP_L3_SM_P_E_20201231_R19240_001.h5,SPL3SMP_E,006,631.76,Downloaded
