date,file_name,product,file_size_mb,status
2015-04-01T12:00:00.000000Z,c_gls_SWI_201504021200_GLOBE_ASCAT_V3.1.1_nc,ASCAT_SWI,11.28,Success
2015-03-29T12:00:00.000000Z,c_gls_SWI_201503301200_GLOBE_ASCAT_V3.1.1_nc,ASCAT_SWI,11.16,Success
2015-08-18T12:00:00.000000Z,c_gls_SWI_201508191200_GLOBE_ASCAT_V3.1.1_nc,ASCAT_SWI,9.34,Success
2015-08-14T12:00:00.000000Z,c_gls_SWI_201508151200_GLOBE_ASCAT_V3.1.1_nc,ASCAT_SWI,9.5,Success
2015-08-09T12:00:00.000000Z,c_gls_SWI_201508101200_GLOBE_ASCAT_V3.1.1_nc,ASCAT_SWI,9.73,Success
2015-08-07T12:00:00.000000Z,c_gls_SWI_201508081200_GLOBE_ASCAT_V3.1.1_nc,ASCAT_SWI,9.83,Success
2015-08-28T12:00:00.000000Z,c_gls_SWI_201508291200_GLOBE_ASCAT_V3.1.1_nc,ASCAT_SWI,9.11,Success
2015-05-12T12:00:00.000000Z,c_gls_SWI_201505131200_GLOBE_ASCAT_V3.1.1_nc,ASCAT_SWI,12.75,Success
2015-05-31T12:00:00.000000Z,c_gls_SWI_201506011200_GLOBE_ASCAT_V3.1.1_nc,ASCAT_SWI,13.02,Success
2015-01-27T12:00:00.000000Z,c_gls_SWI_201501281200_GLOBE_ASCAT_V3.1.1_nc,ASCAT_SWI,10.76,Success
2015-05-11T12:00:00.000000Z,c_gls_SWI_201505121200_GLOBE_ASCAT_V3.1.1_nc,ASCAT_SWI,12.74,Success
2015-04-05T12:00:00.000000Z,c_gls_SWI_201504061200_GLOBE_ASCAT_V3.1.1_nc,ASCAT_SWI,11.43,Success
2015-07-04T12:00:00.000000Z,c_gls_SWI_201507051200_GLOBE_ASCAT_V3.1.1_nc,ASCAT_SWI,12.66,Success
2015-07-23T12:00:00.000000Z,c_gls_SWI_201507241200_GLOBE_ASCAT_V3.1.1_nc,ASCAT_SWI,11.67,Success
2015-06-13T12:00:00.000000Z,c_gls_SWI_201506141200_GLOBE_ASCAT_V3.1.1_nc,ASCAT_SWI,12.99,Success
2015-06-22T12:00:00.000000Z,c_gls_SWI_201506231200_GLOBE_ASCAT_V3.1.1_nc,ASCAT_SWI,12.87,Success
2015-06-17T12:00:00.000000Z,c_gls_SWI_201506181200_GLOBE_ASCAT_V3.1.1_nc,ASCAT_SWI,12.96,Success
2015-03-01T12:00:00.000000Z,c_gls_SWI_201503021200_GLOBE_ASCAT_V3.1.1_nc,ASCAT_SWI,10.59,Success
2015-01-07T12:00:00.000000Z,c_gls_SWI_201501081200_GLOBE_ASCAT_V3.1.1_nc,ASCAT_SWI,11.02,Success
2015-01-22T12:00:00.000000Z,c_gls_SWI_201501231200_GLOBE_ASCAT_V3.1.1_nc,ASCAT_SWI,10.84,Success
2015-02-21T12:00:00.000000Z,c_gls_SWI_201502221200_GLOBE_ASCAT_V3.1.1_nc,ASCAT_SWI,10.68,Success
2015-02-04T12:00:00.000000Z,c_gls_SWI_201502051200_GLOBE_ASCAT_V3.1.1_nc,ASCAT_SWI,10.73,Success
2015-01-07T12:00:00.000000Z,c_gls_SWI_201501081200_GLOBE_ASCAT_V4.0.1_nc,ASCAT_SWI,7.54,Success
2015-01-04T12:00:00.000000Z,c_gls_SWI_201501051200_GLOBE_ASCAT_V4.0.1_nc,ASCAT_SWI,7.65,Success
2015-02-08T12:00:00.000000Z,c_gls_SWI_201502091200_GLOBE_ASCAT_V4.0.1_nc,ASCAT_SWI,7.35,Success
2015-01-05T12:00:00.000000Z,c_gls_SWI_201501061200_GLOBE_ASCAT_V4.0.1_nc,ASCAT_SWI,7.6,Success
2015-01-28T12:00:00.000000Z,c_gls_SWI_201501291200_GLOBE_ASCAT_V4.0.1_nc,ASCAT_SWI,7.22,Success
2015-07-03T12:00:00.000000Z,c_gls_SWI_201507041200_GLOBE_ASCAT_V4.0.1_nc,ASCAT_SWI,10.92,Success
2015-01-01T12:00:00.000000Z,c_gls_SWI_201501021200_GLOBE_ASCAT_V4.0.1_nc,ASCAT_SWI,7.7,Success
2015-01-02T12:00:00.000000Z,c_gls_SWI_201501031200_GLOBE_ASCAT_V4.0.1_nc,ASCAT_SWI,7.69,Success
2015-06-25T12:00:00.000000Z,c_gls_SWI_201506261200_GLOBE_ASCAT_V4.0.1_nc,ASCAT_SWI,10.58,Success
2015-10-29T12:00:00.000000Z,c_gls_SWI_201510301200_GLOBE_ASCAT_V4.0.1_nc,ASCAT_SWI,9.0,Success
2015-01-10T12:00:00.000000Z,c_gls_SWI_201501111200_GLOBE_ASCAT_V4.0.1_nc,ASCAT_SWI,7.48,Success
2015-01-06T12:00:00.000000Z,c_gls_SWI_201501071200_GLOBE_ASCAT_V4.0.1_nc,ASCAT_SWI,7.57,Success
2015-01-03T12:00:00.000000Z,c_gls_SWI_201501041200_GLOBE_ASCAT_V4.0.1_nc,ASCAT_SWI,7.68,Success
2015-01-08T12:00:00.000000Z,c_gls_SWI_201501091200_GLOBE_ASCAT_V4.0.1_nc,ASCAT_SWI,7.53,Success
2015-03-16T12:00:00.000000Z,c_gls_SWI_201503171200_GLOBE_ASCAT_V4.0.1_nc,ASCAT_SWI,7.67,Success
2015-01-09T12:00:00.000000Z,c_gls_SWI_201501101200_GLOBE_ASCAT_V4.0.1_nc,ASCAT_SWI,7.49,Success
2015-01-13T12:00:00.000000Z,c_gls_SWI_201501141200_GLOBE_ASCAT_V4.0.1_nc,ASCAT_SWI,7.42,Success
2015-04-21T12:00:00.000000Z,c_gls_SWI_201504221200_GLOBE_ASCAT_V4.0.1_nc,ASCAT_SWI,8.32,Success
2015-01-14T12:00:00.000000Z,c_gls_SWI_201501151200_GLOBE_ASCAT_V4.0.1_nc,ASCAT_SWI,7.39,Success
2015-03-26T12:00:00.000000Z,c_gls_SWI_201503271200_GLOBE_ASCAT_V4.0.1_nc,ASCAT_SWI,7.71,Success
2015-01-20T12:00:00.000000Z,c_gls_SWI_201501211200_GLOBE_ASCAT_V4.0.1_nc,ASCAT_SWI,7.35,Success
2015-02-14T12:00:00.000000Z,c_gls_SWI_201502151200_GLOBE_ASCAT_V4.0.1_nc,ASCAT_SWI,7.34,Success
2015-05-25T12:00:00.000000Z,c_gls_SWI_201505261200_GLOBE_ASCAT_V4.0.1_nc,ASCAT_SWI,9.66,Success
2015-06-04T12:00:00.000000Z,c_gls_SWI_201506051200_GLOBE_ASCAT_V4.0.1_nc,ASCAT_SWI,10.55,Success
2015-01-12T12:00:00.000000Z,c_gls_SWI_201501131200_GLOBE_ASCAT_V4.0.1_nc,ASCAT_SWI,7.42,Success
2015-09-08T12:00:00.000000Z,c_gls_SWI_201509091200_GLOBE_ASCAT_V4.0.1_nc,ASCAT_SWI,10.37,Success
2015-01-17T12:00:00.000000Z,c_gls_SWI_201501181200_GLOBE_ASCAT_V4.0.1_nc,ASCAT_SWI,7.36,Success
2015-01-11T12:00:00.000000Z,c_gls_SWI_201501121200_GLOBE_ASCAT_V4.0.1_nc,ASCAT_SWI,7.44,Success
2015-08-19T12:00:00.000000Z,c_gls_SWI_201508201200_GLOBE_ASCAT_V4.0.1_nc,ASCAT_SWI,10.17,Success
2015-05-03T12:00:00.000000Z,c_gls_SWI_201505041200_GLOBE_ASCAT_V4.0.1_nc,ASCAT_SWI,9.11,Success
2015-01-22T12:00:00.000000Z,c_gls_SWI_201501231200_GLOBE_ASCAT_V4.0.1_nc,ASCAT_SWI,7.31,Success
2015-01-15T12:00:00.000000Z,c_gls_SWI_201501161200_GLOBE_ASCAT_V4.0.1_nc,ASCAT_SWI,7.36,Success
2015-01-19T12:00:00.000000Z,c_gls_SWI_201501201200_GLOBE_ASCAT_V4.0.1_nc,ASCAT_SWI,7.37,Success
2015-01-25T12:00:00.000000Z,c_gls_SWI_201501261200_GLOBE_ASCAT_V4.0.1_nc,ASCAT_SWI,7.25,Success
2015-01-21T12:00:00.000000Z,c_gls_SWI_201501221200_GLOBE_ASCAT_V4.0.1_nc,ASCAT_SWI,7.34,Success
2015-01-26T12:00:00.000000Z,c_gls_SWI_201501271200_GLOBE_ASCAT_V4.0.1_nc,ASCAT_SWI,7.23,Success
2015-01-16T12:00:00.000000Z,c_gls_SWI_201501171200_GLOBE_ASCAT_V4.0.1_nc,ASCAT_SWI,7.35,Success
2015-01-27T12:00:00.000000Z,c_gls_SWI_201501281200_GLOBE_ASCAT_V4.0.1_nc,ASCAT_SWI,7.22,Success
2015-02-13T12:00:00.000000Z,c_gls_SWI_201502141200_GLOBE_ASCAT_V4.0.1_nc,ASCAT_SWI,7.34,Success
2015-01-24T12:00:00.000000Z,c_gls_SWI_201501251200_GLOBE_ASCAT_V4.0.1_nc,ASCAT_SWI,7.26,Success
2015-01-23T12:00:00.000000Z,c_gls_SWI_201501241200_GLOBE_ASCAT_V4.0.1_nc,ASCAT_SWI,7.3,Success
2015-02-11T12:00:00.000000Z,c_gls_SWI_201502121200_GLOBE_ASCAT_V4.0.1_nc,ASCAT_SWI,7.36,Success
2015-01-18T12:00:00.000000Z,c_gls_SWI_201501191200_GLOBE_ASCAT_V4.0.1_nc,ASCAT_SWI,7.38,Success
2015-01-29T12:00:00.000000Z,c_gls_SWI_201501301200_GLOBE_ASCAT_V4.0.1_nc,ASCAT_SWI,7.2,Success
2015-01-30T12:00:00.000000Z,c_gls_SWI_201501311200_GLOBE_ASCAT_V4.0.1_nc,ASCAT_SWI,7.2,Success
2015-07-24T12:00:00.000000Z,c_gls_SWI_201507251200_GLOBE_ASCAT_V4.0.1_nc,ASCAT_SWI,10.17,Success
2015-03-24T12:00:00.000000Z,c_gls_SWI_201503251200_GLOBE_ASCAT_V4.0.1_nc,ASCAT_SWI,7.66,Success
2015-03-02T12:00:00.000000Z,c_gls_SWI_201503031200_GLOBE_ASCAT_V4.0.1_nc,ASCAT_SWI,7.47,Success
2015-02-01T12:00:00.000000Z,c_gls_SWI_201502021200_GLOBE_ASCAT_V4.0.1_nc,ASCAT_SWI,7.46,Success
2015-05-15T12:00:00.000000Z,c_gls_SWI_201505161200_GLOBE_ASCAT_V4.0.1_nc,ASCAT_SWI,9.35,Success
2015-02-07T12:00:00.000000Z,c_gls_SWI_201502081200_GLOBE_ASCAT_V4.0.1_nc,ASCAT_SWI,7.35,Success
2015-04-20T12:00:00.000000Z,c_gls_SWI_201504211200_GLOBE_ASCAT_V4.0.1_nc,ASCAT_SWI,8.3,Success
2015-02-05T12:00:00.000000Z,c_gls_SWI_201502061200_GLOBE_ASCAT_V4.0.1_nc,ASCAT_SWI,7.4,Success
2015-03-12T12:00:00.000000Z,c_gls_SWI_201503131200_GLOBE_ASCAT_V4.0.1_nc,ASCAT_SWI,7.59,Success
2015-09-05T12:00:00.000000Z,c_gls_SWI_201509061200_GLOBE_ASCAT_V4.0.1_nc,ASCAT_SWI,10.36,Success
2015-06-29T12:00:00.000000Z,c_gls_SWI_201506301200_GLOBE_ASCAT_V4.0.1_nc,ASCAT_SWI,10.56,Success
2015-02-02T12:00:00.000000Z,c_gls_SWI_201502031200_GLOBE_ASCAT_V4.0.1_nc,ASCAT_SWI,7.47,Success
2015-02-06T12:00:00.000000Z,c_gls_SWI_201502071200_GLOBE_ASCAT_V4.0.1_nc,ASCAT_SWI,7.37,Success
2015-07-22T12:00:00.000000Z,c_gls_SWI_201507231200_GLOBE_ASCAT_V4.0.1_nc,ASCAT_SWI,10.19,Success
2015-01-31T12:00:00.000000Z,c_gls_SWI_201502011200_GLOBE_ASCAT_V4.0.1_nc,ASCAT_SWI,7.36,Success
2015-02-09T12:00:00.000000Z,c_gls_SWI_201502101200_GLOBE_ASCAT_V4.0.1_nc,ASCAT_SWI,7.34,Success
2015-02-03T12:00:00.000000Z,c_gls_SWI_201502041200_GLOBE_ASCAT_V4.0.1_nc,ASCAT_SWI,7.44,Success
2015-09-22T12:00:00.000000Z,c_gls_SWI_201509231200_GLOBE_ASCAT_V4.0.1_nc,ASCAT_SWI,10.06,Success
2015-02-04T12:00:00.000000Z,c_gls_SWI_201502051200_GLOBE_ASCAT_V4.0.1_nc,ASCAT_SWI,7.42,Success
2015-02-12T12:00:00.000000Z,c_gls_SWI_201502131200_GLOBE_ASCAT_V4.0.1_nc,ASCAT_SWI,7.34,Success
2015-09-28T12:00:00.000000Z,c_gls_SWI_201509291200_GLOBE_ASCAT_V4.0.1_nc,ASCAT_SWI,9.86,Success
2015-02-10T12:00:00.000000Z,c_gls_SWI_201502111200_GLOBE_ASCAT_V4.0.1_nc,ASCAT_SWI,7.35,Success
2015-02-19T12:00:00.000000Z,c_gls_SWI_201502201200_GLOBE_ASCAT_V4.0.1_nc,ASCAT_SWI,7.27,Success
2015-05-18T12:00:00.000000Z,c_gls_SWI_201505191200_GLOBE_ASCAT_V4.0.1_nc,ASCAT_SWI,9.41,Success
2015-07-06T12:00:00.000000Z,c_gls_SWI_201507071200_GLOBE_ASCAT_V4.0.1_nc,ASCAT_SWI,10.79,Success
2015-02-16T12:00:00.000000Z,c_gls_SWI_201502171200_GLOBE_ASCAT_V4.0.1_nc,ASCAT_SWI,7.33,Success
2015-02-17T12:00:00.000000Z,c_gls_SWI_201502181200_GLOBE_ASCAT_V4.0.1_nc,ASCAT_SWI,7.31,Success
2015-03-13T12:00:00.000000Z,c_gls_SWI_201503141200_GLOBE_ASCAT_V4.0.1_nc,ASCAT_SWI,7.62,Success
2015-03-31T12:00:00.000000Z,c_gls_SWI_201504011200_GLOBE_ASCAT_V4.0.1_nc,ASCAT_SWI,7.95,Success
2015-02-15T12:00:00.000000Z,c_gls_SWI_201502161200_GLOBE_ASCAT_V4.0.1_nc,ASCAT_SWI,7.33,Success
2015-07-21T12:00:00.000000Z,c_gls_SWI_201507221200_GLOBE_ASCAT_V4.0.1_nc,ASCAT_SWI,10.2,Success
2015-02-18T12:00:00.000000Z,c_gls_SWI_201502191200_GLOBE_ASCAT_V4.0.1_nc,ASCAT_SWI,7.29,Success
2015-10-28T12:00:00.000000Z,c_gls_SWI_201510291200_GLOBE_ASCAT_V4.0.1_nc,ASCAT_SWI,9.05,Success
2015-07-12T12:00:00.000000Z,c_gls_SWI_201507131200_GLOBE_ASCAT_V4.0.1_nc,ASCAT_SWI,10.45,Success
2015-02-22T12:00:00.000000Z,c_gls_SWI_201502231200_GLOBE_ASCAT_V4.0.1_nc,ASCAT_SWI,7.23,Success
2015-06-07T12:00:00.000000Z,c_gls_SWI_201506081200_GLOBE_ASCAT_V4.0.1_nc,ASCAT_SWI,10.66,Success
2015-07-31T12:00:00.000000Z,c_gls_SWI_201508011200_GLOBE_ASCAT_V4.0.1_nc,ASCAT_SWI,10.3,Success
2015-02-24T12:00:00.000000Z,c_gls_SWI_201502251200_GLOBE_ASCAT_V4.0.1_nc,ASCAT_SWI,7.23,Success
2015-03-01T12:00:00.000000Z,c_gls_SWI_201503021200_GLOBE_ASCAT_V4.0.1_nc,ASCAT_SWI,7.44,Success
2015-09-17T12:00:00.000000Z,c_gls_SWI_201509181200_GLOBE_ASCAT_V4.0.1_nc,ASCAT_SWI,10.2,Success
2015-02-25T12:00:00.000000Z,c_gls_SWI_201502261200_GLOBE_ASCAT_V4.0.1_nc,ASCAT_SWI,7.21,Success
2015-02-20T12:00:00.000000Z,c_gls_SWI_201502211200_GLOBE_ASCAT_V4.0.1_nc,ASCAT_SWI,7.24,Success
2015-04-01T12:00:00.000000Z,c_gls_SWI_201504021200_GLOBE_ASCAT_V4.0.1_nc,ASCAT_SWI,8.09,Success
2015-02-23T12:00:00.000000Z,c_gls_SWI_201502241200_GLOBE_ASCAT_V4.0.1_nc,ASCAT_SWI,7.22,Success
2015-06-06T12:00:00.000000Z,c_gls_SWI_201506071200_GLOBE_ASCAT_V4.0.1_nc,ASCAT_SWI,10.62,Success
2015-02-21T12:00:00.000000Z,c_gls_SWI_201502221200_GLOBE_ASCAT_V4.0.1_nc,ASCAT_SWI,7.25,Success
2015-05-29T12:00:00.000000Z,c_gls_SWI_201505301200_GLOBE_ASCAT_V4.0.1_nc,ASCAT_SWI,9.78,Success
2015-02-26T12:00:00.000000Z,c_gls_SWI_201502271200_GLOBE_ASCAT_V4.0.1_nc,ASCAT_SWI,7.2,Success
2015-03-19T12:00:00.000000Z,c_gls_SWI_201503201200_GLOBE_ASCAT_V4.0.1_nc,ASCAT_SWI,7.66,Success
2015-02-27T12:00:00.000000Z,c_gls_SWI_201502281200_GLOBE_ASCAT_V4.0.1_nc,ASCAT_SWI,7.18,Success
2015-02-28T12:00:00.000000Z,c_gls_SWI_201503011200_GLOBE_ASCAT_V4.0.1_nc,ASCAT_SWI,7.33,Success
2015-03-04T12:00:00.000000Z,c_gls_SWI_201503051200_GLOBE_ASCAT_V4.0.1_nc,ASCAT_SWI,7.48,Success
2015-10-11T12:00:00.000000Z,c_gls_SWI_201510121200_GLOBE_ASCAT_V4.0.1_nc,ASCAT_SWI,9.81,Success
2015-03-05T12:00:00.000000Z,c_gls_SWI_201503061200_GLOBE_ASCAT_V4.0.1_nc,ASCAT_SWI,7.47,Success
2015-04-09T12:00:00.000000Z,c_gls_SWI_201504101200_GLOBE_ASCAT_V4.0.1_nc,ASCAT_SWI,8.06,Success
2015-03-03T12:00:00.000000Z,c_gls_SWI_201503041200_GLOBE_ASCAT_V4.0.1_nc,ASCAT_SWI,7.5,Success
2015-03-06T12:00:00.000000Z,c_gls_SWI_201503071200_GLOBE_ASCAT_V4.0.1_nc,ASCAT_SWI,7.46,Success
2015-03-08T12:00:00.000000Z,c_gls_SWI_201503091200_GLOBE_ASCAT_V4.0.1_nc,ASCAT_SWI,7.45,Success
2015-03-09T12:00:00.000000Z,c_gls_SWI_201503101200_GLOBE_ASCAT_V4.0.1_nc,ASCAT_SWI,7.46,Success
2015-03-07T12:00:00.000000Z,c_gls_SWI_201503081200_GLOBE_ASCAT_V4.0.1_nc,ASCAT_SWI,7.43,Success
2015-03-10T12:00:00.000000Z,c_gls_SWI_201503111200_GLOBE_ASCAT_V4.0.1_nc,ASCAT_SWI,7.51,Success
2015-04-12T12:00:00.000000Z,c_gls_SWI_201504131200_GLOBE_ASCAT_V4.0.1_nc,ASCAT_SWI,8.15,Success
2015-05-06T12:00:00.000000Z,c_gls_SWI_201505071200_GLOBE_ASCAT_V4.0.1_nc,ASCAT_SWI,9.11,Success
2015-03-11T12:00:00.000000Z,c_gls_SWI_201503121200_GLOBE_ASCAT_V4.0.1_nc,ASCAT_SWI,7.55,Success
2015-03-14T12:00:00.000000Z,c_gls_SWI_201503151200_GLOBE_ASCAT_V4.0.1_nc,ASCAT_SWI,7.64,Success
2015-03-17T12:00:00.000000Z,c_gls_SWI_201503181200_GLOBE_ASCAT_V4.0.1_nc,ASCAT_SWI,7.68,Success
2015-03-15T12:00:00.000000Z,c_gls_SWI_201503161200_GLOBE_ASCAT_V4.0.1_nc,ASCAT_SWI,7.67,Success
2015-03-21T12:00:00.000000Z,c_gls_SWI_201503221200_GLOBE_ASCAT_V4.0.1_nc,ASCAT_SWI,7.65,Success
2015-03-20T12:00:00.000000Z,c_gls_SWI_201503211200_GLOBE_ASCAT_V4.0.1_nc,ASCAT_SWI,7.65,Success
2015-03-18T12:00:00.000000Z,c_gls_SWI_201503191200_GLOBE_ASCAT_V4.0.1_nc,ASCAT_SWI,7.67,Success
2015-03-22T12:00:00.000000Z,c_gls_SWI_201503231200_GLOBE_ASCAT_V4.0.1_nc,ASCAT_SWI,7.65,Success
2015-03-23T12:00:00.000000Z,c_gls_SWI_201503241200_GLOBE_ASCAT_V4.0.1_nc,ASCAT_SWI,7.66,Success
2015-04-16T12:00:00.000000Z,c_gls_SWI_201504171200_GLOBE_ASCAT_V4.0.1_nc,ASCAT_SWI,8.25,Success
2015-06-20T12:00:00.000000Z,c_gls_SWI_201506211200_GLOBE_ASCAT_V4.0.1_nc,ASCAT_SWI,10.67,Success
2015-10-13T12:00:00.000000Z,c_gls_SWI_201510141200_GLOBE_ASCAT_V4.0.1_nc,ASCAT_SWI,9.69,Success
2015-03-28T12:00:00.000000Z,c_gls_SWI_201503291200_GLOBE_ASCAT_V4.0.1_nc,ASCAT_SWI,7.74,Success
2015-08-07T12:00:00.000000Z,c_gls_SWI_201508081200_GLOBE_ASCAT_V4.0.1_nc,ASCAT_SWI,10.32,Success
2015-03-27T12:00:00.000000Z,c_gls_SWI_201503281200_GLOBE_ASCAT_V4.0.1_nc,ASCAT_SWI,7.75,Success
2015-11-01T12:00:00.000000Z,c_gls_SWI_201511021200_GLOBE_ASCAT_V4.0.1_nc,ASCAT_SWI,9.33,Success
2015-03-25T12:00:00.000000Z,c_gls_SWI_201503261200_GLOBE_ASCAT_V4.0.1_nc,ASCAT_SWI,7.7,Success
2015-10-03T12:00:00.000000Z,c_gls_SWI_201510041200_GLOBE_ASCAT_V4.0.1_nc,ASCAT_SWI,10.17,Success
2015-11-13T12:00:00.000000Z,c_gls_SWI_201511141200_GLOBE_ASCAT_V4.0.1_nc,ASCAT_SWI,8.73,Success
2015-03-30T12:00:00.000000Z,c_gls_SWI_201503311200_GLOBE_ASCAT_V4.0.1_nc,ASCAT_SWI,7.72,Success
2015-05-23T12:00:00.000000Z,c_gls_SWI_201505241200_GLOBE_ASCAT_V4.0.1_nc,ASCAT_SWI,9.6,Success
2015-03-29T12:00:00.000000Z,c_gls_SWI_201503301200_GLOBE_ASCAT_V4.0.1_nc,ASCAT_SWI,7.73,Success
2015-08-12T12:00:00.000000Z,c_gls_SWI_201508131200_GLOBE_ASCAT_V4.0.1_nc,ASCAT_SWI,10.2,Success
2015-05-30T12:00:00.000000Z,c_gls_SWI_201505311200_GLOBE_ASCAT_V4.0.1_nc,ASCAT_SWI,9.78,Success
2015-05-07T12:00:00.000000Z,c_gls_SWI_201505081200_GLOBE_ASCAT_V4.0.1_nc,ASCAT_SWI,9.1,Success
2015-04-06T12:00:00.000000Z,c_gls_SWI_201504071200_GLOBE_ASCAT_V4.0.1_nc,ASCAT_SWI,8.07,Success
2015-07-20T12:00:00.000000Z,c_gls_SWI_201507211200_GLOBE_ASCAT_V4.0.1_nc,ASCAT_SWI,10.24,Success
2015-11-11T12:00:00.000000Z,c_gls_SWI_201511121200_GLOBE_ASCAT_V4.0.1_nc,ASCAT_SWI,8.82,Success
2015-04-04T12:00:00.000000Z,c_gls_SWI_201504051200_GLOBE_ASCAT_V4.0.1_nc,ASCAT_SWI,8.09,Success
2015-04-02T12:00:00.000000Z,c_gls_SWI_201504031200_GLOBE_ASCAT_V4.0.1_nc,ASCAT_SWI,8.12,Success
2015-04-08T12:00:00.000000Z,c_gls_SWI_201504091200_GLOBE_ASCAT_V4.0.1_nc,ASCAT_SWI,8.08,Success
2015-04-03T12:00:00.000000Z,c_gls_SWI_201504041200_GLOBE_ASCAT_V4.0.1_nc,ASCAT_SWI,8.14,Success
2015-04-10T12:00:00.000000Z,c_gls_SWI_201504111200_GLOBE_ASCAT_V4.0.1_nc,ASCAT_SWI,8.09,Success
2015-09-07T12:00:00.000000Z,c_gls_SWI_201509081200_GLOBE_ASCAT_V4.0.1_nc,ASCAT_SWI,10.36,Success
2015-04-05T12:00:00.000000Z,c_gls_SWI_201504061200_GLOBE_ASCAT_V4.0.1_nc,ASCAT_SWI,8.09,Success
2015-04-07T12:00:00.000000Z,c_gls_SWI_201504081200_GLOBE_ASCAT_V4.0.1_nc,ASCAT_SWI,8.06,Success
2015-04-11T12:00:00.000000Z,c_gls_SWI_201504121200_GLOBE_ASCAT_V4.0.1_nc,ASCAT_SWI,8.13,Success
2015-04-13T12:00:00.000000Z,c_gls_SWI_201504141200_GLOBE_ASCAT_V4.0.1_nc,ASCAT_SWI,8.18,Success
2015-04-22T12:00:00.000000Z,c_gls_SWI_201504231200_GLOBE_ASCAT_V4.0.1_nc,ASCAT_SWI,8.33,Success
2015-04-17T12:00:00.000000Z,c_gls_SWI_201504181200_GLOBE_ASCAT_V4.0.1_nc,ASCAT_SWI,8.26,Success
2015-04-23T12:00:00.000000Z,c_gls_SWI_201504241200_GLOBE_ASCAT_V4.0.1_nc,ASCAT_SWI,8.34,Success
2015-04-15T12:00:00.000000Z,c_gls_SWI_201504161200_GLOBE_ASCAT_V4.0.1_nc,ASCAT_SWI,8.23,Success
2015-04-14T12:00:00.000000Z,c_gls_SWI_201504151200_GLOBE_ASCAT_V4.0.1_nc,ASCAT_SWI,8.2,Success
2015-04-26T12:00:00.000000Z,c_gls_SWI_201504271200_GLOBE_ASCAT_V4.0.1_nc,ASCAT_SWI,8.37,Success
2015-04-18T12:00:00.000000Z,c_gls_SWI_201504191200_GLOBE_ASCAT_V4.0.1_nc,ASCAT_SWI,8.27,Success
2015-04-19T12:00:00.000000Z,c_gls_SWI_201504201200_GLOBE_ASCAT_V4.0.1_nc,ASCAT_SWI,8.3,Success
2015-04-24T12:00:00.000000Z,c_gls_SWI_201504251200_GLOBE_ASCAT_V4.0.1_nc,ASCAT_SWI,8.35,Success
2015-06-26T12:00:00.000000Z,c_gls_SWI_201506271200_GLOBE_ASCAT_V4.0.1_nc,ASCAT_SWI,10.58,Success
2015-07-11T12:00:00.000000Z,c_gls_SWI_201507121200_GLOBE_ASCAT_V4.0.1_nc,ASCAT_SWI,10.48,Success
2015-04-25T12:00:00.000000Z,c_gls_SWI_201504261200_GLOBE_ASCAT_V4.0.1_nc,ASCAT_SWI,8.37,Success
2015-04-28T12:00:00.000000Z,c_gls_SWI_201504291200_GLOBE_ASCAT_V4.0.1_nc,ASCAT_SWI,8.44,Success
2015-04-27T12:00:00.000000Z,c_gls_SWI_201504281200_GLOBE_ASCAT_V4.0.1_nc,ASCAT_SWI,8.42,Success
2015-06-17T12:00:00.000000Z,c_gls_SWI_201506181200_GLOBE_ASCAT_V4.0.1_nc,ASCAT_SWI,10.73,Success
2015-07-28T12:00:00.000000Z,c_gls_SWI_201507291200_GLOBE_ASCAT_V4.0.1_nc,ASCAT_SWI,10.13,Success
2015-04-30T12:00:00.000000Z,c_gls_SWI_201505011200_GLOBE_ASCAT_V4.0.1_nc,ASCAT_SWI,8.87,Success
2015-04-29T12:00:00.000000Z,c_gls_SWI_201504301200_GLOBE_ASCAT_V4.0.1_nc,ASCAT_SWI,8.47,Success
2015-07-13T12:00:00.000000Z,c_gls_SWI_201507141200_GLOBE_ASCAT_V4.0.1_nc,ASCAT_SWI,10.41,Success
2015-05-01T12:00:00.000000Z,c_gls_SWI_201505021200_GLOBE_ASCAT_V4.0.1_nc,ASCAT_SWI,9.02,Success
2015-05-02T12:00:00.000000Z,c_gls_SWI_201505031200_GLOBE_ASCAT_V4.0.1_nc,ASCAT_SWI,9.09,Success
2015-05-21T12:00:00.000000Z,c_gls_SWI_201505221200_GLOBE_ASCAT_V4.0.1_nc,ASCAT_SWI,9.52,Success
2015-05-09T12:00:00.000000Z,c_gls_SWI_201505101200_GLOBE_ASCAT_V4.0.1_nc,ASCAT_SWI,9.11,Success
2015-05-13T12:00:00.000000Z,c_gls_SWI_201505141200_GLOBE_ASCAT_V4.0.1_nc,ASCAT_SWI,9.24,Success
2015-07-16T12:00:00.000000Z,c_gls_SWI_201507171200_GLOBE_ASCAT_V4.0.1_nc,ASCAT_SWI,10.34,Success
2015-05-11T12:00:00.000000Z,c_gls_SWI_201505121200_GLOBE_ASCAT_V4.0.1_nc,ASCAT_SWI,9.17,Success
2015-08-14T12:00:00.000000Z,c_gls_SWI_201508151200_GLOBE_ASCAT_V4.0.1_nc,ASCAT_SWI,10.18,Success
2015-05-04T12:00:00.000000Z,c_gls_SWI_201505051200_GLOBE_ASCAT_V4.0.1_nc,ASCAT_SWI,9.1,Success
2015-05-05T12:00:00.000000Z,c_gls_SWI_201505061200_GLOBE_ASCAT_V4.0.1_nc,ASCAT_SWI,9.12,Success
2015-05-10T12:00:00.000000Z,c_gls_SWI_201505111200_GLOBE_ASCAT_V4.0.1_nc,ASCAT_SWI,9.14,Success
2015-05-12T12:00:00.000000Z,c_gls_SWI_201505131200_GLOBE_ASCAT_V4.0.1_nc,ASCAT_SWI,9.2,Success
2015-05-08T12:00:00.000000Z,c_gls_SWI_201505091200_GLOBE_ASCAT_V4.0.1_nc,ASCAT_SWI,9.1,Success
2015-05-14T12:00:00.000000Z,c_gls_SWI_201505151200_GLOBE_ASCAT_V4.0.1_nc,ASCAT_SWI,9.3,Success
2015-10-06T12:00:00.000000Z,c_gls_SWI_201510071200_GLOBE_ASCAT_V4.0.1_nc,ASCAT_SWI,10.08,Success
2015-10-15T12:00:00.000000Z,c_gls_SWI_201510161200_GLOBE_ASCAT_V4.0.1_nc,ASCAT_SWI,9.68,Success
2015-10-26T12:00:00.000000Z,c_gls_SWI_201510271200_GLOBE_ASCAT_V4.0.1_nc,ASCAT_SWI,9.14,Success
2015-05-19T12:00:00.000000Z,c_gls_SWI_201505201200_GLOBE_ASCAT_V4.0.1_nc,ASCAT_SWI,9.46,Success
2015-05-16T12:00:00.000000Z,c_gls_SWI_201505171200_GLOBE_ASCAT_V4.0.1_nc,ASCAT_SWI,9.38,Success
2015-05-17T12:00:00.000000Z,c_gls_SWI_201505181200_GLOBE_ASCAT_V4.0.1_nc,ASCAT_SWI,9.4,Success
2015-09-29T12:00:00.000000Z,c_gls_SWI_201509301200_GLOBE_ASCAT_V4.0.1_nc,ASCAT_SWI,9.81,Success
2015-05-20T12:00:00.000000Z,c_gls_SWI_201505211200_GLOBE_ASCAT_V4.0.1_nc,ASCAT_SWI,9.47,Success
2015-07-26T12:00:00.000000Z,c_gls_SWI_201507271200_GLOBE_ASCAT_V4.0.1_nc,ASCAT_SWI,10.14,Success
2015-05-22T12:00:00.000000Z,c_gls_SWI_201505231200_GLOBE_ASCAT_V4.0.1_nc,ASCAT_SWI,9.56,Success
2015-05-27T12:00:00.000000Z,c_gls_SWI_201505281200_GLOBE_ASCAT_V4.0.1_nc,ASCAT_SWI,9.73,Success
2015-05-24T12:00:00.000000Z,c_gls_SWI_201505251200_GLOBE_ASCAT_V4.0.1_nc,ASCAT_SWI,9.64,Success
2015-05-26T12:00:00.000000Z,c_gls_SWI_201505271200_GLOBE_ASCAT_V4.0.1_nc,ASCAT_SWI,9.7,Success
2015-06-01T12:00:00.000000Z,c_gls_SWI_201506021200_GLOBE_ASCAT_V4.0.1_nc,ASCAT_SWI,10.38,Success
2015-05-28T12:00:00.000000Z,c_gls_SWI_201505291200_GLOBE_ASCAT_V4.0.1_nc,ASCAT_SWI,9.76,Success
2015-05-31T12:00:00.000000Z,c_gls_SWI_201506011200_GLOBE_ASCAT_V4.0.1_nc,ASCAT_SWI,10.16,Success
2015-06-02T12:00:00.000000Z,c_gls_SWI_201506031200_GLOBE_ASCAT_V4.0.1_nc,ASCAT_SWI,10.47,Success
2015-06-05T12:00:00.000000Z,c_gls_SWI_201506061200_GLOBE_ASCAT_V4.0.1_nc,ASCAT_SWI,10.6,Success
2015-07-17T12:00:00.000000Z,c_gls_SWI_201507181200_GLOBE_ASCAT_V4.0.1_nc,ASCAT_SWI,10.32,Success
2015-06-03T12:00:00.000000Z,c_gls_SWI_201506041200_GLOBE_ASCAT_V4.0.1_nc,ASCAT_SWI,10.52,Success
2015-07-30T12:00:00.000000Z,c_gls_SWI_201507311200_GLOBE_ASCAT_V4.0.1_nc,ASCAT_SWI,10.08,Success
2015-06-08T12:00:00.000000Z,c_gls_SWI_201506091200_GLOBE_ASCAT_V4.0.1_nc,ASCAT_SWI,10.68,Success
2015-10-21T12:00:00.000000Z,c_gls_SWI_201510221200_GLOBE_ASCAT_V4.0.1_nc,ASCAT_SWI,9.4,Success
2015-06-14T12:00:00.000000Z,c_gls_SWI_201506151200_GLOBE_ASCAT_V4.0.1_nc,ASCAT_SWI,10.68,Success
2015-06-13T12:00:00.000000Z,c_gls_SWI_201506141200_GLOBE_ASCAT_V4.0.1_nc,ASCAT_SWI,10.69,Success
2015-06-10T12:00:00.000000Z,c_gls_SWI_201506111200_GLOBE_ASCAT_V4.0.1_nc,ASCAT_SWI,10.71,Success
2015-06-11T12:00:00.000000Z,c_gls_SWI_201506121200_GLOBE_ASCAT_V4.0.1_nc,ASCAT_SWI,10.71,Success
2015-06-09T12:00:00.000000Z,c_gls_SWI_201506101200_GLOBE_ASCAT_V4.0.1_nc,ASCAT_SWI,10.7,Success
2015-07-07T12:00:00.000000Z,c_gls_SWI_201507081200_GLOBE_ASCAT_V4.0.1_nc,ASCAT_SWI,10.72,Success
2015-06-15T12:00:00.000000Z,c_gls_SWI_201506161200_GLOBE_ASCAT_V4.0.1_nc,ASCAT_SWI,10.71,Success
2015-10-02T12:00:00.000000Z,c_gls_SWI_201510031200_GLOBE_ASCAT_V4.0.1_nc,ASCAT_SWI,10.18,Success
2015-06-12T12:00:00.000000Z,c_gls_SWI_201506131200_GLOBE_ASCAT_V4.0.1_nc,ASCAT_SWI,10.7,Success
2015-08-08T12:00:00.000000Z,c_gls_SWI_201508091200_GLOBE_ASCAT_V4.0.1_nc,ASCAT_SWI,10.31,Success
2015-06-16T12:00:00.000000Z,c_gls_SWI_201506171200_GLOBE_ASCAT_V4.0.1_nc,ASCAT_SWI,10.73,Success
2015-06-19T12:00:00.000000Z,c_gls_SWI_201506201200_GLOBE_ASCAT_V4.0.1_nc,ASCAT_SWI,10.71,Success
2015-06-21T12:00:00.000000Z,c_gls_SWI_201506221200_GLOBE_ASCAT_V4.0.1_nc,ASCAT_SWI,10.68,Success
2015-06-18T12:00:00.000000Z,c_gls_SWI_201506191200_GLOBE_ASCAT_V4.0.1_nc,ASCAT_SWI,10.72,Success
2015-10-14T12:00:00.000000Z,c_gls_SWI_201510151200_GLOBE_ASCAT_V4.0.1_nc,ASCAT_SWI,9.68,Success
2015-06-22T12:00:00.000000Z,c_gls_SWI_201506231200_GLOBE_ASCAT_V4.0.1_nc,ASCAT_SWI,10.65,Success
2015-06-23T12:00:00.000000Z,c_gls_SWI_201506241200_GLOBE_ASCAT_V4.0.1_nc,ASCAT_SWI,10.63,Success
2015-09-24T12:00:00.000000Z,c_gls_SWI_201509251200_GLOBE_ASCAT_V4.0.1_nc,ASCAT_SWI,10.0,Success
2015-06-24T12:00:00.000000Z,c_gls_SWI_201506251200_GLOBE_ASCAT_V4.0.1_nc,ASCAT_SWI,10.61,Success
2015-07-01T12:00:00.000000Z,c_gls_SWI_201507021200_GLOBE_ASCAT_V4.0.1_nc,ASCAT_SWI,10.92,Success
2015-06-30T12:00:00.000000Z,c_gls_SWI_201507011200_GLOBE_ASCAT_V4.0.1_nc,ASCAT_SWI,10.78,Success
2015-06-28T12:00:00.000000Z,c_gls_SWI_201506291200_GLOBE_ASCAT_V4.0.1_nc,ASCAT_SWI,10.56,Success
2015-06-27T12:00:00.000000Z,c_gls_SWI_201506281200_GLOBE_ASCAT_V4.0.1_nc,ASCAT_SWI,10.56,Success
2015-07-02T12:00:00.000000Z,c_gls_SWI_201507031200_GLOBE_ASCAT_V4.0.1_nc,ASCAT_SWI,10.94,Success
2015-07-05T12:00:00.000000Z,c_gls_SWI_201507061200_GLOBE_ASCAT_V4.0.1_nc,ASCAT_SWI,10.84,Success
2015-07-04T12:00:00.000000Z,c_gls_SWI_201507051200_GLOBE_ASCAT_V4.0.1_nc,ASCAT_SWI,10.88,Success
2015-07-10T12:00:00.000000Z,c_gls_SWI_201507111200_GLOBE_ASCAT_V4.0.1_nc,ASCAT_SWI,10.53,Success
2015-11-08T12:00:00.000000Z,c_gls_SWI_201511091200_GLOBE_ASCAT_V4.0.1_nc,ASCAT_SWI,9.02,Success
2015-07-08T12:00:00.000000Z,c_gls_SWI_201507091200_GLOBE_ASCAT_V4.0.1_nc,ASCAT_SWI,10.64,Success
2015-07-09T12:00:00.000000Z,c_gls_SWI_201507101200_GLOBE_ASCAT_V4.0.1_nc,ASCAT_SWI,10.59,Success
2015-07-15T12:00:00.000000Z,c_gls_SWI_201507161200_GLOBE_ASCAT_V4.0.1_nc,ASCAT_SWI,10.37,Success
2015-09-30T12:00:00.000000Z,c_gls_SWI_201510011200_GLOBE_ASCAT_V4.0.1_nc,ASCAT_SWI,10.01,Success
2015-07-14T12:00:00.000000Z,c_gls_SWI_201507151200_GLOBE_ASCAT_V4.0.1_nc,ASCAT_SWI,10.4,Success
2015-08-29T12:00:00.000000Z,c_gls_SWI_201508301200_GLOBE_ASCAT_V4.0.1_nc,ASCAT_SWI,10.0,Success
2015-07-18T12:00:00.000000Z,c_gls_SWI_201507191200_GLOBE_ASCAT_V4.0.1_nc,ASCAT_SWI,10.32,Success
2015-09-19T12:00:00.000000Z,c_gls_SWI_201509201200_GLOBE_ASCAT_V4.0.1_nc,ASCAT_SWI,10.15,Success
2015-07-19T12:00:00.000000Z,c_gls_SWI_201507201200_GLOBE_ASCAT_V4.0.1_nc,ASCAT_SWI,10.29,Success
2015-07-23T12:00:00.000000Z,c_gls_SWI_201507241200_GLOBE_ASCAT_V4.0.1_nc,ASCAT_SWI,10.19,Success
2015-07-25T12:00:00.000000Z,c_gls_SWI_201507261200_GLOBE_ASCAT_V4.0.1_nc,ASCAT_SWI,10.16,Success
2015-11-14T12:00:00.000000Z,c_gls_SWI_201511151200_GLOBE_ASCAT_V4.0.1_nc,ASCAT_SWI,8.7,Success
2015-10-30T12:00:00.000000Z,c_gls_SWI_201510311200_GLOBE_ASCAT_V4.0.1_nc,ASCAT_SWI,8.99,Success
2015-08-11T12:00:00.000000Z,c_gls_SWI_201508121200_GLOBE_ASCAT_V4.0.1_nc,ASCAT_SWI,10.22,Success
2015-07-27T12:00:00.000000Z,c_gls_SWI_201507281200_GLOBE_ASCAT_V4.0.1_nc,ASCAT_SWI,10.14,Success
2015-08-02T12:00:00.000000Z,c_gls_SWI_201508031200_GLOBE_ASCAT_V4.0.1_nc,ASCAT_SWI,10.43,Success
2015-08-06T12:00:00.000000Z,c_gls_SWI_201508071200_GLOBE_ASCAT_V4.0.1_nc,ASCAT_SWI,10.33,Success
2015-07-29T12:00:00.000000Z,c_gls_SWI_201507301200_GLOBE_ASCAT_V4.0.1_nc,ASCAT_SWI,10.09,Success
2015-08-04T12:00:00.000000Z,c_gls_SWI_201508051200_GLOBE_ASCAT_V4.0.1_nc,ASCAT_SWI,10.39,Success
2015-08-01T12:00:00.000000Z,c_gls_SWI_201508021200_GLOBE_ASCAT_V4.0.1_nc,ASCAT_SWI,10.4,Success
2015-10-23T12:00:00.000000Z,c_gls_SWI_201510241200_GLOBE_ASCAT_V4.0.1_nc,ASCAT_SWI,9.31,Success
2015-08-03T12:00:00.000000Z,c_gls_SWI_201508041200_GLOBE_ASCAT_V4.0.1_nc,ASCAT_SWI,10.42,Success
2015-08-05T12:00:00.000000Z,c_gls_SWI_201508061200_GLOBE_ASCAT_V4.0.1_nc,ASCAT_SWI,10.37,Success
2015-10-27T12:00:00.000000Z,c_gls_SWI_201510281200_GLOBE_ASCAT_V4.0.1_nc,ASCAT_SWI,9.09,Success
2015-08-09T12:00:00.000000Z,c_gls_SWI_201508101200_GLOBE_ASCAT_V4.0.1_nc,ASCAT_SWI,10.26,Success
2015-08-10T12:00:00.000000Z,c_gls_SWI_201508111200_GLOBE_ASCAT_V4.0.1_nc,ASCAT_SWI,10.25,Success
2015-08-26T12:00:00.000000Z,c_gls_SWI_201508271200_GLOBE_ASCAT_V4.0.1_nc,ASCAT_SWI,10.05,Success
2015-08-15T12:00:00.000000Z,c_gls_SWI_201508161200_GLOBE_ASCAT_V4.0.1_nc,ASCAT_SWI,10.16,Success
2015-08-13T12:00:00.000000Z,c_gls_SWI_201508141200_GLOBE_ASCAT_V4.0.1_nc,ASCAT_SWI,10.19,Success
2015-08-18T12:00:00.000000Z,c_gls_SWI_201508191200_GLOBE_ASCAT_V4.0.1_nc,ASCAT_SWI,10.16,Success
2015-08-21T12:00:00.000000Z,c_gls_SWI_201508221200_GLOBE_ASCAT_V4.0.1_nc,ASCAT_SWI,10.1,Success
2015-08-16T12:00:00.000000Z,c_gls_SWI_201508171200_GLOBE_ASCAT_V4.0.1_nc,ASCAT_SWI,10.15,Success
2015-08-20T12:00:00.000000Z,c_gls_SWI_201508211200_GLOBE_ASCAT_V4.0.1_nc,ASCAT_SWI,10.13,Success
2015-08-17T12:00:00.000000Z,c_gls_SWI_201508181200_GLOBE_ASCAT_V4.0.1_nc,ASCAT_SWI,10.14,Success
2015-08-22T12:00:00.000000Z,c_gls_SWI_201508231200_GLOBE_ASCAT_V4.0.1_nc,ASCAT_SWI,10.09,Success
2015-08-24T12:00:00.000000Z,c_gls_SWI_201508251200_GLOBE_ASCAT_V4.0.1_nc,ASCAT_SWI,10.06,Success
2015-08-23T12:00:00.000000Z,c_gls_SWI_201508241200_GLOBE_ASCAT_V4.0.1_nc,ASCAT_SWI,10.08,Success
2015-08-25T12:00:00.000000Z,c_gls_SWI_201508261200_GLOBE_ASCAT_V4.0.1_nc,ASCAT_SWI,10.05,Success
2015-08-31T12:00:00.000000Z,c_gls_SWI_201509011200_GLOBE_ASCAT_V4.0.1_nc,ASCAT_SWI,10.24,Success
2015-09-12T12:00:00.000000Z,c_gls_SWI_201509131200_GLOBE_ASCAT_V4.0.1_nc,ASCAT_SWI,10.24,Success
2015-08-27T12:00:00.000000Z,c_gls_SWI_201508281200_GLOBE_ASCAT_V4.0.1_nc,ASCAT_SWI,10.02,Success
2015-08-28T12:00:00.000000Z,c_gls_SWI_201508291200_GLOBE_ASCAT_V4.0.1_nc,ASCAT_SWI,10.01,Success
2015-08-30T12:00:00.000000Z,c_gls_SWI_201508311200_GLOBE_ASCAT_V4.0.1_nc,ASCAT_SWI,10.01,Success
2015-09-02T12:00:00.000000Z,c_gls_SWI_201509031200_GLOBE_ASCAT_V4.0.1_nc,ASCAT_SWI,10.38,Success
2015-09-01T12:00:00.000000Z,c_gls_SWI_201509021200_GLOBE_ASCAT_V4.0.1_nc,ASCAT_SWI,10.37,Success
2015-09-04T12:00:00.000000Z,c_gls_SWI_201509051200_GLOBE_ASCAT_V4.0.1_nc,ASCAT_SWI,10.36,Success
2015-09-03T12:00:00.000000Z,c_gls_SWI_201509041200_GLOBE_ASCAT_V4.0.1_nc,ASCAT_SWI,10.38,Success
2015-09-06T12:00:00.000000Z,c_gls_SWI_201509071200_GLOBE_ASCAT_V4.0.1_nc,ASCAT_SWI,10.36,Success
2015-09-09T12:00:00.000000Z,c_gls_SWI_201509101200_GLOBE_ASCAT_V4.0.1_nc,ASCAT_SWI,10.33,Success
2015-09-10T12:00:00.000000Z,c_gls_SWI_201509111200_GLOBE_ASCAT_V4.0.1_nc,ASCAT_SWI,10.29,Success
2015-09-11T12:00:00.000000Z,c_gls_SWI_201509121200_GLOBE_ASCAT_V4.0.1_nc,ASCAT_SWI,10.29,Success
2015-09-16T12:00:00.000000Z,c_gls_SWI_201509171200_GLOBE_ASCAT_V4.0.1_nc,ASCAT_SWI,10.22,Success
2015-09-14T12:00:00.000000Z,c_gls_SWI_201509151200_GLOBE_ASCAT_V4.0.1_nc,ASCAT_SWI,10.23,Success
2015-09-15T12:00:00.000000Z,c_gls_SWI_201509161200_GLOBE_ASCAT_V4.0.1_nc,ASCAT_SWI,10.23,Success
2015-09-13T12:00:00.000000Z,c_gls_SWI_201509141200_GLOBE_ASCAT_V4.0.1_nc,ASCAT_SWI,10.22,Success
2015-09-18T12:00:00.000000Z,c_gls_SWI_201509191200_GLOBE_ASCAT_V4.0.1_nc,ASCAT_SWI,10.17,Success
2015-09-20T12:00:00.000000Z,c_gls_SWI_201509211200_GLOBE_ASCAT_V4.0.1_nc,ASCAT_SWI,10.11,Success
2015-09-21T12:00:00.000000Z,c_gls_SWI_201509221200_GLOBE_ASCAT_V4.0.1_nc,ASCAT_SWI,10.09,Success
2015-09-23T12:00:00.000000Z,c_gls_SWI_201509241200_GLOBE_ASCAT_V4.0.1_nc,ASCAT_SWI,10.04,Success
2015-09-25T12:00:00.000000Z,c_gls_SWI_201509261200_GLOBE_ASCAT_V4.0.1_nc,ASCAT_SWI,9.96,Success
2015-11-03T12:00:00.000000Z,c_gls_SWI_201511041200_GLOBE_ASCAT_V4.0.1_nc,ASCAT_SWI,9.32,Success
2015-09-27T12:00:00.000000Z,c_gls_SWI_201509281200_GLOBE_ASCAT_V4.0.1_nc,ASCAT_SWI,9.88,Success
2015-09-26T12:00:00.000000Z,c_gls_SWI_201509271200_GLOBE_ASCAT_V4.0.1_nc,ASCAT_SWI,9.92,Success
2015-11-05T12:00:00.000000Z,c_gls_SWI_201511061200_GLOBE_ASCAT_V4.0.1_nc,ASCAT_SWI,9.27,Success
2015-10-01T12:00:00.000000Z,c_gls_SWI_201510021200_GLOBE_ASCAT_V4.0.1_nc,ASCAT_SWI,10.17,Success
2015-10-04T12:00:00.000000Z,c_gls_SWI_201510051200_GLOBE_ASCAT_V4.0.1_nc,ASCAT_SWI,10.14,Success
2015-10-05T12:00:00.000000Z,c_gls_SWI_201510061200_GLOBE_ASCAT_V4.0.1_nc,ASCAT_SWI,10.12,Success
2015-10-08T12:00:00.000000Z,c_gls_SWI_201510091200_GLOBE_ASCAT_V4.0.1_nc,ASCAT_SWI,9.98,Success
2015-10-07T12:00:00.000000Z,c_gls_SWI_201510081200_GLOBE_ASCAT_V4.0.1_nc,ASCAT_SWI,10.04,Success
2015-10-09T12:00:00.000000Z,c_gls_SWI_201510101200_GLOBE_ASCAT_V4.0.1_nc,ASCAT_SWI,9.93,Success
2015-10-10T12:00:00.000000Z,c_gls_SWI_201510111200_GLOBE_ASCAT_V4.0.1_nc,ASCAT_SWI,9.89,Success
2015-10-12T12:00:00.000000Z,c_gls_SWI_201510131200_GLOBE_ASCAT_V4.0.1_nc,ASCAT_SWI,9.75,Success
2015-10-20T12:00:00.000000Z,c_gls_SWI_201510211200_GLOBE_ASCAT_V4.0.1_nc,ASCAT_SWI,9.44,Success
2015-10-19T12:00:00.000000Z,c_gls_SWI_201510201200_GLOBE_ASCAT_V4.0.1_nc,ASCAT_SWI,9.51,Success
2015-10-17T12:00:00.000000Z,c_gls_SWI_201510181200_GLOBE_ASCAT_V4.0.1_nc,ASCAT_SWI,9.54,Success
2015-10-16T12:00:00.000000Z,c_gls_SWI_201510171200_GLOBE_ASCAT_V4.0.1_nc,ASCAT_SWI,9.6,Success
2015-10-22T12:00:00.000000Z,c_gls_SWI_201510231200_GLOBE_ASCAT_V4.0.1_nc,ASCAT_SWI,9.36,Success
2015-10-18T12:00:00.000000Z,c_gls_SWI_201510191200_GLOBE_ASCAT_V4.0.1_nc,ASCAT_SWI,9.54,Success
2015-10-25T12:00:00.000000Z,c_gls_SWI_201510261200_GLOBE_ASCAT_V4.0.1_nc,ASCAT_SWI,9.19,Success
2015-10-24T12:00:00.000000Z,c_gls_SWI_201510251200_GLOBE_ASCAT_V4.0.1_nc,ASCAT_SWI,9.24,Success
2015-11-04T12:00:00.000000Z,c_gls_SWI_201511051200_GLOBE_ASCAT_V4.0.1_nc,ASCAT_SWI,9.29,Success
2015-11-02T12:00:00.000000Z,c_gls_SWI_201511031200_GLOBE_ASCAT_V4.0.1_nc,ASCAT_SWI,9.34,Success
2015-10-31T12:00:00.000000Z,c_gls_SWI_201511011200_GLOBE_ASCAT_V4.0.1_nc,ASCAT_SWI,9.19,Success
2015-11-06T12:00:00.000000Z,c_gls_SWI_201511071200_GLOBE_ASCAT_V4.0.1_nc,ASCAT_SWI,9.19,Success
2015-11-07T12:00:00.000000Z,c_gls_SWI_201511081200_GLOBE_ASCAT_V4.0.1_nc,ASCAT_SWI,9.1,Success
2015-11-09T12:00:00.000000Z,c_gls_SWI_201511101200_GLOBE_ASCAT_V4.0.1_nc,ASCAT_SWI,8.94,Success
2015-11-12T12:00:00.000000Z,c_gls_SWI_201511131200_GLOBE_ASCAT_V4.0.1_nc,ASCAT_SWI,8.76,Success
2015-11-10T12:00:00.000000Z,c_gls_SWI_201511111200_GLOBE_ASCAT_V4.0.1_nc,ASCAT_SWI,8.88,Success
2015-11-18T12:00:00.000000Z,c_gls_SWI_201511191200_GLOBE_ASCAT_V4.0.1_nc,ASCAT_SWI,8.55,Success
2015-11-17T12:00:00.000000Z,c_gls_SWI_201511181200_GLOBE_ASCAT_V4.0.1_nc,ASCAT_SWI,8.6,Success
2015-11-15T12:00:00.000000Z,c_gls_SWI_201511161200_GLOBE_ASCAT_V4.0.1_nc,ASCAT_SWI,8.65,Success
2015-11-16T12:00:00.000000Z,c_gls_SWI_201511171200_GLOBE_ASCAT_V4.0.1_nc,ASCAT_SWI,8.63,Success
2015-11-20T12:00:00.000000Z,c_gls_SWI_201511211200_GLOBE_ASCAT_V4.0.1_nc,ASCAT_SWI,8.44,Success
2015-11-23T12:00:00.000000Z,c_gls_SWI_201511241200_GLOBE_ASCAT_V4.0.1_nc,ASCAT_SWI,8.34,Success
2015-11-24T12:00:00.000000Z,c_gls_SWI_201511251200_GLOBE_ASCAT_V4.0.1_nc,ASCAT_SWI,8.28,Success
2015-11-22T12:00:00.000000Z,c_gls_SWI_201511231200_GLOBE_ASCAT_V4.0.1_nc,ASCAT_SWI,8.37,Success
2015-11-21T12:00:00.000000Z,c_gls_SWI_201511221200_GLOBE_ASCAT_V4.0.1_nc,ASCAT_SWI,8.41,Success
2015-11-19T12:00:00.000000Z,c_gls_SWI_201511201200_GLOBE_ASCAT_V4.0.1_nc,ASCAT_SWI,8.51,Success
2015-11-25T12:00:00.000000Z,c_gls_SWI_201511261200_GLOBE_ASCAT_V4.0.1_nc,ASCAT_SWI,8.22,Success
2015-11-26T12:00:00.000000Z,c_gls_SWI_201511271200_GLOBE_ASCAT_V4.0.1_nc,ASCAT_SWI,8.18,Success
2015-11-27T12:00:00.000000Z,c_gls_SWI_201511281200_GLOBE_ASCAT_V4.0.1_nc,ASCAT_SWI,8.13,Success
2015-12-01T12:00:00.000000Z,c_gls_SWI_201512021200_GLOBE_ASCAT_V4.0.1_nc,ASCAT_SWI,8.31,Success
2015-11-28T12:00:00.000000Z,c_gls_SWI_201511291200_GLOBE_ASCAT_V4.0.1_nc,ASCAT_SWI,8.1,Success
2015-11-29T12:00:00.000000Z,c_gls_SWI_201511301200_GLOBE_ASCAT_V4.0.1_nc,ASCAT_SWI,8.03,Success
2015-11-30T12:00:00.000000Z,c_gls_SWI_201512011200_GLOBE_ASCAT_V4.0.1_nc,ASCAT_SWI,8.18,Success
2015-12-02T12:00:00.000000Z,c_gls_SWI_201512031200_GLOBE_ASCAT_V4.0.1_nc,ASCAT_SWI,8.31,Success
2015-12-03T12:00:00.000000Z,c_gls_SWI_201512041200_GLOBE_ASCAT_V4.0.1_nc,ASCAT_SWI,8.31,Success
2015-12-29T12:00:00.000000Z,c_gls_SWI_201512301200_GLOBE_ASCAT_V4.0.1_nc,ASCAT_SWI,7.57,Success
2015-12-04T12:00:00.000000Z,c_gls_SWI_201512051200_GLOBE_ASCAT_V4.0.1_nc,ASCAT_SWI,8.29,Success
2015-12-07T12:00:00.000000Z,c_gls_SWI_201512081200_GLOBE_ASCAT_V4.0.1_nc,ASCAT_SWI,8.2,Success
2015-12-06T12:00:00.000000Z,c_gls_SWI_201512071200_GLOBE_ASCAT_V4.0.1_nc,ASCAT_SWI,8.23,Success
2015-12-08T12:00:00.000000Z,c_gls_SWI_201512091200_GLOBE_ASCAT_V4.0.1_nc,ASCAT_SWI,8.18,Success
2015-12-05T12:00:00.000000Z,c_gls_SWI_201512061200_GLOBE_ASCAT_V4.0.1_nc,ASCAT_SWI,8.27,Success
2015-12-10T12:00:00.000000Z,c_gls_SWI_201512111200_GLOBE_ASCAT_V4.0.1_nc,ASCAT_SWI,8.13,Success
2015-12-09T12:00:00.000000Z,c_gls_SWI_201512101200_GLOBE_ASCAT_V4.0.1_nc,ASCAT_SWI,8.13,Success
2015-12-13T12:00:00.000000Z,c_gls_SWI_201512141200_GLOBE_ASCAT_V4.0.1_nc,ASCAT_SWI,8.01,Success
2015-12-11T12:00:00.000000Z,c_gls_SWI_201512121200_GLOBE_ASCAT_V4.0.1_nc,ASCAT_SWI,8.09,Success
2015-12-12T12:00:00.000000Z,c_gls_SWI_201512131200_GLOBE_ASCAT_V4.0.1_nc,ASCAT_SWI,8.05,Success
2015-12-18T12:00:00.000000Z,c_gls_SWI_201512191200_GLOBE_ASCAT_V4.0.1_nc,ASCAT_SWI,7.82,Success
2015-12-16T12:00:00.000000Z,c_gls_SWI_201512171200_GLOBE_ASCAT_V4.0.1_nc,ASCAT_SWI,7.89,Success
2015-12-17T12:00:00.000000Z,c_gls_SWI_201512181200_GLOBE_ASCAT_V4.0.1_nc,ASCAT_SWI,7.85,Success
2015-12-21T12:00:00.000000Z,c_gls_SWI_201512221200_GLOBE_ASCAT_V4.0.1_nc,ASCAT_SWI,7.76,Success
2015-12-15T12:00:00.000000Z,c_gls_SWI_201512161200_GLOBE_ASCAT_V4.0.1_nc,ASCAT_SWI,7.93,Success
2015-12-14T12:00:00.000000Z,c_gls_SWI_201512151200_GLOBE_ASCAT_V4.0.1_nc,ASCAT_SWI,7.96,Success
2015-12-19T12:00:00.000000Z,c_gls_SWI_201512201200_GLOBE_ASCAT_V4.0.1_nc,ASCAT_SWI,7.8,Success
2015-12-20T12:00:00.000000Z,c_gls_SWI_201512211200_GLOBE_ASCAT_V4.0.1_nc,ASCAT_SWI,7.77,Success
2015-12-23T12:00:00.000000Z,c_gls_SWI_201512241200_GLOBE_ASCAT_V4.0.1_nc,ASCAT_SWI,7.75,Success
2015-12-22T12:00:00.000000Z,c_gls_SWI_201512231200_GLOBE_ASCAT_V4.0.1_nc,ASCAT_SWI,7.76,Success
2015-12-25T12:00:00.000000Z,c_gls_SWI_201512261200_GLOBE_ASCAT_V4.0.1_nc,ASCAT_SWI,7.72,Success
2015-12-27T12:00:00.000000Z,c_gls_SWI_201512281200_GLOBE_ASCAT_V4.0.1_nc,ASCAT_SWI,7.65,Success
2015-12-24T12:00:00.000000Z,c_gls_SWI_201512251200_GLOBE_ASCAT_V4.0.1_nc,ASCAT_SWI,7.74,Success
2015-12-26T12:00:00.000000Z,c_gls_SWI_201512271200_GLOBE_ASCAT_V4.0.1_nc,ASCAT_SWI,7.67,Success
2015-12-30T12:00:00.000000Z,c_gls_SWI_201512311200_GLOBE_ASCAT_V4.0.1_nc,ASCAT_SWI,7.52,Success
2015-12-28T12:00:00.000000Z,c_gls_SWI_201512291200_GLOBE_ASCAT_V4.0.1_nc,ASCAT_SWI,7.62,Success
2015-12-31T12:00:00.000000Z,c_gls_SWI_201601011200_GLOBE_ASCAT_V4.0.1_nc,ASCAT_SWI,7.67,Success
2015-12-20T12:00:00.000000Z,c_gls_SWI_201512211200_GLOBE_ASCAT_V3.1.1_nc,ASCAT_SWI,9.06,Success
2015-12-01T12:00:00.000000Z,c_gls_SWI_201512021200_GLOBE_ASCAT_V3.1.1_nc,ASCAT_SWI,9.3,Success
2015-12-30T12:00:00.000000Z,c_gls_SWI_201512311200_GLOBE_ASCAT_V3.1.1_nc,ASCAT_SWI,8.91,Success
2015-06-21T12:00:00.000000Z,c_gls_SWI_201506221200_GLOBE_ASCAT_V3.1.1_nc,ASCAT_SWI,12.89,Success
2015-03-12T12:00:00.000000Z,c_gls_SWI_201503131200_GLOBE_ASCAT_V3.1.1_nc,ASCAT_SWI,10.73,Success
2015-12-04T12:00:00.000000Z,c_gls_SWI_201512051200_GLOBE_ASCAT_V3.1.1_nc,ASCAT_SWI,9.27,Success
2015-12-05T12:00:00.000000Z,c_gls_SWI_201512061200_GLOBE_ASCAT_V3.1.1_nc,ASCAT_SWI,9.26,Success
2015-12-21T12:00:00.000000Z,c_gls_SWI_201512221200_GLOBE_ASCAT_V3.1.1_nc,ASCAT_SWI,9.04,Success
2015-12-14T12:00:00.000000Z,c_gls_SWI_201512151200_GLOBE_ASCAT_V3.1.1_nc,ASCAT_SWI,9.14,Success
2015-11-09T12:00:00.000000Z,c_gls_SWI_201511101200_GLOBE_ASCAT_V3.1.1_nc,ASCAT_SWI,9.32,Success
2015-11-02T12:00:00.000000Z,c_gls_SWI_201511031200_GLOBE_ASCAT_V3.1.1_nc,ASCAT_SWI,9.3,Success
2015-12-24T12:00:00.000000Z,c_gls_SWI_201512251200_GLOBE_ASCAT_V3.1.1_nc,ASCAT_SWI,9.01,Success
2015-12-11T12:00:00.000000Z,c_gls_SWI_201512121200_GLOBE_ASCAT_V3.1.1_nc,ASCAT_SWI,9.18,Success
2015-11-06T12:00:00.000000Z,c_gls_SWI_201511071200_GLOBE_ASCAT_V3.1.1_nc,ASCAT_SWI,9.32,Success
2015-12-06T12:00:00.000000Z,c_gls_SWI_201512071200_GLOBE_ASCAT_V3.1.1_nc,ASCAT_SWI,9.24,Success
2015-12-17T12:00:00.000000Z,c_gls_SWI_201512181200_GLOBE_ASCAT_V3.1.1_nc,ASCAT_SWI,9.1,Success
2015-03-19T12:00:00.000000Z,c_gls_SWI_201503201200_GLOBE_ASCAT_V3.1.1_nc,ASCAT_SWI,10.85,Success
2015-10-01T12:00:00.000000Z,c_gls_SWI_201510021200_GLOBE_ASCAT_V3.1.1_nc,ASCAT_SWI,9.11,Success
2015-06-01T12:00:00.000000Z,c_gls_SWI_201506021200_GLOBE_ASCAT_V3.1.1_nc,ASCAT_SWI,13.03,Success
2015-04-13T12:00:00.000000Z,c_gls_SWI_201504141200_GLOBE_ASCAT_V3.1.1_nc,ASCAT_SWI,11.78,Success
2015-11-18T12:00:00.000000Z,c_gls_SWI_201511191200_GLOBE_ASCAT_V3.1.1_nc,ASCAT_SWI,9.33,Success
2015-11-11T12:00:00.000000Z,c_gls_SWI_201511121200_GLOBE_ASCAT_V3.1.1_nc,ASCAT_SWI,9.29,Success
2015-12-29T12:00:00.000000Z,c_gls_SWI_201512301200_GLOBE_ASCAT_V3.1.1_nc,ASCAT_SWI,8.94,Success
2015-10-23T12:00:00.000000Z,c_gls_SWI_201510241200_GLOBE_ASCAT_V3.1.1_nc,ASCAT_SWI,9.23,Success
2015-10-02T12:00:00.000000Z,c_gls_SWI_201510031200_GLOBE_ASCAT_V3.1.1_nc,ASCAT_SWI,9.11,Success
2015-10-19T12:00:00.000000Z,c_gls_SWI_201510201200_GLOBE_ASCAT_V3.1.1_nc,ASCAT_SWI,9.27,Success
2015-10-06T12:00:00.000000Z,c_gls_SWI_201510071200_GLOBE_ASCAT_V3.1.1_nc,ASCAT_SWI,9.13,Success
2015-10-26T12:00:00.000000Z,c_gls_SWI_201510271200_GLOBE_ASCAT_V3.1.1_nc,ASCAT_SWI,9.26,Success
2015-10-30T12:00:00.000000Z,c_gls_SWI_201510311200_GLOBE_ASCAT_V3.1.1_nc,ASCAT_SWI,9.39,Success
2015-10-07T12:00:00.000000Z,c_gls_SWI_201510081200_GLOBE_ASCAT_V3.1.1_nc,ASCAT_SWI,9.14,Success
2015-10-14T12:00:00.000000Z,c_gls_SWI_201510151200_GLOBE_ASCAT_V3.1.1_nc,ASCAT_SWI,9.26,Success
2015-11-07T12:00:00.000000Z,c_gls_SWI_201511081200_GLOBE_ASCAT_V3.1.1_nc,ASCAT_SWI,9.32,Success
2015-10-17T12:00:00.000000Z,c_gls_SWI_201510181200_GLOBE_ASCAT_V3.1.1_nc,ASCAT_SWI,9.25,Success
2015-12-22T12:00:00.000000Z,c_gls_SWI_201512231200_GLOBE_ASCAT_V3.1.1_nc,ASCAT_SWI,9.03,Success
2015-03-14T12:00:00.000000Z,c_gls_SWI_201503151200_GLOBE_ASCAT_V3.1.1_nc,ASCAT_SWI,10.76,Success
2015-11-29T12:00:00.000000Z,c_gls_SWI_201511301200_GLOBE_ASCAT_V3.1.1_nc,ASCAT_SWI,9.25,Success
2015-09-03T12:00:00.000000Z,c_gls_SWI_201509041200_GLOBE_ASCAT_V3.1.1_nc,ASCAT_SWI,9.04,Success
2015-09-25T12:00:00.000000Z,c_gls_SWI_201509261200_GLOBE_ASCAT_V3.1.1_nc,ASCAT_SWI,9.03,Success
2015-09-29T12:00:00.000000Z,c_gls_SWI_201509301200_GLOBE_ASCAT_V3.1.1_nc,ASCAT_SWI,9.08,Success
2015-09-19T12:00:00.000000Z,c_gls_SWI_201509201200_GLOBE_ASCAT_V3.1.1_nc,ASCAT_SWI,8.99,Success
2015-09-21T12:00:00.000000Z,c_gls_SWI_201509221200_GLOBE_ASCAT_V3.1.1_nc,ASCAT_SWI,9.0,Success
2015-09-13T12:00:00.000000Z,c_gls_SWI_201509141200_GLOBE_ASCAT_V3.1.1_nc,ASCAT_SWI,8.98,Success
2015-09-01T12:00:00.000000Z,c_gls_SWI_201509021200_GLOBE_ASCAT_V3.1.1_nc,ASCAT_SWI,9.07,Success
2015-09-16T12:00:00.000000Z,c_gls_SWI_201509171200_GLOBE_ASCAT_V3.1.1_nc,ASCAT_SWI,8.97,Success
2015-05-02T12:00:00.000000Z,c_gls_SWI_201505031200_GLOBE_ASCAT_V3.1.1_nc,ASCAT_SWI,12.39,Success
2015-01-21T12:00:00.000000Z,c_gls_SWI_201501221200_GLOBE_ASCAT_V3.1.1_nc,ASCAT_SWI,10.85,Success
2015-10-04T12:00:00.000000Z,c_gls_SWI_201510051200_GLOBE_ASCAT_V3.1.1_nc,ASCAT_SWI,9.11,Success
2015-02-14T12:00:00.000000Z,c_gls_SWI_201502151200_GLOBE_ASCAT_V3.1.1_nc,ASCAT_SWI,10.71,Success
2015-03-13T12:00:00.000000Z,c_gls_SWI_201503141200_GLOBE_ASCAT_V3.1.1_nc,ASCAT_SWI,10.74,Success
2015-03-10T12:00:00.000000Z,c_gls_SWI_201503111200_GLOBE_ASCAT_V3.1.1_nc,ASCAT_SWI,10.69,Success
2015-02-02T12:00:00.000000Z,c_gls_SWI_201502031200_GLOBE_ASCAT_V3.1.1_nc,ASCAT_SWI,10.75,Success
2015-05-29T12:00:00.000000Z,c_gls_SWI_201505301200_GLOBE_ASCAT_V3.1.1_nc,ASCAT_SWI,13.01,Success
2015-05-17T12:00:00.000000Z,c_gls_SWI_201505181200_GLOBE_ASCAT_V3.1.1_nc,ASCAT_SWI,12.84,Success
2015-01-23T12:00:00.000000Z,c_gls_SWI_201501241200_GLOBE_ASCAT_V3.1.1_nc,ASCAT_SWI,10.82,Success
2015-07-01T12:00:00.000000Z,c_gls_SWI_201507021200_GLOBE_ASCAT_V3.1.1_nc,ASCAT_SWI,12.71,Success
2015-10-15T12:00:00.000000Z,c_gls_SWI_201510161200_GLOBE_ASCAT_V3.1.1_nc,ASCAT_SWI,9.26,Success
2015-01-05T12:00:00.000000Z,c_gls_SWI_201501061200_GLOBE_ASCAT_V3.1.1_nc,ASCAT_SWI,11.09,Success
2015-02-17T12:00:00.000000Z,c_gls_SWI_201502181200_GLOBE_ASCAT_V3.1.1_nc,ASCAT_SWI,10.67,Success
2015-03-18T12:00:00.000000Z,c_gls_SWI_201503191200_GLOBE_ASCAT_V3.1.1_nc,ASCAT_SWI,10.84,Success
2015-03-23T12:00:00.000000Z,c_gls_SWI_201503241200_GLOBE_ASCAT_V3.1.1_nc,ASCAT_SWI,10.95,Success
2015-04-19T12:00:00.000000Z,c_gls_SWI_201504201200_GLOBE_ASCAT_V3.1.1_nc,ASCAT_SWI,12.01,Success
2015-12-16T12:00:00.000000Z,c_gls_SWI_201512171200_GLOBE_ASCAT_V3.1.1_nc,ASCAT_SWI,9.11,Success
2015-11-03T12:00:00.000000Z,c_gls_SWI_201511041200_GLOBE_ASCAT_V3.1.1_nc,ASCAT_SWI,9.31,Success
2015-03-28T12:00:00.000000Z,c_gls_SWI_201503291200_GLOBE_ASCAT_V3.1.1_nc,ASCAT_SWI,11.12,Success
2015-01-09T12:00:00.000000Z,c_gls_SWI_201501101200_GLOBE_ASCAT_V3.1.1_nc,ASCAT_SWI,10.98,Success
2015-07-29T12:00:00.000000Z,c_gls_SWI_201507301200_GLOBE_ASCAT_V3.1.1_nc,ASCAT_SWI,10.56,Success
2015-09-11T12:00:00.000000Z,c_gls_SWI_201509121200_GLOBE_ASCAT_V3.1.1_nc,ASCAT_SWI,8.99,Success
2015-12-19T12:00:00.000000Z,c_gls_SWI_201512201200_GLOBE_ASCAT_V3.1.1_nc,ASCAT_SWI,9.08,Success
2015-07-28T12:00:00.000000Z,c_gls_SWI_201507291200_GLOBE_ASCAT_V3.1.1_nc,ASCAT_SWI,10.72,Success
2015-09-30T12:00:00.000000Z,c_gls_SWI_201510011200_GLOBE_ASCAT_V3.1.1_nc,ASCAT_SWI,9.09,Success
2015-09-12T12:00:00.000000Z,c_gls_SWI_201509131200_GLOBE_ASCAT_V3.1.1_nc,ASCAT_SWI,8.99,Success
2015-01-12T12:00:00.000000Z,c_gls_SWI_201501131200_GLOBE_ASCAT_V3.1.1_nc,ASCAT_SWI,10.97,Success
2015-04-26T12:00:00.000000Z,c_gls_SWI_201504271200_GLOBE_ASCAT_V3.1.1_nc,ASCAT_SWI,12.26,Success
2015-07-26T12:00:00.000000Z,c_gls_SWI_201507271200_GLOBE_ASCAT_V3.1.1_nc,ASCAT_SWI,11.04,Success
2015-05-07T12:00:00.000000Z,c_gls_SWI_201505081200_GLOBE_ASCAT_V3.1.1_nc,ASCAT_SWI,12.59,Success
2015-04-03T12:00:00.000000Z,c_gls_SWI_201504041200_GLOBE_ASCAT_V3.1.1_nc,ASCAT_SWI,11.37,Success
2015-12-28T12:00:00.000000Z,c_gls_SWI_201512291200_GLOBE_ASCAT_V3.1.1_nc,ASCAT_SWI,8.95,Success
2015-11-28T12:00:00.000000Z,c_gls_SWI_201511291200_GLOBE_ASCAT_V3.1.1_nc,ASCAT_SWI,9.27,Success
2015-11-16T12:00:00.000000Z,c_gls_SWI_201511171200_GLOBE_ASCAT_V3.1.1_nc,ASCAT_SWI,9.31,Success
2015-09-05T12:00:00.000000Z,c_gls_SWI_201509061200_GLOBE_ASCAT_V3.1.1_nc,ASCAT_SWI,9.02,Success
2015-11-10T12:00:00.000000Z,c_gls_SWI_201511111200_GLOBE_ASCAT_V3.1.1_nc,ASCAT_SWI,9.3,Success
2015-07-10T12:00:00.000000Z,c_gls_SWI_201507111200_GLOBE_ASCAT_V3.1.1_nc,ASCAT_SWI,12.54,Success
2015-08-20T12:00:00.000000Z,c_gls_SWI_201508211200_GLOBE_ASCAT_V3.1.1_nc,ASCAT_SWI,9.28,Success
2015-06-30T12:00:00.000000Z,c_gls_SWI_201507011200_GLOBE_ASCAT_V3.1.1_nc,ASCAT_SWI,12.73,Success
2015-05-04T12:00:00.000000Z,c_gls_SWI_201505051200_GLOBE_ASCAT_V3.1.1_nc,ASCAT_SWI,12.51,Success
2015-07-24T12:00:00.000000Z,c_gls_SWI_201507251200_GLOBE_ASCAT_V3.1.1_nc,ASCAT_SWI,11.45,Success
2015-02-12T12:00:00.000000Z,c_gls_SWI_201502131200_GLOBE_ASCAT_V3.1.1_nc,ASCAT_SWI,10.74,Success
2015-08-26T12:00:00.000000Z,c_gls_SWI_201508271200_GLOBE_ASCAT_V3.1.1_nc,ASCAT_SWI,9.15,Success
2015-07-09T12:00:00.000000Z,c_gls_SWI_201507101200_GLOBE_ASCAT_V3.1.1_nc,ASCAT_SWI,12.56,Success
2015-07-27T12:00:00.000000Z,c_gls_SWI_201507281200_GLOBE_ASCAT_V3.1.1_nc,ASCAT_SWI,10.85,Success
2015-04-25T12:00:00.000000Z,c_gls_SWI_201504261200_GLOBE_ASCAT_V3.1.1_nc,ASCAT_SWI,12.22,Success
2015-08-23T12:00:00.000000Z,c_gls_SWI_201508241200_GLOBE_ASCAT_V3.1.1_nc,ASCAT_SWI,9.21,Success
2015-09-22T12:00:00.000000Z,c_gls_SWI_201509231200_GLOBE_ASCAT_V3.1.1_nc,ASCAT_SWI,9.0,Success
2015-11-24T12:00:00.000000Z,c_gls_SWI_201511251200_GLOBE_ASCAT_V3.1.1_nc,ASCAT_SWI,9.3,Success
2015-02-08T12:00:00.000000Z,c_gls_SWI_201502091200_GLOBE_ASCAT_V3.1.1_nc,ASCAT_SWI,10.72,Success
2015-02-27T12:00:00.000000Z,c_gls_SWI_201502281200_GLOBE_ASCAT_V3.1.1_nc,ASCAT_SWI,10.61,Success
2015-04-24T12:00:00.000000Z,c_gls_SWI_201504251200_GLOBE_ASCAT_V3.1.1_nc,ASCAT_SWI,12.17,Success
2015-03-04T12:00:00.000000Z,c_gls_SWI_201503051200_GLOBE_ASCAT_V3.1.1_nc,ASCAT_SWI,10.61,Success
2015-02-09T12:00:00.000000Z,c_gls_SWI_201502101200_GLOBE_ASCAT_V3.1.1_nc,ASCAT_SWI,10.72,Success
2015-03-11T12:00:00.000000Z,c_gls_SWI_201503121200_GLOBE_ASCAT_V3.1.1_nc,ASCAT_SWI,10.72,Success
2015-01-19T12:00:00.000000Z,c_gls_SWI_201501201200_GLOBE_ASCAT_V3.1.1_nc,ASCAT_SWI,10.88,Success
2015-06-12T12:00:00.000000Z,c_gls_SWI_201506131200_GLOBE_ASCAT_V3.1.1_nc,ASCAT_SWI,13.01,Success
2015-05-14T12:00:00.000000Z,c_gls_SWI_201505151200_GLOBE_ASCAT_V3.1.1_nc,ASCAT_SWI,12.76,Success
2015-07-06T12:00:00.000000Z,c_gls_SWI_201507071200_GLOBE_ASCAT_V3.1.1_nc,ASCAT_SWI,12.61,Success
2015-11-27T12:00:00.000000Z,c_gls_SWI_201511281200_GLOBE_ASCAT_V3.1.1_nc,ASCAT_SWI,9.27,Success
2015-10-20T12:00:00.000000Z,c_gls_SWI_201510211200_GLOBE_ASCAT_V3.1.1_nc,ASCAT_SWI,9.27,Success
2015-10-05T12:00:00.000000Z,c_gls_SWI_201510061200_GLOBE_ASCAT_V3.1.1_nc,ASCAT_SWI,9.12,Success
2015-09-17T12:00:00.000000Z,c_gls_SWI_201509181200_GLOBE_ASCAT_V3.1.1_nc,ASCAT_SWI,8.98,Success
2015-02-25T12:00:00.000000Z,c_gls_SWI_201502261200_GLOBE_ASCAT_V3.1.1_nc,ASCAT_SWI,10.64,Success
2015-03-09T12:00:00.000000Z,c_gls_SWI_201503101200_GLOBE_ASCAT_V3.1.1_nc,ASCAT_SWI,10.68,Success
2015-06-19T12:00:00.000000Z,c_gls_SWI_201506201200_GLOBE_ASCAT_V3.1.1_nc,ASCAT_SWI,12.91,Success
2015-03-03T12:00:00.000000Z,c_gls_SWI_201503041200_GLOBE_ASCAT_V3.1.1_nc,ASCAT_SWI,10.59,Success
2015-09-28T12:00:00.000000Z,c_gls_SWI_201509291200_GLOBE_ASCAT_V3.1.1_nc,ASCAT_SWI,9.06,Success
2015-11-12T12:00:00.000000Z,c_gls_SWI_201511131200_GLOBE_ASCAT_V3.1.1_nc,ASCAT_SWI,9.29,Success
2015-11-15T12:00:00.000000Z,c_gls_SWI_201511161200_GLOBE_ASCAT_V3.1.1_nc,ASCAT_SWI,9.29,Success
2015-11-23T12:00:00.000000Z,c_gls_SWI_201511241200_GLOBE_ASCAT_V3.1.1_nc,ASCAT_SWI,9.31,Success
2015-05-15T12:00:00.000000Z,c_gls_SWI_201505161200_GLOBE_ASCAT_V3.1.1_nc,ASCAT_SWI,12.79,Success
2015-07-20T12:00:00.000000Z,c_gls_SWI_201507211200_GLOBE_ASCAT_V3.1.1_nc,ASCAT_SWI,12.35,Success
2015-07-14T12:00:00.000000Z,c_gls_SWI_201507151200_GLOBE_ASCAT_V3.1.1_nc,ASCAT_SWI,12.51,Success
2015-06-23T12:00:00.000000Z,c_gls_SWI_201506241200_GLOBE_ASCAT_V3.1.1_nc,ASCAT_SWI,12.85,Success
2015-12-31T12:00:00.000000Z,c_gls_SWI_201601011200_GLOBE_ASCAT_V3.1.1_nc,ASCAT_SWI,8.88,Success
2015-07-08T12:00:00.000000Z,c_gls_SWI_201507091200_GLOBE_ASCAT_V3.1.1_nc,ASCAT_SWI,12.57,Success
2015-09-02T12:00:00.000000Z,c_gls_SWI_201509031200_GLOBE_ASCAT_V3.1.1_nc,ASCAT_SWI,9.05,Success
2015-06-07T12:00:00.000000Z,c_gls_SWI_201506081200_GLOBE_ASCAT_V3.1.1_nc,ASCAT_SWI,13.09,Success
2015-08-19T12:00:00.000000Z,c_gls_SWI_201508201200_GLOBE_ASCAT_V3.1.1_nc,ASCAT_SWI,9.31,Success
2015-01-02T12:00:00.000000Z,c_gls_SWI_201501031200_GLOBE_ASCAT_V3.1.1_nc,ASCAT_SWI,11.15,Success
2015-05-09T12:00:00.000000Z,c_gls_SWI_201505101200_GLOBE_ASCAT_V3.1.1_nc,ASCAT_SWI,12.68,Success
2015-12-12T12:00:00.000000Z,c_gls_SWI_201512131200_GLOBE_ASCAT_V3.1.1_nc,ASCAT_SWI,9.17,Success
2015-04-10T12:00:00.000000Z,c_gls_SWI_201504111200_GLOBE_ASCAT_V3.1.1_nc,ASCAT_SWI,11.64,Success
2015-03-20T12:00:00.000000Z,c_gls_SWI_201503211200_GLOBE_ASCAT_V3.1.1_nc,ASCAT_SWI,10.87,Success
2015-08-25T12:00:00.000000Z,c_gls_SWI_201508261200_GLOBE_ASCAT_V3.1.1_nc,ASCAT_SWI,9.17,Success
2015-08-04T12:00:00.000000Z,c_gls_SWI_201508051200_GLOBE_ASCAT_V3.1.1_nc,ASCAT_SWI,10.03,Success
2015-02-23T12:00:00.000000Z,c_gls_SWI_201502241200_GLOBE_ASCAT_V3.1.1_nc,ASCAT_SWI,10.66,Success
2015-11-05T12:00:00.000000Z,c_gls_SWI_201511061200_GLOBE_ASCAT_V3.1.1_nc,ASCAT_SWI,9.31,Success
2015-05-18T12:00:00.000000Z,c_gls_SWI_201505191200_GLOBE_ASCAT_V3.1.1_nc,ASCAT_SWI,12.88,Success
2015-01-06T12:00:00.000000Z,c_gls_SWI_201501071200_GLOBE_ASCAT_V3.1.1_nc,ASCAT_SWI,11.03,Success
2015-09-06T12:00:00.000000Z,c_gls_SWI_201509071200_GLOBE_ASCAT_V3.1.1_nc,ASCAT_SWI,9.01,Success
2015-07-13T12:00:00.000000Z,c_gls_SWI_201507141200_GLOBE_ASCAT_V3.1.1_nc,ASCAT_SWI,12.53,Success
2015-12-13T12:00:00.000000Z,c_gls_SWI_201512141200_GLOBE_ASCAT_V3.1.1_nc,ASCAT_SWI,9.15,Success
2015-08-24T12:00:00.000000Z,c_gls_SWI_201508251200_GLOBE_ASCAT_V3.1.1_nc,ASCAT_SWI,9.19,Success
2015-04-14T12:00:00.000000Z,c_gls_SWI_201504151200_GLOBE_ASCAT_V3.1.1_nc,ASCAT_SWI,11.83,Success
2015-01-29T12:00:00.000000Z,c_gls_SWI_201501301200_GLOBE_ASCAT_V3.1.1_nc,ASCAT_SWI,10.74,Success
2015-05-28T12:00:00.000000Z,c_gls_SWI_201505291200_GLOBE_ASCAT_V3.1.1_nc,ASCAT_SWI,13.0,Success
2015-01-04T12:00:00.000000Z,c_gls_SWI_201501051200_GLOBE_ASCAT_V3.1.1_nc,ASCAT_SWI,11.12,Success
2015-04-04T12:00:00.000000Z,c_gls_SWI_201504051200_GLOBE_ASCAT_V3.1.1_nc,ASCAT_SWI,11.39,Success
2015-11-19T12:00:00.000000Z,c_gls_SWI_201511201200_GLOBE_ASCAT_V3.1.1_nc,ASCAT_SWI,9.33,Success
2015-11-13T12:00:00.000000Z,c_gls_SWI_201511141200_GLOBE_ASCAT_V3.1.1_nc,ASCAT_SWI,9.29,Success
2015-01-01T12:00:00.000000Z,c_gls_SWI_201501021200_GLOBE_ASCAT_V3.1.1_nc,ASCAT_SWI,11.16,Success
2015-02-03T12:00:00.000000Z,c_gls_SWI_201502041200_GLOBE_ASCAT_V3.1.1_nc,ASCAT_SWI,10.75,Success
2015-01-13T12:00:00.000000Z,c_gls_SWI_201501141200_GLOBE_ASCAT_V3.1.1_nc,ASCAT_SWI,10.96,Success
2015-06-10T12:00:00.000000Z,c_gls_SWI_201506111200_GLOBE_ASCAT_V3.1.1_nc,ASCAT_SWI,13.05,Success
2015-01-25T12:00:00.000000Z,c_gls_SWI_201501261200_GLOBE_ASCAT_V3.1.1_nc,ASCAT_SWI,10.79,Success
2015-07-02T12:00:00.000000Z,c_gls_SWI_201507031200_GLOBE_ASCAT_V3.1.1_nc,ASCAT_SWI,12.52,Success
2015-05-27T12:00:00.000000Z,c_gls_SWI_201505281200_GLOBE_ASCAT_V3.1.1_nc,ASCAT_SWI,12.99,Success
2015-09-15T12:00:00.000000Z,c_gls_SWI_201509161200_GLOBE_ASCAT_V3.1.1_nc,ASCAT_SWI,8.98,Success
2015-01-30T12:00:00.000000Z,c_gls_SWI_201501311200_GLOBE_ASCAT_V3.1.1_nc,ASCAT_SWI,10.74,Success
2015-06-26T12:00:00.000000Z,c_gls_SWI_201506271200_GLOBE_ASCAT_V3.1.1_nc,ASCAT_SWI,12.8,Success
2015-07-18T12:00:00.000000Z,c_gls_SWI_201507191200_GLOBE_ASCAT_V3.1.1_nc,ASCAT_SWI,12.44,Success
2015-05-10T12:00:00.000000Z,c_gls_SWI_201505111200_GLOBE_ASCAT_V3.1.1_nc,ASCAT_SWI,12.7,Success
2015-03-02T12:00:00.000000Z,c_gls_SWI_201503031200_GLOBE_ASCAT_V3.1.1_nc,ASCAT_SWI,10.58,Success
2015-05-23T12:00:00.000000Z,c_gls_SWI_201505241200_GLOBE_ASCAT_V3.1.1_nc,ASCAT_SWI,12.97,Success
2015-02-20T12:00:00.000000Z,c_gls_SWI_201502211200_GLOBE_ASCAT_V3.1.1_nc,ASCAT_SWI,10.68,Success
2015-09-26T12:00:00.000000Z,c_gls_SWI_201509271200_GLOBE_ASCAT_V3.1.1_nc,ASCAT_SWI,9.04,Success
2015-06-06T12:00:00.000000Z,c_gls_SWI_201506071200_GLOBE_ASCAT_V3.1.1_nc,ASCAT_SWI,13.1,Success
2015-09-08T12:00:00.000000Z,c_gls_SWI_201509091200_GLOBE_ASCAT_V3.1.1_nc,ASCAT_SWI,9.01,Success
2015-05-24T12:00:00.000000Z,c_gls_SWI_201505251200_GLOBE_ASCAT_V3.1.1_nc,ASCAT_SWI,12.98,Success
2015-08-02T12:00:00.000000Z,c_gls_SWI_201508031200_GLOBE_ASCAT_V3.1.1_nc,ASCAT_SWI,10.18,Success
2015-11-20T12:00:00.000000Z,c_gls_SWI_201511211200_GLOBE_ASCAT_V3.1.1_nc,ASCAT_SWI,9.33,Success
2015-04-15T12:00:00.000000Z,c_gls_SWI_201504161200_GLOBE_ASCAT_V3.1.1_nc,ASCAT_SWI,11.87,Success
2015-04-27T12:00:00.000000Z,c_gls_SWI_201504281200_GLOBE_ASCAT_V3.1.1_nc,ASCAT_SWI,12.28,Success
2015-03-25T12:00:00.000000Z,c_gls_SWI_201503261200_GLOBE_ASCAT_V3.1.1_nc,ASCAT_SWI,11.03,Success
2015-07-31T12:00:00.000000Z,c_gls_SWI_201508011200_GLOBE_ASCAT_V3.1.1_nc,ASCAT_SWI,10.34,Success
2015-07-11T12:00:00.000000Z,c_gls_SWI_201507121200_GLOBE_ASCAT_V3.1.1_nc,ASCAT_SWI,12.53,Success
2015-01-10T12:00:00.000000Z,c_gls_SWI_201501111200_GLOBE_ASCAT_V3.1.1_nc,ASCAT_SWI,10.98,Success
2015-10-10T12:00:00.000000Z,c_gls_SWI_201510111200_GLOBE_ASCAT_V3.1.1_nc,ASCAT_SWI,9.18,Success
2015-03-21T12:00:00.000000Z,c_gls_SWI_201503221200_GLOBE_ASCAT_V3.1.1_nc,ASCAT_SWI,10.89,Success
2015-06-03T12:00:00.000000Z,c_gls_SWI_201506041200_GLOBE_ASCAT_V3.1.1_nc,ASCAT_SWI,12.92,Success
2015-04-21T12:00:00.000000Z,c_gls_SWI_201504221200_GLOBE_ASCAT_V3.1.1_nc,ASCAT_SWI,12.07,Success
2015-10-11T12:00:00.000000Z,c_gls_SWI_201510121200_GLOBE_ASCAT_V3.1.1_nc,ASCAT_SWI,9.18,Success
2015-08-03T12:00:00.000000Z,c_gls_SWI_201508041200_GLOBE_ASCAT_V3.1.1_nc,ASCAT_SWI,10.1,Success
2015-09-04T12:00:00.000000Z,c_gls_SWI_201509051200_GLOBE_ASCAT_V3.1.1_nc,ASCAT_SWI,9.03,Success
2015-03-27T12:00:00.000000Z,c_gls_SWI_201503281200_GLOBE_ASCAT_V3.1.1_nc,ASCAT_SWI,11.09,Success
2015-04-22T12:00:00.000000Z,c_gls_SWI_201504231200_GLOBE_ASCAT_V3.1.1_nc,ASCAT_SWI,12.1,Success
2015-08-10T12:00:00.000000Z,c_gls_SWI_201508111200_GLOBE_ASCAT_V3.1.1_nc,ASCAT_SWI,9.68,Success
2015-08-05T12:00:00.000000Z,c_gls_SWI_201508061200_GLOBE_ASCAT_V3.1.1_nc,ASCAT_SWI,9.96,Success
2015-07-22T12:00:00.000000Z,c_gls_SWI_201507231200_GLOBE_ASCAT_V3.1.1_nc,ASCAT_SWI,11.91,Success
2015-02-07T12:00:00.000000Z,c_gls_SWI_201502081200_GLOBE_ASCAT_V3.1.1_nc,ASCAT_SWI,10.69,Success
2015-04-09T12:00:00.000000Z,c_gls_SWI_201504101200_GLOBE_ASCAT_V3.1.1_nc,ASCAT_SWI,11.58,Success
2015-10-31T12:00:00.000000Z,c_gls_SWI_201511011200_GLOBE_ASCAT_V3.1.1_nc,ASCAT_SWI,9.3,Success
2015-01-31T12:00:00.000000Z,c_gls_SWI_201502011200_GLOBE_ASCAT_V3.1.1_nc,ASCAT_SWI,10.75,Success
2015-03-06T12:00:00.000000Z,c_gls_SWI_201503071200_GLOBE_ASCAT_V3.1.1_nc,ASCAT_SWI,10.64,Success
2015-08-29T12:00:00.000000Z,c_gls_SWI_201508301200_GLOBE_ASCAT_V3.1.1_nc,ASCAT_SWI,9.1,Success
2015-02-01T12:00:00.000000Z,c_gls_SWI_201502021200_GLOBE_ASCAT_V3.1.1_nc,ASCAT_SWI,10.74,Success
2015-11-08T12:00:00.000000Z,c_gls_SWI_201511091200_GLOBE_ASCAT_V3.1.1_nc,ASCAT_SWI,9.32,Success
2015-04-30T12:00:00.000000Z,c_gls_SWI_201505011200_GLOBE_ASCAT_V3.1.1_nc,ASCAT_SWI,12.36,Success
2015-02-11T12:00:00.000000Z,c_gls_SWI_201502121200_GLOBE_ASCAT_V3.1.1_nc,ASCAT_SWI,10.73,Success
2015-12-10T12:00:00.000000Z,c_gls_SWI_201512111200_GLOBE_ASCAT_V3.1.1_nc,ASCAT_SWI,9.21,Success
2015-05-19T12:00:00.000000Z,c_gls_SWI_201505201200_GLOBE_ASCAT_V3.1.1_nc,ASCAT_SWI,12.9,Success
2015-02-16T12:00:00.000000Z,c_gls_SWI_201502171200_GLOBE_ASCAT_V3.1.1_nc,ASCAT_SWI,10.68,Success
2015-10-24T12:00:00.000000Z,c_gls_SWI_201510251200_GLOBE_ASCAT_V3.1.1_nc,ASCAT_SWI,9.24,Success
2015-01-20T12:00:00.000000Z,c_gls_SWI_201501211200_GLOBE_ASCAT_V3.1.1_nc,ASCAT_SWI,10.86,Success
2015-12-27T12:00:00.000000Z,c_gls_SWI_201512281200_GLOBE_ASCAT_V3.1.1_nc,ASCAT_SWI,8.96,Success
2015-10-22T12:00:00.000000Z,c_gls_SWI_201510231200_GLOBE_ASCAT_V3.1.1_nc,ASCAT_SWI,9.21,Success
2015-10-18T12:00:00.000000Z,c_gls_SWI_201510191200_GLOBE_ASCAT_V3.1.1_nc,ASCAT_SWI,9.26,Success
2015-09-18T12:00:00.000000Z,c_gls_SWI_201509191200_GLOBE_ASCAT_V3.1.1_nc,ASCAT_SWI,8.99,Success
2015-06-11T12:00:00.000000Z,c_gls_SWI_201506121200_GLOBE_ASCAT_V3.1.1_nc,ASCAT_SWI,13.03,Success
2015-05-08T12:00:00.000000Z,c_gls_SWI_201505091200_GLOBE_ASCAT_V3.1.1_nc,ASCAT_SWI,12.64,Success
2015-11-21T12:00:00.000000Z,c_gls_SWI_201511221200_GLOBE_ASCAT_V3.1.1_nc,ASCAT_SWI,9.33,Success
2015-10-12T12:00:00.000000Z,c_gls_SWI_201510131200_GLOBE_ASCAT_V3.1.1_nc,ASCAT_SWI,9.18,Success
2015-12-23T12:00:00.000000Z,c_gls_SWI_201512241200_GLOBE_ASCAT_V3.1.1_nc,ASCAT_SWI,9.02,Success
2015-06-15T12:00:00.000000Z,c_gls_SWI_201506161200_GLOBE_ASCAT_V3.1.1_nc,ASCAT_SWI,13.0,Success
2015-02-13T12:00:00.000000Z,c_gls_SWI_201502141200_GLOBE_ASCAT_V3.1.1_nc,ASCAT_SWI,10.73,Success
2015-07-07T12:00:00.000000Z,c_gls_SWI_201507081200_GLOBE_ASCAT_V3.1.1_nc,ASCAT_SWI,12.59,Success
2015-12-26T12:00:00.000000Z,c_gls_SWI_201512271200_GLOBE_ASCAT_V3.1.1_nc,ASCAT_SWI,8.97,Success
2015-04-08T12:00:00.000000Z,c_gls_SWI_201504091200_GLOBE_ASCAT_V3.1.1_nc,ASCAT_SWI,11.56,Success
2015-09-09T12:00:00.000000Z,c_gls_SWI_201509101200_GLOBE_ASCAT_V3.1.1_nc,ASCAT_SWI,9.0,Success
2015-10-27T12:00:00.000000Z,c_gls_SWI_201510281200_GLOBE_ASCAT_V3.1.1_nc,ASCAT_SWI,9.28,Success
2015-03-30T12:00:00.000000Z,c_gls_SWI_201503311200_GLOBE_ASCAT_V3.1.1_nc,ASCAT_SWI,11.2,Success
2015-08-17T12:00:00.000000Z,c_gls_SWI_201508181200_GLOBE_ASCAT_V3.1.1_nc,ASCAT_SWI,9.38,Success
2015-06-08T12:00:00.000000Z,c_gls_SWI_201506091200_GLOBE_ASCAT_V3.1.1_nc,ASCAT_SWI,13.07,Success
2015-01-17T12:00:00.000000Z,c_gls_SWI_201501181200_GLOBE_ASCAT_V3.1.1_nc,ASCAT_SWI,10.9,Success
2015-10-13T12:00:00.000000Z,c_gls_SWI_201510141200_GLOBE_ASCAT_V3.1.1_nc,ASCAT_SWI,9.18,Success
2015-05-20T12:00:00.000000Z,c_gls_SWI_201505211200_GLOBE_ASCAT_V3.1.1_nc,ASCAT_SWI,12.93,Success
2015-04-17T12:00:00.000000Z,c_gls_SWI_201504181200_GLOBE_ASCAT_V3.1.1_nc,ASCAT_SWI,11.92,Success
2015-01-28T12:00:00.000000Z,c_gls_SWI_201501291200_GLOBE_ASCAT_V3.1.1_nc,ASCAT_SWI,10.75,Success
2015-05-21T12:00:00.000000Z,c_gls_SWI_201505221200_GLOBE_ASCAT_V3.1.1_nc,ASCAT_SWI,12.95,Success
2015-02-24T12:00:00.000000Z,c_gls_SWI_201502251200_GLOBE_ASCAT_V3.1.1_nc,ASCAT_SWI,10.65,Success
2015-01-15T12:00:00.000000Z,c_gls_SWI_201501161200_GLOBE_ASCAT_V3.1.1_nc,ASCAT_SWI,10.92,Success
2015-11-01T12:00:00.000000Z,c_gls_SWI_201511021200_GLOBE_ASCAT_V3.1.1_nc,ASCAT_SWI,9.3,Success
2015-08-08T12:00:00.000000Z,c_gls_SWI_201508091200_GLOBE_ASCAT_V3.1.1_nc,ASCAT_SWI,9.77,Success
2015-05-05T12:00:00.000000Z,c_gls_SWI_201505061200_GLOBE_ASCAT_V3.1.1_nc,ASCAT_SWI,12.43,Success
2015-03-15T12:00:00.000000Z,c_gls_SWI_201503161200_GLOBE_ASCAT_V3.1.1_nc,ASCAT_SWI,10.79,Success
2015-06-28T12:00:00.000000Z,c_gls_SWI_201506291200_GLOBE_ASCAT_V3.1.1_nc,ASCAT_SWI,12.76,Success
2015-01-11T12:00:00.000000Z,c_gls_SWI_201501121200_GLOBE_ASCAT_V3.1.1_nc,ASCAT_SWI,10.96,Success
2015-11-26T12:00:00.000000Z,c_gls_SWI_201511271200_GLOBE_ASCAT_V3.1.1_nc,ASCAT_SWI,9.28,Success
2015-04-12T12:00:00.000000Z,c_gls_SWI_201504131200_GLOBE_ASCAT_V3.1.1_nc,ASCAT_SWI,11.74,Success
2015-02-05T12:00:00.000000Z,c_gls_SWI_201502061200_GLOBE_ASCAT_V3.1.1_nc,ASCAT_SWI,10.71,Success
2015-04-16T12:00:00.000000Z,c_gls_SWI_201504171200_GLOBE_ASCAT_V3.1.1_nc,ASCAT_SWI,11.89,Success
2015-08-31T12:00:00.000000Z,c_gls_SWI_201509011200_GLOBE_ASCAT_V3.1.1_nc,ASCAT_SWI,9.07,Success
2015-06-09T12:00:00.000000Z,c_gls_SWI_201506101200_GLOBE_ASCAT_V3.1.1_nc,ASCAT_SWI,13.06,Success
2015-05-26T12:00:00.000000Z,c_gls_SWI_201505271200_GLOBE_ASCAT_V3.1.1_nc,ASCAT_SWI,12.99,Success
2015-12-09T12:00:00.000000Z,c_gls_SWI_201512101200_GLOBE_ASCAT_V3.1.1_nc,ASCAT_SWI,9.21,Success
2015-08-13T12:00:00.000000Z,c_gls_SWI_201508141200_GLOBE_ASCAT_V3.1.1_nc,ASCAT_SWI,9.55,Success
2015-06-02T12:00:00.000000Z,c_gls_SWI_201506031200_GLOBE_ASCAT_V3.1.1_nc,ASCAT_SWI,13.06,Success
2015-05-13T12:00:00.000000Z,c_gls_SWI_201505141200_GLOBE_ASCAT_V3.1.1_nc,ASCAT_SWI,12.76,Success
2015-03-31T12:00:00.000000Z,c_gls_SWI_201504011200_GLOBE_ASCAT_V3.1.1_nc,ASCAT_SWI,11.24,Success
2015-07-12T12:00:00.000000Z,c_gls_SWI_201507131200_GLOBE_ASCAT_V3.1.1_nc,ASCAT_SWI,12.52,Success
2015-11-30T12:00:00.000000Z,c_gls_SWI_201512011200_GLOBE_ASCAT_V3.1.1_nc,ASCAT_SWI,9.32,Success
2015-11-14T12:00:00.000000Z,c_gls_SWI_201511151200_GLOBE_ASCAT_V3.1.1_nc,ASCAT_SWI,9.28,Success
2015-12-02T12:00:00.000000Z,c_gls_SWI_201512031200_GLOBE_ASCAT_V3.1.1_nc,ASCAT_SWI,9.29,Success
2015-06-24T12:00:00.000000Z,c_gls_SWI_201506251200_GLOBE_ASCAT_V3.1.1_nc,ASCAT_SWI,12.83,Success
2015-03-17T12:00:00.000000Z,c_gls_SWI_201503181200_GLOBE_ASCAT_V3.1.1_nc,ASCAT_SWI,10.83,Success
2015-07-19T12:00:00.000000Z,c_gls_SWI_201507201200_GLOBE_ASCAT_V3.1.1_nc,ASCAT_SWI,12.43,Success
2015-02-06T12:00:00.000000Z,c_gls_SWI_201502071200_GLOBE_ASCAT_V3.1.1_nc,ASCAT_SWI,10.7,Success
2015-07-05T12:00:00.000000Z,c_gls_SWI_201507061200_GLOBE_ASCAT_V3.1.1_nc,ASCAT_SWI,12.64,Success
2015-05-30T12:00:00.000000Z,c_gls_SWI_201505311200_GLOBE_ASCAT_V3.1.1_nc,ASCAT_SWI,13.0,Success
2015-04-07T12:00:00.000000Z,c_gls_SWI_201504081200_GLOBE_ASCAT_V3.1.1_nc,ASCAT_SWI,11.51,Success
2015-12-07T12:00:00.000000Z,c_gls_SWI_201512081200_GLOBE_ASCAT_V3.1.1_nc,ASCAT_SWI,9.22,Success
2015-10-08T12:00:00.000000Z,c_gls_SWI_201510091200_GLOBE_ASCAT_V3.1.1_nc,ASCAT_SWI,9.15,Success
2015-06-29T12:00:00.000000Z,c_gls_SWI_201506301200_GLOBE_ASCAT_V3.1.1_nc,ASCAT_SWI,12.75,Success
2015-01-14T12:00:00.000000Z,c_gls_SWI_201501151200_GLOBE_ASCAT_V3.1.1_nc,ASCAT_SWI,10.95,Success
2015-05-16T12:00:00.000000Z,c_gls_SWI_201505171200_GLOBE_ASCAT_V3.1.1_nc,ASCAT_SWI,12.82,Success
2015-03-24T12:00:00.000000Z,c_gls_SWI_201503251200_GLOBE_ASCAT_V3.1.1_nc,ASCAT_SWI,10.99,Success
2015-01-26T12:00:00.000000Z,c_gls_SWI_201501271200_GLOBE_ASCAT_V3.1.1_nc,ASCAT_SWI,10.78,Success
2015-07-25T12:00:00.000000Z,c_gls_SWI_201507261200_GLOBE_ASCAT_V3.1.1_nc,ASCAT_SWI,11.24,Success
2015-09-23T12:00:00.000000Z,c_gls_SWI_201509241200_GLOBE_ASCAT_V3.1.1_nc,ASCAT_SWI,9.01,Success
2015-11-04T12:00:00.000000Z,c_gls_SWI_201511051200_GLOBE_ASCAT_V3.1.1_nc,ASCAT_SWI,9.31,Success
2015-05-25T12:00:00.000000Z,c_gls_SWI_201505261200_GLOBE_ASCAT_V3.1.1_nc,ASCAT_SWI,12.98,Success
2015-02-28T12:00:00.000000Z,c_gls_SWI_201503011200_GLOBE_ASCAT_V3.1.1_nc,ASCAT_SWI,10.59,Success
2015-10-25T12:00:00.000000Z,c_gls_SWI_201510261200_GLOBE_ASCAT_V3.1.1_nc,ASCAT_SWI,9.25,Success
2015-03-26T12:00:00.000000Z,c_gls_SWI_201503271200_GLOBE_ASCAT_V3.1.1_nc,ASCAT_SWI,11.07,Success
2015-11-17T12:00:00.000000Z,c_gls_SWI_201511181200_GLOBE_ASCAT_V3.1.1_nc,ASCAT_SWI,9.4,Success
2015-02-15T12:00:00.000000Z,c_gls_SWI_201502161200_GLOBE_ASCAT_V3.1.1_nc,ASCAT_SWI,10.71,Success
2015-10-28T12:00:00.000000Z,c_gls_SWI_201510291200_GLOBE_ASCAT_V3.1.1_nc,ASCAT_SWI,9.28,Success
2015-08-11T12:00:00.000000Z,c_gls_SWI_201508121200_GLOBE_ASCAT_V3.1.1_nc,ASCAT_SWI,9.62,Success
2015-03-16T12:00:00.000000Z,c_gls_SWI_201503171200_GLOBE_ASCAT_V3.1.1_nc,ASCAT_SWI,10.82,Success
2015-07-30T12:00:00.000000Z,c_gls_SWI_201507311200_GLOBE_ASCAT_V3.1.1_nc,ASCAT_SWI,10.44,Success
2015-05-22T12:00:00.000000Z,c_gls_SWI_201505231200_GLOBE_ASCAT_V3.1.1_nc,ASCAT_SWI,12.95,Success
2015-02-22T12:00:00.000000Z,c_gls_SWI_201502231200_GLOBE_ASCAT_V3.1.1_nc,ASCAT_SWI,10.68,Success
2015-08-06T12:00:00.000000Z,c_gls_SWI_201508071200_GLOBE_ASCAT_V3.1.1_nc,ASCAT_SWI,9.88,Success
2015-02-10T12:00:00.000000Z,c_gls_SWI_201502111200_GLOBE_ASCAT_V3.1.1_nc,ASCAT_SWI,10.72,Success
2015-08-21T12:00:00.000000Z,c_gls_SWI_201508221200_GLOBE_ASCAT_V3.1.1_nc,ASCAT_SWI,9.26,Success
2015-09-20T12:00:00.000000Z,c_gls_SWI_201509211200_GLOBE_ASCAT_V3.1.1_nc,ASCAT_SWI,8.99,Success
2015-02-26T12:00:00.000000Z,c_gls_SWI_201502271200_GLOBE_ASCAT_V3.1.1_nc,ASCAT_SWI,10.62,Success
2015-03-07T12:00:00.000000Z,c_gls_SWI_201503081200_GLOBE_ASCAT_V3.1.1_nc,ASCAT_SWI,10.66,Success
2015-01-16T12:00:00.000000Z,c_gls_SWI_201501171200_GLOBE_ASCAT_V3.1.1_nc,ASCAT_SWI,10.9,Success
2015-10-03T12:00:00.000000Z,c_gls_SWI_201510041200_GLOBE_ASCAT_V3.1.1_nc,ASCAT_SWI,9.11,Success
2015-08-15T12:00:00.000000Z,c_gls_SWI_201508161200_GLOBE_ASCAT_V3.1.1_nc,ASCAT_SWI,9.46,Success
2015-08-27T12:00:00.000000Z,c_gls_SWI_201508281200_GLOBE_ASCAT_V3.1.1_nc,ASCAT_SWI,9.13,Success
2015-11-25T12:00:00.000000Z,c_gls_SWI_201511261200_GLOBE_ASCAT_V3.1.1_nc,ASCAT_SWI,9.38,Success
2015-04-20T12:00:00.000000Z,c_gls_SWI_201504211200_GLOBE_ASCAT_V3.1.1_nc,ASCAT_SWI,12.04,Success
2015-08-01T12:00:00.000000Z,c_gls_SWI_201508021200_GLOBE_ASCAT_V3.1.1_nc,ASCAT_SWI,10.22,Success
2015-06-16T12:00:00.000000Z,c_gls_SWI_201506171200_GLOBE_ASCAT_V3.1.1_nc,ASCAT_SWI,12.98,Success
2015-09-27T12:00:00.000000Z,c_gls_SWI_201509281200_GLOBE_ASCAT_V3.1.1_nc,ASCAT_SWI,9.05,Success
2015-04-18T12:00:00.000000Z,c_gls_SWI_201504191200_GLOBE_ASCAT_V3.1.1_nc,ASCAT_SWI,11.96,Success
2015-03-22T12:00:00.000000Z,c_gls_SWI_201503231200_GLOBE_ASCAT_V3.1.1_nc,ASCAT_SWI,10.92,Success
2015-01-18T12:00:00.000000Z,c_gls_SWI_201501191200_GLOBE_ASCAT_V3.1.1_nc,ASCAT_SWI,10.89,Success
2015-06-05T12:00:00.000000Z,c_gls_SWI_201506061200_GLOBE_ASCAT_V3.1.1_nc,ASCAT_SWI,13.11,Success
2015-12-08T12:00:00.000000Z,c_gls_SWI_201512091200_GLOBE_ASCAT_V3.1.1_nc,ASCAT_SWI,9.22,Success
2015-04-28T12:00:00.000000Z,c_gls_SWI_201504291200_GLOBE_ASCAT_V3.1.1_nc,ASCAT_SWI,12.31,Success
2015-12-15T12:00:00.000000Z,c_gls_SWI_201512161200_GLOBE_ASCAT_V3.1.1_nc,ASCAT_SWI,9.12,Success
2015-10-29T12:00:00.000000Z,c_gls_SWI_201510301200_GLOBE_ASCAT_V3.1.1_nc,ASCAT_SWI,9.29,Success
2015-08-22T12:00:00.000000Z,c_gls_SWI_201508231200_GLOBE_ASCAT_V3.1.1_nc,ASCAT_SWI,9.23,Success
2015-06-14T12:00:00.000000Z,c_gls_SWI_201506151200_GLOBE_ASCAT_V3.1.1_nc,ASCAT_SWI,12.98,Success
2015-12-18T12:00:00.000000Z,c_gls_SWI_201512191200_GLOBE_ASCAT_V3.1.1_nc,ASCAT_SWI,9.09,Success
2015-11-22T12:00:00.000000Z,c_gls_SWI_201511231200_GLOBE_ASCAT_V3.1.1_nc,ASCAT_SWI,9.32,Success
2015-04-02T12:00:00.000000Z,c_gls_SWI_201504031200_GLOBE_ASCAT_V3.1.1_nc,ASCAT_SWI,11.34,Success
2015-04-29T12:00:00.000000Z,c_gls_SWI_201504301200_GLOBE_ASCAT_V3.1.1_nc,ASCAT_SWI,12.34,Success
2015-03-05T12:00:00.000000Z,c_gls_SWI_201503061200_GLOBE_ASCAT_V3.1.1_nc,ASCAT_SWI,10.62,Success
2015-10-16T12:00:00.000000Z,c_gls_SWI_201510171200_GLOBE_ASCAT_V3.1.1_nc,ASCAT_SWI,9.26,Success
2015-05-01T12:00:00.000000Z,c_gls_SWI_201505021200_GLOBE_ASCAT_V3.1.1_nc,ASCAT_SWI,12.38,Success
2015-01-03T12:00:00.000000Z,c_gls_SWI_201501041200_GLOBE_ASCAT_V3.1.1_nc,ASCAT_SWI,11.14,Success
2015-09-10T12:00:00.000000Z,c_gls_SWI_201509111200_GLOBE_ASCAT_V3.1.1_nc,ASCAT_SWI,8.99,Success
2015-04-23T12:00:00.000000Z,c_gls_SWI_201504241200_GLOBE_ASCAT_V3.1.1_nc,ASCAT_SWI,12.13,Success
2015-09-14T12:00:00.000000Z,c_gls_SWI_201509151200_GLOBE_ASCAT_V3.1.1_nc,ASCAT_SWI,8.98,Success
2015-08-16T12:00:00.000000Z,c_gls_SWI_201508171200_GLOBE_ASCAT_V3.1.1_nc,ASCAT_SWI,9.43,Success
2015-06-20T12:00:00.000000Z,c_gls_SWI_201506211200_GLOBE_ASCAT_V3.1.1_nc,ASCAT_SWI,12.91,Success
2015-04-11T12:00:00.000000Z,c_gls_SWI_201504121200_GLOBE_ASCAT_V3.1.1_nc,ASCAT_SWI,11.69,Success
2015-07-21T12:00:00.000000Z,c_gls_SWI_201507221200_GLOBE_ASCAT_V3.1.1_nc,ASCAT_SWI,12.11,Success
2015-05-03T12:00:00.000000Z,c_gls_SWI_201505041200_GLOBE_ASCAT_V3.1.1_nc,ASCAT_SWI,12.44,Success
2015-08-30T12:00:00.000000Z,c_gls_SWI_201508311200_GLOBE_ASCAT_V3.1.1_nc,ASCAT_SWI,9.08,Success
2015-06-27T12:00:00.000000Z,c_gls_SWI_201506281200_GLOBE_ASCAT_V3.1.1_nc,ASCAT_SWI,12.79,Success
2015-06-25T12:00:00.000000Z,c_gls_SWI_201506261200_GLOBE_ASCAT_V3.1.1_nc,ASCAT_SWI,12.82,Success
2015-04-06T12:00:00.000000Z,c_gls_SWI_201504071200_GLOBE_ASCAT_V3.1.1_nc,ASCAT_SWI,11.42,Success
2015-09-07T12:00:00.000000Z,c_gls_SWI_201509081200_GLOBE_ASCAT_V3.1.1_nc,ASCAT_SWI,9.01,Success
2015-06-04T12:00:00.000000Z,c_gls_SWI_201506051200_GLOBE_ASCAT_V3.1.1_nc,ASCAT_SWI,13.09,Success
2015-10-21T12:00:00.000000Z,c_gls_SWI_201510221200_GLOBE_ASCAT_V3.1.1_nc,ASCAT_SWI,9.2,Success
2015-01-24T12:00:00.000000Z,c_gls_SWI_201501251200_GLOBE_ASCAT_V3.1.1_nc,ASCAT_SWI,10.81,Success
2015-01-08T12:00:00.000000Z,c_gls_SWI_201501091200_GLOBE_ASCAT_V3.1.1_nc,ASCAT_SWI,11.0,Success
2015-12-25T12:00:00.000000Z,c_gls_SWI_201512261200_GLOBE_ASCAT_V3.1.1_nc,ASCAT_SWI,8.99,Success
2015-07-16T12:00:00.000000Z,c_gls_SWI_201507171200_GLOBE_ASCAT_V3.1.1_nc,ASCAT_SWI,12.48,Success
2015-05-06T12:00:00.000000Z,c_gls_SWI_201505071200_GLOBE_ASCAT_V3.1.1_nc,ASCAT_SWI,12.57,Success
2015-12-03T12:00:00.000000Z,c_gls_SWI_201512041200_GLOBE_ASCAT_V3.1.1_nc,ASCAT_SWI,9.29,Success
2015-06-18T12:00:00.000000Z,c_gls_SWI_201506191200_GLOBE_ASCAT_V3.1.1_nc,ASCAT_SWI,12.93,Success
2015-07-03T12:00:00.000000Z,c_gls_SWI_201507041200_GLOBE_ASCAT_V3.1.1_nc,ASCAT_SWI,12.68,Success
2015-02-18T12:00:00.000000Z,c_gls_SWI_201502191200_GLOBE_ASCAT_V3.1.1_nc,ASCAT_SWI,10.65,Success
2015-10-09T12:00:00.000000Z,c_gls_SWI_201510101200_GLOBE_ASCAT_V3.1.1_nc,ASCAT_SWI,9.16,Success
2015-07-17T12:00:00.000000Z,c_gls_SWI_201507181200_GLOBE_ASCAT_V3.1.1_nc,ASCAT_SWI,12.45,Success
2015-07-15T12:00:00.000000Z,c_gls_SWI_201507161200_GLOBE_ASCAT_V3.1.1_nc,ASCAT_SWI,12.49,Success
2015-09-24T12:00:00.000000Z,c_gls_SWI_201509251200_GLOBE_ASCAT_V3.1.1_nc,ASCAT_SWI,9.02,Success
2015-02-19T12:00:00.000000Z,c_gls_SWI_201502201200_GLOBE_ASCAT_V3.1.1_nc,ASCAT_SWI,10.67,Success
2015-08-12T12:00:00.000000Z,c_gls_SWI_201508131200_GLOBE_ASCAT_V3.1.1_nc,ASCAT_SWI,9.58,Success
2015-03-08T12:00:00.000000Z,c_gls_SWI_201503091200_GLOBE_ASCAT_V3.1.1_nc,ASCAT_SWI,10.64,Success
2016-10-26T12:00:00.000000Z,c_gls_SWI_201610271200_GLOBE_ASCAT_V3.1.1_nc,ASCAT_SWI,9.44,Success
2016-10-18T12:00:00.000000Z,c_gls_SWI_201610191200_GLOBE_ASCAT_V3.1.1_nc,ASCAT_SWI,9.36,Success
2016-10-06T12:00:00.000000Z,c_gls_SWI_201610071200_GLOBE_ASCAT_V3.1.1_nc,ASCAT_SWI,9.25,Success
2016-10-13T12:00:00.000000Z,c_gls_SWI_201610141200_GLOBE_ASCAT_V3.1.1_nc,ASCAT_SWI,9.34,Success
2016-10-19T12:00:00.000000Z,c_gls_SWI_201610201200_GLOBE_ASCAT_V3.1.1_nc,ASCAT_SWI,9.37,Success
2016-10-22T12:00:00.000000Z,c_gls_SWI_201610231200_GLOBE_ASCAT_V3.1.1_nc,ASCAT_SWI,9.39,Success
2016-10-01T12:00:00.000000Z,c_gls_SWI_201610021200_GLOBE_ASCAT_V3.1.1_nc,ASCAT_SWI,9.18,Success
2016-04-24T12:00:00.000000Z,c_gls_SWI_201604251200_GLOBE_ASCAT_V3.1.1_nc,ASCAT_SWI,9.21,Success
2016-11-20T12:00:00.000000Z,c_gls_SWI_201611211200_GLOBE_ASCAT_V3.1.1_nc,ASCAT_SWI,9.38,Success
2016-04-25T12:00:00.000000Z,c_gls_SWI_201604261200_GLOBE_ASCAT_V3.1.1_nc,ASCAT_SWI,9.22,Success
2016-04-23T12:00:00.000000Z,c_gls_SWI_201604241200_GLOBE_ASCAT_V3.1.1_nc,ASCAT_SWI,9.18,Success
2016-04-22T12:00:00.000000Z,c_gls_SWI_201604231200_GLOBE_ASCAT_V3.1.1_nc,ASCAT_SWI,9.14,Success
2016-09-29T12:00:00.000000Z,c_gls_SWI_201609301200_GLOBE_ASCAT_V3.1.1_nc,ASCAT_SWI,9.14,Success
2016-10-28T12:00:00.000000Z,c_gls_SWI_201610291200_GLOBE_ASCAT_V3.1.1_nc,ASCAT_SWI,9.43,Success
2016-02-21T12:00:00.000000Z,c_gls_SWI_201602221200_GLOBE_ASCAT_V3.1.1_nc,ASCAT_SWI,8.39,Success
2016-02-22T12:00:00.000000Z,c_gls_SWI_201602231200_GLOBE_ASCAT_V3.1.1_nc,ASCAT_SWI,8.38,Success
2016-02-07T12:00:00.000000Z,c_gls_SWI_201602081200_GLOBE_ASCAT_V3.1.1_nc,ASCAT_SWI,8.36,Success
2016-02-26T12:00:00.000000Z,c_gls_SWI_201602271200_GLOBE_ASCAT_V3.1.1_nc,ASCAT_SWI,8.37,Success
2016-02-04T12:00:00.000000Z,c_gls_SWI_201602051200_GLOBE_ASCAT_V3.1.1_nc,ASCAT_SWI,8.39,Success
2016-02-05T12:00:00.000000Z,c_gls_SWI_201602061200_GLOBE_ASCAT_V3.1.1_nc,ASCAT_SWI,8.39,Success
2016-02-25T12:00:00.000000Z,c_gls_SWI_201602261200_GLOBE_ASCAT_V3.1.1_nc,ASCAT_SWI,8.38,Success
2016-02-11T12:00:00.000000Z,c_gls_SWI_201602121200_GLOBE_ASCAT_V3.1.1_nc,ASCAT_SWI,8.37,Success
2016-02-12T12:00:00.000000Z,c_gls_SWI_201602131200_GLOBE_ASCAT_V3.1.1_nc,ASCAT_SWI,8.37,Success
2016-10-07T12:00:00.000000Z,c_gls_SWI_201610081200_GLOBE_ASCAT_V3.1.1_nc,ASCAT_SWI,9.26,Success
2016-02-01T12:00:00.000000Z,c_gls_SWI_201602021200_GLOBE_ASCAT_V3.1.1_nc,ASCAT_SWI,8.43,Success
2016-10-08T12:00:00.000000Z,c_gls_SWI_201610091200_GLOBE_ASCAT_V3.1.1_nc,ASCAT_SWI,9.27,Success
2016-10-02T12:00:00.000000Z,c_gls_SWI_201610031200_GLOBE_ASCAT_V3.1.1_nc,ASCAT_SWI,9.2,Success
2016-10-09T12:00:00.000000Z,c_gls_SWI_201610101200_GLOBE_ASCAT_V3.1.1_nc,ASCAT_SWI,9.29,Success
2016-09-20T12:00:00.000000Z,c_gls_SWI_201609211200_GLOBE_ASCAT_V3.1.1_nc,ASCAT_SWI,9.09,Success
2016-01-14T12:00:00.000000Z,c_gls_SWI_201601151200_GLOBE_ASCAT_V3.1.1_nc,ASCAT_SWI,8.68,Success
2016-01-22T12:00:00.000000Z,c_gls_SWI_201601231200_GLOBE_ASCAT_V3.1.1_nc,ASCAT_SWI,8.56,Success
2016-01-06T12:00:00.000000Z,c_gls_SWI_201601071200_GLOBE_ASCAT_V3.1.1_nc,ASCAT_SWI,8.77,Success
2016-01-31T12:00:00.000000Z,c_gls_SWI_201602011200_GLOBE_ASCAT_V3.1.1_nc,ASCAT_SWI,8.44,Success
2016-01-02T12:00:00.000000Z,c_gls_SWI_201601031200_GLOBE_ASCAT_V3.1.1_nc,ASCAT_SWI,8.85,Success
2016-01-10T12:00:00.000000Z,c_gls_SWI_201601111200_GLOBE_ASCAT_V3.1.1_nc,ASCAT_SWI,8.72,Success
2016-01-01T12:00:00.000000Z,c_gls_SWI_201601021200_GLOBE_ASCAT_V3.1.1_nc,ASCAT_SWI,8.86,Success
2016-01-04T12:00:00.000000Z,c_gls_SWI_201601051200_GLOBE_ASCAT_V3.1.1_nc,ASCAT_SWI,8.8,Success
2016-01-05T12:00:00.000000Z,c_gls_SWI_201601061200_GLOBE_ASCAT_V3.1.1_nc,ASCAT_SWI,8.79,Success
2016-09-27T12:00:00.000000Z,c_gls_SWI_201609281200_GLOBE_ASCAT_V3.1.1_nc,ASCAT_SWI,9.13,Success
2016-04-28T12:00:00.000000Z,c_gls_SWI_201604291200_GLOBE_ASCAT_V3.1.1_nc,ASCAT_SWI,9.28,Success
2016-09-26T12:00:00.000000Z,c_gls_SWI_201609271200_GLOBE_ASCAT_V3.1.1_nc,ASCAT_SWI,9.12,Success
2016-09-28T12:00:00.000000Z,c_gls_SWI_201609291200_GLOBE_ASCAT_V3.1.1_nc,ASCAT_SWI,9.13,Success
2016-09-30T12:00:00.000000Z,c_gls_SWI_201610011200_GLOBE_ASCAT_V3.1.1_nc,ASCAT_SWI,9.16,Success
2016-09-19T12:00:00.000000Z,c_gls_SWI_201609201200_GLOBE_ASCAT_V3.1.1_nc,ASCAT_SWI,9.09,Success
2016-09-06T12:00:00.000000Z,c_gls_SWI_201609071200_GLOBE_ASCAT_V3.1.1_nc,ASCAT_SWI,9.0,Success
2016-09-15T12:00:00.000000Z,c_gls_SWI_201609161200_GLOBE_ASCAT_V3.1.1_nc,ASCAT_SWI,9.06,Success
2016-09-03T12:00:00.000000Z,c_gls_SWI_201609041200_GLOBE_ASCAT_V3.1.1_nc,ASCAT_SWI,9.01,Success
2016-09-11T12:00:00.000000Z,c_gls_SWI_201609121200_GLOBE_ASCAT_V3.1.1_nc,ASCAT_SWI,9.02,Success
2016-09-13T12:00:00.000000Z,c_gls_SWI_201609141200_GLOBE_ASCAT_V3.1.1_nc,ASCAT_SWI,9.03,Success
2016-09-05T12:00:00.000000Z,c_gls_SWI_201609061200_GLOBE_ASCAT_V3.1.1_nc,ASCAT_SWI,9.0,Success
2016-09-08T12:00:00.000000Z,c_gls_SWI_201609091200_GLOBE_ASCAT_V3.1.1_nc,ASCAT_SWI,9.0,Success
2016-09-10T12:00:00.000000Z,c_gls_SWI_201609111200_GLOBE_ASCAT_V3.1.1_nc,ASCAT_SWI,9.01,Success
2016-05-13T12:00:00.000000Z,c_gls_SWI_201605141200_GLOBE_ASCAT_V3.1.1_nc,ASCAT_SWI,9.43,Success
2016-05-19T12:00:00.000000Z,c_gls_SWI_201605201200_GLOBE_ASCAT_V3.1.1_nc,ASCAT_SWI,9.52,Success
2016-05-01T12:00:00.000000Z,c_gls_SWI_201605021200_GLOBE_ASCAT_V3.1.1_nc,ASCAT_SWI,9.3,Success
2016-05-27T12:00:00.000000Z,c_gls_SWI_201605281200_GLOBE_ASCAT_V3.1.1_nc,ASCAT_SWI,9.52,Success
2016-05-07T12:00:00.000000Z,c_gls_SWI_201605081200_GLOBE_ASCAT_V3.1.1_nc,ASCAT_SWI,9.38,Success
2016-04-11T12:00:00.000000Z,c_gls_SWI_201604121200_GLOBE_ASCAT_V3.1.1_nc,ASCAT_SWI,8.91,Success
2016-08-30T12:00:00.000000Z,c_gls_SWI_201608311200_GLOBE_ASCAT_V3.1.1_nc,ASCAT_SWI,9.02,Success
2016-08-22T12:00:00.000000Z,c_gls_SWI_201608231200_GLOBE_ASCAT_V3.1.1_nc,ASCAT_SWI,9.02,Success
2016-08-17T12:00:00.000000Z,c_gls_SWI_201608181200_GLOBE_ASCAT_V3.1.1_nc,ASCAT_SWI,9.03,Success
2016-08-21T12:00:00.000000Z,c_gls_SWI_201608221200_GLOBE_ASCAT_V3.1.1_nc,ASCAT_SWI,9.02,Success
2016-08-08T12:00:00.000000Z,c_gls_SWI_201608091200_GLOBE_ASCAT_V3.1.1_nc,ASCAT_SWI,9.02,Success
2016-08-29T12:00:00.000000Z,c_gls_SWI_201608301200_GLOBE_ASCAT_V3.1.1_nc,ASCAT_SWI,9.02,Success
2016-08-23T12:00:00.000000Z,c_gls_SWI_201608241200_GLOBE_ASCAT_V3.1.1_nc,ASCAT_SWI,9.01,Success
2016-03-31T12:00:00.000000Z,c_gls_SWI_201604011200_GLOBE_ASCAT_V3.1.1_nc,ASCAT_SWI,8.61,Success
2016-03-15T12:00:00.000000Z,c_gls_SWI_201603161200_GLOBE_ASCAT_V3.1.1_nc,ASCAT_SWI,8.49,Success
2016-08-26T12:00:00.000000Z,c_gls_SWI_201608271200_GLOBE_ASCAT_V3.1.1_nc,ASCAT_SWI,9.0,Success
2016-08-27T12:00:00.000000Z,c_gls_SWI_201608281200_GLOBE_ASCAT_V3.1.1_nc,ASCAT_SWI,9.01,Success
2016-03-09T12:00:00.000000Z,c_gls_SWI_201603101200_GLOBE_ASCAT_V3.1.1_nc,ASCAT_SWI,8.46,Success
2016-08-05T12:00:00.000000Z,c_gls_SWI_201608061200_GLOBE_ASCAT_V3.1.1_nc,ASCAT_SWI,9.02,Success
2016-07-30T12:00:00.000000Z,c_gls_SWI_201607311200_GLOBE_ASCAT_V3.1.1_nc,ASCAT_SWI,9.05,Success
2016-07-09T12:00:00.000000Z,c_gls_SWI_201607101200_GLOBE_ASCAT_V3.1.1_nc,ASCAT_SWI,9.07,Success
2016-07-13T12:00:00.000000Z,c_gls_SWI_201607141200_GLOBE_ASCAT_V3.1.1_nc,ASCAT_SWI,9.07,Success
2016-07-16T12:00:00.000000Z,c_gls_SWI_201607171200_GLOBE_ASCAT_V3.1.1_nc,ASCAT_SWI,9.05,Success
2016-07-10T12:00:00.000000Z,c_gls_SWI_201607111200_GLOBE_ASCAT_V3.1.1_nc,ASCAT_SWI,9.06,Success
2016-07-04T12:00:00.000000Z,c_gls_SWI_201607051200_GLOBE_ASCAT_V3.1.1_nc,ASCAT_SWI,9.11,Success
2016-07-02T12:00:00.000000Z,c_gls_SWI_201607031200_GLOBE_ASCAT_V3.1.1_nc,ASCAT_SWI,9.12,Success
2016-08-01T12:00:00.000000Z,c_gls_SWI_201608021200_GLOBE_ASCAT_V3.1.1_nc,ASCAT_SWI,9.04,Success
2016-06-19T12:00:00.000000Z,c_gls_SWI_201606201200_GLOBE_ASCAT_V3.1.1_nc,ASCAT_SWI,9.27,Success
2016-07-19T12:00:00.000000Z,c_gls_SWI_201607201200_GLOBE_ASCAT_V3.1.1_nc,ASCAT_SWI,9.05,Success
2016-07-15T12:00:00.000000Z,c_gls_SWI_201607161200_GLOBE_ASCAT_V3.1.1_nc,ASCAT_SWI,9.06,Success
2016-07-26T12:00:00.000000Z,c_gls_SWI_201607271200_GLOBE_ASCAT_V3.1.1_nc,ASCAT_SWI,9.09,Success
2016-07-05T12:00:00.000000Z,c_gls_SWI_201607061200_GLOBE_ASCAT_V3.1.1_nc,ASCAT_SWI,9.1,Success
2016-06-13T12:00:00.000000Z,c_gls_SWI_201606141200_GLOBE_ASCAT_V3.1.1_nc,ASCAT_SWI,9.31,Success
2016-06-27T12:00:00.000000Z,c_gls_SWI_201606281200_GLOBE_ASCAT_V3.1.1_nc,ASCAT_SWI,9.17,Success
2016-06-08T12:00:00.000000Z,c_gls_SWI_201606091200_GLOBE_ASCAT_V3.1.1_nc,ASCAT_SWI,9.41,Success
2016-06-29T12:00:00.000000Z,c_gls_SWI_201606301200_GLOBE_ASCAT_V3.1.1_nc,ASCAT_SWI,9.15,Success
2016-06-07T12:00:00.000000Z,c_gls_SWI_201606081200_GLOBE_ASCAT_V3.1.1_nc,ASCAT_SWI,9.44,Success
2016-06-24T12:00:00.000000Z,c_gls_SWI_201606251200_GLOBE_ASCAT_V3.1.1_nc,ASCAT_SWI,9.2,Success
2016-06-22T12:00:00.000000Z,c_gls_SWI_201606231200_GLOBE_ASCAT_V3.1.1_nc,ASCAT_SWI,9.22,Success
2016-06-23T12:00:00.000000Z,c_gls_SWI_201606241200_GLOBE_ASCAT_V3.1.1_nc,ASCAT_SWI,9.22,Success
2016-06-21T12:00:00.000000Z,c_gls_SWI_201606221200_GLOBE_ASCAT_V3.1.1_nc,ASCAT_SWI,9.23,Success
2016-06-26T12:00:00.000000Z,c_gls_SWI_201606271200_GLOBE_ASCAT_V3.1.1_nc,ASCAT_SWI,9.18,Success
2016-06-20T12:00:00.000000Z,c_gls_SWI_201606211200_GLOBE_ASCAT_V3.1.1_nc,ASCAT_SWI,9.25,Success
2016-06-28T12:00:00.000000Z,c_gls_SWI_201606291200_GLOBE_ASCAT_V3.1.1_nc,ASCAT_SWI,9.16,Success
2016-06-09T12:00:00.000000Z,c_gls_SWI_201606101200_GLOBE_ASCAT_V3.1.1_nc,ASCAT_SWI,9.39,Success
2016-06-04T12:00:00.000000Z,c_gls_SWI_201606051200_GLOBE_ASCAT_V3.1.1_nc,ASCAT_SWI,9.46,Success
2016-06-02T12:00:00.000000Z,c_gls_SWI_201606031200_GLOBE_ASCAT_V3.1.1_nc,ASCAT_SWI,9.48,Success
2016-06-01T12:00:00.000000Z,c_gls_SWI_201606021200_GLOBE_ASCAT_V3.1.1_nc,ASCAT_SWI,9.49,Success
2016-06-18T12:00:00.000000Z,c_gls_SWI_201606191200_GLOBE_ASCAT_V3.1.1_nc,ASCAT_SWI,9.28,Success
2016-04-29T12:00:00.000000Z,c_gls_SWI_201604301200_GLOBE_ASCAT_V3.1.1_nc,ASCAT_SWI,9.3,Success
2016-12-28T12:00:00.000000Z,c_gls_SWI_201612291200_GLOBE_ASCAT_V3.1.1_nc,ASCAT_SWI,8.89,Success
2016-02-17T12:00:00.000000Z,c_gls_SWI_201602181200_GLOBE_ASCAT_V3.1.1_nc,ASCAT_SWI,8.37,Success
2016-02-14T12:00:00.000000Z,c_gls_SWI_201602151200_GLOBE_ASCAT_V3.1.1_nc,ASCAT_SWI,8.37,Success
2016-02-08T12:00:00.000000Z,c_gls_SWI_201602091200_GLOBE_ASCAT_V3.1.1_nc,ASCAT_SWI,8.35,Success
2016-01-09T12:00:00.000000Z,c_gls_SWI_201601101200_GLOBE_ASCAT_V3.1.1_nc,ASCAT_SWI,8.73,Success
2016-01-27T12:00:00.000000Z,c_gls_SWI_201601281200_GLOBE_ASCAT_V3.1.1_nc,ASCAT_SWI,8.5,Success
2016-12-07T12:00:00.000000Z,c_gls_SWI_201612081200_GLOBE_ASCAT_V3.1.1_nc,ASCAT_SWI,9.19,Success
2016-01-07T12:00:00.000000Z,c_gls_SWI_201601081200_GLOBE_ASCAT_V3.1.1_nc,ASCAT_SWI,8.76,Success
2016-12-08T12:00:00.000000Z,c_gls_SWI_201612091200_GLOBE_ASCAT_V3.1.1_nc,ASCAT_SWI,9.16,Success
2016-12-04T12:00:00.000000Z,c_gls_SWI_201612051200_GLOBE_ASCAT_V3.1.1_nc,ASCAT_SWI,9.23,Success
2016-05-15T12:00:00.000000Z,c_gls_SWI_201605161200_GLOBE_ASCAT_V3.1.1_nc,ASCAT_SWI,9.44,Success
2016-12-11T12:00:00.000000Z,c_gls_SWI_201612121200_GLOBE_ASCAT_V3.1.1_nc,ASCAT_SWI,9.14,Success
2016-05-31T12:00:00.000000Z,c_gls_SWI_201606011200_GLOBE_ASCAT_V3.1.1_nc,ASCAT_SWI,9.48,Success
2016-05-24T12:00:00.000000Z,c_gls_SWI_201605251200_GLOBE_ASCAT_V3.1.1_nc,ASCAT_SWI,9.55,Success
2016-05-08T12:00:00.000000Z,c_gls_SWI_201605091200_GLOBE_ASCAT_V3.1.1_nc,ASCAT_SWI,9.4,Success
2016-05-17T12:00:00.000000Z,c_gls_SWI_201605181200_GLOBE_ASCAT_V3.1.1_nc,ASCAT_SWI,9.48,Success
2016-05-09T12:00:00.000000Z,c_gls_SWI_201605101200_GLOBE_ASCAT_V3.1.1_nc,ASCAT_SWI,9.39,Success
2016-04-05T12:00:00.000000Z,c_gls_SWI_201604061200_GLOBE_ASCAT_V3.1.1_nc,ASCAT_SWI,8.78,Success
2016-05-06T12:00:00.000000Z,c_gls_SWI_201605071200_GLOBE_ASCAT_V3.1.1_nc,ASCAT_SWI,9.36,Success
2016-05-22T12:00:00.000000Z,c_gls_SWI_201605231200_GLOBE_ASCAT_V3.1.1_nc,ASCAT_SWI,9.55,Success
2016-12-05T12:00:00.000000Z,c_gls_SWI_201612061200_GLOBE_ASCAT_V3.1.1_nc,ASCAT_SWI,9.22,Success
2016-05-30T12:00:00.000000Z,c_gls_SWI_201605311200_GLOBE_ASCAT_V3.1.1_nc,ASCAT_SWI,9.48,Success
2016-02-03T12:00:00.000000Z,c_gls_SWI_201602041200_GLOBE_ASCAT_V3.1.1_nc,ASCAT_SWI,8.4,Success
2016-05-03T12:00:00.000000Z,c_gls_SWI_201605041200_GLOBE_ASCAT_V3.1.1_nc,ASCAT_SWI,9.34,Success
2016-08-11T12:00:00.000000Z,c_gls_SWI_201608121200_GLOBE_ASCAT_V3.1.1_nc,ASCAT_SWI,9.01,Success
2016-04-08T12:00:00.000000Z,c_gls_SWI_201604091200_GLOBE_ASCAT_V3.1.1_nc,ASCAT_SWI,8.83,Success
2016-04-03T12:00:00.000000Z,c_gls_SWI_201604041200_GLOBE_ASCAT_V3.1.1_nc,ASCAT_SWI,8.7,Success
2016-04-20T12:00:00.000000Z,c_gls_SWI_201604211200_GLOBE_ASCAT_V3.1.1_nc,ASCAT_SWI,9.11,Success
2016-10-21T12:00:00.000000Z,c_gls_SWI_201610221200_GLOBE_ASCAT_V3.1.1_nc,ASCAT_SWI,9.38,Success
2016-01-13T12:00:00.000000Z,c_gls_SWI_201601141200_GLOBE_ASCAT_V3.1.1_nc,ASCAT_SWI,8.69,Success
2016-04-26T12:00:00.000000Z,c_gls_SWI_201604271200_GLOBE_ASCAT_V3.1.1_nc,ASCAT_SWI,9.24,Success
2016-04-13T12:00:00.000000Z,c_gls_SWI_201604141200_GLOBE_ASCAT_V3.1.1_nc,ASCAT_SWI,8.98,Success
2016-04-12T12:00:00.000000Z,c_gls_SWI_201604131200_GLOBE_ASCAT_V3.1.1_nc,ASCAT_SWI,8.94,Success
2016-04-04T12:00:00.000000Z,c_gls_SWI_201604051200_GLOBE_ASCAT_V3.1.1_nc,ASCAT_SWI,8.75,Success
2016-04-21T12:00:00.000000Z,c_gls_SWI_201604221200_GLOBE_ASCAT_V3.1.1_nc,ASCAT_SWI,9.12,Success
2016-04-16T12:00:00.000000Z,c_gls_SWI_201604171200_GLOBE_ASCAT_V3.1.1_nc,ASCAT_SWI,9.02,Success
2016-04-18T12:00:00.000000Z,c_gls_SWI_201604191200_GLOBE_ASCAT_V3.1.1_nc,ASCAT_SWI,9.06,Success
2016-11-17T12:00:00.000000Z,c_gls_SWI_201611181200_GLOBE_ASCAT_V3.1.1_nc,ASCAT_SWI,9.41,Success
2016-03-27T12:00:00.000000Z,c_gls_SWI_201603281200_GLOBE_ASCAT_V3.1.1_nc,ASCAT_SWI,8.56,Success
2016-04-09T12:00:00.000000Z,c_gls_SWI_201604101200_GLOBE_ASCAT_V3.1.1_nc,ASCAT_SWI,8.86,Success
2016-08-28T12:00:00.000000Z,c_gls_SWI_201608291200_GLOBE_ASCAT_V3.1.1_nc,ASCAT_SWI,9.0,Success
2016-07-24T12:00:00.000000Z,c_gls_SWI_201607251200_GLOBE_ASCAT_V3.1.1_nc,ASCAT_SWI,9.19,Success
2016-03-11T12:00:00.000000Z,c_gls_SWI_201603121200_GLOBE_ASCAT_V3.1.1_nc,ASCAT_SWI,8.48,Success
2016-03-18T12:00:00.000000Z,c_gls_SWI_201603191200_GLOBE_ASCAT_V3.1.1_nc,ASCAT_SWI,8.51,Success
2016-03-21T12:00:00.000000Z,c_gls_SWI_201603221200_GLOBE_ASCAT_V3.1.1_nc,ASCAT_SWI,8.52,Success
2016-03-30T12:00:00.000000Z,c_gls_SWI_201603311200_GLOBE_ASCAT_V3.1.1_nc,ASCAT_SWI,8.6,Success
2016-03-24T12:00:00.000000Z,c_gls_SWI_201603251200_GLOBE_ASCAT_V3.1.1_nc,ASCAT_SWI,8.54,Success
2016-03-13T12:00:00.000000Z,c_gls_SWI_201603141200_GLOBE_ASCAT_V3.1.1_nc,ASCAT_SWI,8.48,Success
2016-03-16T12:00:00.000000Z,c_gls_SWI_201603171200_GLOBE_ASCAT_V3.1.1_nc,ASCAT_SWI,8.5,Success
2016-03-07T12:00:00.000000Z,c_gls_SWI_201603081200_GLOBE_ASCAT_V3.1.1_nc,ASCAT_SWI,8.43,Success
2016-03-25T12:00:00.000000Z,c_gls_SWI_201603261200_GLOBE_ASCAT_V3.1.1_nc,ASCAT_SWI,8.56,Success
2016-12-10T12:00:00.000000Z,c_gls_SWI_201612111200_GLOBE_ASCAT_V3.1.1_nc,ASCAT_SWI,9.15,Success
2016-11-29T12:00:00.000000Z,c_gls_SWI_201611301200_GLOBE_ASCAT_V3.1.1_nc,ASCAT_SWI,9.31,Success
2016-04-30T12:00:00.000000Z,c_gls_SWI_201605011200_GLOBE_ASCAT_V3.1.1_nc,ASCAT_SWI,9.31,Success
2016-12-19T12:00:00.000000Z,c_gls_SWI_201612201200_GLOBE_ASCAT_V3.1.1_nc,ASCAT_SWI,9.04,Success
2016-12-30T12:00:00.000000Z,c_gls_SWI_201612311200_GLOBE_ASCAT_V3.1.1_nc,ASCAT_SWI,8.86,Success
2016-12-24T12:00:00.000000Z,c_gls_SWI_201612251200_GLOBE_ASCAT_V3.1.1_nc,ASCAT_SWI,8.95,Success
2016-12-27T12:00:00.000000Z,c_gls_SWI_201612281200_GLOBE_ASCAT_V3.1.1_nc,ASCAT_SWI,8.9,Success
2016-12-29T12:00:00.000000Z,c_gls_SWI_201612301200_GLOBE_ASCAT_V3.1.1_nc,ASCAT_SWI,8.88,Success
2016-12-21T12:00:00.000000Z,c_gls_SWI_201612221200_GLOBE_ASCAT_V3.1.1_nc,ASCAT_SWI,9.01,Success
2016-12-15T12:00:00.000000Z,c_gls_SWI_201612161200_GLOBE_ASCAT_V3.1.1_nc,ASCAT_SWI,9.08,Success
2016-12-06T12:00:00.000000Z,c_gls_SWI_201612071200_GLOBE_ASCAT_V3.1.1_nc,ASCAT_SWI,9.2,Success
2016-12-14T12:00:00.000000Z,c_gls_SWI_201612151200_GLOBE_ASCAT_V3.1.1_nc,ASCAT_SWI,9.1,Success
2016-12-12T12:00:00.000000Z,c_gls_SWI_201612131200_GLOBE_ASCAT_V3.1.1_nc,ASCAT_SWI,9.13,Success
2016-12-13T12:00:00.000000Z,c_gls_SWI_201612141200_GLOBE_ASCAT_V3.1.1_nc,ASCAT_SWI,9.11,Success
2016-12-17T12:00:00.000000Z,c_gls_SWI_201612181200_GLOBE_ASCAT_V3.1.1_nc,ASCAT_SWI,9.06,Success
2016-12-09T12:00:00.000000Z,c_gls_SWI_201612101200_GLOBE_ASCAT_V3.1.1_nc,ASCAT_SWI,9.15,Success
2016-12-02T12:00:00.000000Z,c_gls_SWI_201612031200_GLOBE_ASCAT_V3.1.1_nc,ASCAT_SWI,9.25,Success
2016-11-02T12:00:00.000000Z,c_gls_SWI_201611031200_GLOBE_ASCAT_V3.1.1_nc,ASCAT_SWI,9.44,Success
2016-11-14T12:00:00.000000Z,c_gls_SWI_201611151200_GLOBE_ASCAT_V3.1.1_nc,ASCAT_SWI,9.42,Success
2016-11-03T12:00:00.000000Z,c_gls_SWI_201611041200_GLOBE_ASCAT_V3.1.1_nc,ASCAT_SWI,9.44,Success
2016-11-27T12:00:00.000000Z,c_gls_SWI_201611281200_GLOBE_ASCAT_V3.1.1_nc,ASCAT_SWI,9.33,Success
2016-11-05T12:00:00.000000Z,c_gls_SWI_201611061200_GLOBE_ASCAT_V3.1.1_nc,ASCAT_SWI,9.44,Success
2016-11-23T12:00:00.000000Z,c_gls_SWI_201611241200_GLOBE_ASCAT_V3.1.1_nc,ASCAT_SWI,9.36,Success
2016-11-28T12:00:00.000000Z,c_gls_SWI_201611291200_GLOBE_ASCAT_V3.1.1_nc,ASCAT_SWI,9.32,Success
2016-11-24T12:00:00.000000Z,c_gls_SWI_201611251200_GLOBE_ASCAT_V3.1.1_nc,ASCAT_SWI,9.36,Success
2016-11-21T12:00:00.000000Z,c_gls_SWI_201611221200_GLOBE_ASCAT_V3.1.1_nc,ASCAT_SWI,9.39,Success
2016-11-09T12:00:00.000000Z,c_gls_SWI_201611101200_GLOBE_ASCAT_V3.1.1_nc,ASCAT_SWI,9.43,Success
2016-11-01T12:00:00.000000Z,c_gls_SWI_201611021200_GLOBE_ASCAT_V3.1.1_nc,ASCAT_SWI,9.43,Success
2016-11-12T12:00:00.000000Z,c_gls_SWI_201611131200_GLOBE_ASCAT_V3.1.1_nc,ASCAT_SWI,9.43,Success
2016-11-06T12:00:00.000000Z,c_gls_SWI_201611071200_GLOBE_ASCAT_V3.1.1_nc,ASCAT_SWI,9.45,Success
2016-11-04T12:00:00.000000Z,c_gls_SWI_201611051200_GLOBE_ASCAT_V3.1.1_nc,ASCAT_SWI,9.44,Success
2016-11-10T12:00:00.000000Z,c_gls_SWI_201611111200_GLOBE_ASCAT_V3.1.1_nc,ASCAT_SWI,9.44,Success
2016-01-11T12:00:00.000000Z,c_gls_SWI_201601121200_GLOBE_ASCAT_V3.1.1_nc,ASCAT_SWI,8.7,Success
2016-01-16T12:00:00.000000Z,c_gls_SWI_201601171200_GLOBE_ASCAT_V3.1.1_nc,ASCAT_SWI,8.64,Success
2016-09-25T12:00:00.000000Z,c_gls_SWI_201609261200_GLOBE_ASCAT_V3.1.1_nc,ASCAT_SWI,9.11,Success
2016-07-21T12:00:00.000000Z,c_gls_SWI_201607221200_GLOBE_ASCAT_V3.1.1_nc,ASCAT_SWI,9.12,Success
2016-08-25T12:00:00.000000Z,c_gls_SWI_201608261200_GLOBE_ASCAT_V3.1.1_nc,ASCAT_SWI,9.01,Success
2016-05-23T12:00:00.000000Z,c_gls_SWI_201605241200_GLOBE_ASCAT_V3.1.1_nc,ASCAT_SWI,9.56,Success
2016-01-28T12:00:00.000000Z,c_gls_SWI_201601291200_GLOBE_ASCAT_V3.1.1_nc,ASCAT_SWI,8.47,Success
2016-06-14T12:00:00.000000Z,c_gls_SWI_201606151200_GLOBE_ASCAT_V3.1.1_nc,ASCAT_SWI,9.31,Success
2016-05-02T12:00:00.000000Z,c_gls_SWI_201605031200_GLOBE_ASCAT_V3.1.1_nc,ASCAT_SWI,9.32,Success
2016-07-03T12:00:00.000000Z,c_gls_SWI_201607041200_GLOBE_ASCAT_V3.1.1_nc,ASCAT_SWI,9.11,Success
2016-05-04T12:00:00.000000Z,c_gls_SWI_201605051200_GLOBE_ASCAT_V3.1.1_nc,ASCAT_SWI,9.34,Success
2016-07-11T12:00:00.000000Z,c_gls_SWI_201607121200_GLOBE_ASCAT_V3.1.1_nc,ASCAT_SWI,9.06,Success
2016-07-25T12:00:00.000000Z,c_gls_SWI_201607261200_GLOBE_ASCAT_V3.1.1_nc,ASCAT_SWI,9.15,Success
2016-02-24T12:00:00.000000Z,c_gls_SWI_201602251200_GLOBE_ASCAT_V3.1.1_nc,ASCAT_SWI,8.37,Success
2016-06-15T12:00:00.000000Z,c_gls_SWI_201606161200_GLOBE_ASCAT_V3.1.1_nc,ASCAT_SWI,9.3,Success
2016-03-14T12:00:00.000000Z,c_gls_SWI_201603151200_GLOBE_ASCAT_V3.1.1_nc,ASCAT_SWI,8.48,Success
2016-07-29T12:00:00.000000Z,c_gls_SWI_201607301200_GLOBE_ASCAT_V3.1.1_nc,ASCAT_SWI,9.08,Success
2016-04-17T12:00:00.000000Z,c_gls_SWI_201604181200_GLOBE_ASCAT_V3.1.1_nc,ASCAT_SWI,9.03,Success
2016-02-27T12:00:00.000000Z,c_gls_SWI_201602281200_GLOBE_ASCAT_V3.1.1_nc,ASCAT_SWI,8.36,Success
2016-08-14T12:00:00.000000Z,c_gls_SWI_201608151200_GLOBE_ASCAT_V3.1.1_nc,ASCAT_SWI,9.01,Success
2016-10-24T12:00:00.000000Z,c_gls_SWI_201610251200_GLOBE_ASCAT_V3.1.1_nc,ASCAT_SWI,9.41,Success
2016-05-16T12:00:00.000000Z,c_gls_SWI_201605171200_GLOBE_ASCAT_V3.1.1_nc,ASCAT_SWI,9.46,Success
2016-07-06T12:00:00.000000Z,c_gls_SWI_201607071200_GLOBE_ASCAT_V3.1.1_nc,ASCAT_SWI,9.09,Success
2016-02-29T12:00:00.000000Z,c_gls_SWI_201603011200_GLOBE_ASCAT_V3.1.1_nc,ASCAT_SWI,8.37,Success
2016-10-05T12:00:00.000000Z,c_gls_SWI_201610061200_GLOBE_ASCAT_V3.1.1_nc,ASCAT_SWI,9.24,Success
2016-01-08T12:00:00.000000Z,c_gls_SWI_201601091200_GLOBE_ASCAT_V3.1.1_nc,ASCAT_SWI,8.75,Success
2016-08-03T12:00:00.000000Z,c_gls_SWI_201608041200_GLOBE_ASCAT_V3.1.1_nc,ASCAT_SWI,9.03,Success
2016-12-23T12:00:00.000000Z,c_gls_SWI_201612241200_GLOBE_ASCAT_V3.1.1_nc,ASCAT_SWI,8.97,Success
2016-11-30T12:00:00.000000Z,c_gls_SWI_201612011200_GLOBE_ASCAT_V3.1.1_nc,ASCAT_SWI,9.29,Success
2016-02-16T12:00:00.000000Z,c_gls_SWI_201602171200_GLOBE_ASCAT_V3.1.1_nc,ASCAT_SWI,8.37,Success
2016-06-12T12:00:00.000000Z,c_gls_SWI_201606131200_GLOBE_ASCAT_V3.1.1_nc,ASCAT_SWI,9.32,Success
2016-09-22T12:00:00.000000Z,c_gls_SWI_201609231200_GLOBE_ASCAT_V3.1.1_nc,ASCAT_SWI,9.1,Success
2016-01-26T12:00:00.000000Z,c_gls_SWI_201601271200_GLOBE_ASCAT_V3.1.1_nc,ASCAT_SWI,8.5,Success
2016-01-18T12:00:00.000000Z,c_gls_SWI_201601191200_GLOBE_ASCAT_V3.1.1_nc,ASCAT_SWI,8.62,Success
2016-01-17T12:00:00.000000Z,c_gls_SWI_201601181200_GLOBE_ASCAT_V3.1.1_nc,ASCAT_SWI,8.64,Success
2016-03-26T12:00:00.000000Z,c_gls_SWI_201603271200_GLOBE_ASCAT_V3.1.1_nc,ASCAT_SWI,8.56,Success
2016-09-04T12:00:00.000000Z,c_gls_SWI_201609051200_GLOBE_ASCAT_V3.1.1_nc,ASCAT_SWI,9.0,Success
2016-09-02T12:00:00.000000Z,c_gls_SWI_201609031200_GLOBE_ASCAT_V3.1.1_nc,ASCAT_SWI,9.01,Success
2016-04-02T12:00:00.000000Z,c_gls_SWI_201604031200_GLOBE_ASCAT_V3.1.1_nc,ASCAT_SWI,8.68,Success
2016-08-19T12:00:00.000000Z,c_gls_SWI_201608201200_GLOBE_ASCAT_V3.1.1_nc,ASCAT_SWI,9.02,Success
2016-02-15T12:00:00.000000Z,c_gls_SWI_201602161200_GLOBE_ASCAT_V3.1.1_nc,ASCAT_SWI,8.37,Success
2016-10-25T12:00:00.000000Z,c_gls_SWI_201610261200_GLOBE_ASCAT_V3.1.1_nc,ASCAT_SWI,9.42,Success
2016-08-10T12:00:00.000000Z,c_gls_SWI_201608111200_GLOBE_ASCAT_V3.1.1_nc,ASCAT_SWI,9.01,Success
2016-03-28T12:00:00.000000Z,c_gls_SWI_201603291200_GLOBE_ASCAT_V3.1.1_nc,ASCAT_SWI,8.56,Success
2016-04-01T12:00:00.000000Z,c_gls_SWI_201604021200_GLOBE_ASCAT_V3.1.1_nc,ASCAT_SWI,8.64,Success
2016-01-25T12:00:00.000000Z,c_gls_SWI_201601261200_GLOBE_ASCAT_V3.1.1_nc,ASCAT_SWI,8.51,Success
2016-06-25T12:00:00.000000Z,c_gls_SWI_201606261200_GLOBE_ASCAT_V3.1.1_nc,ASCAT_SWI,9.2,Success
2016-05-26T12:00:00.000000Z,c_gls_SWI_201605271200_GLOBE_ASCAT_V3.1.1_nc,ASCAT_SWI,9.53,Success
2016-10-03T12:00:00.000000Z,c_gls_SWI_201610041200_GLOBE_ASCAT_V3.1.1_nc,ASCAT_SWI,9.22,Success
2016-04-19T12:00:00.000000Z,c_gls_SWI_201604201200_GLOBE_ASCAT_V3.1.1_nc,ASCAT_SWI,9.1,Success
2016-03-17T12:00:00.000000Z,c_gls_SWI_201603181200_GLOBE_ASCAT_V3.1.1_nc,ASCAT_SWI,8.5,Success
2016-12-26T12:00:00.000000Z,c_gls_SWI_201612271200_GLOBE_ASCAT_V3.1.1_nc,ASCAT_SWI,8.92,Success
2016-08-04T12:00:00.000000Z,c_gls_SWI_201608051200_GLOBE_ASCAT_V3.1.1_nc,ASCAT_SWI,9.02,Success
2016-10-14T12:00:00.000000Z,c_gls_SWI_201610151200_GLOBE_ASCAT_V3.1.1_nc,ASCAT_SWI,9.35,Success
2016-08-18T12:00:00.000000Z,c_gls_SWI_201608191200_GLOBE_ASCAT_V3.1.1_nc,ASCAT_SWI,9.02,Success
2016-07-31T12:00:00.000000Z,c_gls_SWI_201608011200_GLOBE_ASCAT_V3.1.1_nc,ASCAT_SWI,9.05,Success
2016-09-16T12:00:00.000000Z,c_gls_SWI_201609171200_GLOBE_ASCAT_V3.1.1_nc,ASCAT_SWI,9.06,Success
2016-05-29T12:00:00.000000Z,c_gls_SWI_201605301200_GLOBE_ASCAT_V3.1.1_nc,ASCAT_SWI,9.49,Success
2016-09-23T12:00:00.000000Z,c_gls_SWI_201609241200_GLOBE_ASCAT_V3.1.1_nc,ASCAT_SWI,9.11,Success
2016-01-19T12:00:00.000000Z,c_gls_SWI_201601201200_GLOBE_ASCAT_V3.1.1_nc,ASCAT_SWI,8.6,Success
2016-04-10T12:00:00.000000Z,c_gls_SWI_201604111200_GLOBE_ASCAT_V3.1.1_nc,ASCAT_SWI,8.88,Success
2016-07-01T12:00:00.000000Z,c_gls_SWI_201607021200_GLOBE_ASCAT_V3.1.1_nc,ASCAT_SWI,9.13,Success
2016-02-10T12:00:00.000000Z,c_gls_SWI_201602111200_GLOBE_ASCAT_V3.1.1_nc,ASCAT_SWI,8.37,Success
2016-11-25T12:00:00.000000Z,c_gls_SWI_201611261200_GLOBE_ASCAT_V3.1.1_nc,ASCAT_SWI,9.35,Success
2016-01-21T12:00:00.000000Z,c_gls_SWI_201601221200_GLOBE_ASCAT_V3.1.1_nc,ASCAT_SWI,8.57,Success
2016-05-28T12:00:00.000000Z,c_gls_SWI_201605291200_GLOBE_ASCAT_V3.1.1_nc,ASCAT_SWI,9.5,Success
2016-07-18T12:00:00.000000Z,c_gls_SWI_201607191200_GLOBE_ASCAT_V3.1.1_nc,ASCAT_SWI,9.05,Success
2016-10-10T12:00:00.000000Z,c_gls_SWI_201610111200_GLOBE_ASCAT_V3.1.1_nc,ASCAT_SWI,9.31,Success
2016-08-07T12:00:00.000000Z,c_gls_SWI_201608081200_GLOBE_ASCAT_V3.1.1_nc,ASCAT_SWI,9.01,Success
2016-01-20T12:00:00.000000Z,c_gls_SWI_201601211200_GLOBE_ASCAT_V3.1.1_nc,ASCAT_SWI,8.58,Success
2016-03-23T12:00:00.000000Z,c_gls_SWI_201603241200_GLOBE_ASCAT_V3.1.1_nc,ASCAT_SWI,8.54,Success
2016-05-21T12:00:00.000000Z,c_gls_SWI_201605221200_GLOBE_ASCAT_V3.1.1_nc,ASCAT_SWI,9.54,Success
2016-03-02T12:00:00.000000Z,c_gls_SWI_201603031200_GLOBE_ASCAT_V3.1.1_nc,ASCAT_SWI,8.38,Success
2016-02-09T12:00:00.000000Z,c_gls_SWI_201602101200_GLOBE_ASCAT_V3.1.1_nc,ASCAT_SWI,8.36,Success
2016-07-12T12:00:00.000000Z,c_gls_SWI_201607131200_GLOBE_ASCAT_V3.1.1_nc,ASCAT_SWI,9.07,Success
2016-02-19T12:00:00.000000Z,c_gls_SWI_201602201200_GLOBE_ASCAT_V3.1.1_nc,ASCAT_SWI,8.39,Success
2016-01-23T12:00:00.000000Z,c_gls_SWI_201601241200_GLOBE_ASCAT_V3.1.1_nc,ASCAT_SWI,8.53,Success
2016-08-24T12:00:00.000000Z,c_gls_SWI_201608251200_GLOBE_ASCAT_V3.1.1_nc,ASCAT_SWI,9.01,Success
2016-05-18T12:00:00.000000Z,c_gls_SWI_201605191200_GLOBE_ASCAT_V3.1.1_nc,ASCAT_SWI,9.51,Success
2016-01-03T12:00:00.000000Z,c_gls_SWI_201601041200_GLOBE_ASCAT_V3.1.1_nc,ASCAT_SWI,8.83,Success
2016-02-02T12:00:00.000000Z,c_gls_SWI_201602031200_GLOBE_ASCAT_V3.1.1_nc,ASCAT_SWI,8.4,Success
2016-11-22T12:00:00.000000Z,c_gls_SWI_201611231200_GLOBE_ASCAT_V3.1.1_nc,ASCAT_SWI,9.38,Success
2016-03-05T12:00:00.000000Z,c_gls_SWI_201603061200_GLOBE_ASCAT_V3.1.1_nc,ASCAT_SWI,8.42,Success
2016-04-07T12:00:00.000000Z,c_gls_SWI_201604081200_GLOBE_ASCAT_V3.1.1_nc,ASCAT_SWI,8.81,Success
2016-10-23T12:00:00.000000Z,c_gls_SWI_201610241200_GLOBE_ASCAT_V3.1.1_nc,ASCAT_SWI,9.4,Success
2016-06-03T12:00:00.000000Z,c_gls_SWI_201606041200_GLOBE_ASCAT_V3.1.1_nc,ASCAT_SWI,9.47,Success
2016-03-03T12:00:00.000000Z,c_gls_SWI_201603041200_GLOBE_ASCAT_V3.1.1_nc,ASCAT_SWI,8.39,Success
2016-12-18T12:00:00.000000Z,c_gls_SWI_201612191200_GLOBE_ASCAT_V3.1.1_nc,ASCAT_SWI,9.04,Success
2016-03-19T12:00:00.000000Z,c_gls_SWI_201603201200_GLOBE_ASCAT_V3.1.1_nc,ASCAT_SWI,8.52,Success
2016-06-30T12:00:00.000000Z,c_gls_SWI_201607011200_GLOBE_ASCAT_V3.1.1_nc,ASCAT_SWI,9.15,Success
2016-08-20T12:00:00.000000Z,c_gls_SWI_201608211200_GLOBE_ASCAT_V3.1.1_nc,ASCAT_SWI,9.02,Success
2016-03-08T12:00:00.000000Z,c_gls_SWI_201603091200_GLOBE_ASCAT_V3.1.1_nc,ASCAT_SWI,8.46,Success
2016-02-23T12:00:00.000000Z,c_gls_SWI_201602241200_GLOBE_ASCAT_V3.1.1_nc,ASCAT_SWI,8.38,Success
2016-09-18T12:00:00.000000Z,c_gls_SWI_201609191200_GLOBE_ASCAT_V3.1.1_nc,ASCAT_SWI,9.08,Success
2016-11-19T12:00:00.000000Z,c_gls_SWI_201611201200_GLOBE_ASCAT_V3.1.1_nc,ASCAT_SWI,9.39,Success
2016-11-18T12:00:00.000000Z,c_gls_SWI_201611191200_GLOBE_ASCAT_V3.1.1_nc,ASCAT_SWI,9.39,Success
2016-06-06T12:00:00.000000Z,c_gls_SWI_201606071200_GLOBE_ASCAT_V3.1.1_nc,ASCAT_SWI,9.46,Success
2016-09-17T12:00:00.000000Z,c_gls_SWI_201609181200_GLOBE_ASCAT_V3.1.1_nc,ASCAT_SWI,9.07,Success
2016-09-07T12:00:00.000000Z,c_gls_SWI_201609081200_GLOBE_ASCAT_V3.1.1_nc,ASCAT_SWI,9.0,Success
2016-05-10T12:00:00.000000Z,c_gls_SWI_201605111200_GLOBE_ASCAT_V3.1.1_nc,ASCAT_SWI,9.41,Success
2016-11-11T12:00:00.000000Z,c_gls_SWI_201611121200_GLOBE_ASCAT_V3.1.1_nc,ASCAT_SWI,9.44,Success
2016-05-11T12:00:00.000000Z,c_gls_SWI_201605121200_GLOBE_ASCAT_V3.1.1_nc,ASCAT_SWI,9.4,Success
2016-10-15T12:00:00.000000Z,c_gls_SWI_201610161200_GLOBE_ASCAT_V3.1.1_nc,ASCAT_SWI,9.35,Success
2016-11-13T12:00:00.000000Z,c_gls_SWI_201611141200_GLOBE_ASCAT_V3.1.1_nc,ASCAT_SWI,9.42,Success
2016-04-15T12:00:00.000000Z,c_gls_SWI_201604161200_GLOBE_ASCAT_V3.1.1_nc,ASCAT_SWI,9.02,Success
2016-12-22T12:00:00.000000Z,c_gls_SWI_201612231200_GLOBE_ASCAT_V3.1.1_nc,ASCAT_SWI,8.99,Success
2016-05-05T12:00:00.000000Z,c_gls_SWI_201605061200_GLOBE_ASCAT_V3.1.1_nc,ASCAT_SWI,9.35,Success
2016-12-01T12:00:00.000000Z,c_gls_SWI_201612021200_GLOBE_ASCAT_V3.1.1_nc,ASCAT_SWI,9.27,Success
2016-07-14T12:00:00.000000Z,c_gls_SWI_201607151200_GLOBE_ASCAT_V3.1.1_nc,ASCAT_SWI,9.06,Success
2016-12-25T12:00:00.000000Z,c_gls_SWI_201612261200_GLOBE_ASCAT_V3.1.1_nc,ASCAT_SWI,8.93,Success
2016-06-05T12:00:00.000000Z,c_gls_SWI_201606061200_GLOBE_ASCAT_V3.1.1_nc,ASCAT_SWI,9.46,Success
2016-10-31T12:00:00.000000Z,c_gls_SWI_201611011200_GLOBE_ASCAT_V3.1.1_nc,ASCAT_SWI,9.43,Success
2016-09-09T12:00:00.000000Z,c_gls_SWI_201609101200_GLOBE_ASCAT_V3.1.1_nc,ASCAT_SWI,9.0,Success
2016-06-10T12:00:00.000000Z,c_gls_SWI_201606111200_GLOBE_ASCAT_V3.1.1_nc,ASCAT_SWI,9.37,Success
2016-08-16T12:00:00.000000Z,c_gls_SWI_201608171200_GLOBE_ASCAT_V3.1.1_nc,ASCAT_SWI,9.02,Success
2016-06-16T12:00:00.000000Z,c_gls_SWI_201606171200_GLOBE_ASCAT_V3.1.1_nc,ASCAT_SWI,9.3,Success
2016-10-27T12:00:00.000000Z,c_gls_SWI_201610281200_GLOBE_ASCAT_V3.1.1_nc,ASCAT_SWI,9.44,Success
2016-06-17T12:00:00.000000Z,c_gls_SWI_201606181200_GLOBE_ASCAT_V3.1.1_nc,ASCAT_SWI,9.28,Success
2016-05-12T12:00:00.000000Z,c_gls_SWI_201605131200_GLOBE_ASCAT_V3.1.1_nc,ASCAT_SWI,9.41,Success
2016-07-23T12:00:00.000000Z,c_gls_SWI_201607241200_GLOBE_ASCAT_V3.1.1_nc,ASCAT_SWI,9.33,Success
2016-07-20T12:00:00.000000Z,c_gls_SWI_201607211200_GLOBE_ASCAT_V3.1.1_nc,ASCAT_SWI,9.04,Success
2016-03-01T12:00:00.000000Z,c_gls_SWI_201603021200_GLOBE_ASCAT_V3.1.1_nc,ASCAT_SWI,8.38,Success
2016-07-17T12:00:00.000000Z,c_gls_SWI_201607181200_GLOBE_ASCAT_V3.1.1_nc,ASCAT_SWI,9.04,Success
2016-02-18T12:00:00.000000Z,c_gls_SWI_201602191200_GLOBE_ASCAT_V3.1.1_nc,ASCAT_SWI,8.29,Success
2016-08-09T12:00:00.000000Z,c_gls_SWI_201608101200_GLOBE_ASCAT_V3.1.1_nc,ASCAT_SWI,9.01,Success
2016-02-06T12:00:00.000000Z,c_gls_SWI_201602071200_GLOBE_ASCAT_V3.1.1_nc,ASCAT_SWI,8.37,Success
2016-12-31T12:00:00.000000Z,c_gls_SWI_201701011200_GLOBE_ASCAT_V3.1.1_nc,ASCAT_SWI,8.85,Success
2016-03-20T12:00:00.000000Z,c_gls_SWI_201603211200_GLOBE_ASCAT_V3.1.1_nc,ASCAT_SWI,8.53,Success
2016-01-15T12:00:00.000000Z,c_gls_SWI_201601161200_GLOBE_ASCAT_V3.1.1_nc,ASCAT_SWI,8.66,Success
2016-09-01T12:00:00.000000Z,c_gls_SWI_201609021200_GLOBE_ASCAT_V3.1.1_nc,ASCAT_SWI,9.02,Success
2016-03-10T12:00:00.000000Z,c_gls_SWI_201603111200_GLOBE_ASCAT_V3.1.1_nc,ASCAT_SWI,8.47,Success
2016-02-13T12:00:00.000000Z,c_gls_SWI_201602141200_GLOBE_ASCAT_V3.1.1_nc,ASCAT_SWI,8.37,Success
2016-12-20T12:00:00.000000Z,c_gls_SWI_201612211200_GLOBE_ASCAT_V3.1.1_nc,ASCAT_SWI,9.02,Success
2016-07-22T12:00:00.000000Z,c_gls_SWI_201607231200_GLOBE_ASCAT_V3.1.1_nc,ASCAT_SWI,9.08,Success
2016-03-12T12:00:00.000000Z,c_gls_SWI_201603131200_GLOBE_ASCAT_V3.1.1_nc,ASCAT_SWI,8.48,Success
2016-08-06T12:00:00.000000Z,c_gls_SWI_201608071200_GLOBE_ASCAT_V3.1.1_nc,ASCAT_SWI,9.02,Success
2016-07-28T12:00:00.000000Z,c_gls_SWI_201607291200_GLOBE_ASCAT_V3.1.1_nc,ASCAT_SWI,9.06,Success
2016-03-22T12:00:00.000000Z,c_gls_SWI_201603231200_GLOBE_ASCAT_V3.1.1_nc,ASCAT_SWI,8.53,Success
2016-11-16T12:00:00.000000Z,c_gls_SWI_201611171200_GLOBE_ASCAT_V3.1.1_nc,ASCAT_SWI,9.4,Success
2016-04-27T12:00:00.000000Z,c_gls_SWI_201604281200_GLOBE_ASCAT_V3.1.1_nc,ASCAT_SWI,9.27,Success
2016-01-29T12:00:00.000000Z,c_gls_SWI_201601301200_GLOBE_ASCAT_V3.1.1_nc,ASCAT_SWI,8.46,Success
2016-10-17T12:00:00.000000Z,c_gls_SWI_201610181200_GLOBE_ASCAT_V3.1.1_nc,ASCAT_SWI,9.36,Success
2016-12-16T12:00:00.000000Z,c_gls_SWI_201612171200_GLOBE_ASCAT_V3.1.1_nc,ASCAT_SWI,9.08,Success
2016-09-12T12:00:00.000000Z,c_gls_SWI_201609131200_GLOBE_ASCAT_V3.1.1_nc,ASCAT_SWI,9.03,Success
2016-07-27T12:00:00.000000Z,c_gls_SWI_201607281200_GLOBE_ASCAT_V3.1.1_nc,ASCAT_SWI,9.11,Success
2016-05-20T12:00:00.000000Z,c_gls_SWI_201605211200_GLOBE_ASCAT_V3.1.1_nc,ASCAT_SWI,9.53,Success
2016-10-11T12:00:00.000000Z,c_gls_SWI_201610121200_GLOBE_ASCAT_V3.1.1_nc,ASCAT_SWI,9.33,Success
2016-12-03T12:00:00.000000Z,c_gls_SWI_201612041200_GLOBE_ASCAT_V3.1.1_nc,ASCAT_SWI,9.24,Success
2016-09-14T12:00:00.000000Z,c_gls_SWI_201609151200_GLOBE_ASCAT_V3.1.1_nc,ASCAT_SWI,9.04,Success
2016-10-29T12:00:00.000000Z,c_gls_SWI_201610301200_GLOBE_ASCAT_V3.1.1_nc,ASCAT_SWI,9.43,Success
2016-08-12T12:00:00.000000Z,c_gls_SWI_201608131200_GLOBE_ASCAT_V3.1.1_nc,ASCAT_SWI,9.01,Success
2016-10-20T12:00:00.000000Z,c_gls_SWI_201610211200_GLOBE_ASCAT_V3.1.1_nc,ASCAT_SWI,9.38,Success
2016-04-06T12:00:00.000000Z,c_gls_SWI_201604071200_GLOBE_ASCAT_V3.1.1_nc,ASCAT_SWI,8.8,Success
2016-02-20T12:00:00.000000Z,c_gls_SWI_201602211200_GLOBE_ASCAT_V3.1.1_nc,ASCAT_SWI,8.39,Success
2016-10-12T12:00:00.000000Z,c_gls_SWI_201610131200_GLOBE_ASCAT_V3.1.1_nc,ASCAT_SWI,9.34,Success
2016-09-24T12:00:00.000000Z,c_gls_SWI_201609251200_GLOBE_ASCAT_V3.1.1_nc,ASCAT_SWI,9.11,Success
2016-07-08T12:00:00.000000Z,c_gls_SWI_201607091200_GLOBE_ASCAT_V3.1.1_nc,ASCAT_SWI,9.08,Success
2016-05-14T12:00:00.000000Z,c_gls_SWI_201605151200_GLOBE_ASCAT_V3.1.1_nc,ASCAT_SWI,9.44,Success
2016-11-08T12:00:00.000000Z,c_gls_SWI_201611091200_GLOBE_ASCAT_V3.1.1_nc,ASCAT_SWI,9.44,Success
2016-01-30T12:00:00.000000Z,c_gls_SWI_201601311200_GLOBE_ASCAT_V3.1.1_nc,ASCAT_SWI,8.44,Success
2016-11-26T12:00:00.000000Z,c_gls_SWI_201611271200_GLOBE_ASCAT_V3.1.1_nc,ASCAT_SWI,9.34,Success
2016-01-24T12:00:00.000000Z,c_gls_SWI_201601251200_GLOBE_ASCAT_V3.1.1_nc,ASCAT_SWI,8.51,Success
2016-04-14T12:00:00.000000Z,c_gls_SWI_201604151200_GLOBE_ASCAT_V3.1.1_nc,ASCAT_SWI,8.99,Success
2016-10-16T12:00:00.000000Z,c_gls_SWI_201610171200_GLOBE_ASCAT_V3.1.1_nc,ASCAT_SWI,9.35,Success
2016-10-30T12:00:00.000000Z,c_gls_SWI_201610311200_GLOBE_ASCAT_V3.1.1_nc,ASCAT_SWI,9.43,Success
2016-10-04T12:00:00.000000Z,c_gls_SWI_201610051200_GLOBE_ASCAT_V3.1.1_nc,ASCAT_SWI,9.24,Success
2016-03-06T12:00:00.000000Z,c_gls_SWI_201603071200_GLOBE_ASCAT_V3.1.1_nc,ASCAT_SWI,8.42,Success
2016-11-07T12:00:00.000000Z,c_gls_SWI_201611081200_GLOBE_ASCAT_V3.1.1_nc,ASCAT_SWI,9.45,Success
2016-03-04T12:00:00.000000Z,c_gls_SWI_201603051200_GLOBE_ASCAT_V3.1.1_nc,ASCAT_SWI,8.4,Success
2016-07-07T12:00:00.000000Z,c_gls_SWI_201607081200_GLOBE_ASCAT_V3.1.1_nc,ASCAT_SWI,9.08,Success
2016-11-15T12:00:00.000000Z,c_gls_SWI_201611161200_GLOBE_ASCAT_V3.1.1_nc,ASCAT_SWI,9.41,Success
2016-05-25T12:00:00.000000Z,c_gls_SWI_201605261200_GLOBE_ASCAT_V3.1.1_nc,ASCAT_SWI,9.54,Success
2016-09-21T12:00:00.000000Z,c_gls_SWI_201609221200_GLOBE_ASCAT_V3.1.1_nc,ASCAT_SWI,9.1,Success
2016-08-13T12:00:00.000000Z,c_gls_SWI_201608141200_GLOBE_ASCAT_V3.1.1_nc,ASCAT_SWI,9.01,Success
2016-08-02T12:00:00.000000Z,c_gls_SWI_201608031200_GLOBE_ASCAT_V3.1.1_nc,ASCAT_SWI,9.03,Success
2016-03-29T12:00:00.000000Z,c_gls_SWI_201603301200_GLOBE_ASCAT_V3.1.1_nc,ASCAT_SWI,8.57,Success
2016-02-28T12:00:00.000000Z,c_gls_SWI_201602291200_GLOBE_ASCAT_V3.1.1_nc,ASCAT_SWI,8.36,Success
2016-06-11T12:00:00.000000Z,c_gls_SWI_201606121200_GLOBE_ASCAT_V3.1.1_nc,ASCAT_SWI,9.34,Success
2016-08-31T12:00:00.000000Z,c_gls_SWI_201609011200_GLOBE_ASCAT_V3.1.1_nc,ASCAT_SWI,9.03,Success
2016-08-15T12:00:00.000000Z,c_gls_SWI_201608161200_GLOBE_ASCAT_V3.1.1_nc,ASCAT_SWI,9.02,Success
2016-01-12T12:00:00.000000Z,c_gls_SWI_201601131200_GLOBE_ASCAT_V3.1.1_nc,ASCAT_SWI,8.7,Success
2016-05-22T12:00:00.000000Z,c_gls_SWI_201605231200_GLOBE_ASCAT_V4.0.1_nc,ASCAT_SWI,9.6,Success
2016-01-03T12:00:00.000000Z,c_gls_SWI_201601041200_GLOBE_ASCAT_V4.0.1_nc,ASCAT_SWI,7.76,Success
2016-02-27T12:00:00.000000Z,c_gls_SWI_201602281200_GLOBE_ASCAT_V4.0.1_nc,ASCAT_SWI,7.43,Success
2016-01-22T12:00:00.000000Z,c_gls_SWI_201601231200_GLOBE_ASCAT_V4.0.1_nc,ASCAT_SWI,7.23,Success
2016-03-04T12:00:00.000000Z,c_gls_SWI_201603051200_GLOBE_ASCAT_V4.0.1_nc,ASCAT_SWI,7.78,Success
2016-07-28T12:00:00.000000Z,c_gls_SWI_201607291200_GLOBE_ASCAT_V4.0.1_nc,ASCAT_SWI,9.99,Success
2016-03-16T12:00:00.000000Z,c_gls_SWI_201603171200_GLOBE_ASCAT_V4.0.1_nc,ASCAT_SWI,7.76,Success
2016-01-02T12:00:00.000000Z,c_gls_SWI_201601031200_GLOBE_ASCAT_V4.0.1_nc,ASCAT_SWI,7.78,Success
2016-01-28T12:00:00.000000Z,c_gls_SWI_201601291200_GLOBE_ASCAT_V4.0.1_nc,ASCAT_SWI,7.14,Success
2016-01-01T12:00:00.000000Z,c_gls_SWI_201601021200_GLOBE_ASCAT_V4.0.1_nc,ASCAT_SWI,7.8,Success
2016-05-08T12:00:00.000000Z,c_gls_SWI_201605091200_GLOBE_ASCAT_V4.0.1_nc,ASCAT_SWI,9.32,Success
2016-01-05T12:00:00.000000Z,c_gls_SWI_201601061200_GLOBE_ASCAT_V4.0.1_nc,ASCAT_SWI,7.7,Success
2016-06-19T12:00:00.000000Z,c_gls_SWI_201606201200_GLOBE_ASCAT_V4.0.1_nc,ASCAT_SWI,10.66,Success
2016-01-04T12:00:00.000000Z,c_gls_SWI_201601051200_GLOBE_ASCAT_V4.0.1_nc,ASCAT_SWI,7.72,Success
2016-11-11T12:00:00.000000Z,c_gls_SWI_201611121200_GLOBE_ASCAT_V4.0.1_nc,ASCAT_SWI,8.72,Success
2016-04-26T12:00:00.000000Z,c_gls_SWI_201604271200_GLOBE_ASCAT_V4.0.1_nc,ASCAT_SWI,8.48,Success
2016-09-17T12:00:00.000000Z,c_gls_SWI_201609181200_GLOBE_ASCAT_V4.0.1_nc,ASCAT_SWI,10.07,Success
2016-04-08T12:00:00.000000Z,c_gls_SWI_201604091200_GLOBE_ASCAT_V4.0.1_nc,ASCAT_SWI,8.29,Success
2016-11-26T12:00:00.000000Z,c_gls_SWI_201611271200_GLOBE_ASCAT_V4.0.1_nc,ASCAT_SWI,7.93,Success
2016-01-08T12:00:00.000000Z,c_gls_SWI_201601091200_GLOBE_ASCAT_V4.0.1_nc,ASCAT_SWI,7.59,Success
2016-02-12T12:00:00.000000Z,c_gls_SWI_201602131200_GLOBE_ASCAT_V4.0.1_nc,ASCAT_SWI,7.36,Success
2016-01-06T12:00:00.000000Z,c_gls_SWI_201601071200_GLOBE_ASCAT_V4.0.1_nc,ASCAT_SWI,7.66,Success
2016-01-07T12:00:00.000000Z,c_gls_SWI_201601081200_GLOBE_ASCAT_V4.0.1_nc,ASCAT_SWI,7.62,Success
2016-02-11T12:00:00.000000Z,c_gls_SWI_201602121200_GLOBE_ASCAT_V4.0.1_nc,ASCAT_SWI,7.39,Success
2016-09-18T12:00:00.000000Z,c_gls_SWI_201609191200_GLOBE_ASCAT_V4.0.1_nc,ASCAT_SWI,10.07,Success
2016-02-13T12:00:00.000000Z,c_gls_SWI_201602141200_GLOBE_ASCAT_V4.0.1_nc,ASCAT_SWI,7.34,Success
2016-02-03T12:00:00.000000Z,c_gls_SWI_201602041200_GLOBE_ASCAT_V4.0.1_nc,ASCAT_SWI,7.48,Success
2016-03-22T12:00:00.000000Z,c_gls_SWI_201603231200_GLOBE_ASCAT_V4.0.1_nc,ASCAT_SWI,7.71,Success
2016-03-05T12:00:00.000000Z,c_gls_SWI_201603061200_GLOBE_ASCAT_V4.0.1_nc,ASCAT_SWI,7.77,Success
2016-01-27T12:00:00.000000Z,c_gls_SWI_201601281200_GLOBE_ASCAT_V4.0.1_nc,ASCAT_SWI,7.14,Success
2016-07-21T12:00:00.000000Z,c_gls_SWI_201607221200_GLOBE_ASCAT_V4.0.1_nc,ASCAT_SWI,10.24,Success
2016-01-11T12:00:00.000000Z,c_gls_SWI_201601121200_GLOBE_ASCAT_V4.0.1_nc,ASCAT_SWI,7.48,Success
2016-12-17T12:00:00.000000Z,c_gls_SWI_201612181200_GLOBE_ASCAT_V4.0.1_nc,ASCAT_SWI,7.62,Success
2016-02-23T12:00:00.000000Z,c_gls_SWI_201602241200_GLOBE_ASCAT_V4.0.1_nc,ASCAT_SWI,7.43,Success
2016-01-13T12:00:00.000000Z,c_gls_SWI_201601141200_GLOBE_ASCAT_V4.0.1_nc,ASCAT_SWI,7.45,Success
2016-07-30T12:00:00.000000Z,c_gls_SWI_201607311200_GLOBE_ASCAT_V4.0.1_nc,ASCAT_SWI,9.95,Success
2016-01-12T12:00:00.000000Z,c_gls_SWI_201601131200_GLOBE_ASCAT_V4.0.1_nc,ASCAT_SWI,7.46,Success
2016-01-15T12:00:00.000000Z,c_gls_SWI_201601161200_GLOBE_ASCAT_V4.0.1_nc,ASCAT_SWI,7.41,Success
2016-01-09T12:00:00.000000Z,c_gls_SWI_201601101200_GLOBE_ASCAT_V4.0.1_nc,ASCAT_SWI,7.54,Success
2016-01-10T12:00:00.000000Z,c_gls_SWI_201601111200_GLOBE_ASCAT_V4.0.1_nc,ASCAT_SWI,7.51,Success
2016-01-14T12:00:00.000000Z,c_gls_SWI_201601151200_GLOBE_ASCAT_V4.0.1_nc,ASCAT_SWI,7.43,Success
2016-08-03T12:00:00.000000Z,c_gls_SWI_201608041200_GLOBE_ASCAT_V4.0.1_nc,ASCAT_SWI,10.33,Success
2016-01-16T12:00:00.000000Z,c_gls_SWI_201601171200_GLOBE_ASCAT_V4.0.1_nc,ASCAT_SWI,7.4,Success
2016-04-16T12:00:00.000000Z,c_gls_SWI_201604171200_GLOBE_ASCAT_V4.0.1_nc,ASCAT_SWI,8.33,Success
2016-06-26T12:00:00.000000Z,c_gls_SWI_201606271200_GLOBE_ASCAT_V4.0.1_nc,ASCAT_SWI,10.51,Success
2016-07-07T12:00:00.000000Z,c_gls_SWI_201607081200_GLOBE_ASCAT_V4.0.1_nc,ASCAT_SWI,10.6,Success
2016-04-19T12:00:00.000000Z,c_gls_SWI_201604201200_GLOBE_ASCAT_V4.0.1_nc,ASCAT_SWI,8.42,Success
2016-11-13T12:00:00.000000Z,c_gls_SWI_201611141200_GLOBE_ASCAT_V4.0.1_nc,ASCAT_SWI,8.62,Success
2016-02-10T12:00:00.000000Z,c_gls_SWI_201602111200_GLOBE_ASCAT_V4.0.1_nc,ASCAT_SWI,7.38,Success
2016-01-17T12:00:00.000000Z,c_gls_SWI_201601181200_GLOBE_ASCAT_V4.0.1_nc,ASCAT_SWI,7.37,Success
2016-07-25T12:00:00.000000Z,c_gls_SWI_201607261200_GLOBE_ASCAT_V4.0.1_nc,ASCAT_SWI,10.11,Success
2016-01-19T12:00:00.000000Z,c_gls_SWI_201601201200_GLOBE_ASCAT_V4.0.1_nc,ASCAT_SWI,7.33,Success
2016-09-01T12:00:00.000000Z,c_gls_SWI_201609021200_GLOBE_ASCAT_V4.0.1_nc,ASCAT_SWI,10.24,Success
2016-02-01T12:00:00.000000Z,c_gls_SWI_201602021200_GLOBE_ASCAT_V4.0.1_nc,ASCAT_SWI,7.44,Success
2016-10-02T12:00:00.000000Z,c_gls_SWI_201610031200_GLOBE_ASCAT_V4.0.1_nc,ASCAT_SWI,10.34,Success
2016-01-18T12:00:00.000000Z,c_gls_SWI_201601191200_GLOBE_ASCAT_V4.0.1_nc,ASCAT_SWI,7.35,Success
2016-01-21T12:00:00.000000Z,c_gls_SWI_201601221200_GLOBE_ASCAT_V4.0.1_nc,ASCAT_SWI,7.26,Success
2016-01-23T12:00:00.000000Z,c_gls_SWI_201601241200_GLOBE_ASCAT_V4.0.1_nc,ASCAT_SWI,7.2,Success
2016-03-24T12:00:00.000000Z,c_gls_SWI_201603251200_GLOBE_ASCAT_V4.0.1_nc,ASCAT_SWI,7.69,Success
2016-01-25T12:00:00.000000Z,c_gls_SWI_201601261200_GLOBE_ASCAT_V4.0.1_nc,ASCAT_SWI,7.18,Success
2016-01-20T12:00:00.000000Z,c_gls_SWI_201601211200_GLOBE_ASCAT_V4.0.1_nc,ASCAT_SWI,7.29,Success
2016-01-24T12:00:00.000000Z,c_gls_SWI_201601251200_GLOBE_ASCAT_V4.0.1_nc,ASCAT_SWI,7.18,Success
2016-10-03T12:00:00.000000Z,c_gls_SWI_201610041200_GLOBE_ASCAT_V4.0.1_nc,ASCAT_SWI,10.34,Success
2016-04-07T12:00:00.000000Z,c_gls_SWI_201604081200_GLOBE_ASCAT_V4.0.1_nc,ASCAT_SWI,8.3,Success
2016-02-07T12:00:00.000000Z,c_gls_SWI_201602081200_GLOBE_ASCAT_V4.0.1_nc,ASCAT_SWI,7.37,Success
2016-06-03T12:00:00.000000Z,c_gls_SWI_201606041200_GLOBE_ASCAT_V4.0.1_nc,ASCAT_SWI,10.67,Success
2016-06-13T12:00:00.000000Z,c_gls_SWI_201606141200_GLOBE_ASCAT_V4.0.1_nc,ASCAT_SWI,10.67,Success
2016-01-26T12:00:00.000000Z,c_gls_SWI_201601271200_GLOBE_ASCAT_V4.0.1_nc,ASCAT_SWI,7.14,Success
2016-10-16T12:00:00.000000Z,c_gls_SWI_201610171200_GLOBE_ASCAT_V4.0.1_nc,ASCAT_SWI,9.6,Success
2016-01-29T12:00:00.000000Z,c_gls_SWI_201601301200_GLOBE_ASCAT_V4.0.1_nc,ASCAT_SWI,7.14,Success
2016-01-30T12:00:00.000000Z,c_gls_SWI_201601311200_GLOBE_ASCAT_V4.0.1_nc,ASCAT_SWI,7.16,Success
2016-01-31T12:00:00.000000Z,c_gls_SWI_201602011200_GLOBE_ASCAT_V4.0.1_nc,ASCAT_SWI,7.32,Success
2016-06-09T12:00:00.000000Z,c_gls_SWI_201606101200_GLOBE_ASCAT_V4.0.1_nc,ASCAT_SWI,10.65,Success
2016-02-05T12:00:00.000000Z,c_gls_SWI_201602061200_GLOBE_ASCAT_V4.0.1_nc,ASCAT_SWI,7.43,Success
2016-02-02T12:00:00.000000Z,c_gls_SWI_201602031200_GLOBE_ASCAT_V4.0.1_nc,ASCAT_SWI,7.48,Success
2016-09-06T12:00:00.000000Z,c_gls_SWI_201609071200_GLOBE_ASCAT_V4.0.1_nc,ASCAT_SWI,10.22,Success
2016-08-04T12:00:00.000000Z,c_gls_SWI_201608051200_GLOBE_ASCAT_V4.0.1_nc,ASCAT_SWI,10.3,Success
2016-02-04T12:00:00.000000Z,c_gls_SWI_201602051200_GLOBE_ASCAT_V4.0.1_nc,ASCAT_SWI,7.46,Success
2016-02-06T12:00:00.000000Z,c_gls_SWI_201602071200_GLOBE_ASCAT_V4.0.1_nc,ASCAT_SWI,7.39,Success
2016-02-08T12:00:00.000000Z,c_gls_SWI_201602091200_GLOBE_ASCAT_V4.0.1_nc,ASCAT_SWI,7.37,Success
2016-02-09T12:00:00.000000Z,c_gls_SWI_201602101200_GLOBE_ASCAT_V4.0.1_nc,ASCAT_SWI,7.37,Success
2016-05-13T12:00:00.000000Z,c_gls_SWI_201605141200_GLOBE_ASCAT_V4.0.1_nc,ASCAT_SWI,9.32,Success
2016-03-15T12:00:00.000000Z,c_gls_SWI_201603161200_GLOBE_ASCAT_V4.0.1_nc,ASCAT_SWI,7.75,Success
2016-02-16T12:00:00.000000Z,c_gls_SWI_201602171200_GLOBE_ASCAT_V4.0.1_nc,ASCAT_SWI,7.34,Success
2016-07-14T12:00:00.000000Z,c_gls_SWI_201607151200_GLOBE_ASCAT_V4.0.1_nc,ASCAT_SWI,10.36,Success
2016-03-14T12:00:00.000000Z,c_gls_SWI_201603151200_GLOBE_ASCAT_V4.0.1_nc,ASCAT_SWI,7.75,Success
2016-07-05T12:00:00.000000Z,c_gls_SWI_201607061200_GLOBE_ASCAT_V4.0.1_nc,ASCAT_SWI,10.71,Success
2016-03-06T12:00:00.000000Z,c_gls_SWI_201603071200_GLOBE_ASCAT_V4.0.1_nc,ASCAT_SWI,7.75,Success
2016-07-10T12:00:00.000000Z,c_gls_SWI_201607111200_GLOBE_ASCAT_V4.0.1_nc,ASCAT_SWI,10.46,Success
2016-02-26T12:00:00.000000Z,c_gls_SWI_201602271200_GLOBE_ASCAT_V4.0.1_nc,ASCAT_SWI,7.42,Success
2016-02-29T12:00:00.000000Z,c_gls_SWI_201603011200_GLOBE_ASCAT_V4.0.1_nc,ASCAT_SWI,7.63,Success
2016-04-02T12:00:00.000000Z,c_gls_SWI_201604031200_GLOBE_ASCAT_V4.0.1_nc,ASCAT_SWI,8.28,Success
2016-07-12T12:00:00.000000Z,c_gls_SWI_201607131200_GLOBE_ASCAT_V4.0.1_nc,ASCAT_SWI,10.4,Success
2016-02-22T12:00:00.000000Z,c_gls_SWI_201602231200_GLOBE_ASCAT_V4.0.1_nc,ASCAT_SWI,7.41,Success
2016-03-11T12:00:00.000000Z,c_gls_SWI_201603121200_GLOBE_ASCAT_V4.0.1_nc,ASCAT_SWI,7.74,Success
2016-05-29T12:00:00.000000Z,c_gls_SWI_201605301200_GLOBE_ASCAT_V4.0.1_nc,ASCAT_SWI,9.74,Success
2016-03-19T12:00:00.000000Z,c_gls_SWI_201603201200_GLOBE_ASCAT_V4.0.1_nc,ASCAT_SWI,7.73,Success
2016-09-14T12:00:00.000000Z,c_gls_SWI_201609151200_GLOBE_ASCAT_V4.0.1_nc,ASCAT_SWI,10.09,Success
2016-06-30T12:00:00.000000Z,c_gls_SWI_201607011200_GLOBE_ASCAT_V4.0.1_nc,ASCAT_SWI,10.64,Success
2016-02-25T12:00:00.000000Z,c_gls_SWI_201602261200_GLOBE_ASCAT_V4.0.1_nc,ASCAT_SWI,7.41,Success
2016-02-18T12:00:00.000000Z,c_gls_SWI_201602191200_GLOBE_ASCAT_V4.0.1_nc,ASCAT_SWI,7.36,Success
2016-02-20T12:00:00.000000Z,c_gls_SWI_201602211200_GLOBE_ASCAT_V4.0.1_nc,ASCAT_SWI,7.38,Success
2016-02-19T12:00:00.000000Z,c_gls_SWI_201602201200_GLOBE_ASCAT_V4.0.1_nc,ASCAT_SWI,7.39,Success
2016-02-28T12:00:00.000000Z,c_gls_SWI_201602291200_GLOBE_ASCAT_V4.0.1_nc,ASCAT_SWI,7.44,Success
2016-03-31T12:00:00.000000Z,c_gls_SWI_201604011200_GLOBE_ASCAT_V4.0.1_nc,ASCAT_SWI,8.06,Success
2016-10-22T12:00:00.000000Z,c_gls_SWI_201610231200_GLOBE_ASCAT_V4.0.1_nc,ASCAT_SWI,9.25,Success
2016-03-07T12:00:00.000000Z,c_gls_SWI_201603081200_GLOBE_ASCAT_V4.0.1_nc,ASCAT_SWI,7.74,Success
2016-03-08T12:00:00.000000Z,c_gls_SWI_201603091200_GLOBE_ASCAT_V4.0.1_nc,ASCAT_SWI,7.76,Success
2016-02-21T12:00:00.000000Z,c_gls_SWI_201602221200_GLOBE_ASCAT_V4.0.1_nc,ASCAT_SWI,7.4,Success
2016-06-27T12:00:00.000000Z,c_gls_SWI_201606281200_GLOBE_ASCAT_V4.0.1_nc,ASCAT_SWI,10.49,Success
2016-05-24T12:00:00.000000Z,c_gls_SWI_201605251200_GLOBE_ASCAT_V4.0.1_nc,ASCAT_SWI,9.65,Success
2016-07-29T12:00:00.000000Z,c_gls_SWI_201607301200_GLOBE_ASCAT_V4.0.1_nc,ASCAT_SWI,9.98,Success
2016-04-29T12:00:00.000000Z,c_gls_SWI_201604301200_GLOBE_ASCAT_V4.0.1_nc,ASCAT_SWI,8.52,Success
2016-07-27T12:00:00.000000Z,c_gls_SWI_201607281200_GLOBE_ASCAT_V4.0.1_nc,ASCAT_SWI,10.02,Success
2016-04-22T12:00:00.000000Z,c_gls_SWI_201604231200_GLOBE_ASCAT_V4.0.1_nc,ASCAT_SWI,8.44,Success
2016-06-02T12:00:00.000000Z,c_gls_SWI_201606031200_GLOBE_ASCAT_V4.0.1_nc,ASCAT_SWI,10.59,Success
2016-04-24T12:00:00.000000Z,c_gls_SWI_201604251200_GLOBE_ASCAT_V4.0.1_nc,ASCAT_SWI,8.46,Success
2016-07-15T12:00:00.000000Z,c_gls_SWI_201607161200_GLOBE_ASCAT_V4.0.1_nc,ASCAT_SWI,10.33,Success
2016-02-14T12:00:00.000000Z,c_gls_SWI_201602151200_GLOBE_ASCAT_V4.0.1_nc,ASCAT_SWI,7.34,Success
2016-11-12T12:00:00.000000Z,c_gls_SWI_201611131200_GLOBE_ASCAT_V4.0.1_nc,ASCAT_SWI,8.67,Success
2016-11-25T12:00:00.000000Z,c_gls_SWI_201611261200_GLOBE_ASCAT_V4.0.1_nc,ASCAT_SWI,8.03,Success
2016-06-12T12:00:00.000000Z,c_gls_SWI_201606131200_GLOBE_ASCAT_V4.0.1_nc,ASCAT_SWI,10.65,Success
2016-02-24T12:00:00.000000Z,c_gls_SWI_201602251200_GLOBE_ASCAT_V4.0.1_nc,ASCAT_SWI,7.42,Success
2016-08-13T12:00:00.000000Z,c_gls_SWI_201608141200_GLOBE_ASCAT_V4.0.1_nc,ASCAT_SWI,10.09,Success
2016-03-01T12:00:00.000000Z,c_gls_SWI_201603021200_GLOBE_ASCAT_V4.0.1_nc,ASCAT_SWI,7.76,Success
2016-05-01T12:00:00.000000Z,c_gls_SWI_201605021200_GLOBE_ASCAT_V4.0.1_nc,ASCAT_SWI,9.12,Success
2016-03-27T12:00:00.000000Z,c_gls_SWI_201603281200_GLOBE_ASCAT_V4.0.1_nc,ASCAT_SWI,7.72,Success
2016-06-07T12:00:00.000000Z,c_gls_SWI_201606081200_GLOBE_ASCAT_V4.0.1_nc,ASCAT_SWI,10.68,Success
2016-02-15T12:00:00.000000Z,c_gls_SWI_201602161200_GLOBE_ASCAT_V4.0.1_nc,ASCAT_SWI,7.32,Success
2016-06-06T12:00:00.000000Z,c_gls_SWI_201606071200_GLOBE_ASCAT_V4.0.1_nc,ASCAT_SWI,10.7,Success
2016-10-25T12:00:00.000000Z,c_gls_SWI_201610261200_GLOBE_ASCAT_V4.0.1_nc,ASCAT_SWI,9.08,Success
2016-03-30T12:00:00.000000Z,c_gls_SWI_201603311200_GLOBE_ASCAT_V4.0.1_nc,ASCAT_SWI,7.78,Success
2016-02-17T12:00:00.000000Z,c_gls_SWI_201602181200_GLOBE_ASCAT_V4.0.1_nc,ASCAT_SWI,7.35,Success
2016-04-20T12:00:00.000000Z,c_gls_SWI_201604211200_GLOBE_ASCAT_V4.0.1_nc,ASCAT_SWI,8.4,Success
2016-03-03T12:00:00.000000Z,c_gls_SWI_201603041200_GLOBE_ASCAT_V4.0.1_nc,ASCAT_SWI,7.79,Success
2016-03-10T12:00:00.000000Z,c_gls_SWI_201603111200_GLOBE_ASCAT_V4.0.1_nc,ASCAT_SWI,7.74,Success
2016-03-09T12:00:00.000000Z,c_gls_SWI_201603101200_GLOBE_ASCAT_V4.0.1_nc,ASCAT_SWI,7.75,Success
2016-09-24T12:00:00.000000Z,c_gls_SWI_201609251200_GLOBE_ASCAT_V4.0.1_nc,ASCAT_SWI,10.08,Success
2016-08-26T12:00:00.000000Z,c_gls_SWI_201608271200_GLOBE_ASCAT_V4.0.1_nc,ASCAT_SWI,10.0,Success
2016-03-12T12:00:00.000000Z,c_gls_SWI_201603131200_GLOBE_ASCAT_V4.0.1_nc,ASCAT_SWI,7.72,Success
2016-04-10T12:00:00.000000Z,c_gls_SWI_201604111200_GLOBE_ASCAT_V4.0.1_nc,ASCAT_SWI,8.27,Success
2016-03-23T12:00:00.000000Z,c_gls_SWI_201603241200_GLOBE_ASCAT_V4.0.1_nc,ASCAT_SWI,7.71,Success
2016-03-21T12:00:00.000000Z,c_gls_SWI_201603221200_GLOBE_ASCAT_V4.0.1_nc,ASCAT_SWI,7.72,Success
2016-04-05T12:00:00.000000Z,c_gls_SWI_201604061200_GLOBE_ASCAT_V4.0.1_nc,ASCAT_SWI,8.32,Success
2016-05-20T12:00:00.000000Z,c_gls_SWI_201605211200_GLOBE_ASCAT_V4.0.1_nc,ASCAT_SWI,9.52,Success
2016-03-17T12:00:00.000000Z,c_gls_SWI_201603181200_GLOBE_ASCAT_V4.0.1_nc,ASCAT_SWI,7.76,Success
2016-07-13T12:00:00.000000Z,c_gls_SWI_201607141200_GLOBE_ASCAT_V4.0.1_nc,ASCAT_SWI,10.38,Success
2016-03-28T12:00:00.000000Z,c_gls_SWI_201603291200_GLOBE_ASCAT_V4.0.1_nc,ASCAT_SWI,7.73,Success
2016-04-01T12:00:00.000000Z,c_gls_SWI_201604021200_GLOBE_ASCAT_V4.0.1_nc,ASCAT_SWI,8.23,Success
2016-03-25T12:00:00.000000Z,c_gls_SWI_201603261200_GLOBE_ASCAT_V4.0.1_nc,ASCAT_SWI,7.68,Success
2016-04-12T12:00:00.000000Z,c_gls_SWI_201604131200_GLOBE_ASCAT_V4.0.1_nc,ASCAT_SWI,8.27,Success
2016-04-06T12:00:00.000000Z,c_gls_SWI_201604071200_GLOBE_ASCAT_V4.0.1_nc,ASCAT_SWI,8.31,Success
2016-05-02T12:00:00.000000Z,c_gls_SWI_201605031200_GLOBE_ASCAT_V4.0.1_nc,ASCAT_SWI,9.19,Success
2016-03-13T12:00:00.000000Z,c_gls_SWI_201603141200_GLOBE_ASCAT_V4.0.1_nc,ASCAT_SWI,7.73,Success
2016-04-13T12:00:00.000000Z,c_gls_SWI_201604141200_GLOBE_ASCAT_V4.0.1_nc,ASCAT_SWI,8.26,Success
2016-04-30T12:00:00.000000Z,c_gls_SWI_201605011200_GLOBE_ASCAT_V4.0.1_nc,ASCAT_SWI,8.91,Success
2016-05-04T12:00:00.000000Z,c_gls_SWI_201605051200_GLOBE_ASCAT_V4.0.1_nc,ASCAT_SWI,9.28,Success
2016-04-14T12:00:00.000000Z,c_gls_SWI_201604151200_GLOBE_ASCAT_V4.0.1_nc,ASCAT_SWI,8.28,Success
2016-04-04T12:00:00.000000Z,c_gls_SWI_201604051200_GLOBE_ASCAT_V4.0.1_nc,ASCAT_SWI,8.3,Success
2016-11-21T12:00:00.000000Z,c_gls_SWI_201611221200_GLOBE_ASCAT_V4.0.1_nc,ASCAT_SWI,8.29,Success
2016-08-28T12:00:00.000000Z,c_gls_SWI_201608291200_GLOBE_ASCAT_V4.0.1_nc,ASCAT_SWI,9.95,Success
2016-04-09T12:00:00.000000Z,c_gls_SWI_201604101200_GLOBE_ASCAT_V4.0.1_nc,ASCAT_SWI,8.28,Success
2016-04-11T12:00:00.000000Z,c_gls_SWI_201604121200_GLOBE_ASCAT_V4.0.1_nc,ASCAT_SWI,8.28,Success
2016-04-18T12:00:00.000000Z,c_gls_SWI_201604191200_GLOBE_ASCAT_V4.0.1_nc,ASCAT_SWI,8.37,Success
2016-03-18T12:00:00.000000Z,c_gls_SWI_201603191200_GLOBE_ASCAT_V4.0.1_nc,ASCAT_SWI,7.75,Success
2016-03-26T12:00:00.000000Z,c_gls_SWI_201603271200_GLOBE_ASCAT_V4.0.1_nc,ASCAT_SWI,7.69,Success
2016-04-27T12:00:00.000000Z,c_gls_SWI_201604281200_GLOBE_ASCAT_V4.0.1_nc,ASCAT_SWI,8.5,Success
2016-03-20T12:00:00.000000Z,c_gls_SWI_201603211200_GLOBE_ASCAT_V4.0.1_nc,ASCAT_SWI,7.71,Success
2016-10-20T12:00:00.000000Z,c_gls_SWI_201610211200_GLOBE_ASCAT_V4.0.1_nc,ASCAT_SWI,9.34,Success
2016-03-02T12:00:00.000000Z,c_gls_SWI_201603031200_GLOBE_ASCAT_V4.0.1_nc,ASCAT_SWI,7.79,Success
2016-04-15T12:00:00.000000Z,c_gls_SWI_201604161200_GLOBE_ASCAT_V4.0.1_nc,ASCAT_SWI,8.31,Success
2016-05-12T12:00:00.000000Z,c_gls_SWI_201605131200_GLOBE_ASCAT_V4.0.1_nc,ASCAT_SWI,9.29,Success
2016-04-17T12:00:00.000000Z,c_gls_SWI_201604181200_GLOBE_ASCAT_V4.0.1_nc,ASCAT_SWI,8.35,Success
2016-03-29T12:00:00.000000Z,c_gls_SWI_201603301200_GLOBE_ASCAT_V4.0.1_nc,ASCAT_SWI,7.75,Success
2016-09-11T12:00:00.000000Z,c_gls_SWI_201609121200_GLOBE_ASCAT_V4.0.1_nc,ASCAT_SWI,10.12,Success
2016-04-03T12:00:00.000000Z,c_gls_SWI_201604041200_GLOBE_ASCAT_V4.0.1_nc,ASCAT_SWI,8.31,Success
2016-07-02T12:00:00.000000Z,c_gls_SWI_201607031200_GLOBE_ASCAT_V4.0.1_nc,ASCAT_SWI,10.82,Success
2016-04-21T12:00:00.000000Z,c_gls_SWI_201604221200_GLOBE_ASCAT_V4.0.1_nc,ASCAT_SWI,8.43,Success
2016-10-01T12:00:00.000000Z,c_gls_SWI_201610021200_GLOBE_ASCAT_V4.0.1_nc,ASCAT_SWI,10.35,Success
2016-11-27T12:00:00.000000Z,c_gls_SWI_201611281200_GLOBE_ASCAT_V4.0.1_nc,ASCAT_SWI,7.89,Success
2016-11-01T12:00:00.000000Z,c_gls_SWI_201611021200_GLOBE_ASCAT_V4.0.1_nc,ASCAT_SWI,9.06,Success
2016-12-02T12:00:00.000000Z,c_gls_SWI_201612031200_GLOBE_ASCAT_V4.0.1_nc,ASCAT_SWI,8.12,Success
2016-09-03T12:00:00.000000Z,c_gls_SWI_201609041200_GLOBE_ASCAT_V4.0.1_nc,ASCAT_SWI,10.29,Success
2016-10-17T12:00:00.000000Z,c_gls_SWI_201610181200_GLOBE_ASCAT_V4.0.1_nc,ASCAT_SWI,9.57,Success
2016-05-10T12:00:00.000000Z,c_gls_SWI_201605111200_GLOBE_ASCAT_V4.0.1_nc,ASCAT_SWI,9.29,Success
2016-04-23T12:00:00.000000Z,c_gls_SWI_201604241200_GLOBE_ASCAT_V4.0.1_nc,ASCAT_SWI,8.46,Success
2016-04-25T12:00:00.000000Z,c_gls_SWI_201604261200_GLOBE_ASCAT_V4.0.1_nc,ASCAT_SWI,8.46,Success
2016-05-03T12:00:00.000000Z,c_gls_SWI_201605041200_GLOBE_ASCAT_V4.0.1_nc,ASCAT_SWI,9.26,Success
2016-07-31T12:00:00.000000Z,c_gls_SWI_201608011200_GLOBE_ASCAT_V4.0.1_nc,ASCAT_SWI,10.18,Success
2016-04-28T12:00:00.000000Z,c_gls_SWI_201604291200_GLOBE_ASCAT_V4.0.1_nc,ASCAT_SWI,8.52,Success
2016-05-06T12:00:00.000000Z,c_gls_SWI_201605071200_GLOBE_ASCAT_V4.0.1_nc,ASCAT_SWI,9.32,Success
2016-05-05T12:00:00.000000Z,c_gls_SWI_201605061200_GLOBE_ASCAT_V4.0.1_nc,ASCAT_SWI,9.31,Success
2016-08-05T12:00:00.000000Z,c_gls_SWI_201608061200_GLOBE_ASCAT_V4.0.1_nc,ASCAT_SWI,10.28,Success
2016-05-07T12:00:00.000000Z,c_gls_SWI_201605081200_GLOBE_ASCAT_V4.0.1_nc,ASCAT_SWI,9.29,Success
2016-05-09T12:00:00.000000Z,c_gls_SWI_201605101200_GLOBE_ASCAT_V4.0.1_nc,ASCAT_SWI,9.28,Success
2016-05-11T12:00:00.000000Z,c_gls_SWI_201605121200_GLOBE_ASCAT_V4.0.1_nc,ASCAT_SWI,9.31,Success
2016-09-10T12:00:00.000000Z,c_gls_SWI_201609111200_GLOBE_ASCAT_V4.0.1_nc,ASCAT_SWI,10.14,Success
2016-05-14T12:00:00.000000Z,c_gls_SWI_201605151200_GLOBE_ASCAT_V4.0.1_nc,ASCAT_SWI,9.32,Success
2016-05-15T12:00:00.000000Z,c_gls_SWI_201605161200_GLOBE_ASCAT_V4.0.1_nc,ASCAT_SWI,9.34,Success
2016-05-16T12:00:00.000000Z,c_gls_SWI_201605171200_GLOBE_ASCAT_V4.0.1_nc,ASCAT_SWI,9.37,Success
2016-12-08T12:00:00.000000Z,c_gls_SWI_201612091200_GLOBE_ASCAT_V4.0.1_nc,ASCAT_SWI,7.9,Success
2016-10-11T12:00:00.000000Z,c_gls_SWI_201610121200_GLOBE_ASCAT_V4.0.1_nc,ASCAT_SWI,9.86,Success
2016-05-17T12:00:00.000000Z,c_gls_SWI_201605181200_GLOBE_ASCAT_V4.0.1_nc,ASCAT_SWI,9.38,Success
2016-05-18T12:00:00.000000Z,c_gls_SWI_201605191200_GLOBE_ASCAT_V4.0.1_nc,ASCAT_SWI,9.43,Success
2016-09-09T12:00:00.000000Z,c_gls_SWI_201609101200_GLOBE_ASCAT_V4.0.1_nc,ASCAT_SWI,10.14,Success
2016-05-21T12:00:00.000000Z,c_gls_SWI_201605221200_GLOBE_ASCAT_V4.0.1_nc,ASCAT_SWI,9.55,Success
2016-06-16T12:00:00.000000Z,c_gls_SWI_201606171200_GLOBE_ASCAT_V4.0.1_nc,ASCAT_SWI,10.67,Success
2016-06-14T12:00:00.000000Z,c_gls_SWI_201606151200_GLOBE_ASCAT_V4.0.1_nc,ASCAT_SWI,10.67,Success
2016-05-19T12:00:00.000000Z,c_gls_SWI_201605201200_GLOBE_ASCAT_V4.0.1_nc,ASCAT_SWI,9.49,Success
2016-12-01T12:00:00.000000Z,c_gls_SWI_201612021200_GLOBE_ASCAT_V4.0.1_nc,ASCAT_SWI,8.1,Success
2016-05-25T12:00:00.000000Z,c_gls_SWI_201605261200_GLOBE_ASCAT_V4.0.1_nc,ASCAT_SWI,9.67,Success
2016-05-27T12:00:00.000000Z,c_gls_SWI_201605281200_GLOBE_ASCAT_V4.0.1_nc,ASCAT_SWI,9.69,Success
2016-05-23T12:00:00.000000Z,c_gls_SWI_201605241200_GLOBE_ASCAT_V4.0.1_nc,ASCAT_SWI,9.64,Success
2016-05-28T12:00:00.000000Z,c_gls_SWI_201605291200_GLOBE_ASCAT_V4.0.1_nc,ASCAT_SWI,9.7,Success
2016-05-26T12:00:00.000000Z,c_gls_SWI_201605271200_GLOBE_ASCAT_V4.0.1_nc,ASCAT_SWI,9.67,Success
2016-07-24T12:00:00.000000Z,c_gls_SWI_201607251200_GLOBE_ASCAT_V4.0.1_nc,ASCAT_SWI,10.13,Success
2016-06-04T12:00:00.000000Z,c_gls_SWI_201606051200_GLOBE_ASCAT_V4.0.1_nc,ASCAT_SWI,10.7,Success
2016-05-30T12:00:00.000000Z,c_gls_SWI_201605311200_GLOBE_ASCAT_V4.0.1_nc,ASCAT_SWI,9.79,Success
2016-06-01T12:00:00.000000Z,c_gls_SWI_201606021200_GLOBE_ASCAT_V4.0.1_nc,ASCAT_SWI,10.47,Success
2016-05-31T12:00:00.000000Z,c_gls_SWI_201606011200_GLOBE_ASCAT_V4.0.1_nc,ASCAT_SWI,10.21,Success
2016-12-13T12:00:00.000000Z,c_gls_SWI_201612141200_GLOBE_ASCAT_V4.0.1_nc,ASCAT_SWI,7.73,Success
2016-06-05T12:00:00.000000Z,c_gls_SWI_201606061200_GLOBE_ASCAT_V4.0.1_nc,ASCAT_SWI,10.69,Success
2016-09-30T12:00:00.000000Z,c_gls_SWI_201610011200_GLOBE_ASCAT_V4.0.1_nc,ASCAT_SWI,10.21,Success
2016-07-03T12:00:00.000000Z,c_gls_SWI_201607041200_GLOBE_ASCAT_V4.0.1_nc,ASCAT_SWI,10.79,Success
2016-06-08T12:00:00.000000Z,c_gls_SWI_201606091200_GLOBE_ASCAT_V4.0.1_nc,ASCAT_SWI,10.68,Success
2016-06-17T12:00:00.000000Z,c_gls_SWI_201606181200_GLOBE_ASCAT_V4.0.1_nc,ASCAT_SWI,10.67,Success
2016-08-11T12:00:00.000000Z,c_gls_SWI_201608121200_GLOBE_ASCAT_V4.0.1_nc,ASCAT_SWI,10.13,Success
2016-07-18T12:00:00.000000Z,c_gls_SWI_201607191200_GLOBE_ASCAT_V4.0.1_nc,ASCAT_SWI,10.23,Success
2016-08-15T12:00:00.000000Z,c_gls_SWI_201608161200_GLOBE_ASCAT_V4.0.1_nc,ASCAT_SWI,10.06,Success
2016-07-20T12:00:00.000000Z,c_gls_SWI_201607211200_GLOBE_ASCAT_V4.0.1_nc,ASCAT_SWI,10.15,Success
2016-06-10T12:00:00.000000Z,c_gls_SWI_201606111200_GLOBE_ASCAT_V4.0.1_nc,ASCAT_SWI,10.67,Success
2016-06-11T12:00:00.000000Z,c_gls_SWI_201606121200_GLOBE_ASCAT_V4.0.1_nc,ASCAT_SWI,10.67,Success
2016-06-15T12:00:00.000000Z,c_gls_SWI_201606161200_GLOBE_ASCAT_V4.0.1_nc,ASCAT_SWI,10.67,Success
2016-06-18T12:00:00.000000Z,c_gls_SWI_201606191200_GLOBE_ASCAT_V4.0.1_nc,ASCAT_SWI,10.69,Success
2016-07-04T12:00:00.000000Z,c_gls_SWI_201607051200_GLOBE_ASCAT_V4.0.1_nc,ASCAT_SWI,10.74,Success
2016-11-22T12:00:00.000000Z,c_gls_SWI_201611231200_GLOBE_ASCAT_V4.0.1_nc,ASCAT_SWI,8.24,Success
2016-06-21T12:00:00.000000Z,c_gls_SWI_201606221200_GLOBE_ASCAT_V4.0.1_nc,ASCAT_SWI,10.63,Success
2016-07-11T12:00:00.000000Z,c_gls_SWI_201607121200_GLOBE_ASCAT_V4.0.1_nc,ASCAT_SWI,10.42,Success
2016-06-20T12:00:00.000000Z,c_gls_SWI_201606211200_GLOBE_ASCAT_V4.0.1_nc,ASCAT_SWI,10.64,Success
2016-10-12T12:00:00.000000Z,c_gls_SWI_201610131200_GLOBE_ASCAT_V4.0.1_nc,ASCAT_SWI,9.8,Success
2016-06-23T12:00:00.000000Z,c_gls_SWI_201606241200_GLOBE_ASCAT_V4.0.1_nc,ASCAT_SWI,10.62,Success
2016-06-29T12:00:00.000000Z,c_gls_SWI_201606301200_GLOBE_ASCAT_V4.0.1_nc,ASCAT_SWI,10.43,Success
2016-11-16T12:00:00.000000Z,c_gls_SWI_201611171200_GLOBE_ASCAT_V4.0.1_nc,ASCAT_SWI,8.53,Success
2016-06-22T12:00:00.000000Z,c_gls_SWI_201606231200_GLOBE_ASCAT_V4.0.1_nc,ASCAT_SWI,10.63,Success
2016-06-24T12:00:00.000000Z,c_gls_SWI_201606251200_GLOBE_ASCAT_V4.0.1_nc,ASCAT_SWI,10.6,Success
2016-06-25T12:00:00.000000Z,c_gls_SWI_201606261200_GLOBE_ASCAT_V4.0.1_nc,ASCAT_SWI,10.58,Success
2016-08-22T12:00:00.000000Z,c_gls_SWI_201608231200_GLOBE_ASCAT_V4.0.1_nc,ASCAT_SWI,10.0,Success
2016-07-01T12:00:00.000000Z,c_gls_SWI_201607021200_GLOBE_ASCAT_V4.0.1_nc,ASCAT_SWI,10.79,Success
2016-06-28T12:00:00.000000Z,c_gls_SWI_201606291200_GLOBE_ASCAT_V4.0.1_nc,ASCAT_SWI,10.47,Success
2016-09-20T12:00:00.000000Z,c_gls_SWI_201609211200_GLOBE_ASCAT_V4.0.1_nc,ASCAT_SWI,10.06,Success
2016-09-16T12:00:00.000000Z,c_gls_SWI_201609171200_GLOBE_ASCAT_V4.0.1_nc,ASCAT_SWI,10.06,Success
2016-09-08T12:00:00.000000Z,c_gls_SWI_201609091200_GLOBE_ASCAT_V4.0.1_nc,ASCAT_SWI,10.2,Success
2016-07-06T12:00:00.000000Z,c_gls_SWI_201607071200_GLOBE_ASCAT_V4.0.1_nc,ASCAT_SWI,10.65,Success
2016-07-09T12:00:00.000000Z,c_gls_SWI_201607101200_GLOBE_ASCAT_V4.0.1_nc,ASCAT_SWI,10.49,Success
2016-12-05T12:00:00.000000Z,c_gls_SWI_201612061200_GLOBE_ASCAT_V4.0.1_nc,ASCAT_SWI,8.06,Success
2016-07-08T12:00:00.000000Z,c_gls_SWI_201607091200_GLOBE_ASCAT_V4.0.1_nc,ASCAT_SWI,10.54,Success
2016-08-31T12:00:00.000000Z,c_gls_SWI_201609011200_GLOBE_ASCAT_V4.0.1_nc,ASCAT_SWI,10.13,Success
2016-07-16T12:00:00.000000Z,c_gls_SWI_201607171200_GLOBE_ASCAT_V4.0.1_nc,ASCAT_SWI,10.28,Success
2016-10-10T12:00:00.000000Z,c_gls_SWI_201610111200_GLOBE_ASCAT_V4.0.1_nc,ASCAT_SWI,9.95,Success
2016-08-16T12:00:00.000000Z,c_gls_SWI_201608171200_GLOBE_ASCAT_V4.0.1_nc,ASCAT_SWI,10.05,Success
2016-07-17T12:00:00.000000Z,c_gls_SWI_201607181200_GLOBE_ASCAT_V4.0.1_nc,ASCAT_SWI,10.26,Success
2016-11-02T12:00:00.000000Z,c_gls_SWI_201611031200_GLOBE_ASCAT_V4.0.1_nc,ASCAT_SWI,9.06,Success
2016-07-19T12:00:00.000000Z,c_gls_SWI_201607201200_GLOBE_ASCAT_V4.0.1_nc,ASCAT_SWI,10.2,Success
2016-12-31T12:00:00.000000Z,c_gls_SWI_201701011200_GLOBE_ASCAT_V4.0.1_nc,ASCAT_SWI,7.44,Success
2016-09-13T12:00:00.000000Z,c_gls_SWI_201609141200_GLOBE_ASCAT_V4.0.1_nc,ASCAT_SWI,10.09,Success
2016-08-21T12:00:00.000000Z,c_gls_SWI_201608221200_GLOBE_ASCAT_V4.0.1_nc,ASCAT_SWI,10.01,Success
2016-07-22T12:00:00.000000Z,c_gls_SWI_201607231200_GLOBE_ASCAT_V4.0.1_nc,ASCAT_SWI,10.18,Success
2016-07-26T12:00:00.000000Z,c_gls_SWI_201607271200_GLOBE_ASCAT_V4.0.1_nc,ASCAT_SWI,10.06,Success
2016-07-23T12:00:00.000000Z,c_gls_SWI_201607241200_GLOBE_ASCAT_V4.0.1_nc,ASCAT_SWI,10.16,Success
2016-09-02T12:00:00.000000Z,c_gls_SWI_201609031200_GLOBE_ASCAT_V4.0.1_nc,ASCAT_SWI,10.29,Success
2016-08-01T12:00:00.000000Z,c_gls_SWI_201608021200_GLOBE_ASCAT_V4.0.1_nc,ASCAT_SWI,10.31,Success
2016-08-02T12:00:00.000000Z,c_gls_SWI_201608031200_GLOBE_ASCAT_V4.0.1_nc,ASCAT_SWI,10.33,Success
2016-10-06T12:00:00.000000Z,c_gls_SWI_201610071200_GLOBE_ASCAT_V4.0.1_nc,ASCAT_SWI,10.21,Success
2016-12-12T12:00:00.000000Z,c_gls_SWI_201612131200_GLOBE_ASCAT_V4.0.1_nc,ASCAT_SWI,7.77,Success
2016-08-10T12:00:00.000000Z,c_gls_SWI_201608111200_GLOBE_ASCAT_V4.0.1_nc,ASCAT_SWI,10.16,Success
2016-08-08T12:00:00.000000Z,c_gls_SWI_201608091200_GLOBE_ASCAT_V4.0.1_nc,ASCAT_SWI,10.21,Success
2016-08-07T12:00:00.000000Z,c_gls_SWI_201608081200_GLOBE_ASCAT_V4.0.1_nc,ASCAT_SWI,10.22,Success
2016-08-09T12:00:00.000000Z,c_gls_SWI_201608101200_GLOBE_ASCAT_V4.0.1_nc,ASCAT_SWI,10.17,Success
2016-08-06T12:00:00.000000Z,c_gls_SWI_201608071200_GLOBE_ASCAT_V4.0.1_nc,ASCAT_SWI,10.24,Success
2016-11-29T12:00:00.000000Z,c_gls_SWI_201611301200_GLOBE_ASCAT_V4.0.1_nc,ASCAT_SWI,7.81,Success
2016-08-14T12:00:00.000000Z,c_gls_SWI_201608151200_GLOBE_ASCAT_V4.0.1_nc,ASCAT_SWI,10.06,Success
2016-08-12T12:00:00.000000Z,c_gls_SWI_201608131200_GLOBE_ASCAT_V4.0.1_nc,ASCAT_SWI,10.09,Success
2016-09-22T12:00:00.000000Z,c_gls_SWI_201609231200_GLOBE_ASCAT_V4.0.1_nc,ASCAT_SWI,10.06,Success
2016-08-18T12:00:00.000000Z,c_gls_SWI_201608191200_GLOBE_ASCAT_V4.0.1_nc,ASCAT_SWI,10.03,Success
2016-08-17T12:00:00.000000Z,c_gls_SWI_201608181200_GLOBE_ASCAT_V4.0.1_nc,ASCAT_SWI,10.05,Success
2016-08-19T12:00:00.000000Z,c_gls_SWI_201608201200_GLOBE_ASCAT_V4.0.1_nc,ASCAT_SWI,10.03,Success
2016-08-24T12:00:00.000000Z,c_gls_SWI_201608251200_GLOBE_ASCAT_V4.0.1_nc,ASCAT_SWI,10.02,Success
2016-09-25T12:00:00.000000Z,c_gls_SWI_201609261200_GLOBE_ASCAT_V4.0.1_nc,ASCAT_SWI,10.07,Success
2016-08-23T12:00:00.000000Z,c_gls_SWI_201608241200_GLOBE_ASCAT_V4.0.1_nc,ASCAT_SWI,10.01,Success
2016-08-20T12:00:00.000000Z,c_gls_SWI_201608211200_GLOBE_ASCAT_V4.0.1_nc,ASCAT_SWI,10.02,Success
2016-08-25T12:00:00.000000Z,c_gls_SWI_201608261200_GLOBE_ASCAT_V4.0.1_nc,ASCAT_SWI,10.01,Success
2016-08-29T12:00:00.000000Z,c_gls_SWI_201608301200_GLOBE_ASCAT_V4.0.1_nc,ASCAT_SWI,9.92,Success
2016-10-27T12:00:00.000000Z,c_gls_SWI_201610281200_GLOBE_ASCAT_V4.0.1_nc,ASCAT_SWI,8.94,Success
2016-08-27T12:00:00.000000Z,c_gls_SWI_201608281200_GLOBE_ASCAT_V4.0.1_nc,ASCAT_SWI,9.99,Success
2016-12-24T12:00:00.000000Z,c_gls_SWI_201612251200_GLOBE_ASCAT_V4.0.1_nc,ASCAT_SWI,7.33,Success
2016-08-30T12:00:00.000000Z,c_gls_SWI_201608311200_GLOBE_ASCAT_V4.0.1_nc,ASCAT_SWI,9.89,Success
2016-09-05T12:00:00.000000Z,c_gls_SWI_201609061200_GLOBE_ASCAT_V4.0.1_nc,ASCAT_SWI,10.26,Success
2016-09-26T12:00:00.000000Z,c_gls_SWI_201609271200_GLOBE_ASCAT_V4.0.1_nc,ASCAT_SWI,10.03,Success
2016-09-04T12:00:00.000000Z,c_gls_SWI_201609051200_GLOBE_ASCAT_V4.0.1_nc,ASCAT_SWI,10.27,Success
2016-09-07T12:00:00.000000Z,c_gls_SWI_201609081200_GLOBE_ASCAT_V4.0.1_nc,ASCAT_SWI,10.22,Success
2016-09-21T12:00:00.000000Z,c_gls_SWI_201609221200_GLOBE_ASCAT_V4.0.1_nc,ASCAT_SWI,10.05,Success
2016-09-19T12:00:00.000000Z,c_gls_SWI_201609201200_GLOBE_ASCAT_V4.0.1_nc,ASCAT_SWI,10.08,Success
2016-10-07T12:00:00.000000Z,c_gls_SWI_201610081200_GLOBE_ASCAT_V4.0.1_nc,ASCAT_SWI,10.14,Success
2016-10-08T12:00:00.000000Z,c_gls_SWI_201610091200_GLOBE_ASCAT_V4.0.1_nc,ASCAT_SWI,10.07,Success
2016-09-12T12:00:00.000000Z,c_gls_SWI_201609131200_GLOBE_ASCAT_V4.0.1_nc,ASCAT_SWI,10.11,Success
2016-09-15T12:00:00.000000Z,c_gls_SWI_201609161200_GLOBE_ASCAT_V4.0.1_nc,ASCAT_SWI,10.08,Success
2016-12-30T12:00:00.000000Z,c_gls_SWI_201612311200_GLOBE_ASCAT_V4.0.1_nc,ASCAT_SWI,7.27,Success
2016-11-28T12:00:00.000000Z,c_gls_SWI_201611291200_GLOBE_ASCAT_V4.0.1_nc,ASCAT_SWI,7.85,Success
2016-11-30T12:00:00.000000Z,c_gls_SWI_201612011200_GLOBE_ASCAT_V4.0.1_nc,ASCAT_SWI,7.97,Success
2016-12-26T12:00:00.000000Z,c_gls_SWI_201612271200_GLOBE_ASCAT_V4.0.1_nc,ASCAT_SWI,7.34,Success
2016-09-23T12:00:00.000000Z,c_gls_SWI_201609241200_GLOBE_ASCAT_V4.0.1_nc,ASCAT_SWI,10.09,Success
2016-10-05T12:00:00.000000Z,c_gls_SWI_201610061200_GLOBE_ASCAT_V4.0.1_nc,ASCAT_SWI,10.28,Success
2016-09-27T12:00:00.000000Z,c_gls_SWI_201609281200_GLOBE_ASCAT_V4.0.1_nc,ASCAT_SWI,10.03,Success
2016-09-28T12:00:00.000000Z,c_gls_SWI_201609291200_GLOBE_ASCAT_V4.0.1_nc,ASCAT_SWI,9.99,Success
2016-09-29T12:00:00.000000Z,c_gls_SWI_201609301200_GLOBE_ASCAT_V4.0.1_nc,ASCAT_SWI,9.96,Success
2016-11-14T12:00:00.000000Z,c_gls_SWI_201611151200_GLOBE_ASCAT_V4.0.1_nc,ASCAT_SWI,8.59,Success
2016-12-14T12:00:00.000000Z,c_gls_SWI_201612151200_GLOBE_ASCAT_V4.0.1_nc,ASCAT_SWI,7.71,Success
2016-10-04T12:00:00.000000Z,c_gls_SWI_201610051200_GLOBE_ASCAT_V4.0.1_nc,ASCAT_SWI,10.31,Success
2016-12-23T12:00:00.000000Z,c_gls_SWI_201612241200_GLOBE_ASCAT_V4.0.1_nc,ASCAT_SWI,7.36,Success
2016-10-13T12:00:00.000000Z,c_gls_SWI_201610141200_GLOBE_ASCAT_V4.0.1_nc,ASCAT_SWI,9.73,Success
2016-10-09T12:00:00.000000Z,c_gls_SWI_201610101200_GLOBE_ASCAT_V4.0.1_nc,ASCAT_SWI,10.01,Success
2016-12-11T12:00:00.000000Z,c_gls_SWI_201612121200_GLOBE_ASCAT_V4.0.1_nc,ASCAT_SWI,7.81,Success
2016-10-14T12:00:00.000000Z,c_gls_SWI_201610151200_GLOBE_ASCAT_V4.0.1_nc,ASCAT_SWI,9.68,Success
2016-10-15T12:00:00.000000Z,c_gls_SWI_201610161200_GLOBE_ASCAT_V4.0.1_nc,ASCAT_SWI,9.65,Success
2016-10-19T12:00:00.000000Z,c_gls_SWI_201610201200_GLOBE_ASCAT_V4.0.1_nc,ASCAT_SWI,9.42,Success
2016-10-23T12:00:00.000000Z,c_gls_SWI_201610241200_GLOBE_ASCAT_V4.0.1_nc,ASCAT_SWI,9.2,Success
2016-11-23T12:00:00.000000Z,c_gls_SWI_201611241200_GLOBE_ASCAT_V4.0.1_nc,ASCAT_SWI,8.17,Success
2016-10-29T12:00:00.000000Z,c_gls_SWI_201610301200_GLOBE_ASCAT_V4.0.1_nc,ASCAT_SWI,8.81,Success
2016-10-21T12:00:00.000000Z,c_gls_SWI_201610221200_GLOBE_ASCAT_V4.0.1_nc,ASCAT_SWI,9.29,Success
2016-12-04T12:00:00.000000Z,c_gls_SWI_201612051200_GLOBE_ASCAT_V4.0.1_nc,ASCAT_SWI,8.09,Success
2016-10-18T12:00:00.000000Z,c_gls_SWI_201610191200_GLOBE_ASCAT_V4.0.1_nc,ASCAT_SWI,9.5,Success
2016-10-24T12:00:00.000000Z,c_gls_SWI_201610251200_GLOBE_ASCAT_V4.0.1_nc,ASCAT_SWI,9.15,Success
2016-10-26T12:00:00.000000Z,c_gls_SWI_201610271200_GLOBE_ASCAT_V4.0.1_nc,ASCAT_SWI,9.01,Success
2016-10-28T12:00:00.000000Z,c_gls_SWI_201610291200_GLOBE_ASCAT_V4.0.1_nc,ASCAT_SWI,8.87,Success
2016-11-20T12:00:00.000000Z,c_gls_SWI_201611211200_GLOBE_ASCAT_V4.0.1_nc,ASCAT_SWI,8.36,Success
2016-10-30T12:00:00.000000Z,c_gls_SWI_201610311200_GLOBE_ASCAT_V4.0.1_nc,ASCAT_SWI,8.74,Success
2016-10-31T12:00:00.000000Z,c_gls_SWI_201611011200_GLOBE_ASCAT_V4.0.1_nc,ASCAT_SWI,8.92,Success
2016-11-03T12:00:00.000000Z,c_gls_SWI_201611041200_GLOBE_ASCAT_V4.0.1_nc,ASCAT_SWI,9.06,Success
2016-11-17T12:00:00.000000Z,c_gls_SWI_201611181200_GLOBE_ASCAT_V4.0.1_nc,ASCAT_SWI,8.52,Success
2016-12-18T12:00:00.000000Z,c_gls_SWI_201612191200_GLOBE_ASCAT_V4.0.1_nc,ASCAT_SWI,7.57,Success
2016-11-07T12:00:00.000000Z,c_gls_SWI_201611081200_GLOBE_ASCAT_V4.0.1_nc,ASCAT_SWI,8.89,Success
2016-11-06T12:00:00.000000Z,c_gls_SWI_201611071200_GLOBE_ASCAT_V4.0.1_nc,ASCAT_SWI,8.91,Success
2016-11-08T12:00:00.000000Z,c_gls_SWI_201611091200_GLOBE_ASCAT_V4.0.1_nc,ASCAT_SWI,8.87,Success
2016-11-05T12:00:00.000000Z,c_gls_SWI_201611061200_GLOBE_ASCAT_V4.0.1_nc,ASCAT_SWI,8.97,Success
2016-11-04T12:00:00.000000Z,c_gls_SWI_201611051200_GLOBE_ASCAT_V4.0.1_nc,ASCAT_SWI,9.02,Success
2016-11-09T12:00:00.000000Z,c_gls_SWI_201611101200_GLOBE_ASCAT_V4.0.1_nc,ASCAT_SWI,8.8,Success
2016-11-10T12:00:00.000000Z,c_gls_SWI_201611111200_GLOBE_ASCAT_V4.0.1_nc,ASCAT_SWI,8.77,Success
2016-11-15T12:00:00.000000Z,c_gls_SWI_201611161200_GLOBE_ASCAT_V4.0.1_nc,ASCAT_SWI,8.56,Success
2016-11-18T12:00:00.000000Z,c_gls_SWI_201611191200_GLOBE_ASCAT_V4.0.1_nc,ASCAT_SWI,8.48,Success
2016-11-19T12:00:00.000000Z,c_gls_SWI_201611201200_GLOBE_ASCAT_V4.0.1_nc,ASCAT_SWI,8.43,Success
2016-11-24T12:00:00.000000Z,c_gls_SWI_201611251200_GLOBE_ASCAT_V4.0.1_nc,ASCAT_SWI,8.1,Success
2016-12-03T12:00:00.000000Z,c_gls_SWI_201612041200_GLOBE_ASCAT_V4.0.1_nc,ASCAT_SWI,8.12,Success
2016-12-09T12:00:00.000000Z,c_gls_SWI_201612101200_GLOBE_ASCAT_V4.0.1_nc,ASCAT_SWI,7.86,Success
2016-12-06T12:00:00.000000Z,c_gls_SWI_201612071200_GLOBE_ASCAT_V4.0.1_nc,ASCAT_SWI,8.0,Success
2016-12-07T12:00:00.000000Z,c_gls_SWI_201612081200_GLOBE_ASCAT_V4.0.1_nc,ASCAT_SWI,7.95,Success
2016-12-10T12:00:00.000000Z,c_gls_SWI_201612111200_GLOBE_ASCAT_V4.0.1_nc,ASCAT_SWI,7.83,Success
2016-12-15T12:00:00.000000Z,c_gls_SWI_201612161200_GLOBE_ASCAT_V4.0.1_nc,ASCAT_SWI,7.68,Success
2016-12-19T12:00:00.000000Z,c_gls_SWI_201612201200_GLOBE_ASCAT_V4.0.1_nc,ASCAT_SWI,7.54,Success
2016-12-16T12:00:00.000000Z,c_gls_SWI_201612171200_GLOBE_ASCAT_V4.0.1_nc,ASCAT_SWI,7.66,Success
2016-12-21T12:00:00.000000Z,c_gls_SWI_201612221200_GLOBE_ASCAT_V4.0.1_nc,ASCAT_SWI,7.45,Success
2016-12-22T12:00:00.000000Z,c_gls_SWI_201612231200_GLOBE_ASCAT_V4.0.1_nc,ASCAT_SWI,7.4,Success
2016-12-20T12:00:00.000000Z,c_gls_SWI_201612211200_GLOBE_ASCAT_V4.0.1_nc,ASCAT_SWI,7.48,Success
2016-12-25T12:00:00.000000Z,c_gls_SWI_201612261200_GLOBE_ASCAT_V4.0.1_nc,ASCAT_SWI,7.31,Success
2016-12-28T12:00:00.000000Z,c_gls_SWI_201612291200_GLOBE_ASCAT_V4.0.1_nc,ASCAT_SWI,7.32,Success
2016-12-29T12:00:00.000000Z,c_gls_SWI_201612301200_GLOBE_ASCAT_V4.0.1_nc,ASCAT_SWI,7.29,Success
2016-12-27T12:00:00.000000Z,c_gls_SWI_201612281200_GLOBE_ASCAT_V4.0.1_nc,ASCAT_SWI,7.33,Success
2017-12-15T12:00:00.000000Z,c_gls_SWI_201712161200_GLOBE_ASCAT_V3.1.1_nc,ASCAT_SWI,9.09,Success
2017-12-22T12:00:00.000000Z,c_gls_SWI_201712231200_GLOBE_ASCAT_V3.1.1_nc,ASCAT_SWI,8.97,Success
2017-12-27T12:00:00.000000Z,c_gls_SWI_201712281200_GLOBE_ASCAT_V3.1.1_nc,ASCAT_SWI,8.89,Success
2017-12-14T12:00:00.000000Z,c_gls_SWI_201712151200_GLOBE_ASCAT_V3.1.1_nc,ASCAT_SWI,9.1,Success
2017-12-05T12:00:00.000000Z,c_gls_SWI_201712061200_GLOBE_ASCAT_V3.1.1_nc,ASCAT_SWI,9.24,Success
2017-12-17T12:00:00.000000Z,c_gls_SWI_201712181200_GLOBE_ASCAT_V3.1.1_nc,ASCAT_SWI,9.06,Success
2017-12-24T12:00:00.000000Z,c_gls_SWI_201712251200_GLOBE_ASCAT_V3.1.1_nc,ASCAT_SWI,8.93,Success
2017-12-25T12:00:00.000000Z,c_gls_SWI_201712261200_GLOBE_ASCAT_V3.1.1_nc,ASCAT_SWI,8.92,Success
2017-12-30T12:00:00.000000Z,c_gls_SWI_201712311200_GLOBE_ASCAT_V3.1.1_nc,ASCAT_SWI,8.85,Success
2017-12-23T12:00:00.000000Z,c_gls_SWI_201712241200_GLOBE_ASCAT_V3.1.1_nc,ASCAT_SWI,8.95,Success
2017-12-16T12:00:00.000000Z,c_gls_SWI_201712171200_GLOBE_ASCAT_V3.1.1_nc,ASCAT_SWI,9.07,Success
2017-12-28T12:00:00.000000Z,c_gls_SWI_201712291200_GLOBE_ASCAT_V3.1.1_nc,ASCAT_SWI,8.87,Success
2017-12-09T12:00:00.000000Z,c_gls_SWI_201712101200_GLOBE_ASCAT_V3.1.1_nc,ASCAT_SWI,9.17,Success
2017-12-19T12:00:00.000000Z,c_gls_SWI_201712201200_GLOBE_ASCAT_V3.1.1_nc,ASCAT_SWI,9.02,Success
2017-12-08T12:00:00.000000Z,c_gls_SWI_201712091200_GLOBE_ASCAT_V3.1.1_nc,ASCAT_SWI,9.19,Success
2017-12-18T12:00:00.000000Z,c_gls_SWI_201712191200_GLOBE_ASCAT_V3.1.1_nc,ASCAT_SWI,9.05,Success
2017-12-01T12:00:00.000000Z,c_gls_SWI_201712021200_GLOBE_ASCAT_V3.1.1_nc,ASCAT_SWI,9.31,Success
2017-03-15T12:00:00.000000Z,c_gls_SWI_201703161200_GLOBE_ASCAT_V3.1.1_nc,ASCAT_SWI,8.52,Success
2017-03-08T12:00:00.000000Z,c_gls_SWI_201703091200_GLOBE_ASCAT_V3.1.1_nc,ASCAT_SWI,8.49,Success
2017-03-25T12:00:00.000000Z,c_gls_SWI_201703261200_GLOBE_ASCAT_V3.1.1_nc,ASCAT_SWI,8.58,Success
2017-03-06T12:00:00.000000Z,c_gls_SWI_201703071200_GLOBE_ASCAT_V3.1.1_nc,ASCAT_SWI,8.46,Success
2017-03-10T12:00:00.000000Z,c_gls_SWI_201703111200_GLOBE_ASCAT_V3.1.1_nc,ASCAT_SWI,8.5,Success
2017-03-27T12:00:00.000000Z,c_gls_SWI_201703281200_GLOBE_ASCAT_V3.1.1_nc,ASCAT_SWI,8.61,Success
2017-03-24T12:00:00.000000Z,c_gls_SWI_201703251200_GLOBE_ASCAT_V3.1.1_nc,ASCAT_SWI,8.55,Success
2017-03-12T12:00:00.000000Z,c_gls_SWI_201703131200_GLOBE_ASCAT_V3.1.1_nc,ASCAT_SWI,8.52,Success
2017-03-14T12:00:00.000000Z,c_gls_SWI_201703151200_GLOBE_ASCAT_V3.1.1_nc,ASCAT_SWI,8.51,Success
2017-03-04T12:00:00.000000Z,c_gls_SWI_201703051200_GLOBE_ASCAT_V3.1.1_nc,ASCAT_SWI,8.44,Success
2017-03-19T12:00:00.000000Z,c_gls_SWI_201703201200_GLOBE_ASCAT_V3.1.1_nc,ASCAT_SWI,8.52,Success
2017-03-01T12:00:00.000000Z,c_gls_SWI_201703021200_GLOBE_ASCAT_V3.1.1_nc,ASCAT_SWI,8.43,Success
2017-03-20T12:00:00.000000Z,c_gls_SWI_201703211200_GLOBE_ASCAT_V3.1.1_nc,ASCAT_SWI,8.53,Success
2017-03-18T12:00:00.000000Z,c_gls_SWI_201703191200_GLOBE_ASCAT_V3.1.1_nc,ASCAT_SWI,8.54,Success
2017-03-23T12:00:00.000000Z,c_gls_SWI_201703241200_GLOBE_ASCAT_V3.1.1_nc,ASCAT_SWI,8.54,Success
2017-03-31T12:00:00.000000Z,c_gls_SWI_201704011200_GLOBE_ASCAT_V3.1.1_nc,ASCAT_SWI,8.68,Success
2017-03-11T12:00:00.000000Z,c_gls_SWI_201703121200_GLOBE_ASCAT_V3.1.1_nc,ASCAT_SWI,8.51,Success
2017-03-02T12:00:00.000000Z,c_gls_SWI_201703031200_GLOBE_ASCAT_V3.1.1_nc,ASCAT_SWI,8.44,Success
2017-06-21T12:00:00.000000Z,c_gls_SWI_201706221200_GLOBE_ASCAT_V3.1.1_nc,ASCAT_SWI,9.32,Success
2017-03-30T12:00:00.000000Z,c_gls_SWI_201703311200_GLOBE_ASCAT_V3.1.1_nc,ASCAT_SWI,8.67,Success
2017-05-21T12:00:00.000000Z,c_gls_SWI_201705221200_GLOBE_ASCAT_V3.1.1_nc,ASCAT_SWI,9.57,Success
2017-05-18T12:00:00.000000Z,c_gls_SWI_201705191200_GLOBE_ASCAT_V3.1.1_nc,ASCAT_SWI,9.53,Success
2017-08-08T12:00:00.000000Z,c_gls_SWI_201708091200_GLOBE_ASCAT_V3.1.1_nc,ASCAT_SWI,9.03,Success
2017-11-14T12:00:00.000000Z,c_gls_SWI_201711151200_GLOBE_ASCAT_V3.1.1_nc,ASCAT_SWI,9.46,Success
2017-05-05T12:00:00.000000Z,c_gls_SWI_201705061200_GLOBE_ASCAT_V3.1.1_nc,ASCAT_SWI,9.42,Success
2017-12-03T12:00:00.000000Z,c_gls_SWI_201712041200_GLOBE_ASCAT_V3.1.1_nc,ASCAT_SWI,9.27,Success
2017-05-13T12:00:00.000000Z,c_gls_SWI_201705141200_GLOBE_ASCAT_V3.1.1_nc,ASCAT_SWI,9.47,Success
2017-08-19T12:00:00.000000Z,c_gls_SWI_201708201200_GLOBE_ASCAT_V3.1.1_nc,ASCAT_SWI,9.03,Success
2017-11-07T12:00:00.000000Z,c_gls_SWI_201711081200_GLOBE_ASCAT_V3.1.1_nc,ASCAT_SWI,9.46,Success
2017-06-15T12:00:00.000000Z,c_gls_SWI_201706161200_GLOBE_ASCAT_V3.1.1_nc,ASCAT_SWI,9.45,Success
2017-08-21T12:00:00.000000Z,c_gls_SWI_201708221200_GLOBE_ASCAT_V3.1.1_nc,ASCAT_SWI,9.02,Success
2017-11-27T12:00:00.000000Z,c_gls_SWI_201711281200_GLOBE_ASCAT_V3.1.1_nc,ASCAT_SWI,9.38,Success
2017-11-28T12:00:00.000000Z,c_gls_SWI_201711291200_GLOBE_ASCAT_V3.1.1_nc,ASCAT_SWI,9.37,Success
2017-11-19T12:00:00.000000Z,c_gls_SWI_201711201200_GLOBE_ASCAT_V3.1.1_nc,ASCAT_SWI,9.46,Success
2017-11-29T12:00:00.000000Z,c_gls_SWI_201711301200_GLOBE_ASCAT_V3.1.1_nc,ASCAT_SWI,9.35,Success
2017-11-20T12:00:00.000000Z,c_gls_SWI_201711211200_GLOBE_ASCAT_V3.1.1_nc,ASCAT_SWI,9.44,Success
2017-11-30T12:00:00.000000Z,c_gls_SWI_201712011200_GLOBE_ASCAT_V3.1.1_nc,ASCAT_SWI,9.33,Success
2017-11-23T12:00:00.000000Z,c_gls_SWI_201711241200_GLOBE_ASCAT_V3.1.1_nc,ASCAT_SWI,9.43,Success
2017-11-25T12:00:00.000000Z,c_gls_SWI_201711261200_GLOBE_ASCAT_V3.1.1_nc,ASCAT_SWI,9.4,Success
2017-11-21T12:00:00.000000Z,c_gls_SWI_201711221200_GLOBE_ASCAT_V3.1.1_nc,ASCAT_SWI,9.45,Success
2017-11-01T12:00:00.000000Z,c_gls_SWI_201711021200_GLOBE_ASCAT_V3.1.1_nc,ASCAT_SWI,9.45,Success
2017-11-17T12:00:00.000000Z,c_gls_SWI_201711181200_GLOBE_ASCAT_V3.1.1_nc,ASCAT_SWI,9.46,Success
2017-11-09T12:00:00.000000Z,c_gls_SWI_201711101200_GLOBE_ASCAT_V3.1.1_nc,ASCAT_SWI,9.46,Success
2017-11-06T12:00:00.000000Z,c_gls_SWI_201711071200_GLOBE_ASCAT_V3.1.1_nc,ASCAT_SWI,9.46,Success
2017-11-04T12:00:00.000000Z,c_gls_SWI_201711051200_GLOBE_ASCAT_V3.1.1_nc,ASCAT_SWI,9.46,Success
2017-11-12T12:00:00.000000Z,c_gls_SWI_201711131200_GLOBE_ASCAT_V3.1.1_nc,ASCAT_SWI,9.46,Success
2017-01-20T12:00:00.000000Z,c_gls_SWI_201701211200_GLOBE_ASCAT_V3.1.1_nc,ASCAT_SWI,8.6,Success
2017-11-03T12:00:00.000000Z,c_gls_SWI_201711041200_GLOBE_ASCAT_V3.1.1_nc,ASCAT_SWI,9.47,Success
2017-11-05T12:00:00.000000Z,c_gls_SWI_201711061200_GLOBE_ASCAT_V3.1.1_nc,ASCAT_SWI,9.46,Success
2017-01-20T12:00:00.000000Z,c_gls_SWI_201701211200_GLOBE_ASCAT_V4.0.1_nc,ASCAT_SWI,7.15,Success
2017-09-11T12:00:00.000000Z,c_gls_SWI_201709121200_GLOBE_ASCAT_V4.0.1_nc,ASCAT_SWI,10.18,Success
2017-01-02T12:00:00.000000Z,c_gls_SWI_201701031200_GLOBE_ASCAT_V4.0.1_nc,ASCAT_SWI,7.58,Success
2017-01-01T12:00:00.000000Z,c_gls_SWI_201701021200_GLOBE_ASCAT_V4.0.1_nc,ASCAT_SWI,7.57,Success
2017-11-18T12:00:00.000000Z,c_gls_SWI_201711191200_GLOBE_ASCAT_V4.0.1_nc,ASCAT_SWI,8.55,Success
2017-07-18T12:00:00.000000Z,c_gls_SWI_201707191200_GLOBE_ASCAT_V4.0.1_nc,ASCAT_SWI,10.3,Success
2017-11-16T12:00:00.000000Z,c_gls_SWI_201711171200_GLOBE_ASCAT_V4.0.1_nc,ASCAT_SWI,8.62,Success
2017-01-04T12:00:00.000000Z,c_gls_SWI_201701051200_GLOBE_ASCAT_V4.0.1_nc,ASCAT_SWI,7.55,Success
2017-01-03T12:00:00.000000Z,c_gls_SWI_201701041200_GLOBE_ASCAT_V4.0.1_nc,ASCAT_SWI,7.56,Success
2017-06-17T12:00:00.000000Z,c_gls_SWI_201706181200_GLOBE_ASCAT_V4.0.1_nc,ASCAT_SWI,10.6,Success
2017-01-07T12:00:00.000000Z,c_gls_SWI_201701081200_GLOBE_ASCAT_V4.0.1_nc,ASCAT_SWI,7.45,Success
2017-09-12T12:00:00.000000Z,c_gls_SWI_201709131200_GLOBE_ASCAT_V4.0.1_nc,ASCAT_SWI,10.16,Success
2017-02-26T12:00:00.000000Z,c_gls_SWI_201702271200_GLOBE_ASCAT_V4.0.1_nc,ASCAT_SWI,7.16,Success
2017-01-08T12:00:00.000000Z,c_gls_SWI_201701091200_GLOBE_ASCAT_V4.0.1_nc,ASCAT_SWI,7.4,Success
2017-01-05T12:00:00.000000Z,c_gls_SWI_201701061200_GLOBE_ASCAT_V4.0.1_nc,ASCAT_SWI,7.52,Success
2017-09-22T12:00:00.000000Z,c_gls_SWI_201709231200_GLOBE_ASCAT_V4.0.1_nc,ASCAT_SWI,10.04,Success
2017-10-16T12:00:00.000000Z,c_gls_SWI_201710171200_GLOBE_ASCAT_V4.0.1_nc,ASCAT_SWI,9.67,Success
2017-01-06T12:00:00.000000Z,c_gls_SWI_201701071200_GLOBE_ASCAT_V4.0.1_nc,ASCAT_SWI,7.48,Success
2017-01-09T12:00:00.000000Z,c_gls_SWI_201701101200_GLOBE_ASCAT_V4.0.1_nc,ASCAT_SWI,7.34,Success
2017-06-11T12:00:00.000000Z,c_gls_SWI_201706121200_GLOBE_ASCAT_V4.0.1_nc,ASCAT_SWI,10.44,Success
2017-01-11T12:00:00.000000Z,c_gls_SWI_201701121200_GLOBE_ASCAT_V4.0.1_nc,ASCAT_SWI,7.33,Success
2017-11-08T12:00:00.000000Z,c_gls_SWI_201711091200_GLOBE_ASCAT_V3.1.1_nc,ASCAT_SWI,9.46,Success
2017-06-05T12:00:00.000000Z,c_gls_SWI_201706061200_GLOBE_ASCAT_V4.0.1_nc,ASCAT_SWI,10.45,Success
2017-01-10T12:00:00.000000Z,c_gls_SWI_201701111200_GLOBE_ASCAT_V4.0.1_nc,ASCAT_SWI,7.34,Success
2017-02-25T12:00:00.000000Z,c_gls_SWI_201702261200_GLOBE_ASCAT_V4.0.1_nc,ASCAT_SWI,7.18,Success
2017-03-08T12:00:00.000000Z,c_gls_SWI_201703091200_GLOBE_ASCAT_V4.0.1_nc,ASCAT_SWI,7.54,Success
2017-01-14T12:00:00.000000Z,c_gls_SWI_201701151200_GLOBE_ASCAT_V4.0.1_nc,ASCAT_SWI,7.28,Success
2017-10-31T12:00:00.000000Z,c_gls_SWI_201711011200_GLOBE_ASCAT_V4.0.1_nc,ASCAT_SWI,9.19,Success
2017-01-12T12:00:00.000000Z,c_gls_SWI_201701131200_GLOBE_ASCAT_V4.0.1_nc,ASCAT_SWI,7.34,Success
2017-04-02T12:00:00.000000Z,c_gls_SWI_201704031200_GLOBE_ASCAT_V4.0.1_nc,ASCAT_SWI,8.06,Success
2017-04-13T12:00:00.000000Z,c_gls_SWI_201704141200_GLOBE_ASCAT_V4.0.1_nc,ASCAT_SWI,8.18,Success
2017-03-07T12:00:00.000000Z,c_gls_SWI_201703081200_GLOBE_ASCAT_V4.0.1_nc,ASCAT_SWI,7.55,Success
2017-07-16T12:00:00.000000Z,c_gls_SWI_201707171200_GLOBE_ASCAT_V4.0.1_nc,ASCAT_SWI,10.33,Success
2017-01-13T12:00:00.000000Z,c_gls_SWI_201701141200_GLOBE_ASCAT_V4.0.1_nc,ASCAT_SWI,7.32,Success
2017-01-15T12:00:00.000000Z,c_gls_SWI_201701161200_GLOBE_ASCAT_V4.0.1_nc,ASCAT_SWI,7.26,Success
2017-01-16T12:00:00.000000Z,c_gls_SWI_201701171200_GLOBE_ASCAT_V4.0.1_nc,ASCAT_SWI,7.23,Success
2017-07-02T12:00:00.000000Z,c_gls_SWI_201707031200_GLOBE_ASCAT_V4.0.1_nc,ASCAT_SWI,10.88,Success
2017-01-29T12:00:00.000000Z,c_gls_SWI_201701301200_GLOBE_ASCAT_V4.0.1_nc,ASCAT_SWI,7.0,Success
2017-02-02T12:00:00.000000Z,c_gls_SWI_201702031200_GLOBE_ASCAT_V4.0.1_nc,ASCAT_SWI,7.25,Success
2017-05-20T12:00:00.000000Z,c_gls_SWI_201705211200_GLOBE_ASCAT_V4.0.1_nc,ASCAT_SWI,9.26,Success
2017-02-04T12:00:00.000000Z,c_gls_SWI_201702051200_GLOBE_ASCAT_V4.0.1_nc,ASCAT_SWI,7.23,Success
2017-01-17T12:00:00.000000Z,c_gls_SWI_201701181200_GLOBE_ASCAT_V4.0.1_nc,ASCAT_SWI,7.22,Success
2017-01-31T12:00:00.000000Z,c_gls_SWI_201702011200_GLOBE_ASCAT_V4.0.1_nc,ASCAT_SWI,7.12,Success
2017-03-14T12:00:00.000000Z,c_gls_SWI_201703151200_GLOBE_ASCAT_V4.0.1_nc,ASCAT_SWI,7.47,Success
2017-04-01T12:00:00.000000Z,c_gls_SWI_201704021200_GLOBE_ASCAT_V4.0.1_nc,ASCAT_SWI,8.0,Success
2017-05-12T12:00:00.000000Z,c_gls_SWI_201705131200_GLOBE_ASCAT_V4.0.1_nc,ASCAT_SWI,9.04,Success
2017-03-20T12:00:00.000000Z,c_gls_SWI_201703211200_GLOBE_ASCAT_V4.0.1_nc,ASCAT_SWI,7.5,Success
2017-03-30T12:00:00.000000Z,c_gls_SWI_201703311200_GLOBE_ASCAT_V4.0.1_nc,ASCAT_SWI,7.57,Success
2017-12-25T12:00:00.000000Z,c_gls_SWI_201712261200_GLOBE_ASCAT_V4.0.1_nc,ASCAT_SWI,7.6,Success
2017-04-12T12:00:00.000000Z,c_gls_SWI_201704131200_GLOBE_ASCAT_V4.0.1_nc,ASCAT_SWI,8.16,Success
2017-03-29T12:00:00.000000Z,c_gls_SWI_201703301200_GLOBE_ASCAT_V4.0.1_nc,ASCAT_SWI,7.57,Success
2017-03-21T12:00:00.000000Z,c_gls_SWI_201703221200_GLOBE_ASCAT_V4.0.1_nc,ASCAT_SWI,7.52,Success
2017-05-27T12:00:00.000000Z,c_gls_SWI_201705281200_GLOBE_ASCAT_V4.0.1_nc,ASCAT_SWI,9.57,Success
2017-03-28T12:00:00.000000Z,c_gls_SWI_201703291200_GLOBE_ASCAT_V4.0.1_nc,ASCAT_SWI,7.58,Success
2017-04-26T12:00:00.000000Z,c_gls_SWI_201704271200_GLOBE_ASCAT_V4.0.1_nc,ASCAT_SWI,8.3,Success
2017-03-31T12:00:00.000000Z,c_gls_SWI_201704011200_GLOBE_ASCAT_V4.0.1_nc,ASCAT_SWI,7.83,Success
2017-01-18T12:00:00.000000Z,c_gls_SWI_201701191200_GLOBE_ASCAT_V4.0.1_nc,ASCAT_SWI,7.19,Success
2017-01-30T12:00:00.000000Z,c_gls_SWI_201701311200_GLOBE_ASCAT_V4.0.1_nc,ASCAT_SWI,6.96,Success
2017-01-24T12:00:00.000000Z,c_gls_SWI_201701251200_GLOBE_ASCAT_V4.0.1_nc,ASCAT_SWI,7.1,Success
2017-10-23T12:00:00.000000Z,c_gls_SWI_201710241200_GLOBE_ASCAT_V4.0.1_nc,ASCAT_SWI,9.32,Success
2017-03-17T12:00:00.000000Z,c_gls_SWI_201703181200_GLOBE_ASCAT_V4.0.1_nc,ASCAT_SWI,7.48,Success
2017-07-06T12:00:00.000000Z,c_gls_SWI_201707071200_GLOBE_ASCAT_V4.0.1_nc,ASCAT_SWI,10.69,Success
2017-01-19T12:00:00.000000Z,c_gls_SWI_201701201200_GLOBE_ASCAT_V4.0.1_nc,ASCAT_SWI,7.18,Success
2017-11-12T12:00:00.000000Z,c_gls_SWI_201711131200_GLOBE_ASCAT_V4.0.1_nc,ASCAT_SWI,8.8,Success
2017-10-09T12:00:00.000000Z,c_gls_SWI_201710101200_GLOBE_ASCAT_V4.0.1_nc,ASCAT_SWI,9.98,Success
2017-08-20T12:00:00.000000Z,c_gls_SWI_201708211200_GLOBE_ASCAT_V4.0.1_nc,ASCAT_SWI,10.04,Success
2017-02-09T12:00:00.000000Z,c_gls_SWI_201702101200_GLOBE_ASCAT_V4.0.1_nc,ASCAT_SWI,7.14,Success
2017-03-16T12:00:00.000000Z,c_gls_SWI_201703171200_GLOBE_ASCAT_V4.0.1_nc,ASCAT_SWI,7.48,Success
2017-11-07T12:00:00.000000Z,c_gls_SWI_201711081200_GLOBE_ASCAT_V4.0.1_nc,ASCAT_SWI,9.1,Success
2017-02-18T12:00:00.000000Z,c_gls_SWI_201702191200_GLOBE_ASCAT_V4.0.1_nc,ASCAT_SWI,7.19,Success
2017-02-03T12:00:00.000000Z,c_gls_SWI_201702041200_GLOBE_ASCAT_V4.0.1_nc,ASCAT_SWI,7.24,Success
2017-09-03T12:00:00.000000Z,c_gls_SWI_201709041200_GLOBE_ASCAT_V4.0.1_nc,ASCAT_SWI,10.28,Success
2017-08-07T12:00:00.000000Z,c_gls_SWI_201708081200_GLOBE_ASCAT_V4.0.1_nc,ASCAT_SWI,10.24,Success
2017-10-13T12:00:00.000000Z,c_gls_SWI_201710141200_GLOBE_ASCAT_V4.0.1_nc,ASCAT_SWI,9.76,Success
2017-02-17T12:00:00.000000Z,c_gls_SWI_201702181200_GLOBE_ASCAT_V4.0.1_nc,ASCAT_SWI,7.17,Success
2017-02-10T12:00:00.000000Z,c_gls_SWI_201702111200_GLOBE_ASCAT_V4.0.1_nc,ASCAT_SWI,7.14,Success
2017-10-30T12:00:00.000000Z,c_gls_SWI_201710311200_GLOBE_ASCAT_V4.0.1_nc,ASCAT_SWI,8.98,Success
2017-01-23T12:00:00.000000Z,c_gls_SWI_201701241200_GLOBE_ASCAT_V4.0.1_nc,ASCAT_SWI,7.11,Success
2017-05-26T12:00:00.000000Z,c_gls_SWI_201705271200_GLOBE_ASCAT_V4.0.1_nc,ASCAT_SWI,9.47,Success
2017-08-22T12:00:00.000000Z,c_gls_SWI_201708231200_GLOBE_ASCAT_V4.0.1_nc,ASCAT_SWI,10.04,Success
2017-09-16T12:00:00.000000Z,c_gls_SWI_201709171200_GLOBE_ASCAT_V4.0.1_nc,ASCAT_SWI,10.12,Success
2017-04-14T12:00:00.000000Z,c_gls_SWI_201704151200_GLOBE_ASCAT_V4.0.1_nc,ASCAT_SWI,8.21,Success
2017-01-21T12:00:00.000000Z,c_gls_SWI_201701221200_GLOBE_ASCAT_V4.0.1_nc,ASCAT_SWI,7.14,Success
2017-05-13T12:00:00.000000Z,c_gls_SWI_201705141200_GLOBE_ASCAT_V4.0.1_nc,ASCAT_SWI,9.09,Success
2017-01-27T12:00:00.000000Z,c_gls_SWI_201701281200_GLOBE_ASCAT_V4.0.1_nc,ASCAT_SWI,7.03,Success
2017-01-25T12:00:00.000000Z,c_gls_SWI_201701261200_GLOBE_ASCAT_V4.0.1_nc,ASCAT_SWI,7.08,Success
2017-02-08T12:00:00.000000Z,c_gls_SWI_201702091200_GLOBE_ASCAT_V4.0.1_nc,ASCAT_SWI,7.18,Success
2017-02-06T12:00:00.000000Z,c_gls_SWI_201702071200_GLOBE_ASCAT_V4.0.1_nc,ASCAT_SWI,7.21,Success
2017-07-26T12:00:00.000000Z,c_gls_SWI_201707271200_GLOBE_ASCAT_V4.0.1_nc,ASCAT_SWI,10.09,Success
2017-02-07T12:00:00.000000Z,c_gls_SWI_201702081200_GLOBE_ASCAT_V4.0.1_nc,ASCAT_SWI,7.2,Success
2017-02-05T12:00:00.000000Z,c_gls_SWI_201702061200_GLOBE_ASCAT_V4.0.1_nc,ASCAT_SWI,7.24,Success
2017-02-28T12:00:00.000000Z,c_gls_SWI_201703011200_GLOBE_ASCAT_V4.0.1_nc,ASCAT_SWI,7.38,Success
2017-10-08T12:00:00.000000Z,c_gls_SWI_201710091200_GLOBE_ASCAT_V4.0.1_nc,ASCAT_SWI,10.03,Success
2017-09-14T12:00:00.000000Z,c_gls_SWI_201709151200_GLOBE_ASCAT_V4.0.1_nc,ASCAT_SWI,10.15,Success
2017-02-01T12:00:00.000000Z,c_gls_SWI_201702021200_GLOBE_ASCAT_V4.0.1_nc,ASCAT_SWI,7.24,Success
2017-09-06T12:00:00.000000Z,c_gls_SWI_201709071200_GLOBE_ASCAT_V4.0.1_nc,ASCAT_SWI,10.22,Success
2017-02-22T12:00:00.000000Z,c_gls_SWI_201702231200_GLOBE_ASCAT_V4.0.1_nc,ASCAT_SWI,7.18,Success
2017-12-18T12:00:00.000000Z,c_gls_SWI_201712191200_GLOBE_ASCAT_V4.0.1_nc,ASCAT_SWI,7.73,Success
2017-01-22T12:00:00.000000Z,c_gls_SWI_201701231200_GLOBE_ASCAT_V4.0.1_nc,ASCAT_SWI,7.12,Success
2017-03-02T12:00:00.000000Z,c_gls_SWI_201703031200_GLOBE_ASCAT_V4.0.1_nc,ASCAT_SWI,7.55,Success
2017-02-13T12:00:00.000000Z,c_gls_SWI_201702141200_GLOBE_ASCAT_V4.0.1_nc,ASCAT_SWI,7.11,Success
2017-02-23T12:00:00.000000Z,c_gls_SWI_201702241200_GLOBE_ASCAT_V4.0.1_nc,ASCAT_SWI,7.18,Success
2017-05-02T12:00:00.000000Z,c_gls_SWI_201705031200_GLOBE_ASCAT_V4.0.1_nc,ASCAT_SWI,9.01,Success
2017-04-27T12:00:00.000000Z,c_gls_SWI_201704281200_GLOBE_ASCAT_V4.0.1_nc,ASCAT_SWI,8.34,Success
2017-03-09T12:00:00.000000Z,c_gls_SWI_201703101200_GLOBE_ASCAT_V4.0.1_nc,ASCAT_SWI,7.51,Success
2017-07-21T12:00:00.000000Z,c_gls_SWI_201707221200_GLOBE_ASCAT_V4.0.1_nc,ASCAT_SWI,10.22,Success
2017-02-14T12:00:00.000000Z,c_gls_SWI_201702151200_GLOBE_ASCAT_V4.0.1_nc,ASCAT_SWI,7.12,Success
2017-12-14T12:00:00.000000Z,c_gls_SWI_201712151200_GLOBE_ASCAT_V4.0.1_nc,ASCAT_SWI,7.84,Success
2017-02-11T12:00:00.000000Z,c_gls_SWI_201702121200_GLOBE_ASCAT_V4.0.1_nc,ASCAT_SWI,7.11,Success
2017-03-12T12:00:00.000000Z,c_gls_SWI_201703131200_GLOBE_ASCAT_V4.0.1_nc,ASCAT_SWI,7.47,Success
2017-08-21T12:00:00.000000Z,c_gls_SWI_201708221200_GLOBE_ASCAT_V4.0.1_nc,ASCAT_SWI,10.05,Success
2017-09-09T12:00:00.000000Z,c_gls_SWI_201709101200_GLOBE_ASCAT_V4.0.1_nc,ASCAT_SWI,10.2,Success
2017-02-19T12:00:00.000000Z,c_gls_SWI_201702201200_GLOBE_ASCAT_V4.0.1_nc,ASCAT_SWI,7.19,Success
2017-02-15T12:00:00.000000Z,c_gls_SWI_201702161200_GLOBE_ASCAT_V4.0.1_nc,ASCAT_SWI,7.15,Success
2017-07-10T12:00:00.000000Z,c_gls_SWI_201707111200_GLOBE_ASCAT_V4.0.1_nc,ASCAT_SWI,10.53,Success
2017-02-12T12:00:00.000000Z,c_gls_SWI_201702131200_GLOBE_ASCAT_V4.0.1_nc,ASCAT_SWI,7.1,Success
2017-05-07T12:00:00.000000Z,c_gls_SWI_201705081200_GLOBE_ASCAT_V4.0.1_nc,ASCAT_SWI,9.06,Success
2017-02-24T12:00:00.000000Z,c_gls_SWI_201702251200_GLOBE_ASCAT_V4.0.1_nc,ASCAT_SWI,7.18,Success
2017-01-26T12:00:00.000000Z,c_gls_SWI_201701271200_GLOBE_ASCAT_V4.0.1_nc,ASCAT_SWI,7.05,Success
2017-07-14T12:00:00.000000Z,c_gls_SWI_201707151200_GLOBE_ASCAT_V4.0.1_nc,ASCAT_SWI,10.38,Success
2017-08-01T12:00:00.000000Z,c_gls_SWI_201708021200_GLOBE_ASCAT_V4.0.1_nc,ASCAT_SWI,10.34,Success
2017-02-20T12:00:00.000000Z,c_gls_SWI_201702211200_GLOBE_ASCAT_V4.0.1_nc,ASCAT_SWI,7.18,Success
2017-02-16T12:00:00.000000Z,c_gls_SWI_201702171200_GLOBE_ASCAT_V4.0.1_nc,ASCAT_SWI,7.14,Success
2017-12-21T12:00:00.000000Z,c_gls_SWI_201712221200_GLOBE_ASCAT_V4.0.1_nc,ASCAT_SWI,7.69,Success
2017-03-13T12:00:00.000000Z,c_gls_SWI_201703141200_GLOBE_ASCAT_V4.0.1_nc,ASCAT_SWI,7.47,Success
2017-11-05T12:00:00.000000Z,c_gls_SWI_201711061200_GLOBE_ASCAT_V4.0.1_nc,ASCAT_SWI,9.21,Success
2017-08-13T12:00:00.000000Z,c_gls_SWI_201708141200_GLOBE_ASCAT_V4.0.1_nc,ASCAT_SWI,10.11,Success
2017-02-27T12:00:00.000000Z,c_gls_SWI_201702281200_GLOBE_ASCAT_V4.0.1_nc,ASCAT_SWI,7.18,Success
2017-09-07T12:00:00.000000Z,c_gls_SWI_201709081200_GLOBE_ASCAT_V4.0.1_nc,ASCAT_SWI,10.21,Success
2017-11-30T12:00:00.000000Z,c_gls_SWI_201712011200_GLOBE_ASCAT_V4.0.1_nc,ASCAT_SWI,8.23,Success
2017-10-22T12:00:00.000000Z,c_gls_SWI_201710231200_GLOBE_ASCAT_V4.0.1_nc,ASCAT_SWI,9.37,Success
2017-03-25T12:00:00.000000Z,c_gls_SWI_201703261200_GLOBE_ASCAT_V4.0.1_nc,ASCAT_SWI,7.52,Success
2017-03-27T12:00:00.000000Z,c_gls_SWI_201703281200_GLOBE_ASCAT_V4.0.1_nc,ASCAT_SWI,7.54,Success
2017-03-03T12:00:00.000000Z,c_gls_SWI_201703041200_GLOBE_ASCAT_V4.0.1_nc,ASCAT_SWI,7.56,Success
2017-03-11T12:00:00.000000Z,c_gls_SWI_201703121200_GLOBE_ASCAT_V4.0.1_nc,ASCAT_SWI,7.5,Success
2017-09-10T12:00:00.000000Z,c_gls_SWI_201709111200_GLOBE_ASCAT_V4.0.1_nc,ASCAT_SWI,10.22,Success
2017-03-04T12:00:00.000000Z,c_gls_SWI_201703051200_GLOBE_ASCAT_V4.0.1_nc,ASCAT_SWI,7.56,Success
2017-10-19T12:00:00.000000Z,c_gls_SWI_201710201200_GLOBE_ASCAT_V4.0.1_nc,ASCAT_SWI,9.54,Success
2017-03-15T12:00:00.000000Z,c_gls_SWI_201703161200_GLOBE_ASCAT_V4.0.1_nc,ASCAT_SWI,7.46,Success
2017-05-24T12:00:00.000000Z,c_gls_SWI_201705251200_GLOBE_ASCAT_V4.0.1_nc,ASCAT_SWI,9.37,Success
2017-03-24T12:00:00.000000Z,c_gls_SWI_201703251200_GLOBE_ASCAT_V4.0.1_nc,ASCAT_SWI,7.52,Success
2017-07-23T12:00:00.000000Z,c_gls_SWI_201707241200_GLOBE_ASCAT_V4.0.1_nc,ASCAT_SWI,10.18,Success
2017-11-11T12:00:00.000000Z,c_gls_SWI_201711121200_GLOBE_ASCAT_V4.0.1_nc,ASCAT_SWI,8.84,Success
2017-05-18T12:00:00.000000Z,c_gls_SWI_201705191200_GLOBE_ASCAT_V4.0.1_nc,ASCAT_SWI,9.21,Success
2017-03-10T12:00:00.000000Z,c_gls_SWI_201703111200_GLOBE_ASCAT_V4.0.1_nc,ASCAT_SWI,7.5,Success
2017-04-05T12:00:00.000000Z,c_gls_SWI_201704061200_GLOBE_ASCAT_V4.0.1_nc,ASCAT_SWI,8.16,Success
2017-04-09T12:00:00.000000Z,c_gls_SWI_201704101200_GLOBE_ASCAT_V4.0.1_nc,ASCAT_SWI,8.17,Success
2017-06-30T12:00:00.000000Z,c_gls_SWI_201707011200_GLOBE_ASCAT_V4.0.1_nc,ASCAT_SWI,10.71,Success
2017-02-21T12:00:00.000000Z,c_gls_SWI_201702221200_GLOBE_ASCAT_V4.0.1_nc,ASCAT_SWI,7.16,Success
2017-03-05T12:00:00.000000Z,c_gls_SWI_201703061200_GLOBE_ASCAT_V4.0.1_nc,ASCAT_SWI,7.55,Success
2017-04-21T12:00:00.000000Z,c_gls_SWI_201704221200_GLOBE_ASCAT_V4.0.1_nc,ASCAT_SWI,8.24,Success
2017-08-17T12:00:00.000000Z,c_gls_SWI_201708181200_GLOBE_ASCAT_V4.0.1_nc,ASCAT_SWI,10.05,Success
2017-03-06T12:00:00.000000Z,c_gls_SWI_201703071200_GLOBE_ASCAT_V4.0.1_nc,ASCAT_SWI,7.57,Success
2017-03-23T12:00:00.000000Z,c_gls_SWI_201703241200_GLOBE_ASCAT_V4.0.1_nc,ASCAT_SWI,7.52,Success
2017-01-28T12:00:00.000000Z,c_gls_SWI_201701291200_GLOBE_ASCAT_V4.0.1_nc,ASCAT_SWI,7.0,Success
2017-04-08T12:00:00.000000Z,c_gls_SWI_201704091200_GLOBE_ASCAT_V4.0.1_nc,ASCAT_SWI,8.16,Success
2017-03-18T12:00:00.000000Z,c_gls_SWI_201703191200_GLOBE_ASCAT_V4.0.1_nc,ASCAT_SWI,7.5,Success
2017-03-19T12:00:00.000000Z,c_gls_SWI_201703201200_GLOBE_ASCAT_V4.0.1_nc,ASCAT_SWI,7.51,Success
2017-03-22T12:00:00.000000Z,c_gls_SWI_201703231200_GLOBE_ASCAT_V4.0.1_nc,ASCAT_SWI,7.51,Success
2017-03-01T12:00:00.000000Z,c_gls_SWI_201703021200_GLOBE_ASCAT_V4.0.1_nc,ASCAT_SWI,7.5,Success
2017-03-26T12:00:00.000000Z,c_gls_SWI_201703271200_GLOBE_ASCAT_V4.0.1_nc,ASCAT_SWI,7.53,Success
2017-06-12T12:00:00.000000Z,c_gls_SWI_201706131200_GLOBE_ASCAT_V4.0.1_nc,ASCAT_SWI,10.48,Success
2017-04-10T12:00:00.000000Z,c_gls_SWI_201704111200_GLOBE_ASCAT_V4.0.1_nc,ASCAT_SWI,8.16,Success
2017-04-07T12:00:00.000000Z,c_gls_SWI_201704081200_GLOBE_ASCAT_V4.0.1_nc,ASCAT_SWI,8.15,Success
2017-04-06T12:00:00.000000Z,c_gls_SWI_201704071200_GLOBE_ASCAT_V4.0.1_nc,ASCAT_SWI,8.16,Success
2017-08-02T12:00:00.000000Z,c_gls_SWI_201708031200_GLOBE_ASCAT_V4.0.1_nc,ASCAT_SWI,10.38,Success
2017-04-03T12:00:00.000000Z,c_gls_SWI_201704041200_GLOBE_ASCAT_V4.0.1_nc,ASCAT_SWI,8.12,Success
2017-07-29T12:00:00.000000Z,c_gls_SWI_201707301200_GLOBE_ASCAT_V4.0.1_nc,ASCAT_SWI,10.07,Success
2017-04-04T12:00:00.000000Z,c_gls_SWI_201704051200_GLOBE_ASCAT_V4.0.1_nc,ASCAT_SWI,8.15,Success
2017-04-11T12:00:00.000000Z,c_gls_SWI_201704121200_GLOBE_ASCAT_V4.0.1_nc,ASCAT_SWI,8.16,Success
2017-12-20T12:00:00.000000Z,c_gls_SWI_201712211200_GLOBE_ASCAT_V4.0.1_nc,ASCAT_SWI,7.68,Success
2017-06-10T12:00:00.000000Z,c_gls_SWI_201706111200_GLOBE_ASCAT_V4.0.1_nc,ASCAT_SWI,10.43,Success
2017-05-23T12:00:00.000000Z,c_gls_SWI_201705241200_GLOBE_ASCAT_V4.0.1_nc,ASCAT_SWI,9.36,Success
2017-12-30T12:00:00.000000Z,c_gls_SWI_201712311200_GLOBE_ASCAT_V4.0.1_nc,ASCAT_SWI,7.48,Success
2017-04-15T12:00:00.000000Z,c_gls_SWI_201704161200_GLOBE_ASCAT_V4.0.1_nc,ASCAT_SWI,8.21,Success
2017-07-24T12:00:00.000000Z,c_gls_SWI_201707251200_GLOBE_ASCAT_V4.0.1_nc,ASCAT_SWI,10.17,Success
2017-04-16T12:00:00.000000Z,c_gls_SWI_201704171200_GLOBE_ASCAT_V4.0.1_nc,ASCAT_SWI,8.22,Success
2017-04-17T12:00:00.000000Z,c_gls_SWI_201704181200_GLOBE_ASCAT_V4.0.1_nc,ASCAT_SWI,8.23,Success
2017-04-18T12:00:00.000000Z,c_gls_SWI_201704191200_GLOBE_ASCAT_V4.0.1_nc,ASCAT_SWI,8.24,Success
2017-06-15T12:00:00.000000Z,c_gls_SWI_201706161200_GLOBE_ASCAT_V4.0.1_nc,ASCAT_SWI,10.54,Success
2017-12-15T12:00:00.000000Z,c_gls_SWI_201712161200_GLOBE_ASCAT_V4.0.1_nc,ASCAT_SWI,7.8,Success
2017-04-20T12:00:00.000000Z,c_gls_SWI_201704211200_GLOBE_ASCAT_V4.0.1_nc,ASCAT_SWI,8.22,Success
2017-04-19T12:00:00.000000Z,c_gls_SWI_201704201200_GLOBE_ASCAT_V4.0.1_nc,ASCAT_SWI,8.24,Success
2017-10-11T12:00:00.000000Z,c_gls_SWI_201710121200_GLOBE_ASCAT_V4.0.1_nc,ASCAT_SWI,9.85,Success
2017-10-04T12:00:00.000000Z,c_gls_SWI_201710051200_GLOBE_ASCAT_V4.0.1_nc,ASCAT_SWI,10.26,Success
2017-04-22T12:00:00.000000Z,c_gls_SWI_201704231200_GLOBE_ASCAT_V4.0.1_nc,ASCAT_SWI,8.23,Success
2017-04-30T12:00:00.000000Z,c_gls_SWI_201705011200_GLOBE_ASCAT_V4.0.1_nc,ASCAT_SWI,8.75,Success
2017-04-24T12:00:00.000000Z,c_gls_SWI_201704251200_GLOBE_ASCAT_V4.0.1_nc,ASCAT_SWI,8.25,Success
2017-05-08T12:00:00.000000Z,c_gls_SWI_201705091200_GLOBE_ASCAT_V4.0.1_nc,ASCAT_SWI,9.08,Success
2017-04-29T12:00:00.000000Z,c_gls_SWI_201704301200_GLOBE_ASCAT_V4.0.1_nc,ASCAT_SWI,8.37,Success
2017-07-04T12:00:00.000000Z,c_gls_SWI_201707051200_GLOBE_ASCAT_V4.0.1_nc,ASCAT_SWI,10.8,Success
2017-05-04T12:00:00.000000Z,c_gls_SWI_201705051200_GLOBE_ASCAT_V4.0.1_nc,ASCAT_SWI,9.07,Success
2017-04-25T12:00:00.000000Z,c_gls_SWI_201704261200_GLOBE_ASCAT_V4.0.1_nc,ASCAT_SWI,8.27,Success
2017-04-23T12:00:00.000000Z,c_gls_SWI_201704241200_GLOBE_ASCAT_V4.0.1_nc,ASCAT_SWI,8.24,Success
2017-05-06T12:00:00.000000Z,c_gls_SWI_201705071200_GLOBE_ASCAT_V4.0.1_nc,ASCAT_SWI,9.08,Success
2017-04-28T12:00:00.000000Z,c_gls_SWI_201704291200_GLOBE_ASCAT_V4.0.1_nc,ASCAT_SWI,8.36,Success
2017-05-05T12:00:00.000000Z,c_gls_SWI_201705061200_GLOBE_ASCAT_V4.0.1_nc,ASCAT_SWI,9.08,Success
2017-06-07T12:00:00.000000Z,c_gls_SWI_201706081200_GLOBE_ASCAT_V4.0.1_nc,ASCAT_SWI,10.43,Success
2017-05-03T12:00:00.000000Z,c_gls_SWI_201705041200_GLOBE_ASCAT_V4.0.1_nc,ASCAT_SWI,9.07,Success
2017-05-01T12:00:00.000000Z,c_gls_SWI_201705021200_GLOBE_ASCAT_V4.0.1_nc,ASCAT_SWI,8.94,Success
2017-11-22T12:00:00.000000Z,c_gls_SWI_201711231200_GLOBE_ASCAT_V4.0.1_nc,ASCAT_SWI,8.35,Success
2017-11-19T12:00:00.000000Z,c_gls_SWI_201711201200_GLOBE_ASCAT_V4.0.1_nc,ASCAT_SWI,8.51,Success
2017-05-10T12:00:00.000000Z,c_gls_SWI_201705111200_GLOBE_ASCAT_V4.0.1_nc,ASCAT_SWI,9.05,Success
2017-05-09T12:00:00.000000Z,c_gls_SWI_201705101200_GLOBE_ASCAT_V4.0.1_nc,ASCAT_SWI,9.05,Success
2017-05-11T12:00:00.000000Z,c_gls_SWI_201705121200_GLOBE_ASCAT_V4.0.1_nc,ASCAT_SWI,9.05,Success
2017-08-09T12:00:00.000000Z,c_gls_SWI_201708101200_GLOBE_ASCAT_V4.0.1_nc,ASCAT_SWI,10.17,Success
2017-06-16T12:00:00.000000Z,c_gls_SWI_201706171200_GLOBE_ASCAT_V4.0.1_nc,ASCAT_SWI,10.56,Success
2017-05-14T12:00:00.000000Z,c_gls_SWI_201705151200_GLOBE_ASCAT_V4.0.1_nc,ASCAT_SWI,9.12,Success
2017-05-15T12:00:00.000000Z,c_gls_SWI_201705161200_GLOBE_ASCAT_V4.0.1_nc,ASCAT_SWI,9.13,Success
2017-05-22T12:00:00.000000Z,c_gls_SWI_201705231200_GLOBE_ASCAT_V4.0.1_nc,ASCAT_SWI,9.31,Success
2017-11-04T12:00:00.000000Z,c_gls_SWI_201711051200_GLOBE_ASCAT_V4.0.1_nc,ASCAT_SWI,9.24,Success
2017-05-17T12:00:00.000000Z,c_gls_SWI_201705181200_GLOBE_ASCAT_V4.0.1_nc,ASCAT_SWI,9.18,Success
2017-05-16T12:00:00.000000Z,c_gls_SWI_201705171200_GLOBE_ASCAT_V4.0.1_nc,ASCAT_SWI,9.16,Success
2017-05-21T12:00:00.000000Z,c_gls_SWI_201705221200_GLOBE_ASCAT_V4.0.1_nc,ASCAT_SWI,9.29,Success
2017-05-19T12:00:00.000000Z,c_gls_SWI_201705201200_GLOBE_ASCAT_V4.0.1_nc,ASCAT_SWI,9.22,Success
2017-05-25T12:00:00.000000Z,c_gls_SWI_201705261200_GLOBE_ASCAT_V4.0.1_nc,ASCAT_SWI,9.4,Success
2017-08-24T12:00:00.000000Z,c_gls_SWI_201708251200_GLOBE_ASCAT_V4.0.1_nc,ASCAT_SWI,10.03,Success
2017-05-29T12:00:00.000000Z,c_gls_SWI_201705301200_GLOBE_ASCAT_V4.0.1_nc,ASCAT_SWI,9.68,Success
2017-07-20T12:00:00.000000Z,c_gls_SWI_201707211200_GLOBE_ASCAT_V4.0.1_nc,ASCAT_SWI,10.24,Success
2017-05-28T12:00:00.000000Z,c_gls_SWI_201705291200_GLOBE_ASCAT_V4.0.1_nc,ASCAT_SWI,9.72,Success
2017-05-30T12:00:00.000000Z,c_gls_SWI_201705311200_GLOBE_ASCAT_V4.0.1_nc,ASCAT_SWI,9.63,Success
2017-05-31T12:00:00.000000Z,c_gls_SWI_201706011200_GLOBE_ASCAT_V4.0.1_nc,ASCAT_SWI,10.01,Success
2017-12-11T12:00:00.000000Z,c_gls_SWI_201712121200_GLOBE_ASCAT_V4.0.1_nc,ASCAT_SWI,7.97,Success
2017-06-01T12:00:00.000000Z,c_gls_SWI_201706021200_GLOBE_ASCAT_V4.0.1_nc,ASCAT_SWI,10.3,Success
2017-06-02T12:00:00.000000Z,c_gls_SWI_201706031200_GLOBE_ASCAT_V4.0.1_nc,ASCAT_SWI,10.4,Success
2017-12-13T12:00:00.000000Z,c_gls_SWI_201712141200_GLOBE_ASCAT_V4.0.1_nc,ASCAT_SWI,7.88,Success
2017-09-15T12:00:00.000000Z,c_gls_SWI_201709161200_GLOBE_ASCAT_V4.0.1_nc,ASCAT_SWI,10.16,Success
2017-08-04T12:00:00.000000Z,c_gls_SWI_201708051200_GLOBE_ASCAT_V4.0.1_nc,ASCAT_SWI,10.33,Success
2017-11-13T12:00:00.000000Z,c_gls_SWI_201711141200_GLOBE_ASCAT_V4.0.1_nc,ASCAT_SWI,8.73,Success
2017-06-09T12:00:00.000000Z,c_gls_SWI_201706101200_GLOBE_ASCAT_V4.0.1_nc,ASCAT_SWI,10.41,Success
2017-06-03T12:00:00.000000Z,c_gls_SWI_201706041200_GLOBE_ASCAT_V4.0.1_nc,ASCAT_SWI,10.47,Success
2017-06-04T12:00:00.000000Z,c_gls_SWI_201706051200_GLOBE_ASCAT_V4.0.1_nc,ASCAT_SWI,10.46,Success
2017-06-08T12:00:00.000000Z,c_gls_SWI_201706091200_GLOBE_ASCAT_V4.0.1_nc,ASCAT_SWI,10.43,Success
2017-06-06T12:00:00.000000Z,c_gls_SWI_201706071200_GLOBE_ASCAT_V4.0.1_nc,ASCAT_SWI,10.45,Success
2017-06-14T12:00:00.000000Z,c_gls_SWI_201706151200_GLOBE_ASCAT_V4.0.1_nc,ASCAT_SWI,10.51,Success
2017-12-08T12:00:00.000000Z,c_gls_SWI_201712091200_GLOBE_ASCAT_V4.0.1_nc,ASCAT_SWI,8.11,Success
2017-06-13T12:00:00.000000Z,c_gls_SWI_201706141200_GLOBE_ASCAT_V4.0.1_nc,ASCAT_SWI,10.49,Success
2017-06-26T12:00:00.000000Z,c_gls_SWI_201706271200_GLOBE_ASCAT_V4.0.1_nc,ASCAT_SWI,10.56,Success
2017-06-18T12:00:00.000000Z,c_gls_SWI_201706191200_GLOBE_ASCAT_V4.0.1_nc,ASCAT_SWI,10.63,Success
2017-06-20T12:00:00.000000Z,c_gls_SWI_201706211200_GLOBE_ASCAT_V4.0.1_nc,ASCAT_SWI,10.64,Success
2017-06-19T12:00:00.000000Z,c_gls_SWI_201706201200_GLOBE_ASCAT_V4.0.1_nc,ASCAT_SWI,10.63,Success
2017-06-21T12:00:00.000000Z,c_gls_SWI_201706221200_GLOBE_ASCAT_V4.0.1_nc,ASCAT_SWI,10.65,Success
2017-11-20T12:00:00.000000Z,c_gls_SWI_201711211200_GLOBE_ASCAT_V4.0.1_nc,ASCAT_SWI,8.44,Success
2017-06-24T12:00:00.000000Z,c_gls_SWI_201706251200_GLOBE_ASCAT_V4.0.1_nc,ASCAT_SWI,10.62,Success
2017-06-23T12:00:00.000000Z,c_gls_SWI_201706241200_GLOBE_ASCAT_V4.0.1_nc,ASCAT_SWI,10.63,Success
2017-06-22T12:00:00.000000Z,c_gls_SWI_201706231200_GLOBE_ASCAT_V4.0.1_nc,ASCAT_SWI,10.65,Success
2017-12-27T12:00:00.000000Z,c_gls_SWI_201712281200_GLOBE_ASCAT_V4.0.1_nc,ASCAT_SWI,7.55,Success
2017-06-25T12:00:00.000000Z,c_gls_SWI_201706261200_GLOBE_ASCAT_V4.0.1_nc,ASCAT_SWI,10.61,Success
2017-07-31T12:00:00.000000Z,c_gls_SWI_201708011200_GLOBE_ASCAT_V4.0.1_nc,ASCAT_SWI,10.23,Success
2017-12-22T12:00:00.000000Z,c_gls_SWI_201712231200_GLOBE_ASCAT_V4.0.1_nc,ASCAT_SWI,7.66,Success
2017-06-28T12:00:00.000000Z,c_gls_SWI_201706291200_GLOBE_ASCAT_V4.0.1_nc,ASCAT_SWI,10.49,Success
2017-07-08T12:00:00.000000Z,c_gls_SWI_201707091200_GLOBE_ASCAT_V4.0.1_nc,ASCAT_SWI,10.62,Success
2017-06-29T12:00:00.000000Z,c_gls_SWI_201706301200_GLOBE_ASCAT_V4.0.1_nc,ASCAT_SWI,10.47,Success
2017-07-01T12:00:00.000000Z,c_gls_SWI_201707021200_GLOBE_ASCAT_V4.0.1_nc,ASCAT_SWI,10.86,Success
2017-07-05T12:00:00.000000Z,c_gls_SWI_201707061200_GLOBE_ASCAT_V4.0.1_nc,ASCAT_SWI,10.76,Success
2017-07-07T12:00:00.000000Z,c_gls_SWI_201707081200_GLOBE_ASCAT_V4.0.1_nc,ASCAT_SWI,10.65,Success
2017-07-03T12:00:00.000000Z,c_gls_SWI_201707041200_GLOBE_ASCAT_V4.0.1_nc,ASCAT_SWI,10.84,Success
2017-06-27T12:00:00.000000Z,c_gls_SWI_201706281200_GLOBE_ASCAT_V4.0.1_nc,ASCAT_SWI,10.52,Success
2017-09-17T12:00:00.000000Z,c_gls_SWI_201709181200_GLOBE_ASCAT_V4.0.1_nc,ASCAT_SWI,10.09,Success
2017-07-09T12:00:00.000000Z,c_gls_SWI_201707101200_GLOBE_ASCAT_V4.0.1_nc,ASCAT_SWI,10.56,Success
2017-10-10T12:00:00.000000Z,c_gls_SWI_201710111200_GLOBE_ASCAT_V4.0.1_nc,ASCAT_SWI,9.93,Success
2017-07-12T12:00:00.000000Z,c_gls_SWI_201707131200_GLOBE_ASCAT_V4.0.1_nc,ASCAT_SWI,10.44,Success
2017-07-11T12:00:00.000000Z,c_gls_SWI_201707121200_GLOBE_ASCAT_V4.0.1_nc,ASCAT_SWI,10.48,Success
2017-02-22T12:00:00.000000Z,c_gls_SWI_201702231200_GLOBE_ASCAT_V3.1.1_nc,ASCAT_SWI,8.46,Success
2017-07-13T12:00:00.000000Z,c_gls_SWI_201707141200_GLOBE_ASCAT_V4.0.1_nc,ASCAT_SWI,10.4,Success
2017-07-15T12:00:00.000000Z,c_gls_SWI_201707161200_GLOBE_ASCAT_V4.0.1_nc,ASCAT_SWI,10.35,Success
2017-07-17T12:00:00.000000Z,c_gls_SWI_201707181200_GLOBE_ASCAT_V4.0.1_nc,ASCAT_SWI,10.32,Success
2017-07-19T12:00:00.000000Z,c_gls_SWI_201707201200_GLOBE_ASCAT_V4.0.1_nc,ASCAT_SWI,10.27,Success
2017-08-03T12:00:00.000000Z,c_gls_SWI_201708041200_GLOBE_ASCAT_V4.0.1_nc,ASCAT_SWI,10.37,Success
2017-02-26T12:00:00.000000Z,c_gls_SWI_201702271200_GLOBE_ASCAT_V3.1.1_nc,ASCAT_SWI,8.46,Success
2017-09-26T12:00:00.000000Z,c_gls_SWI_201709271200_GLOBE_ASCAT_V4.0.1_nc,ASCAT_SWI,10.0,Success
2017-07-22T12:00:00.000000Z,c_gls_SWI_201707231200_GLOBE_ASCAT_V4.0.1_nc,ASCAT_SWI,10.19,Success
2017-12-10T12:00:00.000000Z,c_gls_SWI_201712111200_GLOBE_ASCAT_V4.0.1_nc,ASCAT_SWI,8.01,Success
2017-07-25T12:00:00.000000Z,c_gls_SWI_201707261200_GLOBE_ASCAT_V4.0.1_nc,ASCAT_SWI,10.13,Success
2017-07-27T12:00:00.000000Z,c_gls_SWI_201707281200_GLOBE_ASCAT_V4.0.1_nc,ASCAT_SWI,10.06,Success
2017-02-18T12:00:00.000000Z,c_gls_SWI_201702191200_GLOBE_ASCAT_V3.1.1_nc,ASCAT_SWI,8.44,Success
2017-02-15T12:00:00.000000Z,c_gls_SWI_201702161200_GLOBE_ASCAT_V3.1.1_nc,ASCAT_SWI,8.46,Success
2017-07-28T12:00:00.000000Z,c_gls_SWI_201707291200_GLOBE_ASCAT_V4.0.1_nc,ASCAT_SWI,10.07,Success
2017-12-23T12:00:00.000000Z,c_gls_SWI_201712241200_GLOBE_ASCAT_V4.0.1_nc,ASCAT_SWI,7.64,Success
2017-07-30T12:00:00.000000Z,c_gls_SWI_201707311200_GLOBE_ASCAT_V4.0.1_nc,ASCAT_SWI,10.03,Success
2017-10-20T12:00:00.000000Z,c_gls_SWI_201710211200_GLOBE_ASCAT_V4.0.1_nc,ASCAT_SWI,9.47,Success
2017-08-05T12:00:00.000000Z,c_gls_SWI_201708061200_GLOBE_ASCAT_V4.0.1_nc,ASCAT_SWI,10.3,Success
2017-08-06T12:00:00.000000Z,c_gls_SWI_201708071200_GLOBE_ASCAT_V4.0.1_nc,ASCAT_SWI,10.25,Success
2017-10-26T12:00:00.000000Z,c_gls_SWI_201710271200_GLOBE_ASCAT_V4.0.1_nc,ASCAT_SWI,9.16,Success
2017-08-08T12:00:00.000000Z,c_gls_SWI_201708091200_GLOBE_ASCAT_V4.0.1_nc,ASCAT_SWI,10.21,Success
2017-12-17T12:00:00.000000Z,c_gls_SWI_201712181200_GLOBE_ASCAT_V4.0.1_nc,ASCAT_SWI,7.76,Success
2017-08-11T12:00:00.000000Z,c_gls_SWI_201708121200_GLOBE_ASCAT_V4.0.1_nc,ASCAT_SWI,10.15,Success
2017-08-31T12:00:00.000000Z,c_gls_SWI_201709011200_GLOBE_ASCAT_V4.0.1_nc,ASCAT_SWI,10.15,Success
2017-08-12T12:00:00.000000Z,c_gls_SWI_201708131200_GLOBE_ASCAT_V4.0.1_nc,ASCAT_SWI,10.13,Success
2017-12-31T12:00:00.000000Z,c_gls_SWI_201801011200_GLOBE_ASCAT_V4.0.1_nc,ASCAT_SWI,7.64,Success
2017-08-15T12:00:00.000000Z,c_gls_SWI_201708161200_GLOBE_ASCAT_V4.0.1_nc,ASCAT_SWI,10.08,Success
2017-08-16T12:00:00.000000Z,c_gls_SWI_201708171200_GLOBE_ASCAT_V4.0.1_nc,ASCAT_SWI,10.05,Success
2017-08-18T12:00:00.000000Z,c_gls_SWI_201708191200_GLOBE_ASCAT_V4.0.1_nc,ASCAT_SWI,10.05,Success
2017-08-14T12:00:00.000000Z,c_gls_SWI_201708151200_GLOBE_ASCAT_V4.0.1_nc,ASCAT_SWI,10.1,Success
2017-08-19T12:00:00.000000Z,c_gls_SWI_201708201200_GLOBE_ASCAT_V4.0.1_nc,ASCAT_SWI,10.06,Success
2017-08-10T12:00:00.000000Z,c_gls_SWI_201708111200_GLOBE_ASCAT_V4.0.1_nc,ASCAT_SWI,10.17,Success
2017-08-23T12:00:00.000000Z,c_gls_SWI_201708241200_GLOBE_ASCAT_V4.0.1_nc,ASCAT_SWI,10.03,Success
2017-09-08T12:00:00.000000Z,c_gls_SWI_201709091200_GLOBE_ASCAT_V4.0.1_nc,ASCAT_SWI,10.22,Success
2017-02-21T12:00:00.000000Z,c_gls_SWI_201702221200_GLOBE_ASCAT_V3.1.1_nc,ASCAT_SWI,8.48,Success
2017-08-25T12:00:00.000000Z,c_gls_SWI_201708261200_GLOBE_ASCAT_V4.0.1_nc,ASCAT_SWI,10.01,Success
2017-02-16T12:00:00.000000Z,c_gls_SWI_201702171200_GLOBE_ASCAT_V3.1.1_nc,ASCAT_SWI,8.45,Success
2017-08-28T12:00:00.000000Z,c_gls_SWI_201708291200_GLOBE_ASCAT_V4.0.1_nc,ASCAT_SWI,9.97,Success
2017-08-26T12:00:00.000000Z,c_gls_SWI_201708271200_GLOBE_ASCAT_V4.0.1_nc,ASCAT_SWI,10.0,Success
2017-08-29T12:00:00.000000Z,c_gls_SWI_201708301200_GLOBE_ASCAT_V4.0.1_nc,ASCAT_SWI,9.95,Success
2017-08-27T12:00:00.000000Z,c_gls_SWI_201708281200_GLOBE_ASCAT_V4.0.1_nc,ASCAT_SWI,10.01,Success
2017-10-27T12:00:00.000000Z,c_gls_SWI_201710281200_GLOBE_ASCAT_V4.0.1_nc,ASCAT_SWI,9.09,Success
2017-08-30T12:00:00.000000Z,c_gls_SWI_201708311200_GLOBE_ASCAT_V4.0.1_nc,ASCAT_SWI,9.93,Success
2017-09-02T12:00:00.000000Z,c_gls_SWI_201709031200_GLOBE_ASCAT_V4.0.1_nc,ASCAT_SWI,10.28,Success
2017-09-01T12:00:00.000000Z,c_gls_SWI_201709021200_GLOBE_ASCAT_V4.0.1_nc,ASCAT_SWI,10.27,Success
2017-02-20T12:00:00.000000Z,c_gls_SWI_201702211200_GLOBE_ASCAT_V3.1.1_nc,ASCAT_SWI,8.47,Success
2017-12-12T12:00:00.000000Z,c_gls_SWI_201712131200_GLOBE_ASCAT_V4.0.1_nc,ASCAT_SWI,7.93,Success
2017-09-05T12:00:00.000000Z,c_gls_SWI_201709061200_GLOBE_ASCAT_V4.0.1_nc,ASCAT_SWI,10.24,Success
2017-09-04T12:00:00.000000Z,c_gls_SWI_201709051200_GLOBE_ASCAT_V4.0.1_nc,ASCAT_SWI,10.24,Success
2017-09-24T12:00:00.000000Z,c_gls_SWI_201709251200_GLOBE_ASCAT_V4.0.1_nc,ASCAT_SWI,10.02,Success
2017-09-13T12:00:00.000000Z,c_gls_SWI_201709141200_GLOBE_ASCAT_V4.0.1_nc,ASCAT_SWI,10.17,Success
2017-05-31T12:00:00.000000Z,c_gls_SWI_201706011200_GLOBE_ASCAT_V3.1.1_nc,ASCAT_SWI,9.6,Success
2017-09-18T12:00:00.000000Z,c_gls_SWI_201709191200_GLOBE_ASCAT_V4.0.1_nc,ASCAT_SWI,10.09,Success
2017-09-23T12:00:00.000000Z,c_gls_SWI_201709241200_GLOBE_ASCAT_V4.0.1_nc,ASCAT_SWI,10.04,Success
2017-09-19T12:00:00.000000Z,c_gls_SWI_201709201200_GLOBE_ASCAT_V4.0.1_nc,ASCAT_SWI,10.07,Success
2017-09-25T12:00:00.000000Z,c_gls_SWI_201709261200_GLOBE_ASCAT_V4.0.1_nc,ASCAT_SWI,10.01,Success
2017-09-20T12:00:00.000000Z,c_gls_SWI_201709211200_GLOBE_ASCAT_V4.0.1_nc,ASCAT_SWI,10.04,Success
2017-09-21T12:00:00.000000Z,c_gls_SWI_201709221200_GLOBE_ASCAT_V4.0.1_nc,ASCAT_SWI,10.05,Success
2017-09-27T12:00:00.000000Z,c_gls_SWI_201709281200_GLOBE_ASCAT_V4.0.1_nc,ASCAT_SWI,10.0,Success
2017-09-30T12:00:00.000000Z,c_gls_SWI_201710011200_GLOBE_ASCAT_V4.0.1_nc,ASCAT_SWI,10.19,Success
2017-09-29T12:00:00.000000Z,c_gls_SWI_201709301200_GLOBE_ASCAT_V4.0.1_nc,ASCAT_SWI,9.96,Success
2017-09-28T12:00:00.000000Z,c_gls_SWI_201709291200_GLOBE_ASCAT_V4.0.1_nc,ASCAT_SWI,10.0,Success
2017-02-01T12:00:00.000000Z,c_gls_SWI_201702021200_GLOBE_ASCAT_V3.1.1_nc,ASCAT_SWI,8.47,Success
2017-10-02T12:00:00.000000Z,c_gls_SWI_201710031200_GLOBE_ASCAT_V4.0.1_nc,ASCAT_SWI,10.34,Success
2017-10-03T12:00:00.000000Z,c_gls_SWI_201710041200_GLOBE_ASCAT_V4.0.1_nc,ASCAT_SWI,10.32,Success
2017-11-14T12:00:00.000000Z,c_gls_SWI_201711151200_GLOBE_ASCAT_V4.0.1_nc,ASCAT_SWI,8.69,Success
2017-10-01T12:00:00.000000Z,c_gls_SWI_201710021200_GLOBE_ASCAT_V4.0.1_nc,ASCAT_SWI,10.33,Success
2017-12-09T12:00:00.000000Z,c_gls_SWI_201712101200_GLOBE_ASCAT_V4.0.1_nc,ASCAT_SWI,8.07,Success
2017-10-05T12:00:00.000000Z,c_gls_SWI_201710061200_GLOBE_ASCAT_V4.0.1_nc,ASCAT_SWI,10.21,Success
2017-10-06T12:00:00.000000Z,c_gls_SWI_201710071200_GLOBE_ASCAT_V4.0.1_nc,ASCAT_SWI,10.13,Success
2017-02-06T12:00:00.000000Z,c_gls_SWI_201702071200_GLOBE_ASCAT_V3.1.1_nc,ASCAT_SWI,8.44,Success
2017-10-07T12:00:00.000000Z,c_gls_SWI_201710081200_GLOBE_ASCAT_V4.0.1_nc,ASCAT_SWI,10.08,Success
2017-10-12T12:00:00.000000Z,c_gls_SWI_201710131200_GLOBE_ASCAT_V4.0.1_nc,ASCAT_SWI,9.8,Success
2017-10-14T12:00:00.000000Z,c_gls_SWI_201710151200_GLOBE_ASCAT_V4.0.1_nc,ASCAT_SWI,9.74,Success
2017-11-28T12:00:00.000000Z,c_gls_SWI_201711291200_GLOBE_ASCAT_V4.0.1_nc,ASCAT_SWI,8.14,Success
2017-10-21T12:00:00.000000Z,c_gls_SWI_201710221200_GLOBE_ASCAT_V4.0.1_nc,ASCAT_SWI,9.42,Success
2017-10-17T12:00:00.000000Z,c_gls_SWI_201710181200_GLOBE_ASCAT_V4.0.1_nc,ASCAT_SWI,9.64,Success
2017-11-09T12:00:00.000000Z,c_gls_SWI_201711101200_GLOBE_ASCAT_V4.0.1_nc,ASCAT_SWI,8.95,Success
2017-10-18T12:00:00.000000Z,c_gls_SWI_201710191200_GLOBE_ASCAT_V4.0.1_nc,ASCAT_SWI,9.59,Success
2017-10-15T12:00:00.000000Z,c_gls_SWI_201710161200_GLOBE_ASCAT_V4.0.1_nc,ASCAT_SWI,9.71,Success
2017-10-24T12:00:00.000000Z,c_gls_SWI_201710251200_GLOBE_ASCAT_V4.0.1_nc,ASCAT_SWI,9.27,Success
2017-10-25T12:00:00.000000Z,c_gls_SWI_201710261200_GLOBE_ASCAT_V4.0.1_nc,ASCAT_SWI,9.21,Success
2017-10-28T12:00:00.000000Z,c_gls_SWI_201710291200_GLOBE_ASCAT_V4.0.1_nc,ASCAT_SWI,9.04,Success
2017-11-02T12:00:00.000000Z,c_gls_SWI_201711031200_GLOBE_ASCAT_V4.0.1_nc,ASCAT_SWI,9.31,Success
2017-11-01T12:00:00.000000Z,c_gls_SWI_201711021200_GLOBE_ASCAT_V4.0.1_nc,ASCAT_SWI,9.31,Success
2017-11-08T12:00:00.000000Z,c_gls_SWI_201711091200_GLOBE_ASCAT_V4.0.1_nc,ASCAT_SWI,9.04,Success
2017-11-03T12:00:00.000000Z,c_gls_SWI_201711041200_GLOBE_ASCAT_V4.0.1_nc,ASCAT_SWI,9.29,Success
2017-12-03T12:00:00.000000Z,c_gls_SWI_201712041200_GLOBE_ASCAT_V4.0.1_nc,ASCAT_SWI,8.32,Success
2017-10-29T12:00:00.000000Z,c_gls_SWI_201710301200_GLOBE_ASCAT_V4.0.1_nc,ASCAT_SWI,9.02,Success
2017-11-06T12:00:00.000000Z,c_gls_SWI_201711071200_GLOBE_ASCAT_V4.0.1_nc,ASCAT_SWI,9.15,Success
2017-11-10T12:00:00.000000Z,c_gls_SWI_201711111200_GLOBE_ASCAT_V4.0.1_nc,ASCAT_SWI,8.89,Success
2017-11-15T12:00:00.000000Z,c_gls_SWI_201711161200_GLOBE_ASCAT_V4.0.1_nc,ASCAT_SWI,8.65,Success
2017-11-21T12:00:00.000000Z,c_gls_SWI_201711221200_GLOBE_ASCAT_V4.0.1_nc,ASCAT_SWI,8.38,Success
2017-11-23T12:00:00.000000Z,c_gls_SWI_201711241200_GLOBE_ASCAT_V4.0.1_nc,ASCAT_SWI,8.32,Success
2017-11-17T12:00:00.000000Z,c_gls_SWI_201711181200_GLOBE_ASCAT_V4.0.1_nc,ASCAT_SWI,8.59,Success
2017-11-25T12:00:00.000000Z,c_gls_SWI_201711261200_GLOBE_ASCAT_V4.0.1_nc,ASCAT_SWI,8.26,Success
2017-11-27T12:00:00.000000Z,c_gls_SWI_201711281200_GLOBE_ASCAT_V4.0.1_nc,ASCAT_SWI,8.19,Success
2017-11-24T12:00:00.000000Z,c_gls_SWI_201711251200_GLOBE_ASCAT_V4.0.1_nc,ASCAT_SWI,8.28,Success
2017-11-26T12:00:00.000000Z,c_gls_SWI_201711271200_GLOBE_ASCAT_V4.0.1_nc,ASCAT_SWI,8.22,Success
2017-11-29T12:00:00.000000Z,c_gls_SWI_201711301200_GLOBE_ASCAT_V4.0.1_nc,ASCAT_SWI,8.09,Success
2017-12-04T12:00:00.000000Z,c_gls_SWI_201712051200_GLOBE_ASCAT_V4.0.1_nc,ASCAT_SWI,8.29,Success
2017-12-01T12:00:00.000000Z,c_gls_SWI_201712021200_GLOBE_ASCAT_V4.0.1_nc,ASCAT_SWI,8.35,Success
2017-12-02T12:00:00.000000Z,c_gls_SWI_201712031200_GLOBE_ASCAT_V4.0.1_nc,ASCAT_SWI,8.35,Success
2017-12-05T12:00:00.000000Z,c_gls_SWI_201712061200_GLOBE_ASCAT_V4.0.1_nc,ASCAT_SWI,8.25,Success
2017-12-06T12:00:00.000000Z,c_gls_SWI_201712071200_GLOBE_ASCAT_V4.0.1_nc,ASCAT_SWI,8.21,Success
2017-12-07T12:00:00.000000Z,c_gls_SWI_201712081200_GLOBE_ASCAT_V4.0.1_nc,ASCAT_SWI,8.17,Success
2017-12-16T12:00:00.000000Z,c_gls_SWI_201712171200_GLOBE_ASCAT_V4.0.1_nc,ASCAT_SWI,7.78,Success
2017-12-19T12:00:00.000000Z,c_gls_SWI_201712201200_GLOBE_ASCAT_V4.0.1_nc,ASCAT_SWI,7.71,Success
2017-12-24T12:00:00.000000Z,c_gls_SWI_201712251200_GLOBE_ASCAT_V4.0.1_nc,ASCAT_SWI,7.62,Success
2017-12-26T12:00:00.000000Z,c_gls_SWI_201712271200_GLOBE_ASCAT_V4.0.1_nc,ASCAT_SWI,7.58,Success
2017-12-29T12:00:00.000000Z,c_gls_SWI_201712301200_GLOBE_ASCAT_V4.0.1_nc,ASCAT_SWI,7.5,Success
2017-12-28T12:00:00.000000Z,c_gls_SWI_201712291200_GLOBE_ASCAT_V4.0.1_nc,ASCAT_SWI,7.53,Success
2017-01-26T12:00:00.000000Z,c_gls_SWI_201701271200_GLOBE_ASCAT_V3.1.1_nc,ASCAT_SWI,8.52,Success
2017-04-30T12:00:00.000000Z,c_gls_SWI_201705011200_GLOBE_ASCAT_V3.1.1_nc,ASCAT_SWI,9.36,Success
2017-04-25T12:00:00.000000Z,c_gls_SWI_201704261200_GLOBE_ASCAT_V3.1.1_nc,ASCAT_SWI,9.29,Success
2017-04-26T12:00:00.000000Z,c_gls_SWI_201704271200_GLOBE_ASCAT_V3.1.1_nc,ASCAT_SWI,9.31,Success
2017-04-05T12:00:00.000000Z,c_gls_SWI_201704061200_GLOBE_ASCAT_V3.1.1_nc,ASCAT_SWI,8.8,Success
2017-04-22T12:00:00.000000Z,c_gls_SWI_201704231200_GLOBE_ASCAT_V3.1.1_nc,ASCAT_SWI,9.21,Success
2017-04-09T12:00:00.000000Z,c_gls_SWI_201704101200_GLOBE_ASCAT_V3.1.1_nc,ASCAT_SWI,8.87,Success
2017-04-19T12:00:00.000000Z,c_gls_SWI_201704201200_GLOBE_ASCAT_V3.1.1_nc,ASCAT_SWI,9.13,Success
2017-04-12T12:00:00.000000Z,c_gls_SWI_201704131200_GLOBE_ASCAT_V3.1.1_nc,ASCAT_SWI,8.95,Success
2017-04-07T12:00:00.000000Z,c_gls_SWI_201704081200_GLOBE_ASCAT_V3.1.1_nc,ASCAT_SWI,8.84,Success
2017-04-28T12:00:00.000000Z,c_gls_SWI_201704291200_GLOBE_ASCAT_V3.1.1_nc,ASCAT_SWI,9.34,Success
2017-10-21T12:00:00.000000Z,c_gls_SWI_201710221200_GLOBE_ASCAT_V3.1.1_nc,ASCAT_SWI,9.41,Success
2017-01-24T12:00:00.000000Z,c_gls_SWI_201701251200_GLOBE_ASCAT_V3.1.1_nc,ASCAT_SWI,8.55,Success
2017-01-08T12:00:00.000000Z,c_gls_SWI_201701091200_GLOBE_ASCAT_V3.1.1_nc,ASCAT_SWI,8.71,Success
2017-01-18T12:00:00.000000Z,c_gls_SWI_201701191200_GLOBE_ASCAT_V3.1.1_nc,ASCAT_SWI,8.63,Success
2017-01-21T12:00:00.000000Z,c_gls_SWI_201701221200_GLOBE_ASCAT_V3.1.1_nc,ASCAT_SWI,8.59,Success
2017-01-22T12:00:00.000000Z,c_gls_SWI_201701231200_GLOBE_ASCAT_V3.1.1_nc,ASCAT_SWI,8.57,Success
2017-10-30T12:00:00.000000Z,c_gls_SWI_201710311200_GLOBE_ASCAT_V3.1.1_nc,ASCAT_SWI,9.46,Success
2017-10-29T12:00:00.000000Z,c_gls_SWI_201710301200_GLOBE_ASCAT_V3.1.1_nc,ASCAT_SWI,9.46,Success
2017-01-02T12:00:00.000000Z,c_gls_SWI_201701031200_GLOBE_ASCAT_V3.1.1_nc,ASCAT_SWI,8.81,Success
2017-01-29T12:00:00.000000Z,c_gls_SWI_201701301200_GLOBE_ASCAT_V3.1.1_nc,ASCAT_SWI,8.48,Success
2017-01-31T12:00:00.000000Z,c_gls_SWI_201702011200_GLOBE_ASCAT_V3.1.1_nc,ASCAT_SWI,8.46,Success
2017-01-28T12:00:00.000000Z,c_gls_SWI_201701291200_GLOBE_ASCAT_V3.1.1_nc,ASCAT_SWI,8.5,Success
2017-01-14T12:00:00.000000Z,c_gls_SWI_201701151200_GLOBE_ASCAT_V3.1.1_nc,ASCAT_SWI,8.69,Success
2017-10-12T12:00:00.000000Z,c_gls_SWI_201710131200_GLOBE_ASCAT_V3.1.1_nc,ASCAT_SWI,9.31,Success
2017-10-27T12:00:00.000000Z,c_gls_SWI_201710281200_GLOBE_ASCAT_V3.1.1_nc,ASCAT_SWI,9.45,Success
2017-10-24T12:00:00.000000Z,c_gls_SWI_201710251200_GLOBE_ASCAT_V3.1.1_nc,ASCAT_SWI,9.43,Success
2017-10-19T12:00:00.000000Z,c_gls_SWI_201710201200_GLOBE_ASCAT_V3.1.1_nc,ASCAT_SWI,9.35,Success
2017-10-25T12:00:00.000000Z,c_gls_SWI_201710261200_GLOBE_ASCAT_V3.1.1_nc,ASCAT_SWI,9.45,Success
2017-10-05T12:00:00.000000Z,c_gls_SWI_201710061200_GLOBE_ASCAT_V3.1.1_nc,ASCAT_SWI,9.2,Success
2017-01-01T12:00:00.000000Z,c_gls_SWI_201701021200_GLOBE_ASCAT_V3.1.1_nc,ASCAT_SWI,8.82,Success
2017-10-07T12:00:00.000000Z,c_gls_SWI_201710081200_GLOBE_ASCAT_V3.1.1_nc,ASCAT_SWI,9.23,Success
2017-01-15T12:00:00.000000Z,c_gls_SWI_201701161200_GLOBE_ASCAT_V3.1.1_nc,ASCAT_SWI,8.68,Success
2017-10-17T12:00:00.000000Z,c_gls_SWI_201710181200_GLOBE_ASCAT_V3.1.1_nc,ASCAT_SWI,9.35,Success
2017-10-20T12:00:00.000000Z,c_gls_SWI_201710211200_GLOBE_ASCAT_V3.1.1_nc,ASCAT_SWI,9.37,Success
2017-01-16T12:00:00.000000Z,c_gls_SWI_201701171200_GLOBE_ASCAT_V3.1.1_nc,ASCAT_SWI,8.66,Success
2017-10-26T12:00:00.000000Z,c_gls_SWI_201710271200_GLOBE_ASCAT_V3.1.1_nc,ASCAT_SWI,9.45,Success
2017-01-04T12:00:00.000000Z,c_gls_SWI_201701051200_GLOBE_ASCAT_V3.1.1_nc,ASCAT_SWI,8.78,Success
2017-10-10T12:00:00.000000Z,c_gls_SWI_201710111200_GLOBE_ASCAT_V3.1.1_nc,ASCAT_SWI,9.28,Success
2017-10-23T12:00:00.000000Z,c_gls_SWI_201710241200_GLOBE_ASCAT_V3.1.1_nc,ASCAT_SWI,9.42,Success
2017-10-13T12:00:00.000000Z,c_gls_SWI_201710141200_GLOBE_ASCAT_V3.1.1_nc,ASCAT_SWI,9.32,Success
2017-01-30T12:00:00.000000Z,c_gls_SWI_201701311200_GLOBE_ASCAT_V3.1.1_nc,ASCAT_SWI,8.47,Success
2017-10-01T12:00:00.000000Z,c_gls_SWI_201710021200_GLOBE_ASCAT_V3.1.1_nc,ASCAT_SWI,9.17,Success
2017-10-11T12:00:00.000000Z,c_gls_SWI_201710121200_GLOBE_ASCAT_V3.1.1_nc,ASCAT_SWI,9.3,Success
2017-10-04T12:00:00.000000Z,c_gls_SWI_201710051200_GLOBE_ASCAT_V3.1.1_nc,ASCAT_SWI,9.2,Success
2017-01-09T12:00:00.000000Z,c_gls_SWI_201701101200_GLOBE_ASCAT_V3.1.1_nc,ASCAT_SWI,8.72,Success
2017-10-14T12:00:00.000000Z,c_gls_SWI_201710151200_GLOBE_ASCAT_V3.1.1_nc,ASCAT_SWI,9.33,Success
2017-10-03T12:00:00.000000Z,c_gls_SWI_201710041200_GLOBE_ASCAT_V3.1.1_nc,ASCAT_SWI,9.19,Success
2017-10-06T12:00:00.000000Z,c_gls_SWI_201710071200_GLOBE_ASCAT_V3.1.1_nc,ASCAT_SWI,9.21,Success
2017-03-03T12:00:00.000000Z,c_gls_SWI_201703041200_GLOBE_ASCAT_V3.1.1_nc,ASCAT_SWI,8.44,Success
2017-01-07T12:00:00.000000Z,c_gls_SWI_201701081200_GLOBE_ASCAT_V3.1.1_nc,ASCAT_SWI,8.72,Success
2017-10-09T12:00:00.000000Z,c_gls_SWI_201710101200_GLOBE_ASCAT_V3.1.1_nc,ASCAT_SWI,9.26,Success
2017-01-23T12:00:00.000000Z,c_gls_SWI_201701241200_GLOBE_ASCAT_V3.1.1_nc,ASCAT_SWI,8.56,Success
2017-10-02T12:00:00.000000Z,c_gls_SWI_201710031200_GLOBE_ASCAT_V3.1.1_nc,ASCAT_SWI,9.19,Success
2017-03-21T12:00:00.000000Z,c_gls_SWI_201703221200_GLOBE_ASCAT_V3.1.1_nc,ASCAT_SWI,8.52,Success
2017-03-22T12:00:00.000000Z,c_gls_SWI_201703231200_GLOBE_ASCAT_V3.1.1_nc,ASCAT_SWI,8.52,Success
2017-02-10T12:00:00.000000Z,c_gls_SWI_201702111200_GLOBE_ASCAT_V3.1.1_nc,ASCAT_SWI,8.43,Success
2017-03-29T12:00:00.000000Z,c_gls_SWI_201703301200_GLOBE_ASCAT_V3.1.1_nc,ASCAT_SWI,8.62,Success
2017-03-05T12:00:00.000000Z,c_gls_SWI_201703061200_GLOBE_ASCAT_V3.1.1_nc,ASCAT_SWI,8.45,Success
2017-03-26T12:00:00.000000Z,c_gls_SWI_201703271200_GLOBE_ASCAT_V3.1.1_nc,ASCAT_SWI,8.59,Success
2017-09-23T12:00:00.000000Z,c_gls_SWI_201709241200_GLOBE_ASCAT_V3.1.1_nc,ASCAT_SWI,9.08,Success
2017-02-13T12:00:00.000000Z,c_gls_SWI_201702141200_GLOBE_ASCAT_V3.1.1_nc,ASCAT_SWI,8.44,Success
2017-07-25T12:00:00.000000Z,c_gls_SWI_201707261200_GLOBE_ASCAT_V3.1.1_nc,ASCAT_SWI,9.04,Success
2017-02-19T12:00:00.000000Z,c_gls_SWI_201702201200_GLOBE_ASCAT_V3.1.1_nc,ASCAT_SWI,8.45,Success
2017-02-05T12:00:00.000000Z,c_gls_SWI_201702061200_GLOBE_ASCAT_V3.1.1_nc,ASCAT_SWI,8.45,Success
2017-08-31T12:00:00.000000Z,c_gls_SWI_201709011200_GLOBE_ASCAT_V3.1.1_nc,ASCAT_SWI,9.0,Success
2017-10-15T12:00:00.000000Z,c_gls_SWI_201710161200_GLOBE_ASCAT_V3.1.1_nc,ASCAT_SWI,9.34,Success
2017-10-28T12:00:00.000000Z,c_gls_SWI_201710291200_GLOBE_ASCAT_V3.1.1_nc,ASCAT_SWI,9.45,Success
2017-02-03T12:00:00.000000Z,c_gls_SWI_201702041200_GLOBE_ASCAT_V3.1.1_nc,ASCAT_SWI,8.46,Success
2017-12-13T12:00:00.000000Z,c_gls_SWI_201712141200_GLOBE_ASCAT_V3.1.1_nc,ASCAT_SWI,9.12,Success
2017-12-11T12:00:00.000000Z,c_gls_SWI_201712121200_GLOBE_ASCAT_V3.1.1_nc,ASCAT_SWI,9.15,Success
2017-12-29T12:00:00.000000Z,c_gls_SWI_201712301200_GLOBE_ASCAT_V3.1.1_nc,ASCAT_SWI,8.86,Success
2017-02-28T12:00:00.000000Z,c_gls_SWI_201703011200_GLOBE_ASCAT_V3.1.1_nc,ASCAT_SWI,8.44,Success
2017-02-12T12:00:00.000000Z,c_gls_SWI_201702131200_GLOBE_ASCAT_V3.1.1_nc,ASCAT_SWI,8.44,Success
2017-12-21T12:00:00.000000Z,c_gls_SWI_201712221200_GLOBE_ASCAT_V3.1.1_nc,ASCAT_SWI,8.99,Success
2017-02-07T12:00:00.000000Z,c_gls_SWI_201702081200_GLOBE_ASCAT_V3.1.1_nc,ASCAT_SWI,8.45,Success
2017-02-11T12:00:00.000000Z,c_gls_SWI_201702121200_GLOBE_ASCAT_V3.1.1_nc,ASCAT_SWI,8.43,Success
2017-02-17T12:00:00.000000Z,c_gls_SWI_201702181200_GLOBE_ASCAT_V3.1.1_nc,ASCAT_SWI,8.44,Success
2017-02-08T12:00:00.000000Z,c_gls_SWI_201702091200_GLOBE_ASCAT_V3.1.1_nc,ASCAT_SWI,8.43,Success
2017-04-17T12:00:00.000000Z,c_gls_SWI_201704181200_GLOBE_ASCAT_V3.1.1_nc,ASCAT_SWI,9.07,Success
2017-02-09T12:00:00.000000Z,c_gls_SWI_201702101200_GLOBE_ASCAT_V3.1.1_nc,ASCAT_SWI,8.43,Success
2017-12-04T12:00:00.000000Z,c_gls_SWI_201712051200_GLOBE_ASCAT_V3.1.1_nc,ASCAT_SWI,9.25,Success
2017-01-11T12:00:00.000000Z,c_gls_SWI_201701121200_GLOBE_ASCAT_V3.1.1_nc,ASCAT_SWI,8.7,Success
2017-12-10T12:00:00.000000Z,c_gls_SWI_201712111200_GLOBE_ASCAT_V3.1.1_nc,ASCAT_SWI,9.16,Success
2017-07-01T12:00:00.000000Z,c_gls_SWI_201707021200_GLOBE_ASCAT_V3.1.1_nc,ASCAT_SWI,9.18,Success
2017-12-26T12:00:00.000000Z,c_gls_SWI_201712271200_GLOBE_ASCAT_V3.1.1_nc,ASCAT_SWI,8.9,Success
2017-12-02T12:00:00.000000Z,c_gls_SWI_201712031200_GLOBE_ASCAT_V3.1.1_nc,ASCAT_SWI,9.29,Success
2017-12-31T12:00:00.000000Z,c_gls_SWI_201801011200_GLOBE_ASCAT_V3.1.1_nc,ASCAT_SWI,8.83,Success
2017-12-12T12:00:00.000000Z,c_gls_SWI_201712131200_GLOBE_ASCAT_V3.1.1_nc,ASCAT_SWI,9.14,Success
2017-12-20T12:00:00.000000Z,c_gls_SWI_201712211200_GLOBE_ASCAT_V3.1.1_nc,ASCAT_SWI,9.0,Success
2017-03-13T12:00:00.000000Z,c_gls_SWI_201703141200_GLOBE_ASCAT_V3.1.1_nc,ASCAT_SWI,8.52,Success
2017-12-06T12:00:00.000000Z,c_gls_SWI_201712071200_GLOBE_ASCAT_V3.1.1_nc,ASCAT_SWI,9.22,Success
2017-02-04T12:00:00.000000Z,c_gls_SWI_201702051200_GLOBE_ASCAT_V3.1.1_nc,ASCAT_SWI,8.45,Success
2017-02-14T12:00:00.000000Z,c_gls_SWI_201702151200_GLOBE_ASCAT_V3.1.1_nc,ASCAT_SWI,8.46,Success
2017-01-27T12:00:00.000000Z,c_gls_SWI_201701281200_GLOBE_ASCAT_V3.1.1_nc,ASCAT_SWI,8.51,Success
2017-12-07T12:00:00.000000Z,c_gls_SWI_201712081200_GLOBE_ASCAT_V3.1.1_nc,ASCAT_SWI,9.21,Success
2017-02-02T12:00:00.000000Z,c_gls_SWI_201702031200_GLOBE_ASCAT_V3.1.1_nc,ASCAT_SWI,8.47,Success
2017-05-06T12:00:00.000000Z,c_gls_SWI_201705071200_GLOBE_ASCAT_V3.1.1_nc,ASCAT_SWI,9.42,Success
2017-09-16T12:00:00.000000Z,c_gls_SWI_201709171200_GLOBE_ASCAT_V3.1.1_nc,ASCAT_SWI,9.04,Success
2017-09-05T12:00:00.000000Z,c_gls_SWI_201709061200_GLOBE_ASCAT_V3.1.1_nc,ASCAT_SWI,9.0,Success
2017-09-20T12:00:00.000000Z,c_gls_SWI_201709211200_GLOBE_ASCAT_V3.1.1_nc,ASCAT_SWI,9.05,Success
2017-03-07T12:00:00.000000Z,c_gls_SWI_201703081200_GLOBE_ASCAT_V3.1.1_nc,ASCAT_SWI,8.47,Success
2017-09-18T12:00:00.000000Z,c_gls_SWI_201709191200_GLOBE_ASCAT_V3.1.1_nc,ASCAT_SWI,9.05,Success
2017-09-11T12:00:00.000000Z,c_gls_SWI_201709121200_GLOBE_ASCAT_V3.1.1_nc,ASCAT_SWI,9.01,Success
2017-09-12T12:00:00.000000Z,c_gls_SWI_201709131200_GLOBE_ASCAT_V3.1.1_nc,ASCAT_SWI,9.02,Success
2017-09-09T12:00:00.000000Z,c_gls_SWI_201709101200_GLOBE_ASCAT_V3.1.1_nc,ASCAT_SWI,9.0,Success
2017-02-24T12:00:00.000000Z,c_gls_SWI_201702251200_GLOBE_ASCAT_V3.1.1_nc,ASCAT_SWI,8.47,Success
2017-09-08T12:00:00.000000Z,c_gls_SWI_201709091200_GLOBE_ASCAT_V3.1.1_nc,ASCAT_SWI,9.01,Success
2017-09-26T12:00:00.000000Z,c_gls_SWI_201709271200_GLOBE_ASCAT_V3.1.1_nc,ASCAT_SWI,9.11,Success
2017-01-19T12:00:00.000000Z,c_gls_SWI_201701201200_GLOBE_ASCAT_V3.1.1_nc,ASCAT_SWI,8.62,Success
2017-09-21T12:00:00.000000Z,c_gls_SWI_201709221200_GLOBE_ASCAT_V3.1.1_nc,ASCAT_SWI,9.07,Success
2017-09-22T12:00:00.000000Z,c_gls_SWI_201709231200_GLOBE_ASCAT_V3.1.1_nc,ASCAT_SWI,9.08,Success
2017-09-29T12:00:00.000000Z,c_gls_SWI_201709301200_GLOBE_ASCAT_V3.1.1_nc,ASCAT_SWI,9.15,Success
2017-09-10T12:00:00.000000Z,c_gls_SWI_201709111200_GLOBE_ASCAT_V3.1.1_nc,ASCAT_SWI,9.01,Success
2017-09-07T12:00:00.000000Z,c_gls_SWI_201709081200_GLOBE_ASCAT_V3.1.1_nc,ASCAT_SWI,9.01,Success
2017-10-08T12:00:00.000000Z,c_gls_SWI_201710091200_GLOBE_ASCAT_V3.1.1_nc,ASCAT_SWI,9.25,Success
2017-09-14T12:00:00.000000Z,c_gls_SWI_201709151200_GLOBE_ASCAT_V3.1.1_nc,ASCAT_SWI,9.03,Success
2017-09-17T12:00:00.000000Z,c_gls_SWI_201709181200_GLOBE_ASCAT_V3.1.1_nc,ASCAT_SWI,9.05,Success
2017-09-27T12:00:00.000000Z,c_gls_SWI_201709281200_GLOBE_ASCAT_V3.1.1_nc,ASCAT_SWI,9.13,Success
2017-09-25T12:00:00.000000Z,c_gls_SWI_201709261200_GLOBE_ASCAT_V3.1.1_nc,ASCAT_SWI,9.09,Success
2017-09-02T12:00:00.000000Z,c_gls_SWI_201709031200_GLOBE_ASCAT_V3.1.1_nc,ASCAT_SWI,9.01,Success
2017-09-04T12:00:00.000000Z,c_gls_SWI_201709051200_GLOBE_ASCAT_V3.1.1_nc,ASCAT_SWI,9.0,Success
2017-09-06T12:00:00.000000Z,c_gls_SWI_201709071200_GLOBE_ASCAT_V3.1.1_nc,ASCAT_SWI,9.01,Success
2017-09-24T12:00:00.000000Z,c_gls_SWI_201709251200_GLOBE_ASCAT_V3.1.1_nc,ASCAT_SWI,9.08,Success
2017-09-01T12:00:00.000000Z,c_gls_SWI_201709021200_GLOBE_ASCAT_V3.1.1_nc,ASCAT_SWI,9.01,Success
2017-03-17T12:00:00.000000Z,c_gls_SWI_201703181200_GLOBE_ASCAT_V3.1.1_nc,ASCAT_SWI,8.54,Success
2017-01-25T12:00:00.000000Z,c_gls_SWI_201701261200_GLOBE_ASCAT_V3.1.1_nc,ASCAT_SWI,8.54,Success
2017-03-09T12:00:00.000000Z,c_gls_SWI_201703101200_GLOBE_ASCAT_V3.1.1_nc,ASCAT_SWI,8.49,Success
2017-02-27T12:00:00.000000Z,c_gls_SWI_201702281200_GLOBE_ASCAT_V3.1.1_nc,ASCAT_SWI,8.45,Success
2017-09-30T12:00:00.000000Z,c_gls_SWI_201710011200_GLOBE_ASCAT_V3.1.1_nc,ASCAT_SWI,9.16,Success
2017-09-28T12:00:00.000000Z,c_gls_SWI_201709291200_GLOBE_ASCAT_V3.1.1_nc,ASCAT_SWI,9.14,Success
2017-03-16T12:00:00.000000Z,c_gls_SWI_201703171200_GLOBE_ASCAT_V3.1.1_nc,ASCAT_SWI,8.53,Success
2017-11-22T12:00:00.000000Z,c_gls_SWI_201711231200_GLOBE_ASCAT_V3.1.1_nc,ASCAT_SWI,9.44,Success
2017-08-10T12:00:00.000000Z,c_gls_SWI_201708111200_GLOBE_ASCAT_V3.1.1_nc,ASCAT_SWI,9.04,Success
2017-05-28T12:00:00.000000Z,c_gls_SWI_201705291200_GLOBE_ASCAT_V3.1.1_nc,ASCAT_SWI,9.81,Success
2017-11-26T12:00:00.000000Z,c_gls_SWI_201711271200_GLOBE_ASCAT_V3.1.1_nc,ASCAT_SWI,9.39,Success
2017-02-25T12:00:00.000000Z,c_gls_SWI_201702261200_GLOBE_ASCAT_V3.1.1_nc,ASCAT_SWI,8.47,Success
2017-02-23T12:00:00.000000Z,c_gls_SWI_201702241200_GLOBE_ASCAT_V3.1.1_nc,ASCAT_SWI,8.47,Success
2017-08-11T12:00:00.000000Z,c_gls_SWI_201708121200_GLOBE_ASCAT_V3.1.1_nc,ASCAT_SWI,9.03,Success
2017-01-10T12:00:00.000000Z,c_gls_SWI_201701111200_GLOBE_ASCAT_V3.1.1_nc,ASCAT_SWI,8.71,Success
2017-04-10T12:00:00.000000Z,c_gls_SWI_201704111200_GLOBE_ASCAT_V3.1.1_nc,ASCAT_SWI,8.9,Success
2017-01-13T12:00:00.000000Z,c_gls_SWI_201701141200_GLOBE_ASCAT_V3.1.1_nc,ASCAT_SWI,8.69,Success
2017-04-24T12:00:00.000000Z,c_gls_SWI_201704251200_GLOBE_ASCAT_V3.1.1_nc,ASCAT_SWI,9.26,Success
2017-03-28T12:00:00.000000Z,c_gls_SWI_201703291200_GLOBE_ASCAT_V3.1.1_nc,ASCAT_SWI,8.61,Success
2017-08-18T12:00:00.000000Z,c_gls_SWI_201708191200_GLOBE_ASCAT_V3.1.1_nc,ASCAT_SWI,9.03,Success
2017-08-25T12:00:00.000000Z,c_gls_SWI_201708261200_GLOBE_ASCAT_V3.1.1_nc,ASCAT_SWI,9.02,Success
2017-08-20T12:00:00.000000Z,c_gls_SWI_201708211200_GLOBE_ASCAT_V3.1.1_nc,ASCAT_SWI,9.03,Success
2017-08-29T12:00:00.000000Z,c_gls_SWI_201708301200_GLOBE_ASCAT_V3.1.1_nc,ASCAT_SWI,9.01,Success
2017-08-16T12:00:00.000000Z,c_gls_SWI_201708171200_GLOBE_ASCAT_V3.1.1_nc,ASCAT_SWI,9.03,Success
2017-08-14T12:00:00.000000Z,c_gls_SWI_201708151200_GLOBE_ASCAT_V3.1.1_nc,ASCAT_SWI,9.03,Success
2017-08-15T12:00:00.000000Z,c_gls_SWI_201708161200_GLOBE_ASCAT_V3.1.1_nc,ASCAT_SWI,9.03,Success
2017-08-12T12:00:00.000000Z,c_gls_SWI_201708131200_GLOBE_ASCAT_V3.1.1_nc,ASCAT_SWI,9.03,Success
2017-08-30T12:00:00.000000Z,c_gls_SWI_201708311200_GLOBE_ASCAT_V3.1.1_nc,ASCAT_SWI,9.01,Success
2017-08-06T12:00:00.000000Z,c_gls_SWI_201708071200_GLOBE_ASCAT_V3.1.1_nc,ASCAT_SWI,9.03,Success
2017-08-01T12:00:00.000000Z,c_gls_SWI_201708021200_GLOBE_ASCAT_V3.1.1_nc,ASCAT_SWI,9.04,Success
2017-08-09T12:00:00.000000Z,c_gls_SWI_201708101200_GLOBE_ASCAT_V3.1.1_nc,ASCAT_SWI,9.03,Success
2017-08-26T12:00:00.000000Z,c_gls_SWI_201708271200_GLOBE_ASCAT_V3.1.1_nc,ASCAT_SWI,9.01,Success
2017-08-23T12:00:00.000000Z,c_gls_SWI_201708241200_GLOBE_ASCAT_V3.1.1_nc,ASCAT_SWI,9.02,Success
2017-08-24T12:00:00.000000Z,c_gls_SWI_201708251200_GLOBE_ASCAT_V3.1.1_nc,ASCAT_SWI,9.02,Success
2017-08-07T12:00:00.000000Z,c_gls_SWI_201708081200_GLOBE_ASCAT_V3.1.1_nc,ASCAT_SWI,9.04,Success
2017-08-27T12:00:00.000000Z,c_gls_SWI_201708281200_GLOBE_ASCAT_V3.1.1_nc,ASCAT_SWI,9.01,Success
2017-08-03T12:00:00.000000Z,c_gls_SWI_201708041200_GLOBE_ASCAT_V3.1.1_nc,ASCAT_SWI,9.04,Success
2017-08-17T12:00:00.000000Z,c_gls_SWI_201708181200_GLOBE_ASCAT_V3.1.1_nc,ASCAT_SWI,9.03,Success
2017-08-05T12:00:00.000000Z,c_gls_SWI_201708061200_GLOBE_ASCAT_V3.1.1_nc,ASCAT_SWI,9.05,Success
2017-08-04T12:00:00.000000Z,c_gls_SWI_201708051200_GLOBE_ASCAT_V3.1.1_nc,ASCAT_SWI,9.04,Success
2017-01-17T12:00:00.000000Z,c_gls_SWI_201701181200_GLOBE_ASCAT_V3.1.1_nc,ASCAT_SWI,8.64,Success
2017-01-05T12:00:00.000000Z,c_gls_SWI_201701061200_GLOBE_ASCAT_V3.1.1_nc,ASCAT_SWI,8.76,Success
2017-08-13T12:00:00.000000Z,c_gls_SWI_201708141200_GLOBE_ASCAT_V3.1.1_nc,ASCAT_SWI,9.03,Success
2017-01-12T12:00:00.000000Z,c_gls_SWI_201701131200_GLOBE_ASCAT_V3.1.1_nc,ASCAT_SWI,8.69,Success
2017-01-06T12:00:00.000000Z,c_gls_SWI_201701071200_GLOBE_ASCAT_V3.1.1_nc,ASCAT_SWI,8.74,Success
2017-01-03T12:00:00.000000Z,c_gls_SWI_201701041200_GLOBE_ASCAT_V3.1.1_nc,ASCAT_SWI,8.79,Success
2017-07-04T12:00:00.000000Z,c_gls_SWI_201707051200_GLOBE_ASCAT_V3.1.1_nc,ASCAT_SWI,9.14,Success
2017-07-08T12:00:00.000000Z,c_gls_SWI_201707091200_GLOBE_ASCAT_V3.1.1_nc,ASCAT_SWI,9.12,Success
2017-07-19T12:00:00.000000Z,c_gls_SWI_201707201200_GLOBE_ASCAT_V3.1.1_nc,ASCAT_SWI,9.05,Success
2017-07-06T12:00:00.000000Z,c_gls_SWI_201707071200_GLOBE_ASCAT_V3.1.1_nc,ASCAT_SWI,9.13,Success
2017-07-16T12:00:00.000000Z,c_gls_SWI_201707171200_GLOBE_ASCAT_V3.1.1_nc,ASCAT_SWI,9.07,Success
2017-07-15T12:00:00.000000Z,c_gls_SWI_201707161200_GLOBE_ASCAT_V3.1.1_nc,ASCAT_SWI,9.08,Success
2017-06-08T12:00:00.000000Z,c_gls_SWI_201706091200_GLOBE_ASCAT_V3.1.1_nc,ASCAT_SWI,9.56,Success
2017-07-26T12:00:00.000000Z,c_gls_SWI_201707271200_GLOBE_ASCAT_V3.1.1_nc,ASCAT_SWI,9.04,Success
2017-07-03T12:00:00.000000Z,c_gls_SWI_201707041200_GLOBE_ASCAT_V3.1.1_nc,ASCAT_SWI,9.15,Success
2017-07-30T12:00:00.000000Z,c_gls_SWI_201707311200_GLOBE_ASCAT_V3.1.1_nc,ASCAT_SWI,9.04,Success
2017-07-17T12:00:00.000000Z,c_gls_SWI_201707181200_GLOBE_ASCAT_V3.1.1_nc,ASCAT_SWI,9.08,Success
2017-07-13T12:00:00.000000Z,c_gls_SWI_201707141200_GLOBE_ASCAT_V3.1.1_nc,ASCAT_SWI,9.09,Success
2017-07-12T12:00:00.000000Z,c_gls_SWI_201707131200_GLOBE_ASCAT_V3.1.1_nc,ASCAT_SWI,9.1,Success
2017-07-28T12:00:00.000000Z,c_gls_SWI_201707291200_GLOBE_ASCAT_V3.1.1_nc,ASCAT_SWI,9.04,Success
2017-07-22T12:00:00.000000Z,c_gls_SWI_201707231200_GLOBE_ASCAT_V3.1.1_nc,ASCAT_SWI,9.05,Success
2017-07-20T12:00:00.000000Z,c_gls_SWI_201707211200_GLOBE_ASCAT_V3.1.1_nc,ASCAT_SWI,9.05,Success
2017-07-10T12:00:00.000000Z,c_gls_SWI_201707111200_GLOBE_ASCAT_V3.1.1_nc,ASCAT_SWI,9.15,Success
2017-07-02T12:00:00.000000Z,c_gls_SWI_201707031200_GLOBE_ASCAT_V3.1.1_nc,ASCAT_SWI,9.17,Success
2017-07-05T12:00:00.000000Z,c_gls_SWI_201707061200_GLOBE_ASCAT_V3.1.1_nc,ASCAT_SWI,9.14,Success
2017-06-24T12:00:00.000000Z,c_gls_SWI_201706251200_GLOBE_ASCAT_V3.1.1_nc,ASCAT_SWI,9.27,Success
2017-06-29T12:00:00.000000Z,c_gls_SWI_201706301200_GLOBE_ASCAT_V3.1.1_nc,ASCAT_SWI,9.2,Success
2017-06-30T12:00:00.000000Z,c_gls_SWI_201707011200_GLOBE_ASCAT_V3.1.1_nc,ASCAT_SWI,9.19,Success
2017-06-05T12:00:00.000000Z,c_gls_SWI_201706061200_GLOBE_ASCAT_V3.1.1_nc,ASCAT_SWI,9.6,Success
2017-06-11T12:00:00.000000Z,c_gls_SWI_201706121200_GLOBE_ASCAT_V3.1.1_nc,ASCAT_SWI,9.51,Success
2017-06-19T12:00:00.000000Z,c_gls_SWI_201706201200_GLOBE_ASCAT_V3.1.1_nc,ASCAT_SWI,9.35,Success
2017-06-12T12:00:00.000000Z,c_gls_SWI_201706131200_GLOBE_ASCAT_V3.1.1_nc,ASCAT_SWI,9.5,Success
2017-06-18T12:00:00.000000Z,c_gls_SWI_201706191200_GLOBE_ASCAT_V3.1.1_nc,ASCAT_SWI,9.38,Success
2017-06-14T12:00:00.000000Z,c_gls_SWI_201706151200_GLOBE_ASCAT_V3.1.1_nc,ASCAT_SWI,9.46,Success
2017-06-06T12:00:00.000000Z,c_gls_SWI_201706071200_GLOBE_ASCAT_V3.1.1_nc,ASCAT_SWI,9.6,Success
2017-06-04T12:00:00.000000Z,c_gls_SWI_201706051200_GLOBE_ASCAT_V3.1.1_nc,ASCAT_SWI,9.6,Success
2017-06-01T12:00:00.000000Z,c_gls_SWI_201706021200_GLOBE_ASCAT_V3.1.1_nc,ASCAT_SWI,9.59,Success
2017-06-10T12:00:00.000000Z,c_gls_SWI_201706111200_GLOBE_ASCAT_V3.1.1_nc,ASCAT_SWI,9.53,Success
2017-06-13T12:00:00.000000Z,c_gls_SWI_201706141200_GLOBE_ASCAT_V3.1.1_nc,ASCAT_SWI,9.49,Success
2017-06-02T12:00:00.000000Z,c_gls_SWI_201706031200_GLOBE_ASCAT_V3.1.1_nc,ASCAT_SWI,9.59,Success
2017-11-24T12:00:00.000000Z,c_gls_SWI_201711251200_GLOBE_ASCAT_V3.1.1_nc,ASCAT_SWI,9.42,Success
2017-11-18T12:00:00.000000Z,c_gls_SWI_201711191200_GLOBE_ASCAT_V3.1.1_nc,ASCAT_SWI,9.46,Success
2017-11-16T12:00:00.000000Z,c_gls_SWI_201711171200_GLOBE_ASCAT_V3.1.1_nc,ASCAT_SWI,9.46,Success
2017-11-10T12:00:00.000000Z,c_gls_SWI_201711111200_GLOBE_ASCAT_V3.1.1_nc,ASCAT_SWI,9.47,Success
2017-11-02T12:00:00.000000Z,c_gls_SWI_201711031200_GLOBE_ASCAT_V3.1.1_nc,ASCAT_SWI,9.46,Success
2017-11-13T12:00:00.000000Z,c_gls_SWI_201711141200_GLOBE_ASCAT_V3.1.1_nc,ASCAT_SWI,9.46,Success
2017-11-11T12:00:00.000000Z,c_gls_SWI_201711121200_GLOBE_ASCAT_V3.1.1_nc,ASCAT_SWI,9.47,Success
2017-11-15T12:00:00.000000Z,c_gls_SWI_201711161200_GLOBE_ASCAT_V3.1.1_nc,ASCAT_SWI,9.46,Success
2017-09-13T12:00:00.000000Z,c_gls_SWI_201709141200_GLOBE_ASCAT_V3.1.1_nc,ASCAT_SWI,9.04,Success
2017-10-22T12:00:00.000000Z,c_gls_SWI_201710231200_GLOBE_ASCAT_V3.1.1_nc,ASCAT_SWI,9.42,Success
2017-10-18T12:00:00.000000Z,c_gls_SWI_201710191200_GLOBE_ASCAT_V3.1.1_nc,ASCAT_SWI,9.35,Success
2017-10-31T12:00:00.000000Z,c_gls_SWI_201711011200_GLOBE_ASCAT_V3.1.1_nc,ASCAT_SWI,9.46,Success
2017-10-16T12:00:00.000000Z,c_gls_SWI_201710171200_GLOBE_ASCAT_V3.1.1_nc,ASCAT_SWI,9.36,Success
2017-09-19T12:00:00.000000Z,c_gls_SWI_201709201200_GLOBE_ASCAT_V3.1.1_nc,ASCAT_SWI,9.05,Success
2017-09-03T12:00:00.000000Z,c_gls_SWI_201709041200_GLOBE_ASCAT_V3.1.1_nc,ASCAT_SWI,9.01,Success
2017-09-15T12:00:00.000000Z,c_gls_SWI_201709161200_GLOBE_ASCAT_V3.1.1_nc,ASCAT_SWI,9.04,Success
2017-08-22T12:00:00.000000Z,c_gls_SWI_201708231200_GLOBE_ASCAT_V3.1.1_nc,ASCAT_SWI,9.02,Success
2017-08-28T12:00:00.000000Z,c_gls_SWI_201708291200_GLOBE_ASCAT_V3.1.1_nc,ASCAT_SWI,9.01,Success
2017-08-02T12:00:00.000000Z,c_gls_SWI_201708031200_GLOBE_ASCAT_V3.1.1_nc,ASCAT_SWI,9.04,Success
2017-07-29T12:00:00.000000Z,c_gls_SWI_201707301200_GLOBE_ASCAT_V3.1.1_nc,ASCAT_SWI,9.04,Success
2017-07-21T12:00:00.000000Z,c_gls_SWI_201707221200_GLOBE_ASCAT_V3.1.1_nc,ASCAT_SWI,9.05,Success
2017-07-27T12:00:00.000000Z,c_gls_SWI_201707281200_GLOBE_ASCAT_V3.1.1_nc,ASCAT_SWI,9.04,Success
2017-07-24T12:00:00.000000Z,c_gls_SWI_201707251200_GLOBE_ASCAT_V3.1.1_nc,ASCAT_SWI,9.04,Success
2017-07-18T12:00:00.000000Z,c_gls_SWI_201707191200_GLOBE_ASCAT_V3.1.1_nc,ASCAT_SWI,9.06,Success
2017-07-31T12:00:00.000000Z,c_gls_SWI_201708011200_GLOBE_ASCAT_V3.1.1_nc,ASCAT_SWI,9.05,Success
2017-07-09T12:00:00.000000Z,c_gls_SWI_201707101200_GLOBE_ASCAT_V3.1.1_nc,ASCAT_SWI,9.12,Success
2017-06-20T12:00:00.000000Z,c_gls_SWI_201706211200_GLOBE_ASCAT_V3.1.1_nc,ASCAT_SWI,9.33,Success
2017-07-11T12:00:00.000000Z,c_gls_SWI_201707121200_GLOBE_ASCAT_V3.1.1_nc,ASCAT_SWI,9.11,Success
2017-07-07T12:00:00.000000Z,c_gls_SWI_201707081200_GLOBE_ASCAT_V3.1.1_nc,ASCAT_SWI,9.13,Success
2017-07-23T12:00:00.000000Z,c_gls_SWI_201707241200_GLOBE_ASCAT_V3.1.1_nc,ASCAT_SWI,9.04,Success
2017-07-14T12:00:00.000000Z,c_gls_SWI_201707151200_GLOBE_ASCAT_V3.1.1_nc,ASCAT_SWI,9.08,Success
2017-06-27T12:00:00.000000Z,c_gls_SWI_201706281200_GLOBE_ASCAT_V3.1.1_nc,ASCAT_SWI,9.23,Success
2017-06-07T12:00:00.000000Z,c_gls_SWI_201706081200_GLOBE_ASCAT_V3.1.1_nc,ASCAT_SWI,9.58,Success
2017-06-03T12:00:00.000000Z,c_gls_SWI_201706041200_GLOBE_ASCAT_V3.1.1_nc,ASCAT_SWI,9.6,Success
2017-06-26T12:00:00.000000Z,c_gls_SWI_201706271200_GLOBE_ASCAT_V3.1.1_nc,ASCAT_SWI,9.24,Success
2017-06-28T12:00:00.000000Z,c_gls_SWI_201706291200_GLOBE_ASCAT_V3.1.1_nc,ASCAT_SWI,9.22,Success
2017-06-23T12:00:00.000000Z,c_gls_SWI_201706241200_GLOBE_ASCAT_V3.1.1_nc,ASCAT_SWI,9.28,Success
2017-06-17T12:00:00.000000Z,c_gls_SWI_201706181200_GLOBE_ASCAT_V3.1.1_nc,ASCAT_SWI,9.4,Success
2017-06-25T12:00:00.000000Z,c_gls_SWI_201706261200_GLOBE_ASCAT_V3.1.1_nc,ASCAT_SWI,9.25,Success
2017-06-22T12:00:00.000000Z,c_gls_SWI_201706231200_GLOBE_ASCAT_V3.1.1_nc,ASCAT_SWI,9.31,Success
2017-06-16T12:00:00.000000Z,c_gls_SWI_201706171200_GLOBE_ASCAT_V3.1.1_nc,ASCAT_SWI,9.43,Success
2017-06-09T12:00:00.000000Z,c_gls_SWI_201706101200_GLOBE_ASCAT_V3.1.1_nc,ASCAT_SWI,9.53,Success
2017-05-17T12:00:00.000000Z,c_gls_SWI_201705181200_GLOBE_ASCAT_V3.1.1_nc,ASCAT_SWI,9.52,Success
2017-05-22T12:00:00.000000Z,c_gls_SWI_201705231200_GLOBE_ASCAT_V3.1.1_nc,ASCAT_SWI,9.59,Success
2017-05-23T12:00:00.000000Z,c_gls_SWI_201705241200_GLOBE_ASCAT_V3.1.1_nc,ASCAT_SWI,9.6,Success
2017-05-27T12:00:00.000000Z,c_gls_SWI_201705281200_GLOBE_ASCAT_V3.1.1_nc,ASCAT_SWI,9.77,Success
2017-05-07T12:00:00.000000Z,c_gls_SWI_201705081200_GLOBE_ASCAT_V3.1.1_nc,ASCAT_SWI,9.43,Success
2017-05-25T12:00:00.000000Z,c_gls_SWI_201705261200_GLOBE_ASCAT_V3.1.1_nc,ASCAT_SWI,9.6,Success
2017-05-16T12:00:00.000000Z,c_gls_SWI_201705171200_GLOBE_ASCAT_V3.1.1_nc,ASCAT_SWI,9.48,Success
2017-05-19T12:00:00.000000Z,c_gls_SWI_201705201200_GLOBE_ASCAT_V3.1.1_nc,ASCAT_SWI,9.55,Success
2017-05-10T12:00:00.000000Z,c_gls_SWI_201705111200_GLOBE_ASCAT_V3.1.1_nc,ASCAT_SWI,9.43,Success
2017-05-29T12:00:00.000000Z,c_gls_SWI_201705301200_GLOBE_ASCAT_V3.1.1_nc,ASCAT_SWI,9.7,Success
2017-05-15T12:00:00.000000Z,c_gls_SWI_201705161200_GLOBE_ASCAT_V3.1.1_nc,ASCAT_SWI,9.49,Success
2017-05-09T12:00:00.000000Z,c_gls_SWI_201705101200_GLOBE_ASCAT_V3.1.1_nc,ASCAT_SWI,9.42,Success
2017-05-04T12:00:00.000000Z,c_gls_SWI_201705051200_GLOBE_ASCAT_V3.1.1_nc,ASCAT_SWI,9.41,Success
2017-05-20T12:00:00.000000Z,c_gls_SWI_201705211200_GLOBE_ASCAT_V3.1.1_nc,ASCAT_SWI,9.56,Success
2017-05-30T12:00:00.000000Z,c_gls_SWI_201705311200_GLOBE_ASCAT_V3.1.1_nc,ASCAT_SWI,9.62,Success
2017-05-03T12:00:00.000000Z,c_gls_SWI_201705041200_GLOBE_ASCAT_V3.1.1_nc,ASCAT_SWI,9.4,Success
2017-05-24T12:00:00.000000Z,c_gls_SWI_201705251200_GLOBE_ASCAT_V3.1.1_nc,ASCAT_SWI,9.61,Success
2017-05-26T12:00:00.000000Z,c_gls_SWI_201705271200_GLOBE_ASCAT_V3.1.1_nc,ASCAT_SWI,9.67,Success
2017-05-02T12:00:00.000000Z,c_gls_SWI_201705031200_GLOBE_ASCAT_V3.1.1_nc,ASCAT_SWI,9.38,Success
2017-05-11T12:00:00.000000Z,c_gls_SWI_201705121200_GLOBE_ASCAT_V3.1.1_nc,ASCAT_SWI,9.42,Success
2017-05-14T12:00:00.000000Z,c_gls_SWI_201705151200_GLOBE_ASCAT_V3.1.1_nc,ASCAT_SWI,9.47,Success
2017-05-01T12:00:00.000000Z,c_gls_SWI_201705021200_GLOBE_ASCAT_V3.1.1_nc,ASCAT_SWI,9.37,Success
2017-05-08T12:00:00.000000Z,c_gls_SWI_201705091200_GLOBE_ASCAT_V3.1.1_nc,ASCAT_SWI,9.43,Success
2017-05-12T12:00:00.000000Z,c_gls_SWI_201705131200_GLOBE_ASCAT_V3.1.1_nc,ASCAT_SWI,9.42,Success
2017-04-29T12:00:00.000000Z,c_gls_SWI_201704301200_GLOBE_ASCAT_V3.1.1_nc,ASCAT_SWI,9.35,Success
2017-04-18T12:00:00.000000Z,c_gls_SWI_201704191200_GLOBE_ASCAT_V3.1.1_nc,ASCAT_SWI,9.11,Success
2017-04-16T12:00:00.000000Z,c_gls_SWI_201704171200_GLOBE_ASCAT_V3.1.1_nc,ASCAT_SWI,9.05,Success
2017-04-20T12:00:00.000000Z,c_gls_SWI_201704211200_GLOBE_ASCAT_V3.1.1_nc,ASCAT_SWI,9.15,Success
2017-04-27T12:00:00.000000Z,c_gls_SWI_201704281200_GLOBE_ASCAT_V3.1.1_nc,ASCAT_SWI,9.32,Success
2017-04-23T12:00:00.000000Z,c_gls_SWI_201704241200_GLOBE_ASCAT_V3.1.1_nc,ASCAT_SWI,9.24,Success
2017-04-04T12:00:00.000000Z,c_gls_SWI_201704051200_GLOBE_ASCAT_V3.1.1_nc,ASCAT_SWI,8.78,Success
2017-04-21T12:00:00.000000Z,c_gls_SWI_201704221200_GLOBE_ASCAT_V3.1.1_nc,ASCAT_SWI,9.19,Success
2017-04-08T12:00:00.000000Z,c_gls_SWI_201704091200_GLOBE_ASCAT_V3.1.1_nc,ASCAT_SWI,8.85,Success
2017-04-13T12:00:00.000000Z,c_gls_SWI_201704141200_GLOBE_ASCAT_V3.1.1_nc,ASCAT_SWI,8.97,Success
2017-04-15T12:00:00.000000Z,c_gls_SWI_201704161200_GLOBE_ASCAT_V3.1.1_nc,ASCAT_SWI,9.03,Success
2017-04-06T12:00:00.000000Z,c_gls_SWI_201704071200_GLOBE_ASCAT_V3.1.1_nc,ASCAT_SWI,8.83,Success
2017-04-11T12:00:00.000000Z,c_gls_SWI_201704121200_GLOBE_ASCAT_V3.1.1_nc,ASCAT_SWI,8.94,Success
2017-04-14T12:00:00.000000Z,c_gls_SWI_201704151200_GLOBE_ASCAT_V3.1.1_nc,ASCAT_SWI,9.0,Success
2017-04-03T12:00:00.000000Z,c_gls_SWI_201704041200_GLOBE_ASCAT_V3.1.1_nc,ASCAT_SWI,8.77,Success
2017-04-01T12:00:00.000000Z,c_gls_SWI_201704021200_GLOBE_ASCAT_V3.1.1_nc,ASCAT_SWI,8.72,Success
2017-04-02T12:00:00.000000Z,c_gls_SWI_201704031200_GLOBE_ASCAT_V3.1.1_nc,ASCAT_SWI,8.74,Success
2018-01-16T12:00:00.000000Z,c_gls_SWI_201801171200_GLOBE_ASCAT_V3.1.1_nc,ASCAT_SWI,8.6,Success
2018-01-28T12:00:00.000000Z,c_gls_SWI_201801291200_GLOBE_ASCAT_V3.1.1_nc,ASCAT_SWI,8.46,Success
2018-01-29T12:00:00.000000Z,c_gls_SWI_201801301200_GLOBE_ASCAT_V3.1.1_nc,ASCAT_SWI,8.46,Success
2018-01-08T12:00:00.000000Z,c_gls_SWI_201801091200_GLOBE_ASCAT_V3.1.1_nc,ASCAT_SWI,8.68,Success
2018-01-26T12:00:00.000000Z,c_gls_SWI_201801271200_GLOBE_ASCAT_V3.1.1_nc,ASCAT_SWI,8.48,Success
2018-01-09T12:00:00.000000Z,c_gls_SWI_201801101200_GLOBE_ASCAT_V3.1.1_nc,ASCAT_SWI,8.68,Success
2018-01-18T12:00:00.000000Z,c_gls_SWI_201801191200_GLOBE_ASCAT_V3.1.1_nc,ASCAT_SWI,8.57,Success
2018-03-18T12:00:00.000000Z,c_gls_SWI_201803191200_GLOBE_ASCAT_V3.1.1_nc,ASCAT_SWI,8.56,Success
2018-01-30T12:00:00.000000Z,c_gls_SWI_201801311200_GLOBE_ASCAT_V3.1.1_nc,ASCAT_SWI,8.46,Success
2018-03-17T12:00:00.000000Z,c_gls_SWI_201803181200_GLOBE_ASCAT_V3.1.1_nc,ASCAT_SWI,8.55,Success
2018-04-26T12:00:00.000000Z,c_gls_SWI_201804271200_GLOBE_ASCAT_V3.1.1_nc,ASCAT_SWI,9.27,Success
2018-01-17T12:00:00.000000Z,c_gls_SWI_201801181200_GLOBE_ASCAT_V3.1.1_nc,ASCAT_SWI,8.58,Success
2018-01-24T12:00:00.000000Z,c_gls_SWI_201801251200_GLOBE_ASCAT_V3.1.1_nc,ASCAT_SWI,8.51,Success
2018-04-12T12:00:00.000000Z,c_gls_SWI_201804131200_GLOBE_ASCAT_V3.1.1_nc,ASCAT_SWI,9.01,Success
2018-06-22T12:00:00.000000Z,c_gls_SWI_201806231200_GLOBE_ASCAT_V3.1.1_nc,ASCAT_SWI,9.34,Success
2018-02-25T12:00:00.000000Z,c_gls_SWI_201802261200_GLOBE_ASCAT_V3.1.1_nc,ASCAT_SWI,8.44,Success
2018-11-26T12:00:00.000000Z,c_gls_SWI_201811271200_GLOBE_ASCAT_V3.1.1_nc,ASCAT_SWI,9.41,Success
2018-11-30T12:00:00.000000Z,c_gls_SWI_201812011200_GLOBE_ASCAT_V3.1.1_nc,ASCAT_SWI,9.4,Success
2018-11-21T12:00:00.000000Z,c_gls_SWI_201811221200_GLOBE_ASCAT_V3.1.1_nc,ASCAT_SWI,9.47,Success
2018-11-25T12:00:00.000000Z,c_gls_SWI_201811261200_GLOBE_ASCAT_V3.1.1_nc,ASCAT_SWI,9.43,Success
2018-11-24T12:00:00.000000Z,c_gls_SWI_201811251200_GLOBE_ASCAT_V3.1.1_nc,ASCAT_SWI,9.43,Success
2018-11-19T12:00:00.000000Z,c_gls_SWI_201811201200_GLOBE_ASCAT_V3.1.1_nc,ASCAT_SWI,9.46,Success
2018-11-17T12:00:00.000000Z,c_gls_SWI_201811181200_GLOBE_ASCAT_V3.1.1_nc,ASCAT_SWI,9.46,Success
2018-11-29T12:00:00.000000Z,c_gls_SWI_201811301200_GLOBE_ASCAT_V3.1.1_nc,ASCAT_SWI,9.43,Success
2018-11-27T12:00:00.000000Z,c_gls_SWI_201811281200_GLOBE_ASCAT_V3.1.1_nc,ASCAT_SWI,9.38,Success
2018-11-13T12:00:00.000000Z,c_gls_SWI_201811141200_GLOBE_ASCAT_V3.1.1_nc,ASCAT_SWI,9.45,Success
2018-11-16T12:00:00.000000Z,c_gls_SWI_201811171200_GLOBE_ASCAT_V3.1.1_nc,ASCAT_SWI,9.47,Success
2018-11-20T12:00:00.000000Z,c_gls_SWI_201811211200_GLOBE_ASCAT_V3.1.1_nc,ASCAT_SWI,9.46,Success
2018-11-10T12:00:00.000000Z,c_gls_SWI_201811111200_GLOBE_ASCAT_V3.1.1_nc,ASCAT_SWI,9.48,Success
2018-11-05T12:00:00.000000Z,c_gls_SWI_201811061200_GLOBE_ASCAT_V3.1.1_nc,ASCAT_SWI,9.46,Success
2018-11-08T12:00:00.000000Z,c_gls_SWI_201811091200_GLOBE_ASCAT_V3.1.1_nc,ASCAT_SWI,9.48,Success
2018-09-07T12:00:00.000000Z,c_gls_SWI_201809081200_GLOBE_ASCAT_V3.1.1_nc,ASCAT_SWI,9.03,Success
2018-09-05T12:00:00.000000Z,c_gls_SWI_201809061200_GLOBE_ASCAT_V3.1.1_nc,ASCAT_SWI,9.03,Success
2018-09-18T12:00:00.000000Z,c_gls_SWI_201809191200_GLOBE_ASCAT_V3.1.1_nc,ASCAT_SWI,9.08,Success
2018-09-27T12:00:00.000000Z,c_gls_SWI_201809281200_GLOBE_ASCAT_V3.1.1_nc,ASCAT_SWI,9.11,Success
2018-09-26T12:00:00.000000Z,c_gls_SWI_201809271200_GLOBE_ASCAT_V3.1.1_nc,ASCAT_SWI,9.11,Success
2018-09-17T12:00:00.000000Z,c_gls_SWI_201809181200_GLOBE_ASCAT_V3.1.1_nc,ASCAT_SWI,9.08,Success
2018-09-21T12:00:00.000000Z,c_gls_SWI_201809221200_GLOBE_ASCAT_V3.1.1_nc,ASCAT_SWI,9.1,Success
2018-09-23T12:00:00.000000Z,c_gls_SWI_201809241200_GLOBE_ASCAT_V3.1.1_nc,ASCAT_SWI,9.1,Success
2018-09-20T12:00:00.000000Z,c_gls_SWI_201809211200_GLOBE_ASCAT_V3.1.1_nc,ASCAT_SWI,9.1,Success
2018-09-14T12:00:00.000000Z,c_gls_SWI_201809151200_GLOBE_ASCAT_V3.1.1_nc,ASCAT_SWI,9.06,Success
2018-09-12T12:00:00.000000Z,c_gls_SWI_201809131200_GLOBE_ASCAT_V3.1.1_nc,ASCAT_SWI,9.05,Success
2018-09-03T12:00:00.000000Z,c_gls_SWI_201809041200_GLOBE_ASCAT_V3.1.1_nc,ASCAT_SWI,9.02,Success
2018-09-02T12:00:00.000000Z,c_gls_SWI_201809031200_GLOBE_ASCAT_V3.1.1_nc,ASCAT_SWI,9.01,Success
2018-09-24T12:00:00.000000Z,c_gls_SWI_201809251200_GLOBE_ASCAT_V3.1.1_nc,ASCAT_SWI,9.1,Success
2018-09-08T12:00:00.000000Z,c_gls_SWI_201809091200_GLOBE_ASCAT_V3.1.1_nc,ASCAT_SWI,9.07,Success
2018-09-29T12:00:00.000000Z,c_gls_SWI_201809301200_GLOBE_ASCAT_V3.1.1_nc,ASCAT_SWI,9.13,Success
2018-09-19T12:00:00.000000Z,c_gls_SWI_201809201200_GLOBE_ASCAT_V3.1.1_nc,ASCAT_SWI,9.11,Success
2018-09-28T12:00:00.000000Z,c_gls_SWI_201809291200_GLOBE_ASCAT_V3.1.1_nc,ASCAT_SWI,9.12,Success
2018-09-16T12:00:00.000000Z,c_gls_SWI_201809171200_GLOBE_ASCAT_V3.1.1_nc,ASCAT_SWI,9.07,Success
2018-09-25T12:00:00.000000Z,c_gls_SWI_201809261200_GLOBE_ASCAT_V3.1.1_nc,ASCAT_SWI,9.11,Success
2018-09-09T12:00:00.000000Z,c_gls_SWI_201809101200_GLOBE_ASCAT_V3.1.1_nc,ASCAT_SWI,9.05,Success
2018-09-13T12:00:00.000000Z,c_gls_SWI_201809141200_GLOBE_ASCAT_V3.1.1_nc,ASCAT_SWI,9.06,Success
2018-10-09T12:00:00.000000Z,c_gls_SWI_201810101200_GLOBE_ASCAT_V3.1.1_nc,ASCAT_SWI,9.23,Success
2018-10-29T12:00:00.000000Z,c_gls_SWI_201810301200_GLOBE_ASCAT_V3.1.1_nc,ASCAT_SWI,9.45,Success
2018-10-20T12:00:00.000000Z,c_gls_SWI_201810211200_GLOBE_ASCAT_V3.1.1_nc,ASCAT_SWI,9.36,Success
2018-10-24T12:00:00.000000Z,c_gls_SWI_201810251200_GLOBE_ASCAT_V3.1.1_nc,ASCAT_SWI,9.41,Success
2018-10-02T12:00:00.000000Z,c_gls_SWI_201810031200_GLOBE_ASCAT_V3.1.1_nc,ASCAT_SWI,9.16,Success
2018-10-08T12:00:00.000000Z,c_gls_SWI_201810091200_GLOBE_ASCAT_V3.1.1_nc,ASCAT_SWI,9.22,Success
2018-10-28T12:00:00.000000Z,c_gls_SWI_201810291200_GLOBE_ASCAT_V3.1.1_nc,ASCAT_SWI,9.46,Success
2018-10-18T12:00:00.000000Z,c_gls_SWI_201810191200_GLOBE_ASCAT_V3.1.1_nc,ASCAT_SWI,9.35,Success
2018-10-17T12:00:00.000000Z,c_gls_SWI_201810181200_GLOBE_ASCAT_V3.1.1_nc,ASCAT_SWI,9.34,Success
2018-10-01T12:00:00.000000Z,c_gls_SWI_201810021200_GLOBE_ASCAT_V3.1.1_nc,ASCAT_SWI,9.15,Success
2018-10-06T12:00:00.000000Z,c_gls_SWI_201810071200_GLOBE_ASCAT_V3.1.1_nc,ASCAT_SWI,9.2,Success
2018-10-12T12:00:00.000000Z,c_gls_SWI_201810131200_GLOBE_ASCAT_V3.1.1_nc,ASCAT_SWI,9.27,Success
2018-10-31T12:00:00.000000Z,c_gls_SWI_201811011200_GLOBE_ASCAT_V3.1.1_nc,ASCAT_SWI,9.48,Success
2018-10-07T12:00:00.000000Z,c_gls_SWI_201810081200_GLOBE_ASCAT_V3.1.1_nc,ASCAT_SWI,9.21,Success
2018-10-04T12:00:00.000000Z,c_gls_SWI_201810051200_GLOBE_ASCAT_V3.1.1_nc,ASCAT_SWI,9.19,Success
2018-10-05T12:00:00.000000Z,c_gls_SWI_201810061200_GLOBE_ASCAT_V3.1.1_nc,ASCAT_SWI,9.19,Success
2018-05-19T12:00:00.000000Z,c_gls_SWI_201805201200_GLOBE_ASCAT_V3.1.1_nc,ASCAT_SWI,9.52,Success
2018-05-06T12:00:00.000000Z,c_gls_SWI_201805071200_GLOBE_ASCAT_V3.1.1_nc,ASCAT_SWI,9.4,Success
2018-05-05T12:00:00.000000Z,c_gls_SWI_201805061200_GLOBE_ASCAT_V3.1.1_nc,ASCAT_SWI,9.4,Success
2018-05-18T12:00:00.000000Z,c_gls_SWI_201805191200_GLOBE_ASCAT_V3.1.1_nc,ASCAT_SWI,9.5,Success
2018-05-26T12:00:00.000000Z,c_gls_SWI_201805271200_GLOBE_ASCAT_V3.1.1_nc,ASCAT_SWI,9.57,Success
2018-05-17T12:00:00.000000Z,c_gls_SWI_201805181200_GLOBE_ASCAT_V3.1.1_nc,ASCAT_SWI,9.5,Success
2018-05-29T12:00:00.000000Z,c_gls_SWI_201805301200_GLOBE_ASCAT_V3.1.1_nc,ASCAT_SWI,9.69,Success
2018-05-04T12:00:00.000000Z,c_gls_SWI_201805051200_GLOBE_ASCAT_V3.1.1_nc,ASCAT_SWI,9.37,Success
2018-05-30T12:00:00.000000Z,c_gls_SWI_201805311200_GLOBE_ASCAT_V3.1.1_nc,ASCAT_SWI,9.61,Success
2018-05-21T12:00:00.000000Z,c_gls_SWI_201805221200_GLOBE_ASCAT_V3.1.1_nc,ASCAT_SWI,9.56,Success
2018-05-22T12:00:00.000000Z,c_gls_SWI_201805231200_GLOBE_ASCAT_V3.1.1_nc,ASCAT_SWI,9.57,Success
2018-05-23T12:00:00.000000Z,c_gls_SWI_201805241200_GLOBE_ASCAT_V3.1.1_nc,ASCAT_SWI,9.57,Success
2018-05-01T12:00:00.000000Z,c_gls_SWI_201805021200_GLOBE_ASCAT_V3.1.1_nc,ASCAT_SWI,9.35,Success
2018-05-31T12:00:00.000000Z,c_gls_SWI_201806011200_GLOBE_ASCAT_V3.1.1_nc,ASCAT_SWI,9.59,Success
2018-05-28T12:00:00.000000Z,c_gls_SWI_201805291200_GLOBE_ASCAT_V3.1.1_nc,ASCAT_SWI,5.57,Success
2018-05-11T12:00:00.000000Z,c_gls_SWI_201805121200_GLOBE_ASCAT_V3.1.1_nc,ASCAT_SWI,9.47,Success
2018-05-14T12:00:00.000000Z,c_gls_SWI_201805151200_GLOBE_ASCAT_V3.1.1_nc,ASCAT_SWI,9.47,Success
2018-05-10T12:00:00.000000Z,c_gls_SWI_201805111200_GLOBE_ASCAT_V3.1.1_nc,ASCAT_SWI,9.47,Success
2018-05-02T12:00:00.000000Z,c_gls_SWI_201805031200_GLOBE_ASCAT_V3.1.1_nc,ASCAT_SWI,9.36,Success
2018-04-29T12:00:00.000000Z,c_gls_SWI_201804301200_GLOBE_ASCAT_V3.1.1_nc,ASCAT_SWI,9.32,Success
2018-04-24T12:00:00.000000Z,c_gls_SWI_201804251200_GLOBE_ASCAT_V3.1.1_nc,ASCAT_SWI,9.24,Success
2018-04-11T12:00:00.000000Z,c_gls_SWI_201804121200_GLOBE_ASCAT_V3.1.1_nc,ASCAT_SWI,8.99,Success
2018-04-17T12:00:00.000000Z,c_gls_SWI_201804181200_GLOBE_ASCAT_V3.1.1_nc,ASCAT_SWI,9.1,Success
2018-04-28T12:00:00.000000Z,c_gls_SWI_201804291200_GLOBE_ASCAT_V3.1.1_nc,ASCAT_SWI,9.29,Success
2018-04-15T12:00:00.000000Z,c_gls_SWI_201804161200_GLOBE_ASCAT_V3.1.1_nc,ASCAT_SWI,9.07,Success
2018-04-25T12:00:00.000000Z,c_gls_SWI_201804261200_GLOBE_ASCAT_V3.1.1_nc,ASCAT_SWI,9.26,Success
2018-04-06T12:00:00.000000Z,c_gls_SWI_201804071200_GLOBE_ASCAT_V3.1.1_nc,ASCAT_SWI,8.91,Success
2018-04-07T12:00:00.000000Z,c_gls_SWI_201804081200_GLOBE_ASCAT_V3.1.1_nc,ASCAT_SWI,8.92,Success
2018-04-21T12:00:00.000000Z,c_gls_SWI_201804221200_GLOBE_ASCAT_V3.1.1_nc,ASCAT_SWI,9.2,Success
2018-04-09T12:00:00.000000Z,c_gls_SWI_201804101200_GLOBE_ASCAT_V3.1.1_nc,ASCAT_SWI,8.94,Success
2018-04-02T12:00:00.000000Z,c_gls_SWI_201804031200_GLOBE_ASCAT_V3.1.1_nc,ASCAT_SWI,8.79,Success
2018-04-14T12:00:00.000000Z,c_gls_SWI_201804151200_GLOBE_ASCAT_V3.1.1_nc,ASCAT_SWI,9.05,Success
2018-04-23T12:00:00.000000Z,c_gls_SWI_201804241200_GLOBE_ASCAT_V3.1.1_nc,ASCAT_SWI,9.24,Success
2018-04-20T12:00:00.000000Z,c_gls_SWI_201804211200_GLOBE_ASCAT_V3.1.1_nc,ASCAT_SWI,9.16,Success
2018-04-16T12:00:00.000000Z,c_gls_SWI_201804171200_GLOBE_ASCAT_V3.1.1_nc,ASCAT_SWI,9.09,Success
2018-04-30T12:00:00.000000Z,c_gls_SWI_201805011200_GLOBE_ASCAT_V3.1.1_nc,ASCAT_SWI,9.34,Success
2018-04-19T12:00:00.000000Z,c_gls_SWI_201804201200_GLOBE_ASCAT_V3.1.1_nc,ASCAT_SWI,9.14,Success
2018-04-13T12:00:00.000000Z,c_gls_SWI_201804141200_GLOBE_ASCAT_V3.1.1_nc,ASCAT_SWI,9.04,Success
2018-04-05T12:00:00.000000Z,c_gls_SWI_201804061200_GLOBE_ASCAT_V3.1.1_nc,ASCAT_SWI,8.89,Success
2018-04-27T12:00:00.000000Z,c_gls_SWI_201804281200_GLOBE_ASCAT_V3.1.1_nc,ASCAT_SWI,9.27,Success
2018-04-22T12:00:00.000000Z,c_gls_SWI_201804231200_GLOBE_ASCAT_V3.1.1_nc,ASCAT_SWI,9.22,Success
2018-04-01T12:00:00.000000Z,c_gls_SWI_201804021200_GLOBE_ASCAT_V3.1.1_nc,ASCAT_SWI,8.76,Success
2018-04-03T12:00:00.000000Z,c_gls_SWI_201804041200_GLOBE_ASCAT_V3.1.1_nc,ASCAT_SWI,8.84,Success
2018-04-10T12:00:00.000000Z,c_gls_SWI_201804111200_GLOBE_ASCAT_V3.1.1_nc,ASCAT_SWI,8.96,Success
2018-04-08T12:00:00.000000Z,c_gls_SWI_201804091200_GLOBE_ASCAT_V3.1.1_nc,ASCAT_SWI,8.93,Success
2018-03-25T12:00:00.000000Z,c_gls_SWI_201803261200_GLOBE_ASCAT_V3.1.1_nc,ASCAT_SWI,8.63,Success
2018-03-13T12:00:00.000000Z,c_gls_SWI_201803141200_GLOBE_ASCAT_V3.1.1_nc,ASCAT_SWI,8.52,Success
2018-03-21T12:00:00.000000Z,c_gls_SWI_201803221200_GLOBE_ASCAT_V3.1.1_nc,ASCAT_SWI,8.57,Success
2018-03-24T12:00:00.000000Z,c_gls_SWI_201803251200_GLOBE_ASCAT_V3.1.1_nc,ASCAT_SWI,8.61,Success
2018-03-11T12:00:00.000000Z,c_gls_SWI_201803121200_GLOBE_ASCAT_V3.1.1_nc,ASCAT_SWI,8.5,Success
2018-03-20T12:00:00.000000Z,c_gls_SWI_201803211200_GLOBE_ASCAT_V3.1.1_nc,ASCAT_SWI,8.58,Success
2018-03-16T12:00:00.000000Z,c_gls_SWI_201803171200_GLOBE_ASCAT_V3.1.1_nc,ASCAT_SWI,8.54,Success
2018-03-30T12:00:00.000000Z,c_gls_SWI_201803311200_GLOBE_ASCAT_V3.1.1_nc,ASCAT_SWI,8.73,Success
2018-03-15T12:00:00.000000Z,c_gls_SWI_201803161200_GLOBE_ASCAT_V3.1.1_nc,ASCAT_SWI,8.54,Success
2018-03-29T12:00:00.000000Z,c_gls_SWI_201803301200_GLOBE_ASCAT_V3.1.1_nc,ASCAT_SWI,8.7,Success
2018-03-22T12:00:00.000000Z,c_gls_SWI_201803231200_GLOBE_ASCAT_V3.1.1_nc,ASCAT_SWI,8.58,Success
2018-03-02T12:00:00.000000Z,c_gls_SWI_201803031200_GLOBE_ASCAT_V3.1.1_nc,ASCAT_SWI,8.44,Success
2018-03-19T12:00:00.000000Z,c_gls_SWI_201803201200_GLOBE_ASCAT_V3.1.1_nc,ASCAT_SWI,8.57,Success
2018-03-01T12:00:00.000000Z,c_gls_SWI_201803021200_GLOBE_ASCAT_V3.1.1_nc,ASCAT_SWI,8.44,Success
2018-03-06T12:00:00.000000Z,c_gls_SWI_201803071200_GLOBE_ASCAT_V3.1.1_nc,ASCAT_SWI,8.5,Success
2018-03-28T12:00:00.000000Z,c_gls_SWI_201803291200_GLOBE_ASCAT_V3.1.1_nc,ASCAT_SWI,8.68,Success
2018-03-10T12:00:00.000000Z,c_gls_SWI_201803111200_GLOBE_ASCAT_V3.1.1_nc,ASCAT_SWI,8.51,Success
2018-03-23T12:00:00.000000Z,c_gls_SWI_201803241200_GLOBE_ASCAT_V3.1.1_nc,ASCAT_SWI,8.6,Success
2018-02-28T12:00:00.000000Z,c_gls_SWI_201803011200_GLOBE_ASCAT_V3.1.1_nc,ASCAT_SWI,8.44,Success
2018-02-05T12:00:00.000000Z,c_gls_SWI_201802061200_GLOBE_ASCAT_V3.1.1_nc,ASCAT_SWI,8.42,Success
2018-02-03T12:00:00.000000Z,c_gls_SWI_201802041200_GLOBE_ASCAT_V3.1.1_nc,ASCAT_SWI,8.43,Success
2018-02-07T12:00:00.000000Z,c_gls_SWI_201802081200_GLOBE_ASCAT_V3.1.1_nc,ASCAT_SWI,8.4,Success
2018-02-11T12:00:00.000000Z,c_gls_SWI_201802121200_GLOBE_ASCAT_V3.1.1_nc,ASCAT_SWI,8.41,Success
2018-02-16T12:00:00.000000Z,c_gls_SWI_201802171200_GLOBE_ASCAT_V3.1.1_nc,ASCAT_SWI,8.45,Success
2018-02-08T12:00:00.000000Z,c_gls_SWI_201802091200_GLOBE_ASCAT_V3.1.1_nc,ASCAT_SWI,8.41,Success
2018-02-02T12:00:00.000000Z,c_gls_SWI_201802031200_GLOBE_ASCAT_V3.1.1_nc,ASCAT_SWI,8.44,Success
2018-02-23T12:00:00.000000Z,c_gls_SWI_201802241200_GLOBE_ASCAT_V3.1.1_nc,ASCAT_SWI,8.46,Success
2018-02-06T12:00:00.000000Z,c_gls_SWI_201802071200_GLOBE_ASCAT_V3.1.1_nc,ASCAT_SWI,8.4,Success
2018-02-17T12:00:00.000000Z,c_gls_SWI_201802181200_GLOBE_ASCAT_V3.1.1_nc,ASCAT_SWI,8.44,Success
2018-02-27T12:00:00.000000Z,c_gls_SWI_201802281200_GLOBE_ASCAT_V3.1.1_nc,ASCAT_SWI,8.45,Success
2018-02-22T12:00:00.000000Z,c_gls_SWI_201802231200_GLOBE_ASCAT_V3.1.1_nc,ASCAT_SWI,8.46,Success
2018-02-15T12:00:00.000000Z,c_gls_SWI_201802161200_GLOBE_ASCAT_V3.1.1_nc,ASCAT_SWI,8.45,Success
2018-02-21T12:00:00.000000Z,c_gls_SWI_201802221200_GLOBE_ASCAT_V3.1.1_nc,ASCAT_SWI,8.46,Success
2018-02-19T12:00:00.000000Z,c_gls_SWI_201802201200_GLOBE_ASCAT_V3.1.1_nc,ASCAT_SWI,8.46,Success
2018-07-11T12:00:00.000000Z,c_gls_SWI_201807121200_GLOBE_ASCAT_V3.1.1_nc,ASCAT_SWI,9.14,Success
2018-07-16T12:00:00.000000Z,c_gls_SWI_201807171200_GLOBE_ASCAT_V3.1.1_nc,ASCAT_SWI,9.12,Success
2018-07-27T12:00:00.000000Z,c_gls_SWI_201807281200_GLOBE_ASCAT_V3.1.1_nc,ASCAT_SWI,9.08,Success
2018-07-02T12:00:00.000000Z,c_gls_SWI_201807031200_GLOBE_ASCAT_V3.1.1_nc,ASCAT_SWI,9.22,Success
2018-01-04T12:00:00.000000Z,c_gls_SWI_201801051200_GLOBE_ASCAT_V3.1.1_nc,ASCAT_SWI,8.73,Success
2018-01-22T12:00:00.000000Z,c_gls_SWI_201801231200_GLOBE_ASCAT_V3.1.1_nc,ASCAT_SWI,8.54,Success
2018-01-20T12:00:00.000000Z,c_gls_SWI_201801211200_GLOBE_ASCAT_V3.1.1_nc,ASCAT_SWI,8.57,Success
2018-01-31T12:00:00.000000Z,c_gls_SWI_201802011200_GLOBE_ASCAT_V3.1.1_nc,ASCAT_SWI,8.45,Success
2018-01-27T12:00:00.000000Z,c_gls_SWI_201801281200_GLOBE_ASCAT_V3.1.1_nc,ASCAT_SWI,8.47,Success
2018-01-23T12:00:00.000000Z,c_gls_SWI_201801241200_GLOBE_ASCAT_V3.1.1_nc,ASCAT_SWI,8.52,Success
2018-01-21T12:00:00.000000Z,c_gls_SWI_201801221200_GLOBE_ASCAT_V3.1.1_nc,ASCAT_SWI,8.56,Success
2018-01-15T12:00:00.000000Z,c_gls_SWI_201801161200_GLOBE_ASCAT_V3.1.1_nc,ASCAT_SWI,8.62,Success
2018-01-19T12:00:00.000000Z,c_gls_SWI_201801201200_GLOBE_ASCAT_V3.1.1_nc,ASCAT_SWI,8.57,Success
2018-01-13T12:00:00.000000Z,c_gls_SWI_201801141200_GLOBE_ASCAT_V3.1.1_nc,ASCAT_SWI,8.64,Success
2018-01-05T12:00:00.000000Z,c_gls_SWI_201801061200_GLOBE_ASCAT_V3.1.1_nc,ASCAT_SWI,8.72,Success
2018-01-07T12:00:00.000000Z,c_gls_SWI_201801081200_GLOBE_ASCAT_V3.1.1_nc,ASCAT_SWI,8.69,Success
2018-01-02T12:00:00.000000Z,c_gls_SWI_201801031200_GLOBE_ASCAT_V3.1.1_nc,ASCAT_SWI,8.77,Success
2018-01-25T12:00:00.000000Z,c_gls_SWI_201801261200_GLOBE_ASCAT_V3.1.1_nc,ASCAT_SWI,8.49,Success
2018-01-10T12:00:00.000000Z,c_gls_SWI_201801111200_GLOBE_ASCAT_V3.1.1_nc,ASCAT_SWI,8.68,Success
2018-01-06T12:00:00.000000Z,c_gls_SWI_201801071200_GLOBE_ASCAT_V3.1.1_nc,ASCAT_SWI,8.7,Success
2018-01-01T12:00:00.000000Z,c_gls_SWI_201801021200_GLOBE_ASCAT_V3.1.1_nc,ASCAT_SWI,8.8,Success
2018-01-03T12:00:00.000000Z,c_gls_SWI_201801041200_GLOBE_ASCAT_V3.1.1_nc,ASCAT_SWI,8.75,Success
2018-01-11T12:00:00.000000Z,c_gls_SWI_201801121200_GLOBE_ASCAT_V3.1.1_nc,ASCAT_SWI,8.67,Success
2018-01-12T12:00:00.000000Z,c_gls_SWI_201801131200_GLOBE_ASCAT_V3.1.1_nc,ASCAT_SWI,8.65,Success
2018-08-10T12:00:00.000000Z,c_gls_SWI_201808111200_GLOBE_ASCAT_V3.1.1_nc,ASCAT_SWI,9.07,Success
2018-08-27T12:00:00.000000Z,c_gls_SWI_201808281200_GLOBE_ASCAT_V3.1.1_nc,ASCAT_SWI,9.02,Success
2018-08-31T12:00:00.000000Z,c_gls_SWI_201809011200_GLOBE_ASCAT_V3.1.1_nc,ASCAT_SWI,9.03,Success
2018-08-26T12:00:00.000000Z,c_gls_SWI_201808271200_GLOBE_ASCAT_V3.1.1_nc,ASCAT_SWI,9.03,Success
2018-08-06T12:00:00.000000Z,c_gls_SWI_201808071200_GLOBE_ASCAT_V3.1.1_nc,ASCAT_SWI,9.08,Success
2018-08-05T12:00:00.000000Z,c_gls_SWI_201808061200_GLOBE_ASCAT_V3.1.1_nc,ASCAT_SWI,9.08,Success
2018-08-20T12:00:00.000000Z,c_gls_SWI_201808211200_GLOBE_ASCAT_V3.1.1_nc,ASCAT_SWI,9.04,Success
2018-08-28T12:00:00.000000Z,c_gls_SWI_201808291200_GLOBE_ASCAT_V3.1.1_nc,ASCAT_SWI,9.02,Success
2018-08-29T12:00:00.000000Z,c_gls_SWI_201808301200_GLOBE_ASCAT_V3.1.1_nc,ASCAT_SWI,9.02,Success
2018-08-02T12:00:00.000000Z,c_gls_SWI_201808031200_GLOBE_ASCAT_V3.1.1_nc,ASCAT_SWI,9.08,Success
2018-08-25T12:00:00.000000Z,c_gls_SWI_201808261200_GLOBE_ASCAT_V3.1.1_nc,ASCAT_SWI,9.03,Success
2018-08-01T12:00:00.000000Z,c_gls_SWI_201808021200_GLOBE_ASCAT_V3.1.1_nc,ASCAT_SWI,9.08,Success
2018-08-24T12:00:00.000000Z,c_gls_SWI_201808251200_GLOBE_ASCAT_V3.1.1_nc,ASCAT_SWI,9.03,Success
2018-08-18T12:00:00.000000Z,c_gls_SWI_201808191200_GLOBE_ASCAT_V3.1.1_nc,ASCAT_SWI,9.04,Success
2018-08-22T12:00:00.000000Z,c_gls_SWI_201808231200_GLOBE_ASCAT_V3.1.1_nc,ASCAT_SWI,9.03,Success
2018-08-21T12:00:00.000000Z,c_gls_SWI_201808221200_GLOBE_ASCAT_V3.1.1_nc,ASCAT_SWI,9.04,Success
2018-08-15T12:00:00.000000Z,c_gls_SWI_201808161200_GLOBE_ASCAT_V3.1.1_nc,ASCAT_SWI,9.06,Success
2018-08-23T12:00:00.000000Z,c_gls_SWI_201808241200_GLOBE_ASCAT_V3.1.1_nc,ASCAT_SWI,9.04,Success
2018-08-12T12:00:00.000000Z,c_gls_SWI_201808131200_GLOBE_ASCAT_V3.1.1_nc,ASCAT_SWI,9.06,Success
2018-08-09T12:00:00.000000Z,c_gls_SWI_201808101200_GLOBE_ASCAT_V3.1.1_nc,ASCAT_SWI,9.07,Success
2018-08-08T12:00:00.000000Z,c_gls_SWI_201808091200_GLOBE_ASCAT_V3.1.1_nc,ASCAT_SWI,9.07,Success
2018-08-04T12:00:00.000000Z,c_gls_SWI_201808051200_GLOBE_ASCAT_V3.1.1_nc,ASCAT_SWI,9.07,Success
2018-08-14T12:00:00.000000Z,c_gls_SWI_201808151200_GLOBE_ASCAT_V3.1.1_nc,ASCAT_SWI,9.05,Success
2018-08-03T12:00:00.000000Z,c_gls_SWI_201808041200_GLOBE_ASCAT_V3.1.1_nc,ASCAT_SWI,9.08,Success
2018-08-13T12:00:00.000000Z,c_gls_SWI_201808141200_GLOBE_ASCAT_V3.1.1_nc,ASCAT_SWI,9.06,Success
2018-08-30T12:00:00.000000Z,c_gls_SWI_201808311200_GLOBE_ASCAT_V3.1.1_nc,ASCAT_SWI,9.02,Success
2018-07-26T12:00:00.000000Z,c_gls_SWI_201807271200_GLOBE_ASCAT_V3.1.1_nc,ASCAT_SWI,9.09,Success
2018-07-13T12:00:00.000000Z,c_gls_SWI_201807141200_GLOBE_ASCAT_V3.1.1_nc,ASCAT_SWI,9.12,Success
2018-04-04T12:00:00.000000Z,c_gls_SWI_201804051200_GLOBE_ASCAT_V3.1.1_nc,ASCAT_SWI,8.86,Success
2018-07-24T12:00:00.000000Z,c_gls_SWI_201807251200_GLOBE_ASCAT_V3.1.1_nc,ASCAT_SWI,9.09,Success
2018-03-14T12:00:00.000000Z,c_gls_SWI_201803151200_GLOBE_ASCAT_V3.1.1_nc,ASCAT_SWI,8.52,Success
2018-05-03T12:00:00.000000Z,c_gls_SWI_201805041200_GLOBE_ASCAT_V3.1.1_nc,ASCAT_SWI,9.36,Success
2018-01-14T12:00:00.000000Z,c_gls_SWI_201801151200_GLOBE_ASCAT_V3.1.1_nc,ASCAT_SWI,8.63,Success
2018-08-07T12:00:00.000000Z,c_gls_SWI_201808081200_GLOBE_ASCAT_V3.1.1_nc,ASCAT_SWI,9.08,Success
2018-08-17T12:00:00.000000Z,c_gls_SWI_201808181200_GLOBE_ASCAT_V3.1.1_nc,ASCAT_SWI,9.04,Success
2018-07-31T12:00:00.000000Z,c_gls_SWI_201808011200_GLOBE_ASCAT_V3.1.1_nc,ASCAT_SWI,9.07,Success
2018-06-29T12:00:00.000000Z,c_gls_SWI_201806301200_GLOBE_ASCAT_V3.1.1_nc,ASCAT_SWI,9.26,Success
2018-06-10T12:00:00.000000Z,c_gls_SWI_201806111200_GLOBE_ASCAT_V3.1.1_nc,ASCAT_SWI,9.59,Success
2018-06-19T12:00:00.000000Z,c_gls_SWI_201806201200_GLOBE_ASCAT_V3.1.1_nc,ASCAT_SWI,9.41,Success
2018-06-13T12:00:00.000000Z,c_gls_SWI_201806141200_GLOBE_ASCAT_V3.1.1_nc,ASCAT_SWI,9.54,Success
2018-06-16T12:00:00.000000Z,c_gls_SWI_201806171200_GLOBE_ASCAT_V3.1.1_nc,ASCAT_SWI,9.47,Success
2018-06-20T12:00:00.000000Z,c_gls_SWI_201806211200_GLOBE_ASCAT_V3.1.1_nc,ASCAT_SWI,9.39,Success
2018-06-30T12:00:00.000000Z,c_gls_SWI_201807011200_GLOBE_ASCAT_V3.1.1_nc,ASCAT_SWI,9.23,Success
2018-06-02T12:00:00.000000Z,c_gls_SWI_201806031200_GLOBE_ASCAT_V3.1.1_nc,ASCAT_SWI,9.57,Success
2018-06-26T12:00:00.000000Z,c_gls_SWI_201806271200_GLOBE_ASCAT_V3.1.1_nc,ASCAT_SWI,9.28,Success
2018-06-28T12:00:00.000000Z,c_gls_SWI_201806291200_GLOBE_ASCAT_V3.1.1_nc,ASCAT_SWI,9.27,Success
2018-06-11T12:00:00.000000Z,c_gls_SWI_201806121200_GLOBE_ASCAT_V3.1.1_nc,ASCAT_SWI,9.58,Success
2018-06-01T12:00:00.000000Z,c_gls_SWI_201806021200_GLOBE_ASCAT_V3.1.1_nc,ASCAT_SWI,9.6,Success
2018-04-18T12:00:00.000000Z,c_gls_SWI_201804191200_GLOBE_ASCAT_V3.1.1_nc,ASCAT_SWI,9.12,Success
2018-08-11T12:00:00.000000Z,c_gls_SWI_201808121200_GLOBE_ASCAT_V3.1.1_nc,ASCAT_SWI,9.06,Success
2018-08-16T12:00:00.000000Z,c_gls_SWI_201808171200_GLOBE_ASCAT_V3.1.1_nc,ASCAT_SWI,9.06,Success
2018-06-24T12:00:00.000000Z,c_gls_SWI_201806251200_GLOBE_ASCAT_V3.1.1_nc,ASCAT_SWI,9.3,Success
2018-08-19T12:00:00.000000Z,c_gls_SWI_201808201200_GLOBE_ASCAT_V3.1.1_nc,ASCAT_SWI,9.04,Success
2018-06-09T12:00:00.000000Z,c_gls_SWI_201806101200_GLOBE_ASCAT_V3.1.1_nc,ASCAT_SWI,9.59,Success
2018-06-23T12:00:00.000000Z,c_gls_SWI_201806241200_GLOBE_ASCAT_V3.1.1_nc,ASCAT_SWI,9.32,Success
2018-06-06T12:00:00.000000Z,c_gls_SWI_201806071200_GLOBE_ASCAT_V3.1.1_nc,ASCAT_SWI,9.6,Success
2018-06-05T12:00:00.000000Z,c_gls_SWI_201806061200_GLOBE_ASCAT_V3.1.1_nc,ASCAT_SWI,9.6,Success
2018-06-14T12:00:00.000000Z,c_gls_SWI_201806151200_GLOBE_ASCAT_V3.1.1_nc,ASCAT_SWI,9.51,Success
2018-06-18T12:00:00.000000Z,c_gls_SWI_201806191200_GLOBE_ASCAT_V3.1.1_nc,ASCAT_SWI,9.44,Success
2018-06-27T12:00:00.000000Z,c_gls_SWI_201806281200_GLOBE_ASCAT_V3.1.1_nc,ASCAT_SWI,9.28,Success
2018-06-07T12:00:00.000000Z,c_gls_SWI_201806081200_GLOBE_ASCAT_V3.1.1_nc,ASCAT_SWI,9.59,Success
2018-06-21T12:00:00.000000Z,c_gls_SWI_201806221200_GLOBE_ASCAT_V3.1.1_nc,ASCAT_SWI,9.36,Success
2018-06-25T12:00:00.000000Z,c_gls_SWI_201806261200_GLOBE_ASCAT_V3.1.1_nc,ASCAT_SWI,9.29,Success
2018-06-15T12:00:00.000000Z,c_gls_SWI_201806161200_GLOBE_ASCAT_V3.1.1_nc,ASCAT_SWI,9.49,Success
2018-06-17T12:00:00.000000Z,c_gls_SWI_201806181200_GLOBE_ASCAT_V3.1.1_nc,ASCAT_SWI,9.45,Success
2018-06-12T12:00:00.000000Z,c_gls_SWI_201806131200_GLOBE_ASCAT_V3.1.1_nc,ASCAT_SWI,9.56,Success
2018-06-03T12:00:00.000000Z,c_gls_SWI_201806041200_GLOBE_ASCAT_V3.1.1_nc,ASCAT_SWI,9.6,Success
2018-06-04T12:00:00.000000Z,c_gls_SWI_201806051200_GLOBE_ASCAT_V3.1.1_nc,ASCAT_SWI,9.59,Success
2018-06-08T12:00:00.000000Z,c_gls_SWI_201806091200_GLOBE_ASCAT_V3.1.1_nc,ASCAT_SWI,9.6,Success
2018-07-09T12:00:00.000000Z,c_gls_SWI_201807101200_GLOBE_ASCAT_V3.1.1_nc,ASCAT_SWI,9.16,Success
2018-07-30T12:00:00.000000Z,c_gls_SWI_201807311200_GLOBE_ASCAT_V3.1.1_nc,ASCAT_SWI,9.07,Success
2018-07-28T12:00:00.000000Z,c_gls_SWI_201807291200_GLOBE_ASCAT_V3.1.1_nc,ASCAT_SWI,9.08,Success
2018-07-29T12:00:00.000000Z,c_gls_SWI_201807301200_GLOBE_ASCAT_V3.1.1_nc,ASCAT_SWI,9.07,Success
2018-07-08T12:00:00.000000Z,c_gls_SWI_201807091200_GLOBE_ASCAT_V3.1.1_nc,ASCAT_SWI,9.17,Success
2018-07-17T12:00:00.000000Z,c_gls_SWI_201807181200_GLOBE_ASCAT_V3.1.1_nc,ASCAT_SWI,9.12,Success
2018-07-12T12:00:00.000000Z,c_gls_SWI_201807131200_GLOBE_ASCAT_V3.1.1_nc,ASCAT_SWI,9.13,Success
2018-07-21T12:00:00.000000Z,c_gls_SWI_201807221200_GLOBE_ASCAT_V3.1.1_nc,ASCAT_SWI,9.09,Success
2018-07-23T12:00:00.000000Z,c_gls_SWI_201807241200_GLOBE_ASCAT_V3.1.1_nc,ASCAT_SWI,9.1,Success
2018-07-25T12:00:00.000000Z,c_gls_SWI_201807261200_GLOBE_ASCAT_V3.1.1_nc,ASCAT_SWI,9.09,Success
2018-07-20T12:00:00.000000Z,c_gls_SWI_201807211200_GLOBE_ASCAT_V3.1.1_nc,ASCAT_SWI,9.1,Success
2018-07-14T12:00:00.000000Z,c_gls_SWI_201807151200_GLOBE_ASCAT_V3.1.1_nc,ASCAT_SWI,9.12,Success
2018-07-10T12:00:00.000000Z,c_gls_SWI_201807111200_GLOBE_ASCAT_V3.1.1_nc,ASCAT_SWI,9.14,Success
2018-07-18T12:00:00.000000Z,c_gls_SWI_201807191200_GLOBE_ASCAT_V3.1.1_nc,ASCAT_SWI,9.12,Success
2018-07-07T12:00:00.000000Z,c_gls_SWI_201807081200_GLOBE_ASCAT_V3.1.1_nc,ASCAT_SWI,9.17,Success
2018-07-22T12:00:00.000000Z,c_gls_SWI_201807231200_GLOBE_ASCAT_V3.1.1_nc,ASCAT_SWI,9.09,Success
2018-07-06T12:00:00.000000Z,c_gls_SWI_201807071200_GLOBE_ASCAT_V3.1.1_nc,ASCAT_SWI,9.18,Success
2018-07-04T12:00:00.000000Z,c_gls_SWI_201807051200_GLOBE_ASCAT_V3.1.1_nc,ASCAT_SWI,9.22,Success
2018-07-05T12:00:00.000000Z,c_gls_SWI_201807061200_GLOBE_ASCAT_V3.1.1_nc,ASCAT_SWI,9.2,Success
2018-07-01T12:00:00.000000Z,c_gls_SWI_201807021200_GLOBE_ASCAT_V3.1.1_nc,ASCAT_SWI,9.23,Success
2018-07-19T12:00:00.000000Z,c_gls_SWI_201807201200_GLOBE_ASCAT_V3.1.1_nc,ASCAT_SWI,9.11,Success
2018-07-15T12:00:00.000000Z,c_gls_SWI_201807161200_GLOBE_ASCAT_V3.1.1_nc,ASCAT_SWI,9.12,Success
2018-07-03T12:00:00.000000Z,c_gls_SWI_201807041200_GLOBE_ASCAT_V3.1.1_nc,ASCAT_SWI,9.22,Success
2018-10-26T12:00:00.000000Z,c_gls_SWI_201810271200_GLOBE_ASCAT_V4.0.1_nc,ASCAT_SWI,9.32,Success
2018-12-19T12:00:00.000000Z,c_gls_SWI_201812201200_GLOBE_ASCAT_V4.0.1_nc,ASCAT_SWI,7.6,Success
2018-07-30T12:00:00.000000Z,c_gls_SWI_201807311200_GLOBE_ASCAT_V4.0.1_nc,ASCAT_SWI,10.01,Success
2018-08-09T12:00:00.000000Z,c_gls_SWI_201808101200_GLOBE_ASCAT_V4.0.1_nc,ASCAT_SWI,10.21,Success
2018-09-22T12:00:00.000000Z,c_gls_SWI_201809231200_GLOBE_ASCAT_V3.1.1_nc,ASCAT_SWI,9.09,Success
2018-07-24T12:00:00.000000Z,c_gls_SWI_201807251200_GLOBE_ASCAT_V4.0.1_nc,ASCAT_SWI,10.18,Success
2018-09-30T12:00:00.000000Z,c_gls_SWI_201810011200_GLOBE_ASCAT_V3.1.1_nc,ASCAT_SWI,9.14,Success
2018-09-10T12:00:00.000000Z,c_gls_SWI_201809111200_GLOBE_ASCAT_V3.1.1_nc,ASCAT_SWI,9.04,Success
2018-09-06T12:00:00.000000Z,c_gls_SWI_201809071200_GLOBE_ASCAT_V3.1.1_nc,ASCAT_SWI,9.03,Success
2018-09-11T12:00:00.000000Z,c_gls_SWI_201809121200_GLOBE_ASCAT_V3.1.1_nc,ASCAT_SWI,9.04,Success
2018-09-01T12:00:00.000000Z,c_gls_SWI_201809021200_GLOBE_ASCAT_V3.1.1_nc,ASCAT_SWI,9.02,Success
2018-09-04T12:00:00.000000Z,c_gls_SWI_201809051200_GLOBE_ASCAT_V3.1.1_nc,ASCAT_SWI,9.02,Success
2018-09-15T12:00:00.000000Z,c_gls_SWI_201809161200_GLOBE_ASCAT_V3.1.1_nc,ASCAT_SWI,9.06,Success
2018-08-03T12:00:00.000000Z,c_gls_SWI_201808041200_GLOBE_ASCAT_V4.0.1_nc,ASCAT_SWI,10.37,Success
2018-08-08T12:00:00.000000Z,c_gls_SWI_201808091200_GLOBE_ASCAT_V4.0.1_nc,ASCAT_SWI,10.25,Success
2018-10-09T12:00:00.000000Z,c_gls_SWI_201810101200_GLOBE_ASCAT_V4.0.1_nc,ASCAT_SWI,10.04,Success
2018-08-05T12:00:00.000000Z,c_gls_SWI_201808061200_GLOBE_ASCAT_V4.0.1_nc,ASCAT_SWI,10.32,Success
2018-11-28T12:00:00.000000Z,c_gls_SWI_201811291200_GLOBE_ASCAT_V4.0.1_nc,ASCAT_SWI,7.98,Success
2018-08-18T12:00:00.000000Z,c_gls_SWI_201808191200_GLOBE_ASCAT_V4.0.1_nc,ASCAT_SWI,10.04,Success
2018-08-16T12:00:00.000000Z,c_gls_SWI_201808171200_GLOBE_ASCAT_V4.0.1_nc,ASCAT_SWI,10.08,Success
2018-09-19T12:00:00.000000Z,c_gls_SWI_201809201200_GLOBE_ASCAT_V4.0.1_nc,ASCAT_SWI,10.09,Success
2018-08-17T12:00:00.000000Z,c_gls_SWI_201808181200_GLOBE_ASCAT_V4.0.1_nc,ASCAT_SWI,10.06,Success
2018-12-03T12:00:00.000000Z,c_gls_SWI_201812041200_GLOBE_ASCAT_V4.0.1_nc,ASCAT_SWI,8.17,Success
2018-07-18T12:00:00.000000Z,c_gls_SWI_201807191200_GLOBE_ASCAT_V4.0.1_nc,ASCAT_SWI,10.36,Success
2018-07-15T12:00:00.000000Z,c_gls_SWI_201807161200_GLOBE_ASCAT_V4.0.1_nc,ASCAT_SWI,10.39,Success
2018-08-11T12:00:00.000000Z,c_gls_SWI_201808121200_GLOBE_ASCAT_V4.0.1_nc,ASCAT_SWI,10.15,Success
2018-11-18T12:00:00.000000Z,c_gls_SWI_201811191200_GLOBE_ASCAT_V4.0.1_nc,ASCAT_SWI,8.46,Success
2018-10-18T12:00:00.000000Z,c_gls_SWI_201810191200_GLOBE_ASCAT_V4.0.1_nc,ASCAT_SWI,9.6,Success
2018-08-15T12:00:00.000000Z,c_gls_SWI_201808161200_GLOBE_ASCAT_V4.0.1_nc,ASCAT_SWI,10.12,Success
2018-08-22T12:00:00.000000Z,c_gls_SWI_201808231200_GLOBE_ASCAT_V4.0.1_nc,ASCAT_SWI,10.02,Success
2018-08-25T12:00:00.000000Z,c_gls_SWI_201808261200_GLOBE_ASCAT_V4.0.1_nc,ASCAT_SWI,9.98,Success
2018-09-24T12:00:00.000000Z,c_gls_SWI_201809251200_GLOBE_ASCAT_V4.0.1_nc,ASCAT_SWI,9.93,Success
2018-08-27T12:00:00.000000Z,c_gls_SWI_201808281200_GLOBE_ASCAT_V4.0.1_nc,ASCAT_SWI,9.99,Success
2018-08-31T12:00:00.000000Z,c_gls_SWI_201809011200_GLOBE_ASCAT_V4.0.1_nc,ASCAT_SWI,10.17,Success
2018-08-19T12:00:00.000000Z,c_gls_SWI_201808201200_GLOBE_ASCAT_V4.0.1_nc,ASCAT_SWI,10.04,Success
2018-08-20T12:00:00.000000Z,c_gls_SWI_201808211200_GLOBE_ASCAT_V4.0.1_nc,ASCAT_SWI,10.02,Success
2018-08-13T12:00:00.000000Z,c_gls_SWI_201808141200_GLOBE_ASCAT_V4.0.1_nc,ASCAT_SWI,10.12,Success
2018-08-28T12:00:00.000000Z,c_gls_SWI_201808291200_GLOBE_ASCAT_V4.0.1_nc,ASCAT_SWI,9.97,Success
2018-08-30T12:00:00.000000Z,c_gls_SWI_201808311200_GLOBE_ASCAT_V4.0.1_nc,ASCAT_SWI,9.94,Success
2018-08-14T12:00:00.000000Z,c_gls_SWI_201808151200_GLOBE_ASCAT_V4.0.1_nc,ASCAT_SWI,10.12,Success
2018-08-07T12:00:00.000000Z,c_gls_SWI_201808081200_GLOBE_ASCAT_V4.0.1_nc,ASCAT_SWI,10.27,Success
2018-09-01T12:00:00.000000Z,c_gls_SWI_201809021200_GLOBE_ASCAT_V4.0.1_nc,ASCAT_SWI,10.31,Success
2018-11-09T12:00:00.000000Z,c_gls_SWI_201811101200_GLOBE_ASCAT_V4.0.1_nc,ASCAT_SWI,9.04,Success
2018-09-03T12:00:00.000000Z,c_gls_SWI_201809041200_GLOBE_ASCAT_V4.0.1_nc,ASCAT_SWI,10.35,Success
2018-12-01T12:00:00.000000Z,c_gls_SWI_201812021200_GLOBE_ASCAT_V4.0.1_nc,ASCAT_SWI,8.18,Success
2018-09-10T12:00:00.000000Z,c_gls_SWI_201809111200_GLOBE_ASCAT_V4.0.1_nc,ASCAT_SWI,10.23,Success
2018-09-14T12:00:00.000000Z,c_gls_SWI_201809151200_GLOBE_ASCAT_V4.0.1_nc,ASCAT_SWI,10.16,Success
2018-12-30T12:00:00.000000Z,c_gls_SWI_201812311200_GLOBE_ASCAT_V3.1.1_nc,ASCAT_SWI,8.85,Success
2018-09-12T12:00:00.000000Z,c_gls_SWI_201809131200_GLOBE_ASCAT_V4.0.1_nc,ASCAT_SWI,10.19,Success
2018-09-15T12:00:00.000000Z,c_gls_SWI_201809161200_GLOBE_ASCAT_V4.0.1_nc,ASCAT_SWI,10.14,Success
2018-12-18T12:00:00.000000Z,c_gls_SWI_201812191200_GLOBE_ASCAT_V3.1.1_nc,ASCAT_SWI,9.04,Success
2018-09-20T12:00:00.000000Z,c_gls_SWI_201809211200_GLOBE_ASCAT_V4.0.1_nc,ASCAT_SWI,10.03,Success
2018-09-18T12:00:00.000000Z,c_gls_SWI_201809191200_GLOBE_ASCAT_V4.0.1_nc,ASCAT_SWI,10.11,Success
2018-12-23T12:00:00.000000Z,c_gls_SWI_201812241200_GLOBE_ASCAT_V3.1.1_nc,ASCAT_SWI,8.97,Success
2018-12-24T12:00:00.000000Z,c_gls_SWI_201812251200_GLOBE_ASCAT_V3.1.1_nc,ASCAT_SWI,8.96,Success
2018-12-17T12:00:00.000000Z,c_gls_SWI_201812181200_GLOBE_ASCAT_V3.1.1_nc,ASCAT_SWI,9.06,Success
2018-12-26T12:00:00.000000Z,c_gls_SWI_201812271200_GLOBE_ASCAT_V3.1.1_nc,ASCAT_SWI,8.92,Success
2018-12-25T12:00:00.000000Z,c_gls_SWI_201812261200_GLOBE_ASCAT_V3.1.1_nc,ASCAT_SWI,8.94,Success
2018-12-12T12:00:00.000000Z,c_gls_SWI_201812131200_GLOBE_ASCAT_V3.1.1_nc,ASCAT_SWI,9.19,Success
2018-12-10T12:00:00.000000Z,c_gls_SWI_201812111200_GLOBE_ASCAT_V3.1.1_nc,ASCAT_SWI,9.21,Success
2018-12-11T12:00:00.000000Z,c_gls_SWI_201812121200_GLOBE_ASCAT_V3.1.1_nc,ASCAT_SWI,9.2,Success
2018-12-14T12:00:00.000000Z,c_gls_SWI_201812151200_GLOBE_ASCAT_V3.1.1_nc,ASCAT_SWI,9.15,Success
2018-12-05T12:00:00.000000Z,c_gls_SWI_201812061200_GLOBE_ASCAT_V3.1.1_nc,ASCAT_SWI,9.28,Success
2018-12-03T12:00:00.000000Z,c_gls_SWI_201812041200_GLOBE_ASCAT_V3.1.1_nc,ASCAT_SWI,9.29,Success
2018-12-04T12:00:00.000000Z,c_gls_SWI_201812051200_GLOBE_ASCAT_V3.1.1_nc,ASCAT_SWI,9.3,Success
2018-12-13T12:00:00.000000Z,c_gls_SWI_201812141200_GLOBE_ASCAT_V3.1.1_nc,ASCAT_SWI,9.17,Success
2018-12-16T12:00:00.000000Z,c_gls_SWI_201812171200_GLOBE_ASCAT_V3.1.1_nc,ASCAT_SWI,9.08,Success
2018-09-21T12:00:00.000000Z,c_gls_SWI_201809221200_GLOBE_ASCAT_V4.0.1_nc,ASCAT_SWI,10.01,Success
2018-09-22T12:00:00.000000Z,c_gls_SWI_201809231200_GLOBE_ASCAT_V4.0.1_nc,ASCAT_SWI,9.99,Success
2018-09-27T12:00:00.000000Z,c_gls_SWI_201809281200_GLOBE_ASCAT_V4.0.1_nc,ASCAT_SWI,9.92,Success
2018-09-25T12:00:00.000000Z,c_gls_SWI_201809261200_GLOBE_ASCAT_V4.0.1_nc,ASCAT_SWI,9.94,Success
2018-09-30T12:00:00.000000Z,c_gls_SWI_201810011200_GLOBE_ASCAT_V4.0.1_nc,ASCAT_SWI,10.17,Success
2018-09-26T12:00:00.000000Z,c_gls_SWI_201809271200_GLOBE_ASCAT_V4.0.1_nc,ASCAT_SWI,9.91,Success
2018-09-28T12:00:00.000000Z,c_gls_SWI_201809291200_GLOBE_ASCAT_V4.0.1_nc,ASCAT_SWI,9.91,Success
2018-09-29T12:00:00.000000Z,c_gls_SWI_201809301200_GLOBE_ASCAT_V4.0.1_nc,ASCAT_SWI,9.91,Success
2018-10-01T12:00:00.000000Z,c_gls_SWI_201810021200_GLOBE_ASCAT_V4.0.1_nc,ASCAT_SWI,10.33,Success
2018-10-03T12:00:00.000000Z,c_gls_SWI_201810041200_GLOBE_ASCAT_V4.0.1_nc,ASCAT_SWI,10.35,Success
2018-10-05T12:00:00.000000Z,c_gls_SWI_201810061200_GLOBE_ASCAT_V4.0.1_nc,ASCAT_SWI,10.25,Success
2018-10-08T12:00:00.000000Z,c_gls_SWI_201810091200_GLOBE_ASCAT_V4.0.1_nc,ASCAT_SWI,10.1,Success
2018-10-11T12:00:00.000000Z,c_gls_SWI_201810121200_GLOBE_ASCAT_V4.0.1_nc,ASCAT_SWI,9.93,Success
2018-10-10T12:00:00.000000Z,c_gls_SWI_201810111200_GLOBE_ASCAT_V4.0.1_nc,ASCAT_SWI,9.99,Success
2018-10-13T12:00:00.000000Z,c_gls_SWI_201810141200_GLOBE_ASCAT_V4.0.1_nc,ASCAT_SWI,9.82,Success
2018-10-15T12:00:00.000000Z,c_gls_SWI_201810161200_GLOBE_ASCAT_V4.0.1_nc,ASCAT_SWI,9.71,Success
2018-10-19T12:00:00.000000Z,c_gls_SWI_201810201200_GLOBE_ASCAT_V4.0.1_nc,ASCAT_SWI,9.59,Success
2018-10-22T12:00:00.000000Z,c_gls_SWI_201810231200_GLOBE_ASCAT_V4.0.1_nc,ASCAT_SWI,9.47,Success
2018-10-25T12:00:00.000000Z,c_gls_SWI_201810261200_GLOBE_ASCAT_V4.0.1_nc,ASCAT_SWI,9.37,Success
2018-10-27T12:00:00.000000Z,c_gls_SWI_201810281200_GLOBE_ASCAT_V4.0.1_nc,ASCAT_SWI,9.31,Success
2018-10-24T12:00:00.000000Z,c_gls_SWI_201810251200_GLOBE_ASCAT_V4.0.1_nc,ASCAT_SWI,9.42,Success
2018-10-31T12:00:00.000000Z,c_gls_SWI_201811011200_GLOBE_ASCAT_V4.0.1_nc,ASCAT_SWI,9.32,Success
2018-11-03T12:00:00.000000Z,c_gls_SWI_201811041200_GLOBE_ASCAT_V4.0.1_nc,ASCAT_SWI,9.38,Success
2018-11-01T12:00:00.000000Z,c_gls_SWI_201811021200_GLOBE_ASCAT_V4.0.1_nc,ASCAT_SWI,9.43,Success
2018-11-02T12:00:00.000000Z,c_gls_SWI_201811031200_GLOBE_ASCAT_V4.0.1_nc,ASCAT_SWI,9.43,Success
2018-11-04T12:00:00.000000Z,c_gls_SWI_201811051200_GLOBE_ASCAT_V4.0.1_nc,ASCAT_SWI,9.35,Success
2018-11-15T12:00:00.000000Z,c_gls_SWI_201811161200_GLOBE_ASCAT_V4.0.1_nc,ASCAT_SWI,8.61,Success
2018-11-12T12:00:00.000000Z,c_gls_SWI_201811131200_GLOBE_ASCAT_V4.0.1_nc,ASCAT_SWI,8.82,Success
2018-11-10T12:00:00.000000Z,c_gls_SWI_201811111200_GLOBE_ASCAT_V4.0.1_nc,ASCAT_SWI,8.98,Success
2018-11-14T12:00:00.000000Z,c_gls_SWI_201811151200_GLOBE_ASCAT_V4.0.1_nc,ASCAT_SWI,8.69,Success
2018-11-11T12:00:00.000000Z,c_gls_SWI_201811121200_GLOBE_ASCAT_V4.0.1_nc,ASCAT_SWI,8.88,Success
2018-11-06T12:00:00.000000Z,c_gls_SWI_201811071200_GLOBE_ASCAT_V4.0.1_nc,ASCAT_SWI,9.25,Success
2018-11-17T12:00:00.000000Z,c_gls_SWI_201811181200_GLOBE_ASCAT_V4.0.1_nc,ASCAT_SWI,8.52,Success
2018-11-16T12:00:00.000000Z,c_gls_SWI_201811171200_GLOBE_ASCAT_V4.0.1_nc,ASCAT_SWI,8.56,Success
2018-11-21T12:00:00.000000Z,c_gls_SWI_201811221200_GLOBE_ASCAT_V4.0.1_nc,ASCAT_SWI,8.3,Success
2018-11-19T12:00:00.000000Z,c_gls_SWI_201811201200_GLOBE_ASCAT_V4.0.1_nc,ASCAT_SWI,8.42,Success
2018-12-24T12:00:00.000000Z,c_gls_SWI_201812251200_GLOBE_ASCAT_V4.0.1_nc,ASCAT_SWI,7.47,Success
2018-11-22T12:00:00.000000Z,c_gls_SWI_201811231200_GLOBE_ASCAT_V4.0.1_nc,ASCAT_SWI,8.27,Success
2018-12-02T12:00:00.000000Z,c_gls_SWI_201812031200_GLOBE_ASCAT_V4.0.1_nc,ASCAT_SWI,8.2,Success
2018-11-27T12:00:00.000000Z,c_gls_SWI_201811281200_GLOBE_ASCAT_V4.0.1_nc,ASCAT_SWI,8.05,Success
2018-11-29T12:00:00.000000Z,c_gls_SWI_201811301200_GLOBE_ASCAT_V4.0.1_nc,ASCAT_SWI,7.93,Success
2018-12-07T12:00:00.000000Z,c_gls_SWI_201812081200_GLOBE_ASCAT_V4.0.1_nc,ASCAT_SWI,7.99,Success
2018-12-06T12:00:00.000000Z,c_gls_SWI_201812071200_GLOBE_ASCAT_V4.0.1_nc,ASCAT_SWI,8.04,Success
2018-12-10T12:00:00.000000Z,c_gls_SWI_201812111200_GLOBE_ASCAT_V4.0.1_nc,ASCAT_SWI,7.85,Success
2018-12-09T12:00:00.000000Z,c_gls_SWI_201812101200_GLOBE_ASCAT_V4.0.1_nc,ASCAT_SWI,7.89,Success
2018-12-13T12:00:00.000000Z,c_gls_SWI_201812141200_GLOBE_ASCAT_V4.0.1_nc,ASCAT_SWI,7.74,Success
2018-12-15T12:00:00.000000Z,c_gls_SWI_201812161200_GLOBE_ASCAT_V4.0.1_nc,ASCAT_SWI,7.68,Success
2018-12-14T12:00:00.000000Z,c_gls_SWI_201812151200_GLOBE_ASCAT_V4.0.1_nc,ASCAT_SWI,7.71,Success
2018-12-17T12:00:00.000000Z,c_gls_SWI_201812181200_GLOBE_ASCAT_V4.0.1_nc,ASCAT_SWI,7.63,Success
2018-12-18T12:00:00.000000Z,c_gls_SWI_201812191200_GLOBE_ASCAT_V4.0.1_nc,ASCAT_SWI,7.62,Success
2018-12-26T12:00:00.000000Z,c_gls_SWI_201812271200_GLOBE_ASCAT_V4.0.1_nc,ASCAT_SWI,7.39,Success
2018-12-31T12:00:00.000000Z,c_gls_SWI_201901011200_GLOBE_ASCAT_V4.0.1_nc,ASCAT_SWI,7.46,Success
2018-12-25T12:00:00.000000Z,c_gls_SWI_201812261200_GLOBE_ASCAT_V4.0.1_nc,ASCAT_SWI,7.43,Success
2018-12-27T12:00:00.000000Z,c_gls_SWI_201812281200_GLOBE_ASCAT_V4.0.1_nc,ASCAT_SWI,7.37,Success
2018-12-28T12:00:00.000000Z,c_gls_SWI_201812291200_GLOBE_ASCAT_V4.0.1_nc,ASCAT_SWI,7.37,Success
2018-12-29T12:00:00.000000Z,c_gls_SWI_201812301200_GLOBE_ASCAT_V4.0.1_nc,ASCAT_SWI,7.35,Success
2018-12-30T12:00:00.000000Z,c_gls_SWI_201812311200_GLOBE_ASCAT_V4.0.1_nc,ASCAT_SWI,7.32,Success
2018-02-17T12:00:00.000000Z,c_gls_SWI_201802181200_GLOBE_ASCAT_V4.0.1_nc,ASCAT_SWI,7.27,Success
2018-09-11T12:00:00.000000Z,c_gls_SWI_201809121200_GLOBE_ASCAT_V4.0.1_nc,ASCAT_SWI,10.19,Success
2018-01-13T12:00:00.000000Z,c_gls_SWI_201801141200_GLOBE_ASCAT_V4.0.1_nc,ASCAT_SWI,7.51,Success
2018-06-24T12:00:00.000000Z,c_gls_SWI_201806251200_GLOBE_ASCAT_V4.0.1_nc,ASCAT_SWI,10.48,Success
2018-10-20T12:00:00.000000Z,c_gls_SWI_201810211200_GLOBE_ASCAT_V4.0.1_nc,ASCAT_SWI,9.54,Success
2018-08-12T12:00:00.000000Z,c_gls_SWI_201808131200_GLOBE_ASCAT_V4.0.1_nc,ASCAT_SWI,10.13,Success
2018-10-29T12:00:00.000000Z,c_gls_SWI_201810301200_GLOBE_ASCAT_V4.0.1_nc,ASCAT_SWI,9.21,Success
2018-06-09T12:00:00.000000Z,c_gls_SWI_201806101200_GLOBE_ASCAT_V4.0.1_nc,ASCAT_SWI,10.37,Success
2018-09-17T12:00:00.000000Z,c_gls_SWI_201809181200_GLOBE_ASCAT_V4.0.1_nc,ASCAT_SWI,10.13,Success
2018-03-07T12:00:00.000000Z,c_gls_SWI_201803081200_GLOBE_ASCAT_V4.0.1_nc,ASCAT_SWI,7.41,Success
2018-05-06T12:00:00.000000Z,c_gls_SWI_201805071200_GLOBE_ASCAT_V4.0.1_nc,ASCAT_SWI,8.95,Success
2018-01-09T12:00:00.000000Z,c_gls_SWI_201801101200_GLOBE_ASCAT_V4.0.1_nc,ASCAT_SWI,7.61,Success
2018-01-19T12:00:00.000000Z,c_gls_SWI_201801201200_GLOBE_ASCAT_V4.0.1_nc,ASCAT_SWI,7.36,Success
2018-01-25T12:00:00.000000Z,c_gls_SWI_201801261200_GLOBE_ASCAT_V4.0.1_nc,ASCAT_SWI,7.27,Success
2018-07-08T12:00:00.000000Z,c_gls_SWI_201807091200_GLOBE_ASCAT_V4.0.1_nc,ASCAT_SWI,10.66,Success
2018-07-14T12:00:00.000000Z,c_gls_SWI_201807151200_GLOBE_ASCAT_V4.0.1_nc,ASCAT_SWI,10.44,Success
2018-04-09T12:00:00.000000Z,c_gls_SWI_201804101200_GLOBE_ASCAT_V4.0.1_nc,ASCAT_SWI,7.97,Success
2018-08-01T12:00:00.000000Z,c_gls_SWI_201808021200_GLOBE_ASCAT_V4.0.1_nc,ASCAT_SWI,10.36,Success
2018-05-25T12:00:00.000000Z,c_gls_SWI_201805261200_GLOBE_ASCAT_V4.0.1_nc,ASCAT_SWI,9.41,Success
2018-04-02T12:00:00.000000Z,c_gls_SWI_201804031200_GLOBE_ASCAT_V4.0.1_nc,ASCAT_SWI,8.02,Success
2018-01-21T12:00:00.000000Z,c_gls_SWI_201801221200_GLOBE_ASCAT_V4.0.1_nc,ASCAT_SWI,7.32,Success
2018-07-28T12:00:00.000000Z,c_gls_SWI_201807291200_GLOBE_ASCAT_V4.0.1_nc,ASCAT_SWI,10.05,Success
2018-11-25T12:00:00.000000Z,c_gls_SWI_201811261200_GLOBE_ASCAT_V4.0.1_nc,ASCAT_SWI,8.16,Success
2018-06-01T12:00:00.000000Z,c_gls_SWI_201806021200_GLOBE_ASCAT_V4.0.1_nc,ASCAT_SWI,10.11,Success
2018-01-11T12:00:00.000000Z,c_gls_SWI_201801121200_GLOBE_ASCAT_V4.0.1_nc,ASCAT_SWI,7.57,Success
2018-02-26T12:00:00.000000Z,c_gls_SWI_201802271200_GLOBE_ASCAT_V4.0.1_nc,ASCAT_SWI,7.17,Success
2018-12-21T12:00:00.000000Z,c_gls_SWI_201812221200_GLOBE_ASCAT_V4.0.1_nc,ASCAT_SWI,7.56,Success
2018-08-29T12:00:00.000000Z,c_gls_SWI_201808301200_GLOBE_ASCAT_V4.0.1_nc,ASCAT_SWI,9.95,Success
2018-01-17T12:00:00.000000Z,c_gls_SWI_201801181200_GLOBE_ASCAT_V4.0.1_nc,ASCAT_SWI,7.4,Success
2018-04-07T12:00:00.000000Z,c_gls_SWI_201804081200_GLOBE_ASCAT_V4.0.1_nc,ASCAT_SWI,7.98,Success
2018-03-20T12:00:00.000000Z,c_gls_SWI_201803211200_GLOBE_ASCAT_V4.0.1_nc,ASCAT_SWI,7.43,Success
2018-10-17T12:00:00.000000Z,c_gls_SWI_201810181200_GLOBE_ASCAT_V4.0.1_nc,ASCAT_SWI,9.61,Success
2018-01-04T12:00:00.000000Z,c_gls_SWI_201801051200_GLOBE_ASCAT_V4.0.1_nc,ASCAT_SWI,7.73,Success
2018-05-31T12:00:00.000000Z,c_gls_SWI_201806011200_GLOBE_ASCAT_V4.0.1_nc,ASCAT_SWI,9.87,Success
2018-05-10T12:00:00.000000Z,c_gls_SWI_201805111200_GLOBE_ASCAT_V4.0.1_nc,ASCAT_SWI,8.93,Success
2018-01-02T12:00:00.000000Z,c_gls_SWI_201801031200_GLOBE_ASCAT_V4.0.1_nc,ASCAT_SWI,7.77,Success
2018-01-01T12:00:00.000000Z,c_gls_SWI_201801021200_GLOBE_ASCAT_V4.0.1_nc,ASCAT_SWI,7.75,Success
2018-02-21T12:00:00.000000Z,c_gls_SWI_201802221200_GLOBE_ASCAT_V4.0.1_nc,ASCAT_SWI,7.2,Success
2018-01-03T12:00:00.000000Z,c_gls_SWI_201801041200_GLOBE_ASCAT_V4.0.1_nc,ASCAT_SWI,7.75,Success
2018-11-08T12:00:00.000000Z,c_gls_SWI_201811091200_GLOBE_ASCAT_V4.0.1_nc,ASCAT_SWI,9.11,Success
2018-01-05T12:00:00.000000Z,c_gls_SWI_201801061200_GLOBE_ASCAT_V4.0.1_nc,ASCAT_SWI,7.72,Success
2018-07-17T12:00:00.000000Z,c_gls_SWI_201807181200_GLOBE_ASCAT_V4.0.1_nc,ASCAT_SWI,10.35,Success
2018-01-06T12:00:00.000000Z,c_gls_SWI_201801071200_GLOBE_ASCAT_V4.0.1_nc,ASCAT_SWI,7.68,Success
2018-01-07T12:00:00.000000Z,c_gls_SWI_201801081200_GLOBE_ASCAT_V4.0.1_nc,ASCAT_SWI,7.66,Success
2018-01-24T12:00:00.000000Z,c_gls_SWI_201801251200_GLOBE_ASCAT_V4.0.1_nc,ASCAT_SWI,7.3,Success
2018-01-08T12:00:00.000000Z,c_gls_SWI_201801091200_GLOBE_ASCAT_V4.0.1_nc,ASCAT_SWI,7.64,Success
2018-01-10T12:00:00.000000Z,c_gls_SWI_201801111200_GLOBE_ASCAT_V4.0.1_nc,ASCAT_SWI,7.6,Success
2018-05-12T12:00:00.000000Z,c_gls_SWI_201805131200_GLOBE_ASCAT_V4.0.1_nc,ASCAT_SWI,8.93,Success
2018-01-12T12:00:00.000000Z,c_gls_SWI_201801131200_GLOBE_ASCAT_V4.0.1_nc,ASCAT_SWI,7.55,Success
2018-01-14T12:00:00.000000Z,c_gls_SWI_201801151200_GLOBE_ASCAT_V4.0.1_nc,ASCAT_SWI,7.49,Success
2018-04-19T12:00:00.000000Z,c_gls_SWI_201804201200_GLOBE_ASCAT_V4.0.1_nc,ASCAT_SWI,8.1,Success
2018-01-16T12:00:00.000000Z,c_gls_SWI_201801171200_GLOBE_ASCAT_V4.0.1_nc,ASCAT_SWI,7.43,Success
2018-07-07T12:00:00.000000Z,c_gls_SWI_201807081200_GLOBE_ASCAT_V4.0.1_nc,ASCAT_SWI,10.71,Success
2018-01-15T12:00:00.000000Z,c_gls_SWI_201801161200_GLOBE_ASCAT_V4.0.1_nc,ASCAT_SWI,7.46,Success
2018-12-22T12:00:00.000000Z,c_gls_SWI_201812231200_GLOBE_ASCAT_V4.0.1_nc,ASCAT_SWI,7.52,Success
2018-03-02T12:00:00.000000Z,c_gls_SWI_201803031200_GLOBE_ASCAT_V4.0.1_nc,ASCAT_SWI,7.5,Success
2018-09-04T12:00:00.000000Z,c_gls_SWI_201809051200_GLOBE_ASCAT_V4.0.1_nc,ASCAT_SWI,10.33,Success
2018-01-18T12:00:00.000000Z,c_gls_SWI_201801191200_GLOBE_ASCAT_V4.0.1_nc,ASCAT_SWI,7.37,Success
2018-03-18T12:00:00.000000Z,c_gls_SWI_201803191200_GLOBE_ASCAT_V4.0.1_nc,ASCAT_SWI,7.47,Success
2018-11-20T12:00:00.000000Z,c_gls_SWI_201811211200_GLOBE_ASCAT_V4.0.1_nc,ASCAT_SWI,8.34,Success
2018-01-31T12:00:00.000000Z,c_gls_SWI_201802011200_GLOBE_ASCAT_V4.0.1_nc,ASCAT_SWI,7.32,Success
2018-10-16T12:00:00.000000Z,c_gls_SWI_201810171200_GLOBE_ASCAT_V4.0.1_nc,ASCAT_SWI,9.67,Success
2018-04-11T12:00:00.000000Z,c_gls_SWI_201804121200_GLOBE_ASCAT_V4.0.1_nc,ASCAT_SWI,8.0,Success
2018-03-16T12:00:00.000000Z,c_gls_SWI_201803171200_GLOBE_ASCAT_V4.0.1_nc,ASCAT_SWI,7.48,Success
2018-02-25T12:00:00.000000Z,c_gls_SWI_201802261200_GLOBE_ASCAT_V4.0.1_nc,ASCAT_SWI,7.16,Success
2018-12-08T12:00:00.000000Z,c_gls_SWI_201812091200_GLOBE_ASCAT_V4.0.1_nc,ASCAT_SWI,7.95,Success
2018-06-08T12:00:00.000000Z,c_gls_SWI_201806091200_GLOBE_ASCAT_V4.0.1_nc,ASCAT_SWI,10.37,Success
2018-08-10T12:00:00.000000Z,c_gls_SWI_201808111200_GLOBE_ASCAT_V4.0.1_nc,ASCAT_SWI,10.19,Success
2018-12-11T12:00:00.000000Z,c_gls_SWI_201812121200_GLOBE_ASCAT_V4.0.1_nc,ASCAT_SWI,7.8,Success
2018-03-21T12:00:00.000000Z,c_gls_SWI_201803221200_GLOBE_ASCAT_V4.0.1_nc,ASCAT_SWI,7.44,Success
2018-05-09T12:00:00.000000Z,c_gls_SWI_201805101200_GLOBE_ASCAT_V4.0.1_nc,ASCAT_SWI,8.91,Success
2018-01-20T12:00:00.000000Z,c_gls_SWI_201801211200_GLOBE_ASCAT_V4.0.1_nc,ASCAT_SWI,7.32,Success
2018-04-14T12:00:00.000000Z,c_gls_SWI_201804151200_GLOBE_ASCAT_V4.0.1_nc,ASCAT_SWI,8.03,Success
2018-07-20T12:00:00.000000Z,c_gls_SWI_201807211200_GLOBE_ASCAT_V4.0.1_nc,ASCAT_SWI,10.27,Success
2018-03-13T12:00:00.000000Z,c_gls_SWI_201803141200_GLOBE_ASCAT_V4.0.1_nc,ASCAT_SWI,7.49,Success
2018-01-26T12:00:00.000000Z,c_gls_SWI_201801271200_GLOBE_ASCAT_V4.0.1_nc,ASCAT_SWI,7.24,Success
2018-01-29T12:00:00.000000Z,c_gls_SWI_201801301200_GLOBE_ASCAT_V4.0.1_nc,ASCAT_SWI,7.19,Success
2018-01-30T12:00:00.000000Z,c_gls_SWI_201801311200_GLOBE_ASCAT_V4.0.1_nc,ASCAT_SWI,7.16,Success
2018-01-28T12:00:00.000000Z,c_gls_SWI_201801291200_GLOBE_ASCAT_V4.0.1_nc,ASCAT_SWI,7.21,Success
2018-09-09T12:00:00.000000Z,c_gls_SWI_201809101200_GLOBE_ASCAT_V4.0.1_nc,ASCAT_SWI,10.26,Success
2018-01-23T12:00:00.000000Z,c_gls_SWI_201801241200_GLOBE_ASCAT_V4.0.1_nc,ASCAT_SWI,7.31,Success
2018-07-26T12:00:00.000000Z,c_gls_SWI_201807271200_GLOBE_ASCAT_V4.0.1_nc,ASCAT_SWI,10.12,Success
2018-01-22T12:00:00.000000Z,c_gls_SWI_201801231200_GLOBE_ASCAT_V4.0.1_nc,ASCAT_SWI,7.32,Success
2018-02-01T12:00:00.000000Z,c_gls_SWI_201802021200_GLOBE_ASCAT_V4.0.1_nc,ASCAT_SWI,7.45,Success
2018-02-18T12:00:00.000000Z,c_gls_SWI_201802191200_GLOBE_ASCAT_V4.0.1_nc,ASCAT_SWI,7.25,Success
2018-01-27T12:00:00.000000Z,c_gls_SWI_201801281200_GLOBE_ASCAT_V4.0.1_nc,ASCAT_SWI,7.22,Success
2018-02-02T12:00:00.000000Z,c_gls_SWI_201802031200_GLOBE_ASCAT_V4.0.1_nc,ASCAT_SWI,7.47,Success
2018-02-03T12:00:00.000000Z,c_gls_SWI_201802041200_GLOBE_ASCAT_V4.0.1_nc,ASCAT_SWI,7.45,Success
2018-02-15T12:00:00.000000Z,c_gls_SWI_201802161200_GLOBE_ASCAT_V4.0.1_nc,ASCAT_SWI,7.26,Success
2018-02-04T12:00:00.000000Z,c_gls_SWI_201802051200_GLOBE_ASCAT_V4.0.1_nc,ASCAT_SWI,7.42,Success
2018-02-05T12:00:00.000000Z,c_gls_SWI_201802061200_GLOBE_ASCAT_V4.0.1_nc,ASCAT_SWI,7.42,Success
2018-02-06T12:00:00.000000Z,c_gls_SWI_201802071200_GLOBE_ASCAT_V4.0.1_nc,ASCAT_SWI,7.39,Success
2018-02-07T12:00:00.000000Z,c_gls_SWI_201802081200_GLOBE_ASCAT_V4.0.1_nc,ASCAT_SWI,7.35,Success
2018-02-09T12:00:00.000000Z,c_gls_SWI_201802101200_GLOBE_ASCAT_V4.0.1_nc,ASCAT_SWI,7.3,Success
2018-02-08T12:00:00.000000Z,c_gls_SWI_201802091200_GLOBE_ASCAT_V4.0.1_nc,ASCAT_SWI,7.33,Success
2018-11-13T12:00:00.000000Z,c_gls_SWI_201811141200_GLOBE_ASCAT_V4.0.1_nc,ASCAT_SWI,8.75,Success
2018-02-12T12:00:00.000000Z,c_gls_SWI_201802131200_GLOBE_ASCAT_V4.0.1_nc,ASCAT_SWI,7.25,Success
2018-12-04T12:00:00.000000Z,c_gls_SWI_201812051200_GLOBE_ASCAT_V4.0.1_nc,ASCAT_SWI,8.16,Success
2018-02-10T12:00:00.000000Z,c_gls_SWI_201802111200_GLOBE_ASCAT_V4.0.1_nc,ASCAT_SWI,7.29,Success
2018-05-13T12:00:00.000000Z,c_gls_SWI_201805141200_GLOBE_ASCAT_V4.0.1_nc,ASCAT_SWI,8.96,Success
2018-04-12T12:00:00.000000Z,c_gls_SWI_201804131200_GLOBE_ASCAT_V4.0.1_nc,ASCAT_SWI,8.03,Success
2018-02-11T12:00:00.000000Z,c_gls_SWI_201802121200_GLOBE_ASCAT_V4.0.1_nc,ASCAT_SWI,7.27,Success
2018-02-14T12:00:00.000000Z,c_gls_SWI_201802151200_GLOBE_ASCAT_V4.0.1_nc,ASCAT_SWI,7.24,Success
2018-02-13T12:00:00.000000Z,c_gls_SWI_201802141200_GLOBE_ASCAT_V4.0.1_nc,ASCAT_SWI,7.25,Success
2018-07-09T12:00:00.000000Z,c_gls_SWI_201807101200_GLOBE_ASCAT_V4.0.1_nc,ASCAT_SWI,10.61,Success
2018-02-19T12:00:00.000000Z,c_gls_SWI_201802201200_GLOBE_ASCAT_V4.0.1_nc,ASCAT_SWI,7.24,Success
2018-02-16T12:00:00.000000Z,c_gls_SWI_201802171200_GLOBE_ASCAT_V4.0.1_nc,ASCAT_SWI,7.26,Success
2018-06-19T12:00:00.000000Z,c_gls_SWI_201806201200_GLOBE_ASCAT_V4.0.1_nc,ASCAT_SWI,10.55,Success
2018-02-20T12:00:00.000000Z,c_gls_SWI_201802211200_GLOBE_ASCAT_V4.0.1_nc,ASCAT_SWI,7.21,Success
2018-05-18T12:00:00.000000Z,c_gls_SWI_201805191200_GLOBE_ASCAT_V4.0.1_nc,ASCAT_SWI,9.07,Success
2018-02-22T12:00:00.000000Z,c_gls_SWI_201802231200_GLOBE_ASCAT_V4.0.1_nc,ASCAT_SWI,7.19,Success
2018-06-18T12:00:00.000000Z,c_gls_SWI_201806191200_GLOBE_ASCAT_V4.0.1_nc,ASCAT_SWI,10.57,Success
2018-02-23T12:00:00.000000Z,c_gls_SWI_201802241200_GLOBE_ASCAT_V4.0.1_nc,ASCAT_SWI,7.17,Success
2018-04-20T12:00:00.000000Z,c_gls_SWI_201804211200_GLOBE_ASCAT_V4.0.1_nc,ASCAT_SWI,8.12,Success
2018-05-05T12:00:00.000000Z,c_gls_SWI_201805061200_GLOBE_ASCAT_V4.0.1_nc,ASCAT_SWI,8.97,Success
2018-02-24T12:00:00.000000Z,c_gls_SWI_201802251200_GLOBE_ASCAT_V4.0.1_nc,ASCAT_SWI,7.16,Success
2018-06-15T12:00:00.000000Z,c_gls_SWI_201806161200_GLOBE_ASCAT_V4.0.1_nc,ASCAT_SWI,10.52,Success
2018-02-28T12:00:00.000000Z,c_gls_SWI_201803011200_GLOBE_ASCAT_V4.0.1_nc,ASCAT_SWI,7.36,Success
2018-02-27T12:00:00.000000Z,c_gls_SWI_201802281200_GLOBE_ASCAT_V4.0.1_nc,ASCAT_SWI,7.18,Success
2018-10-30T12:00:00.000000Z,c_gls_SWI_201810311200_GLOBE_ASCAT_V4.0.1_nc,ASCAT_SWI,9.13,Success
2018-08-26T12:00:00.000000Z,c_gls_SWI_201808271200_GLOBE_ASCAT_V4.0.1_nc,ASCAT_SWI,9.98,Success
2018-03-01T12:00:00.000000Z,c_gls_SWI_201803021200_GLOBE_ASCAT_V4.0.1_nc,ASCAT_SWI,7.48,Success
2018-03-03T12:00:00.000000Z,c_gls_SWI_201803041200_GLOBE_ASCAT_V4.0.1_nc,ASCAT_SWI,7.5,Success
2018-03-05T12:00:00.000000Z,c_gls_SWI_201803061200_GLOBE_ASCAT_V4.0.1_nc,ASCAT_SWI,7.46,Success
2018-03-04T12:00:00.000000Z,c_gls_SWI_201803051200_GLOBE_ASCAT_V4.0.1_nc,ASCAT_SWI,7.47,Success
2018-05-21T12:00:00.000000Z,c_gls_SWI_201805221200_GLOBE_ASCAT_V4.0.1_nc,ASCAT_SWI,9.19,Success
2018-03-06T12:00:00.000000Z,c_gls_SWI_201803071200_GLOBE_ASCAT_V4.0.1_nc,ASCAT_SWI,7.45,Success
2018-04-18T12:00:00.000000Z,c_gls_SWI_201804191200_GLOBE_ASCAT_V4.0.1_nc,ASCAT_SWI,8.08,Success
2018-03-09T12:00:00.000000Z,c_gls_SWI_201803101200_GLOBE_ASCAT_V4.0.1_nc,ASCAT_SWI,7.39,Success
2018-03-08T12:00:00.000000Z,c_gls_SWI_201803091200_GLOBE_ASCAT_V4.0.1_nc,ASCAT_SWI,7.41,Success
2018-03-10T12:00:00.000000Z,c_gls_SWI_201803111200_GLOBE_ASCAT_V4.0.1_nc,ASCAT_SWI,7.4,Success
2018-03-17T12:00:00.000000Z,c_gls_SWI_201803181200_GLOBE_ASCAT_V4.0.1_nc,ASCAT_SWI,7.48,Success
2018-03-11T12:00:00.000000Z,c_gls_SWI_201803121200_GLOBE_ASCAT_V4.0.1_nc,ASCAT_SWI,7.43,Success
2018-09-16T12:00:00.000000Z,c_gls_SWI_201809171200_GLOBE_ASCAT_V4.0.1_nc,ASCAT_SWI,10.12,Success
2018-06-03T12:00:00.000000Z,c_gls_SWI_201806041200_GLOBE_ASCAT_V4.0.1_nc,ASCAT_SWI,10.22,Success
2018-12-16T12:00:00.000000Z,c_gls_SWI_201812171200_GLOBE_ASCAT_V4.0.1_nc,ASCAT_SWI,7.66,Success
2018-03-15T12:00:00.000000Z,c_gls_SWI_201803161200_GLOBE_ASCAT_V4.0.1_nc,ASCAT_SWI,7.49,Success
2018-07-21T12:00:00.000000Z,c_gls_SWI_201807221200_GLOBE_ASCAT_V4.0.1_nc,ASCAT_SWI,10.25,Success
2018-03-12T12:00:00.000000Z,c_gls_SWI_201803131200_GLOBE_ASCAT_V4.0.1_nc,ASCAT_SWI,7.45,Success
2018-04-06T12:00:00.000000Z,c_gls_SWI_201804071200_GLOBE_ASCAT_V4.0.1_nc,ASCAT_SWI,8.02,Success
2018-03-14T12:00:00.000000Z,c_gls_SWI_201803151200_GLOBE_ASCAT_V4.0.1_nc,ASCAT_SWI,7.5,Success
2018-08-02T12:00:00.000000Z,c_gls_SWI_201808031200_GLOBE_ASCAT_V4.0.1_nc,ASCAT_SWI,10.39,Success
2018-03-25T12:00:00.000000Z,c_gls_SWI_201803261200_GLOBE_ASCAT_V4.0.1_nc,ASCAT_SWI,7.5,Success
2018-06-28T12:00:00.000000Z,c_gls_SWI_201806291200_GLOBE_ASCAT_V4.0.1_nc,ASCAT_SWI,10.46,Success
2018-03-22T12:00:00.000000Z,c_gls_SWI_201803231200_GLOBE_ASCAT_V4.0.1_nc,ASCAT_SWI,7.44,Success
2018-03-19T12:00:00.000000Z,c_gls_SWI_201803201200_GLOBE_ASCAT_V4.0.1_nc,ASCAT_SWI,7.46,Success
2018-08-24T12:00:00.000000Z,c_gls_SWI_201808251200_GLOBE_ASCAT_V4.0.1_nc,ASCAT_SWI,10.01,Success
2018-03-23T12:00:00.000000Z,c_gls_SWI_201803241200_GLOBE_ASCAT_V4.0.1_nc,ASCAT_SWI,7.48,Success
2018-03-24T12:00:00.000000Z,c_gls_SWI_201803251200_GLOBE_ASCAT_V4.0.1_nc,ASCAT_SWI,7.49,Success
2018-08-21T12:00:00.000000Z,c_gls_SWI_201808221200_GLOBE_ASCAT_V4.0.1_nc,ASCAT_SWI,10.03,Success
2018-03-27T12:00:00.000000Z,c_gls_SWI_201803281200_GLOBE_ASCAT_V4.0.1_nc,ASCAT_SWI,7.51,Success
2018-03-26T12:00:00.000000Z,c_gls_SWI_201803271200_GLOBE_ASCAT_V4.0.1_nc,ASCAT_SWI,7.49,Success
2018-10-28T12:00:00.000000Z,c_gls_SWI_201810291200_GLOBE_ASCAT_V4.0.1_nc,ASCAT_SWI,9.27,Success
2018-04-01T12:00:00.000000Z,c_gls_SWI_201804021200_GLOBE_ASCAT_V4.0.1_nc,ASCAT_SWI,7.99,Success
2018-04-04T12:00:00.000000Z,c_gls_SWI_201804051200_GLOBE_ASCAT_V4.0.1_nc,ASCAT_SWI,8.03,Success
2018-06-17T12:00:00.000000Z,c_gls_SWI_201806181200_GLOBE_ASCAT_V4.0.1_nc,ASCAT_SWI,10.57,Success
2018-12-20T12:00:00.000000Z,c_gls_SWI_201812211200_GLOBE_ASCAT_V4.0.1_nc,ASCAT_SWI,7.56,Success
2018-05-17T12:00:00.000000Z,c_gls_SWI_201805181200_GLOBE_ASCAT_V4.0.1_nc,ASCAT_SWI,9.05,Success
2018-03-29T12:00:00.000000Z,c_gls_SWI_201803301200_GLOBE_ASCAT_V4.0.1_nc,ASCAT_SWI,7.54,Success
2018-10-23T12:00:00.000000Z,c_gls_SWI_201810241200_GLOBE_ASCAT_V4.0.1_nc,ASCAT_SWI,9.44,Success
2018-09-05T12:00:00.000000Z,c_gls_SWI_201809061200_GLOBE_ASCAT_V4.0.1_nc,ASCAT_SWI,10.32,Success
2018-03-28T12:00:00.000000Z,c_gls_SWI_201803291200_GLOBE_ASCAT_V4.0.1_nc,ASCAT_SWI,7.53,Success
2018-04-03T12:00:00.000000Z,c_gls_SWI_201804041200_GLOBE_ASCAT_V4.0.1_nc,ASCAT_SWI,8.03,Success
2018-09-23T12:00:00.000000Z,c_gls_SWI_201809241200_GLOBE_ASCAT_V4.0.1_nc,ASCAT_SWI,9.96,Success
2018-03-31T12:00:00.000000Z,c_gls_SWI_201804011200_GLOBE_ASCAT_V4.0.1_nc,ASCAT_SWI,7.83,Success
2018-06-21T12:00:00.000000Z,c_gls_SWI_201806221200_GLOBE_ASCAT_V4.0.1_nc,ASCAT_SWI,10.5,Success
2018-07-02T12:00:00.000000Z,c_gls_SWI_201807031200_GLOBE_ASCAT_V4.0.1_nc,ASCAT_SWI,10.92,Success
2018-03-30T12:00:00.000000Z,c_gls_SWI_201803311200_GLOBE_ASCAT_V4.0.1_nc,ASCAT_SWI,7.57,Success
2018-04-05T12:00:00.000000Z,c_gls_SWI_201804061200_GLOBE_ASCAT_V4.0.1_nc,ASCAT_SWI,8.02,Success
2018-12-23T12:00:00.000000Z,c_gls_SWI_201812241200_GLOBE_ASCAT_V4.0.1_nc,ASCAT_SWI,7.49,Success
2018-04-10T12:00:00.000000Z,c_gls_SWI_201804111200_GLOBE_ASCAT_V4.0.1_nc,ASCAT_SWI,7.98,Success
2018-05-08T12:00:00.000000Z,c_gls_SWI_201805091200_GLOBE_ASCAT_V4.0.1_nc,ASCAT_SWI,8.93,Success
2018-04-08T12:00:00.000000Z,c_gls_SWI_201804091200_GLOBE_ASCAT_V4.0.1_nc,ASCAT_SWI,7.97,Success
2018-09-08T12:00:00.000000Z,c_gls_SWI_201809091200_GLOBE_ASCAT_V4.0.1_nc,ASCAT_SWI,10.29,Success
2018-08-23T12:00:00.000000Z,c_gls_SWI_201808241200_GLOBE_ASCAT_V4.0.1_nc,ASCAT_SWI,10.02,Success
2018-04-22T12:00:00.000000Z,c_gls_SWI_201804231200_GLOBE_ASCAT_V4.0.1_nc,ASCAT_SWI,8.21,Success
2018-04-23T12:00:00.000000Z,c_gls_SWI_201804241200_GLOBE_ASCAT_V4.0.1_nc,ASCAT_SWI,8.25,Success
2018-11-07T12:00:00.000000Z,c_gls_SWI_201811081200_GLOBE_ASCAT_V4.0.1_nc,ASCAT_SWI,9.18,Success
2018-04-17T12:00:00.000000Z,c_gls_SWI_201804181200_GLOBE_ASCAT_V4.0.1_nc,ASCAT_SWI,8.07,Success
2018-04-21T12:00:00.000000Z,c_gls_SWI_201804221200_GLOBE_ASCAT_V4.0.1_nc,ASCAT_SWI,8.18,Success
2018-04-15T12:00:00.000000Z,c_gls_SWI_201804161200_GLOBE_ASCAT_V4.0.1_nc,ASCAT_SWI,8.03,Success
2018-04-13T12:00:00.000000Z,c_gls_SWI_201804141200_GLOBE_ASCAT_V4.0.1_nc,ASCAT_SWI,8.03,Success
2018-04-16T12:00:00.000000Z,c_gls_SWI_201804171200_GLOBE_ASCAT_V4.0.1_nc,ASCAT_SWI,8.06,Success
2018-11-05T12:00:00.000000Z,c_gls_SWI_201811061200_GLOBE_ASCAT_V4.0.1_nc,ASCAT_SWI,9.32,Success
2018-04-24T12:00:00.000000Z,c_gls_SWI_201804251200_GLOBE_ASCAT_V4.0.1_nc,ASCAT_SWI,8.25,Success
2018-04-26T12:00:00.000000Z,c_gls_SWI_201804271200_GLOBE_ASCAT_V4.0.1_nc,ASCAT_SWI,8.3,Success
2018-07-23T12:00:00.000000Z,c_gls_SWI_201807241200_GLOBE_ASCAT_V4.0.1_nc,ASCAT_SWI,10.2,Success
2018-04-25T12:00:00.000000Z,c_gls_SWI_201804261200_GLOBE_ASCAT_V4.0.1_nc,ASCAT_SWI,8.27,Success
2018-04-28T12:00:00.000000Z,c_gls_SWI_201804291200_GLOBE_ASCAT_V4.0.1_nc,ASCAT_SWI,8.31,Success
2018-04-27T12:00:00.000000Z,c_gls_SWI_201804281200_GLOBE_ASCAT_V4.0.1_nc,ASCAT_SWI,8.31,Success
2018-04-30T12:00:00.000000Z,c_gls_SWI_201805011200_GLOBE_ASCAT_V4.0.1_nc,ASCAT_SWI,8.71,Success
2018-04-29T12:00:00.000000Z,c_gls_SWI_201804301200_GLOBE_ASCAT_V4.0.1_nc,ASCAT_SWI,8.33,Success
2018-05-01T12:00:00.000000Z,c_gls_SWI_201805021200_GLOBE_ASCAT_V4.0.1_nc,ASCAT_SWI,8.87,Success
2018-11-23T12:00:00.000000Z,c_gls_SWI_201811241200_GLOBE_ASCAT_V4.0.1_nc,ASCAT_SWI,8.24,Success
2018-06-10T12:00:00.000000Z,c_gls_SWI_201806111200_GLOBE_ASCAT_V4.0.1_nc,ASCAT_SWI,10.42,Success
2018-05-03T12:00:00.000000Z,c_gls_SWI_201805041200_GLOBE_ASCAT_V4.0.1_nc,ASCAT_SWI,8.98,Success
2018-07-10T12:00:00.000000Z,c_gls_SWI_201807111200_GLOBE_ASCAT_V4.0.1_nc,ASCAT_SWI,10.57,Success
2018-05-04T12:00:00.000000Z,c_gls_SWI_201805051200_GLOBE_ASCAT_V4.0.1_nc,ASCAT_SWI,8.96,Success
2018-05-02T12:00:00.000000Z,c_gls_SWI_201805031200_GLOBE_ASCAT_V4.0.1_nc,ASCAT_SWI,8.93,Success
2018-05-07T12:00:00.000000Z,c_gls_SWI_201805081200_GLOBE_ASCAT_V4.0.1_nc,ASCAT_SWI,8.92,Success
2018-11-26T12:00:00.000000Z,c_gls_SWI_201811271200_GLOBE_ASCAT_V4.0.1_nc,ASCAT_SWI,8.1,Success
2018-05-11T12:00:00.000000Z,c_gls_SWI_201805121200_GLOBE_ASCAT_V4.0.1_nc,ASCAT_SWI,8.93,Success
2018-06-27T12:00:00.000000Z,c_gls_SWI_201806281200_GLOBE_ASCAT_V4.0.1_nc,ASCAT_SWI,10.47,Success
2018-05-14T12:00:00.000000Z,c_gls_SWI_201805151200_GLOBE_ASCAT_V4.0.1_nc,ASCAT_SWI,8.98,Success
2018-05-15T12:00:00.000000Z,c_gls_SWI_201805161200_GLOBE_ASCAT_V4.0.1_nc,ASCAT_SWI,9.02,Success
2018-05-16T12:00:00.000000Z,c_gls_SWI_201805171200_GLOBE_ASCAT_V4.0.1_nc,ASCAT_SWI,9.04,Success
2018-05-23T12:00:00.000000Z,c_gls_SWI_201805241200_GLOBE_ASCAT_V4.0.1_nc,ASCAT_SWI,9.33,Success
2018-07-11T12:00:00.000000Z,c_gls_SWI_201807121200_GLOBE_ASCAT_V4.0.1_nc,ASCAT_SWI,10.54,Success
2018-10-14T12:00:00.000000Z,c_gls_SWI_201810151200_GLOBE_ASCAT_V4.0.1_nc,ASCAT_SWI,9.77,Success
2018-07-31T12:00:00.000000Z,c_gls_SWI_201808011200_GLOBE_ASCAT_V4.0.1_nc,ASCAT_SWI,10.22,Success
2018-05-20T12:00:00.000000Z,c_gls_SWI_201805211200_GLOBE_ASCAT_V4.0.1_nc,ASCAT_SWI,9.12,Success
2018-05-19T12:00:00.000000Z,c_gls_SWI_201805201200_GLOBE_ASCAT_V4.0.1_nc,ASCAT_SWI,9.09,Success
2018-10-07T12:00:00.000000Z,c_gls_SWI_201810081200_GLOBE_ASCAT_V4.0.1_nc,ASCAT_SWI,10.14,Success
2018-05-22T12:00:00.000000Z,c_gls_SWI_201805231200_GLOBE_ASCAT_V4.0.1_nc,ASCAT_SWI,9.26,Success
2018-05-28T12:00:00.000000Z,c_gls_SWI_201805291200_GLOBE_ASCAT_V4.0.1_nc,ASCAT_SWI,9.49,Success
2018-05-24T12:00:00.000000Z,c_gls_SWI_201805251200_GLOBE_ASCAT_V4.0.1_nc,ASCAT_SWI,9.36,Success
2018-05-26T12:00:00.000000Z,c_gls_SWI_201805271200_GLOBE_ASCAT_V4.0.1_nc,ASCAT_SWI,9.43,Success
2018-10-02T12:00:00.000000Z,c_gls_SWI_201810031200_GLOBE_ASCAT_V4.0.1_nc,ASCAT_SWI,10.37,Success
2018-09-07T12:00:00.000000Z,c_gls_SWI_201809081200_GLOBE_ASCAT_V4.0.1_nc,ASCAT_SWI,10.29,Success
2018-06-16T12:00:00.000000Z,c_gls_SWI_201806171200_GLOBE_ASCAT_V4.0.1_nc,ASCAT_SWI,10.57,Success
2018-05-27T12:00:00.000000Z,c_gls_SWI_201805281200_GLOBE_ASCAT_V4.0.1_nc,ASCAT_SWI,9.46,Success
2018-09-02T12:00:00.000000Z,c_gls_SWI_201809031200_GLOBE_ASCAT_V4.0.1_nc,ASCAT_SWI,10.35,Success
2018-10-04T12:00:00.000000Z,c_gls_SWI_201810051200_GLOBE_ASCAT_V4.0.1_nc,ASCAT_SWI,10.3,Success
2018-05-29T12:00:00.000000Z,c_gls_SWI_201805301200_GLOBE_ASCAT_V4.0.1_nc,ASCAT_SWI,9.49,Success
2018-05-30T12:00:00.000000Z,c_gls_SWI_201805311200_GLOBE_ASCAT_V4.0.1_nc,ASCAT_SWI,9.49,Success
2018-06-02T12:00:00.000000Z,c_gls_SWI_201806031200_GLOBE_ASCAT_V4.0.1_nc,ASCAT_SWI,10.19,Success
2018-09-06T12:00:00.000000Z,c_gls_SWI_201809071200_GLOBE_ASCAT_V4.0.1_nc,ASCAT_SWI,10.3,Success
2018-06-04T12:00:00.000000Z,c_gls_SWI_201806051200_GLOBE_ASCAT_V4.0.1_nc,ASCAT_SWI,10.24,Success
2018-06-05T12:00:00.000000Z,c_gls_SWI_201806061200_GLOBE_ASCAT_V4.0.1_nc,ASCAT_SWI,10.28,Success
2018-06-06T12:00:00.000000Z,c_gls_SWI_201806071200_GLOBE_ASCAT_V4.0.1_nc,ASCAT_SWI,10.3,Success
2018-11-30T12:00:00.000000Z,c_gls_SWI_201812011200_GLOBE_ASCAT_V4.0.1_nc,ASCAT_SWI,8.06,Success
2018-07-19T12:00:00.000000Z,c_gls_SWI_201807201200_GLOBE_ASCAT_V4.0.1_nc,ASCAT_SWI,10.32,Success
2018-07-27T12:00:00.000000Z,c_gls_SWI_201807281200_GLOBE_ASCAT_V4.0.1_nc,ASCAT_SWI,10.08,Success
2018-06-07T12:00:00.000000Z,c_gls_SWI_201806081200_GLOBE_ASCAT_V4.0.1_nc,ASCAT_SWI,10.31,Success
2018-10-12T12:00:00.000000Z,c_gls_SWI_201810131200_GLOBE_ASCAT_V4.0.1_nc,ASCAT_SWI,9.87,Success
2018-10-06T12:00:00.000000Z,c_gls_SWI_201810071200_GLOBE_ASCAT_V4.0.1_nc,ASCAT_SWI,10.17,Success
2018-06-11T12:00:00.000000Z,c_gls_SWI_201806121200_GLOBE_ASCAT_V4.0.1_nc,ASCAT_SWI,10.42,Success
2018-06-13T12:00:00.000000Z,c_gls_SWI_201806141200_GLOBE_ASCAT_V4.0.1_nc,ASCAT_SWI,10.47,Success
2018-06-12T12:00:00.000000Z,c_gls_SWI_201806131200_GLOBE_ASCAT_V4.0.1_nc,ASCAT_SWI,10.42,Success
2018-06-14T12:00:00.000000Z,c_gls_SWI_201806151200_GLOBE_ASCAT_V4.0.1_nc,ASCAT_SWI,10.49,Success
2018-06-22T12:00:00.000000Z,c_gls_SWI_201806231200_GLOBE_ASCAT_V4.0.1_nc,ASCAT_SWI,10.51,Success
2018-09-13T12:00:00.000000Z,c_gls_SWI_201809141200_GLOBE_ASCAT_V4.0.1_nc,ASCAT_SWI,10.17,Success
2018-07-16T12:00:00.000000Z,c_gls_SWI_201807171200_GLOBE_ASCAT_V4.0.1_nc,ASCAT_SWI,10.38,Success
2018-08-06T12:00:00.000000Z,c_gls_SWI_201808071200_GLOBE_ASCAT_V4.0.1_nc,ASCAT_SWI,10.31,Success
2018-06-20T12:00:00.000000Z,c_gls_SWI_201806211200_GLOBE_ASCAT_V4.0.1_nc,ASCAT_SWI,10.52,Success
2018-06-25T12:00:00.000000Z,c_gls_SWI_201806261200_GLOBE_ASCAT_V4.0.1_nc,ASCAT_SWI,10.48,Success
2018-06-23T12:00:00.000000Z,c_gls_SWI_201806241200_GLOBE_ASCAT_V4.0.1_nc,ASCAT_SWI,10.49,Success
2018-06-26T12:00:00.000000Z,c_gls_SWI_201806271200_GLOBE_ASCAT_V4.0.1_nc,ASCAT_SWI,10.46,Success
2018-06-29T12:00:00.000000Z,c_gls_SWI_201806301200_GLOBE_ASCAT_V4.0.1_nc,ASCAT_SWI,10.45,Success
2018-07-01T12:00:00.000000Z,c_gls_SWI_201807021200_GLOBE_ASCAT_V4.0.1_nc,ASCAT_SWI,10.88,Success
2018-07-04T12:00:00.000000Z,c_gls_SWI_201807051200_GLOBE_ASCAT_V4.0.1_nc,ASCAT_SWI,10.87,Success
2018-06-30T12:00:00.000000Z,c_gls_SWI_201807011200_GLOBE_ASCAT_V4.0.1_nc,ASCAT_SWI,10.71,Success
2018-07-03T12:00:00.000000Z,c_gls_SWI_201807041200_GLOBE_ASCAT_V4.0.1_nc,ASCAT_SWI,10.91,Success
2018-07-05T12:00:00.000000Z,c_gls_SWI_201807061200_GLOBE_ASCAT_V4.0.1_nc,ASCAT_SWI,10.82,Success
2018-11-24T12:00:00.000000Z,c_gls_SWI_201811251200_GLOBE_ASCAT_V4.0.1_nc,ASCAT_SWI,8.22,Success
2018-07-06T12:00:00.000000Z,c_gls_SWI_201807071200_GLOBE_ASCAT_V4.0.1_nc,ASCAT_SWI,10.77,Success
2018-07-13T12:00:00.000000Z,c_gls_SWI_201807141200_GLOBE_ASCAT_V4.0.1_nc,ASCAT_SWI,10.46,Success
2018-07-25T12:00:00.000000Z,c_gls_SWI_201807261200_GLOBE_ASCAT_V4.0.1_nc,ASCAT_SWI,10.15,Success
2018-08-04T12:00:00.000000Z,c_gls_SWI_201808051200_GLOBE_ASCAT_V4.0.1_nc,ASCAT_SWI,10.34,Success
2018-12-12T12:00:00.000000Z,c_gls_SWI_201812131200_GLOBE_ASCAT_V4.0.1_nc,ASCAT_SWI,7.75,Success
2018-07-12T12:00:00.000000Z,c_gls_SWI_201807131200_GLOBE_ASCAT_V4.0.1_nc,ASCAT_SWI,10.5,Success
2018-10-21T12:00:00.000000Z,c_gls_SWI_201810221200_GLOBE_ASCAT_V4.0.1_nc,ASCAT_SWI,9.52,Success
2018-07-29T12:00:00.000000Z,c_gls_SWI_201807301200_GLOBE_ASCAT_V4.0.1_nc,ASCAT_SWI,10.05,Success
2018-07-22T12:00:00.000000Z,c_gls_SWI_201807231200_GLOBE_ASCAT_V4.0.1_nc,ASCAT_SWI,10.22,Success
2018-12-05T12:00:00.000000Z,c_gls_SWI_201812061200_GLOBE_ASCAT_V4.0.1_nc,ASCAT_SWI,8.1,Success
2018-05-24T12:00:00.000000Z,c_gls_SWI_201805251200_GLOBE_ASCAT_V3.1.1_nc,ASCAT_SWI,9.58,Success
2018-05-25T12:00:00.000000Z,c_gls_SWI_201805261200_GLOBE_ASCAT_V3.1.1_nc,ASCAT_SWI,9.58,Success
2018-05-08T12:00:00.000000Z,c_gls_SWI_201805091200_GLOBE_ASCAT_V3.1.1_nc,ASCAT_SWI,9.43,Success
2018-05-16T12:00:00.000000Z,c_gls_SWI_201805171200_GLOBE_ASCAT_V3.1.1_nc,ASCAT_SWI,9.48,Success
2018-05-12T12:00:00.000000Z,c_gls_SWI_201805131200_GLOBE_ASCAT_V3.1.1_nc,ASCAT_SWI,9.47,Success
2018-05-15T12:00:00.000000Z,c_gls_SWI_201805161200_GLOBE_ASCAT_V3.1.1_nc,ASCAT_SWI,9.47,Success
2018-05-20T12:00:00.000000Z,c_gls_SWI_201805211200_GLOBE_ASCAT_V3.1.1_nc,ASCAT_SWI,9.55,Success
2018-05-07T12:00:00.000000Z,c_gls_SWI_201805081200_GLOBE_ASCAT_V3.1.1_nc,ASCAT_SWI,9.42,Success
2018-05-27T12:00:00.000000Z,c_gls_SWI_201805281200_GLOBE_ASCAT_V3.1.1_nc,ASCAT_SWI,9.57,Success
2018-05-09T12:00:00.000000Z,c_gls_SWI_201805101200_GLOBE_ASCAT_V3.1.1_nc,ASCAT_SWI,9.44,Success
2018-05-13T12:00:00.000000Z,c_gls_SWI_201805141200_GLOBE_ASCAT_V3.1.1_nc,ASCAT_SWI,9.46,Success
2018-03-26T12:00:00.000000Z,c_gls_SWI_201803271200_GLOBE_ASCAT_V3.1.1_nc,ASCAT_SWI,8.64,Success
2018-03-27T12:00:00.000000Z,c_gls_SWI_201803281200_GLOBE_ASCAT_V3.1.1_nc,ASCAT_SWI,8.67,Success
2018-03-31T12:00:00.000000Z,c_gls_SWI_201804011200_GLOBE_ASCAT_V3.1.1_nc,ASCAT_SWI,8.73,Success
2018-03-07T12:00:00.000000Z,c_gls_SWI_201803081200_GLOBE_ASCAT_V3.1.1_nc,ASCAT_SWI,8.5,Success
2018-03-05T12:00:00.000000Z,c_gls_SWI_201803061200_GLOBE_ASCAT_V3.1.1_nc,ASCAT_SWI,8.49,Success
2018-03-08T12:00:00.000000Z,c_gls_SWI_201803091200_GLOBE_ASCAT_V3.1.1_nc,ASCAT_SWI,8.51,Success
2018-03-04T12:00:00.000000Z,c_gls_SWI_201803051200_GLOBE_ASCAT_V3.1.1_nc,ASCAT_SWI,8.48,Success
2018-03-12T12:00:00.000000Z,c_gls_SWI_201803131200_GLOBE_ASCAT_V3.1.1_nc,ASCAT_SWI,8.51,Success
2018-03-03T12:00:00.000000Z,c_gls_SWI_201803041200_GLOBE_ASCAT_V3.1.1_nc,ASCAT_SWI,8.46,Success
2018-03-09T12:00:00.000000Z,c_gls_SWI_201803101200_GLOBE_ASCAT_V3.1.1_nc,ASCAT_SWI,8.5,Success
2018-02-26T12:00:00.000000Z,c_gls_SWI_201802271200_GLOBE_ASCAT_V3.1.1_nc,ASCAT_SWI,8.44,Success
2018-02-09T12:00:00.000000Z,c_gls_SWI_201802101200_GLOBE_ASCAT_V3.1.1_nc,ASCAT_SWI,8.41,Success
2018-02-20T12:00:00.000000Z,c_gls_SWI_201802211200_GLOBE_ASCAT_V3.1.1_nc,ASCAT_SWI,8.47,Success
2018-02-14T12:00:00.000000Z,c_gls_SWI_201802151200_GLOBE_ASCAT_V3.1.1_nc,ASCAT_SWI,8.46,Success
2018-02-13T12:00:00.000000Z,c_gls_SWI_201802141200_GLOBE_ASCAT_V3.1.1_nc,ASCAT_SWI,8.45,Success
2018-02-24T12:00:00.000000Z,c_gls_SWI_201802251200_GLOBE_ASCAT_V3.1.1_nc,ASCAT_SWI,8.46,Success
2018-02-12T12:00:00.000000Z,c_gls_SWI_201802131200_GLOBE_ASCAT_V3.1.1_nc,ASCAT_SWI,8.43,Success
2018-02-01T12:00:00.000000Z,c_gls_SWI_201802021200_GLOBE_ASCAT_V3.1.1_nc,ASCAT_SWI,8.44,Success
2018-02-10T12:00:00.000000Z,c_gls_SWI_201802111200_GLOBE_ASCAT_V3.1.1_nc,ASCAT_SWI,8.41,Success
2018-02-18T12:00:00.000000Z,c_gls_SWI_201802191200_GLOBE_ASCAT_V3.1.1_nc,ASCAT_SWI,8.45,Success
2018-02-04T12:00:00.000000Z,c_gls_SWI_201802051200_GLOBE_ASCAT_V3.1.1_nc,ASCAT_SWI,8.43,Success
2018-10-03T12:00:00.000000Z,c_gls_SWI_201810041200_GLOBE_ASCAT_V3.1.1_nc,ASCAT_SWI,9.18,Success
2018-10-15T12:00:00.000000Z,c_gls_SWI_201810161200_GLOBE_ASCAT_V3.1.1_nc,ASCAT_SWI,9.32,Success
2018-10-26T12:00:00.000000Z,c_gls_SWI_201810271200_GLOBE_ASCAT_V3.1.1_nc,ASCAT_SWI,9.43,Success
2018-10-21T12:00:00.000000Z,c_gls_SWI_201810221200_GLOBE_ASCAT_V3.1.1_nc,ASCAT_SWI,9.37,Success
2018-10-30T12:00:00.000000Z,c_gls_SWI_201810311200_GLOBE_ASCAT_V3.1.1_nc,ASCAT_SWI,9.46,Success
2018-10-27T12:00:00.000000Z,c_gls_SWI_201810281200_GLOBE_ASCAT_V3.1.1_nc,ASCAT_SWI,9.45,Success
2018-10-22T12:00:00.000000Z,c_gls_SWI_201810231200_GLOBE_ASCAT_V3.1.1_nc,ASCAT_SWI,9.39,Success
2018-10-23T12:00:00.000000Z,c_gls_SWI_201810241200_GLOBE_ASCAT_V3.1.1_nc,ASCAT_SWI,9.41,Success
2018-10-25T12:00:00.000000Z,c_gls_SWI_201810261200_GLOBE_ASCAT_V3.1.1_nc,ASCAT_SWI,9.42,Success
2018-10-16T12:00:00.000000Z,c_gls_SWI_201810171200_GLOBE_ASCAT_V3.1.1_nc,ASCAT_SWI,9.34,Success
2018-10-19T12:00:00.000000Z,c_gls_SWI_201810201200_GLOBE_ASCAT_V3.1.1_nc,ASCAT_SWI,9.35,Success
2018-10-10T12:00:00.000000Z,c_gls_SWI_201810111200_GLOBE_ASCAT_V3.1.1_nc,ASCAT_SWI,9.24,Success
2018-10-14T12:00:00.000000Z,c_gls_SWI_201810151200_GLOBE_ASCAT_V3.1.1_nc,ASCAT_SWI,9.3,Success
2018-10-11T12:00:00.000000Z,c_gls_SWI_201810121200_GLOBE_ASCAT_V3.1.1_nc,ASCAT_SWI,9.25,Success
2018-10-13T12:00:00.000000Z,c_gls_SWI_201810141200_GLOBE_ASCAT_V3.1.1_nc,ASCAT_SWI,9.28,Success
2018-12-15T12:00:00.000000Z,c_gls_SWI_201812161200_GLOBE_ASCAT_V3.1.1_nc,ASCAT_SWI,9.12,Success
2018-12-19T12:00:00.000000Z,c_gls_SWI_201812201200_GLOBE_ASCAT_V3.1.1_nc,ASCAT_SWI,9.04,Success
2018-12-29T12:00:00.000000Z,c_gls_SWI_201812301200_GLOBE_ASCAT_V3.1.1_nc,ASCAT_SWI,8.88,Success
2018-12-09T12:00:00.000000Z,c_gls_SWI_201812101200_GLOBE_ASCAT_V3.1.1_nc,ASCAT_SWI,9.22,Success
2018-12-02T12:00:00.000000Z,c_gls_SWI_201812031200_GLOBE_ASCAT_V3.1.1_nc,ASCAT_SWI,9.33,Success
2018-12-21T12:00:00.000000Z,c_gls_SWI_201812221200_GLOBE_ASCAT_V3.1.1_nc,ASCAT_SWI,9.01,Success
2018-12-27T12:00:00.000000Z,c_gls_SWI_201812281200_GLOBE_ASCAT_V3.1.1_nc,ASCAT_SWI,8.91,Success
2018-12-31T12:00:00.000000Z,c_gls_SWI_201901011200_GLOBE_ASCAT_V3.1.1_nc,ASCAT_SWI,8.83,Success
2018-12-28T12:00:00.000000Z,c_gls_SWI_201812291200_GLOBE_ASCAT_V3.1.1_nc,ASCAT_SWI,8.89,Success
2018-12-20T12:00:00.000000Z,c_gls_SWI_201812211200_GLOBE_ASCAT_V3.1.1_nc,ASCAT_SWI,9.03,Success
2018-12-01T12:00:00.000000Z,c_gls_SWI_201812021200_GLOBE_ASCAT_V3.1.1_nc,ASCAT_SWI,9.35,Success
2018-12-08T12:00:00.000000Z,c_gls_SWI_201812091200_GLOBE_ASCAT_V3.1.1_nc,ASCAT_SWI,9.23,Success
2018-12-06T12:00:00.000000Z,c_gls_SWI_201812071200_GLOBE_ASCAT_V3.1.1_nc,ASCAT_SWI,9.27,Success
2018-12-22T12:00:00.000000Z,c_gls_SWI_201812231200_GLOBE_ASCAT_V3.1.1_nc,ASCAT_SWI,8.99,Success
2018-12-07T12:00:00.000000Z,c_gls_SWI_201812081200_GLOBE_ASCAT_V3.1.1_nc,ASCAT_SWI,9.25,Success
2018-11-22T12:00:00.000000Z,c_gls_SWI_201811231200_GLOBE_ASCAT_V3.1.1_nc,ASCAT_SWI,9.45,Success
2018-11-18T12:00:00.000000Z,c_gls_SWI_201811191200_GLOBE_ASCAT_V3.1.1_nc,ASCAT_SWI,9.46,Success
2018-11-09T12:00:00.000000Z,c_gls_SWI_201811101200_GLOBE_ASCAT_V3.1.1_nc,ASCAT_SWI,9.49,Success
2018-11-06T12:00:00.000000Z,c_gls_SWI_201811071200_GLOBE_ASCAT_V3.1.1_nc,ASCAT_SWI,9.47,Success
2018-11-28T12:00:00.000000Z,c_gls_SWI_201811291200_GLOBE_ASCAT_V3.1.1_nc,ASCAT_SWI,9.44,Success
2018-11-04T12:00:00.000000Z,c_gls_SWI_201811051200_GLOBE_ASCAT_V3.1.1_nc,ASCAT_SWI,9.45,Success
2018-11-07T12:00:00.000000Z,c_gls_SWI_201811081200_GLOBE_ASCAT_V3.1.1_nc,ASCAT_SWI,9.47,Success
2018-11-01T12:00:00.000000Z,c_gls_SWI_201811021200_GLOBE_ASCAT_V3.1.1_nc,ASCAT_SWI,9.49,Success
2018-11-02T12:00:00.000000Z,c_gls_SWI_201811031200_GLOBE_ASCAT_V3.1.1_nc,ASCAT_SWI,9.46,Success
2018-11-23T12:00:00.000000Z,c_gls_SWI_201811241200_GLOBE_ASCAT_V3.1.1_nc,ASCAT_SWI,9.44,Success
2018-11-11T12:00:00.000000Z,c_gls_SWI_201811121200_GLOBE_ASCAT_V3.1.1_nc,ASCAT_SWI,9.47,Success
2018-11-03T12:00:00.000000Z,c_gls_SWI_201811041200_GLOBE_ASCAT_V3.1.1_nc,ASCAT_SWI,9.45,Success
2018-11-14T12:00:00.000000Z,c_gls_SWI_201811151200_GLOBE_ASCAT_V3.1.1_nc,ASCAT_SWI,9.46,Success
2018-11-12T12:00:00.000000Z,c_gls_SWI_201811131200_GLOBE_ASCAT_V3.1.1_nc,ASCAT_SWI,9.45,Success
2018-11-15T12:00:00.000000Z,c_gls_SWI_201811161200_GLOBE_ASCAT_V3.1.1_nc,ASCAT_SWI,9.46,Success
2019-02-05T12:00:00.000000Z,c_gls_SWI_201902061200_GLOBE_ASCAT_V3.1.1_nc,ASCAT_SWI,8.45,Success
2019-02-02T12:00:00.000000Z,c_gls_SWI_201902031200_GLOBE_ASCAT_V3.1.1_nc,ASCAT_SWI,8.46,Success
2019-02-01T12:00:00.000000Z,c_gls_SWI_201902021200_GLOBE_ASCAT_V3.1.1_nc,ASCAT_SWI,8.46,Success
2019-02-24T12:00:00.000000Z,c_gls_SWI_201902251200_GLOBE_ASCAT_V3.1.1_nc,ASCAT_SWI,8.47,Success
2019-02-27T12:00:00.000000Z,c_gls_SWI_201902281200_GLOBE_ASCAT_V3.1.1_nc,ASCAT_SWI,8.45,Success
2019-02-17T12:00:00.000000Z,c_gls_SWI_201902181200_GLOBE_ASCAT_V3.1.1_nc,ASCAT_SWI,8.43,Success
2019-02-22T12:00:00.000000Z,c_gls_SWI_201902231200_GLOBE_ASCAT_V3.1.1_nc,ASCAT_SWI,8.46,Success
2019-02-13T12:00:00.000000Z,c_gls_SWI_201902141200_GLOBE_ASCAT_V3.1.1_nc,ASCAT_SWI,8.45,Success
2019-02-12T12:00:00.000000Z,c_gls_SWI_201902131200_GLOBE_ASCAT_V3.1.1_nc,ASCAT_SWI,8.44,Success
2019-02-28T12:00:00.000000Z,c_gls_SWI_201903011200_GLOBE_ASCAT_V3.1.1_nc,ASCAT_SWI,8.44,Success
2019-02-09T12:00:00.000000Z,c_gls_SWI_201902101200_GLOBE_ASCAT_V3.1.1_nc,ASCAT_SWI,8.44,Success
2019-02-14T12:00:00.000000Z,c_gls_SWI_201902151200_GLOBE_ASCAT_V3.1.1_nc,ASCAT_SWI,8.44,Success
2019-02-16T12:00:00.000000Z,c_gls_SWI_201902171200_GLOBE_ASCAT_V3.1.1_nc,ASCAT_SWI,8.44,Success
2019-02-18T12:00:00.000000Z,c_gls_SWI_201902191200_GLOBE_ASCAT_V3.1.1_nc,ASCAT_SWI,8.44,Success
2019-02-25T12:00:00.000000Z,c_gls_SWI_201902261200_GLOBE_ASCAT_V3.1.1_nc,ASCAT_SWI,8.47,Success
2019-02-21T12:00:00.000000Z,c_gls_SWI_201902221200_GLOBE_ASCAT_V3.1.1_nc,ASCAT_SWI,8.46,Success
2019-02-19T12:00:00.000000Z,c_gls_SWI_201902201200_GLOBE_ASCAT_V3.1.1_nc,ASCAT_SWI,8.45,Success
2019-02-23T12:00:00.000000Z,c_gls_SWI_201902241200_GLOBE_ASCAT_V3.1.1_nc,ASCAT_SWI,8.46,Success
2019-02-10T12:00:00.000000Z,c_gls_SWI_201902111200_GLOBE_ASCAT_V3.1.1_nc,ASCAT_SWI,8.44,Success
2019-02-15T12:00:00.000000Z,c_gls_SWI_201902161200_GLOBE_ASCAT_V3.1.1_nc,ASCAT_SWI,8.45,Success
2019-02-08T12:00:00.000000Z,c_gls_SWI_201902091200_GLOBE_ASCAT_V3.1.1_nc,ASCAT_SWI,8.44,Success
2019-02-04T12:00:00.000000Z,c_gls_SWI_201902051200_GLOBE_ASCAT_V3.1.1_nc,ASCAT_SWI,8.46,Success
2019-02-03T12:00:00.000000Z,c_gls_SWI_201902041200_GLOBE_ASCAT_V3.1.1_nc,ASCAT_SWI,8.46,Success
2019-02-20T12:00:00.000000Z,c_gls_SWI_201902211200_GLOBE_ASCAT_V3.1.1_nc,ASCAT_SWI,8.46,Success
2019-02-07T12:00:00.000000Z,c_gls_SWI_201902081200_GLOBE_ASCAT_V3.1.1_nc,ASCAT_SWI,8.43,Success
2019-02-11T12:00:00.000000Z,c_gls_SWI_201902121200_GLOBE_ASCAT_V3.1.1_nc,ASCAT_SWI,8.45,Success
2019-10-28T12:00:00.000000Z,c_gls_SWI_201910291200_GLOBE_ASCAT_V3.1.1_nc,ASCAT_SWI,9.42,Success
2019-10-12T12:00:00.000000Z,c_gls_SWI_201910131200_GLOBE_ASCAT_V3.1.1_nc,ASCAT_SWI,9.26,Success
2019-10-23T12:00:00.000000Z,c_gls_SWI_201910241200_GLOBE_ASCAT_V3.1.1_nc,ASCAT_SWI,9.35,Success
2019-10-31T12:00:00.000000Z,c_gls_SWI_201911011200_GLOBE_ASCAT_V3.1.1_nc,ASCAT_SWI,9.44,Success
2019-10-03T12:00:00.000000Z,c_gls_SWI_201910041200_GLOBE_ASCAT_V3.1.1_nc,ASCAT_SWI,9.15,Success
2019-04-28T12:00:00.000000Z,c_gls_SWI_201904291200_GLOBE_ASCAT_V3.1.1_nc,ASCAT_SWI,9.39,Success
2019-03-17T12:00:00.000000Z,c_gls_SWI_201903181200_GLOBE_ASCAT_V3.1.1_nc,ASCAT_SWI,8.58,Success
2019-03-06T12:00:00.000000Z,c_gls_SWI_201903071200_GLOBE_ASCAT_V3.1.1_nc,ASCAT_SWI,8.5,Success
2019-04-23T12:00:00.000000Z,c_gls_SWI_201904241200_GLOBE_ASCAT_V3.1.1_nc,ASCAT_SWI,9.27,Success
2019-09-16T12:00:00.000000Z,c_gls_SWI_201909171200_GLOBE_ASCAT_V3.1.1_nc,ASCAT_SWI,9.03,Success
2019-09-14T12:00:00.000000Z,c_gls_SWI_201909151200_GLOBE_ASCAT_V3.1.1_nc,ASCAT_SWI,9.01,Success
2019-09-06T12:00:00.000000Z,c_gls_SWI_201909071200_GLOBE_ASCAT_V3.1.1_nc,ASCAT_SWI,9.01,Success
2019-09-11T12:00:00.000000Z,c_gls_SWI_201909121200_GLOBE_ASCAT_V3.1.1_nc,ASCAT_SWI,9.0,Success
2019-05-30T12:00:00.000000Z,c_gls_SWI_201905311200_GLOBE_ASCAT_V3.1.1_nc,ASCAT_SWI,9.49,Success
2019-05-13T12:00:00.000000Z,c_gls_SWI_201905141200_GLOBE_ASCAT_V3.1.1_nc,ASCAT_SWI,9.49,Success
2019-08-08T12:00:00.000000Z,c_gls_SWI_201908091200_GLOBE_ASCAT_V4.0.1_nc,ASCAT_SWI,10.1,Success
2019-03-23T12:00:00.000000Z,c_gls_SWI_201903241200_GLOBE_ASCAT_V4.0.1_nc,ASCAT_SWI,7.51,Success
2019-03-19T12:00:00.000000Z,c_gls_SWI_201903201200_GLOBE_ASCAT_V4.0.1_nc,ASCAT_SWI,7.53,Success
2019-02-28T12:00:00.000000Z,c_gls_SWI_201903011200_GLOBE_ASCAT_V4.0.1_nc,ASCAT_SWI,7.29,Success
2019-07-06T12:00:00.000000Z,c_gls_SWI_201907071200_GLOBE_ASCAT_V4.0.1_nc,ASCAT_SWI,10.41,Success
2019-04-08T12:00:00.000000Z,c_gls_SWI_201904091200_GLOBE_ASCAT_V4.0.1_nc,ASCAT_SWI,8.06,Success
2019-06-09T12:00:00.000000Z,c_gls_SWI_201906101200_GLOBE_ASCAT_V4.0.1_nc,ASCAT_SWI,10.34,Success
2019-04-11T12:00:00.000000Z,c_gls_SWI_201904121200_GLOBE_ASCAT_V4.0.1_nc,ASCAT_SWI,8.07,Success
2019-04-28T12:00:00.000000Z,c_gls_SWI_201904291200_GLOBE_ASCAT_V4.0.1_nc,ASCAT_SWI,8.29,Success
2019-07-04T12:00:00.000000Z,c_gls_SWI_201907051200_GLOBE_ASCAT_V4.0.1_nc,ASCAT_SWI,10.58,Success
2019-04-20T12:00:00.000000Z,c_gls_SWI_201904211200_GLOBE_ASCAT_V4.0.1_nc,ASCAT_SWI,8.1,Success
2019-08-01T12:00:00.000000Z,c_gls_SWI_201908021200_GLOBE_ASCAT_V4.0.1_nc,ASCAT_SWI,10.33,Success
2019-11-29T12:00:00.000000Z,c_gls_SWI_201911301200_GLOBE_ASCAT_V4.0.1_nc,ASCAT_SWI,7.75,Success
2019-10-15T12:00:00.000000Z,c_gls_SWI_201910161200_GLOBE_ASCAT_V4.0.1_nc,ASCAT_SWI,9.45,Success
2019-06-06T12:00:00.000000Z,c_gls_SWI_201906071200_GLOBE_ASCAT_V4.0.1_nc,ASCAT_SWI,10.42,Success
2019-01-27T12:00:00.000000Z,c_gls_SWI_201901281200_GLOBE_ASCAT_V4.0.1_nc,ASCAT_SWI,7.08,Success
2019-08-06T12:00:00.000000Z,c_gls_SWI_201908071200_GLOBE_ASCAT_V4.0.1_nc,ASCAT_SWI,10.19,Success
2019-06-08T12:00:00.000000Z,c_gls_SWI_201906091200_GLOBE_ASCAT_V4.0.1_nc,ASCAT_SWI,10.35,Success
2019-06-04T12:00:00.000000Z,c_gls_SWI_201906051200_GLOBE_ASCAT_V4.0.1_nc,ASCAT_SWI,10.46,Success
2019-09-18T12:00:00.000000Z,c_gls_SWI_201909191200_GLOBE_ASCAT_V4.0.1_nc,ASCAT_SWI,10.02,Success
2019-10-16T12:00:00.000000Z,c_gls_SWI_201910171200_GLOBE_ASCAT_V4.0.1_nc,ASCAT_SWI,9.4,Success
2019-11-26T12:00:00.000000Z,c_gls_SWI_201911271200_GLOBE_ASCAT_V4.0.1_nc,ASCAT_SWI,7.88,Success
2019-05-02T12:00:00.000000Z,c_gls_SWI_201905031200_GLOBE_ASCAT_V4.0.1_nc,ASCAT_SWI,8.87,Success
2019-03-07T12:00:00.000000Z,c_gls_SWI_201903081200_GLOBE_ASCAT_V4.0.1_nc,ASCAT_SWI,7.45,Success
2019-07-14T12:00:00.000000Z,c_gls_SWI_201907151200_GLOBE_ASCAT_V4.0.1_nc,ASCAT_SWI,10.14,Success
2019-02-11T12:00:00.000000Z,c_gls_SWI_201902121200_GLOBE_ASCAT_V4.0.1_nc,ASCAT_SWI,7.25,Success
2019-02-13T12:00:00.000000Z,c_gls_SWI_201902141200_GLOBE_ASCAT_V4.0.1_nc,ASCAT_SWI,7.19,Success
2019-01-25T12:00:00.000000Z,c_gls_SWI_201901261200_GLOBE_ASCAT_V4.0.1_nc,ASCAT_SWI,7.1,Success
2019-07-05T12:00:00.000000Z,c_gls_SWI_201907061200_GLOBE_ASCAT_V4.0.1_nc,ASCAT_SWI,10.51,Success
2019-02-07T12:00:00.000000Z,c_gls_SWI_201902081200_GLOBE_ASCAT_V4.0.1_nc,ASCAT_SWI,7.34,Success
2019-07-17T12:00:00.000000Z,c_gls_SWI_201907181200_GLOBE_ASCAT_V4.0.1_nc,ASCAT_SWI,10.08,Success
2019-08-12T12:00:00.000000Z,c_gls_SWI_201908131200_GLOBE_ASCAT_V4.0.1_nc,ASCAT_SWI,9.98,Success
2019-03-06T12:00:00.000000Z,c_gls_SWI_201903071200_GLOBE_ASCAT_V4.0.1_nc,ASCAT_SWI,7.45,Success
2019-04-10T12:00:00.000000Z,c_gls_SWI_201904111200_GLOBE_ASCAT_V4.0.1_nc,ASCAT_SWI,8.03,Success
2019-01-01T12:00:00.000000Z,c_gls_SWI_201901021200_GLOBE_ASCAT_V4.0.1_nc,ASCAT_SWI,7.57,Success
2019-01-05T12:00:00.000000Z,c_gls_SWI_201901061200_GLOBE_ASCAT_V4.0.1_nc,ASCAT_SWI,7.53,Success
2019-01-11T12:00:00.000000Z,c_gls_SWI_201901121200_GLOBE_ASCAT_V4.0.1_nc,ASCAT_SWI,7.4,Success
2019-02-12T12:00:00.000000Z,c_gls_SWI_201902131200_GLOBE_ASCAT_V4.0.1_nc,ASCAT_SWI,7.22,Success
2019-01-02T12:00:00.000000Z,c_gls_SWI_201901031200_GLOBE_ASCAT_V4.0.1_nc,ASCAT_SWI,7.6,Success
2019-08-28T12:00:00.000000Z,c_gls_SWI_201908291200_GLOBE_ASCAT_V4.0.1_nc,ASCAT_SWI,9.76,Success
2019-01-03T12:00:00.000000Z,c_gls_SWI_201901041200_GLOBE_ASCAT_V4.0.1_nc,ASCAT_SWI,7.57,Success
2019-01-04T12:00:00.000000Z,c_gls_SWI_201901051200_GLOBE_ASCAT_V4.0.1_nc,ASCAT_SWI,7.55,Success
2019-01-19T12:00:00.000000Z,c_gls_SWI_201901201200_GLOBE_ASCAT_V4.0.1_nc,ASCAT_SWI,7.24,Success
2019-03-01T12:00:00.000000Z,c_gls_SWI_201903021200_GLOBE_ASCAT_V4.0.1_nc,ASCAT_SWI,7.4,Success
2019-05-24T12:00:00.000000Z,c_gls_SWI_201905251200_GLOBE_ASCAT_V4.0.1_nc,ASCAT_SWI,9.39,Success
2019-01-10T12:00:00.000000Z,c_gls_SWI_201901111200_GLOBE_ASCAT_V4.0.1_nc,ASCAT_SWI,7.42,Success
2019-01-08T12:00:00.000000Z,c_gls_SWI_201901091200_GLOBE_ASCAT_V4.0.1_nc,ASCAT_SWI,7.49,Success
2019-01-06T12:00:00.000000Z,c_gls_SWI_201901071200_GLOBE_ASCAT_V4.0.1_nc,ASCAT_SWI,7.52,Success
2019-01-07T12:00:00.000000Z,c_gls_SWI_201901081200_GLOBE_ASCAT_V4.0.1_nc,ASCAT_SWI,7.51,Success
2019-01-09T12:00:00.000000Z,c_gls_SWI_201901101200_GLOBE_ASCAT_V4.0.1_nc,ASCAT_SWI,7.45,Success
2019-09-14T12:00:00.000000Z,c_gls_SWI_201909151200_GLOBE_ASCAT_V4.0.1_nc,ASCAT_SWI,10.08,Success
2019-01-12T12:00:00.000000Z,c_gls_SWI_201901131200_GLOBE_ASCAT_V4.0.1_nc,ASCAT_SWI,7.36,Success
2019-08-22T12:00:00.000000Z,c_gls_SWI_201908231200_GLOBE_ASCAT_V4.0.1_nc,ASCAT_SWI,9.85,Success
2019-06-30T12:00:00.000000Z,c_gls_SWI_201907011200_GLOBE_ASCAT_V4.0.1_nc,ASCAT_SWI,10.61,Success
2019-01-13T12:00:00.000000Z,c_gls_SWI_201901141200_GLOBE_ASCAT_V4.0.1_nc,ASCAT_SWI,7.33,Success
2019-05-25T12:00:00.000000Z,c_gls_SWI_201905261200_GLOBE_ASCAT_V4.0.1_nc,ASCAT_SWI,9.45,Success
2019-01-16T12:00:00.000000Z,c_gls_SWI_201901171200_GLOBE_ASCAT_V4.0.1_nc,ASCAT_SWI,7.28,Success
2019-01-14T12:00:00.000000Z,c_gls_SWI_201901151200_GLOBE_ASCAT_V4.0.1_nc,ASCAT_SWI,7.34,Success
2019-06-01T12:00:00.000000Z,c_gls_SWI_201906021200_GLOBE_ASCAT_V4.0.1_nc,ASCAT_SWI,10.42,Success
2019-10-31T12:00:00.000000Z,c_gls_SWI_201911011200_GLOBE_ASCAT_V4.0.1_nc,ASCAT_SWI,9.04,Success
2019-01-15T12:00:00.000000Z,c_gls_SWI_201901161200_GLOBE_ASCAT_V4.0.1_nc,ASCAT_SWI,7.3,Success
2019-11-13T12:00:00.000000Z,c_gls_SWI_201911141200_GLOBE_ASCAT_V4.0.1_nc,ASCAT_SWI,8.47,Success
2019-10-01T12:00:00.000000Z,c_gls_SWI_201910021200_GLOBE_ASCAT_V4.0.1_nc,ASCAT_SWI,10.22,Success
2019-01-18T12:00:00.000000Z,c_gls_SWI_201901191200_GLOBE_ASCAT_V4.0.1_nc,ASCAT_SWI,7.25,Success
2019-01-17T12:00:00.000000Z,c_gls_SWI_201901181200_GLOBE_ASCAT_V4.0.1_nc,ASCAT_SWI,7.26,Success
2019-04-04T12:00:00.000000Z,c_gls_SWI_201904051200_GLOBE_ASCAT_V4.0.1_nc,ASCAT_SWI,8.15,Success
2019-08-23T12:00:00.000000Z,c_gls_SWI_201908241200_GLOBE_ASCAT_V4.0.1_nc,ASCAT_SWI,9.82,Success
2019-06-27T12:00:00.000000Z,c_gls_SWI_201906281200_GLOBE_ASCAT_V4.0.1_nc,ASCAT_SWI,10.29,Success
2019-04-18T12:00:00.000000Z,c_gls_SWI_201904191200_GLOBE_ASCAT_V4.0.1_nc,ASCAT_SWI,8.1,Success
2019-07-07T12:00:00.000000Z,c_gls_SWI_201907081200_GLOBE_ASCAT_V4.0.1_nc,ASCAT_SWI,10.35,Success
2019-01-22T12:00:00.000000Z,c_gls_SWI_201901231200_GLOBE_ASCAT_V4.0.1_nc,ASCAT_SWI,7.16,Success
2019-01-20T12:00:00.000000Z,c_gls_SWI_201901211200_GLOBE_ASCAT_V4.0.1_nc,ASCAT_SWI,7.2,Success
2019-01-26T12:00:00.000000Z,c_gls_SWI_201901271200_GLOBE_ASCAT_V4.0.1_nc,ASCAT_SWI,7.08,Success
2019-01-23T12:00:00.000000Z,c_gls_SWI_201901241200_GLOBE_ASCAT_V4.0.1_nc,ASCAT_SWI,7.14,Success
2019-01-21T12:00:00.000000Z,c_gls_SWI_201901221200_GLOBE_ASCAT_V4.0.1_nc,ASCAT_SWI,7.18,Success
2019-02-02T12:00:00.000000Z,c_gls_SWI_201902031200_GLOBE_ASCAT_V4.0.1_nc,ASCAT_SWI,7.37,Success
2019-04-27T12:00:00.000000Z,c_gls_SWI_201904281200_GLOBE_ASCAT_V4.0.1_nc,ASCAT_SWI,8.28,Success
2019-01-24T12:00:00.000000Z,c_gls_SWI_201901251200_GLOBE_ASCAT_V4.0.1_nc,ASCAT_SWI,7.12,Success
2019-02-16T12:00:00.000000Z,c_gls_SWI_201902171200_GLOBE_ASCAT_V4.0.1_nc,ASCAT_SWI,7.14,Success
2019-03-28T12:00:00.000000Z,c_gls_SWI_201903291200_GLOBE_ASCAT_V4.0.1_nc,ASCAT_SWI,7.55,Success
2019-01-29T12:00:00.000000Z,c_gls_SWI_201901301200_GLOBE_ASCAT_V4.0.1_nc,ASCAT_SWI,7.07,Success
2019-06-07T12:00:00.000000Z,c_gls_SWI_201906081200_GLOBE_ASCAT_V4.0.1_nc,ASCAT_SWI,10.35,Success
2019-01-28T12:00:00.000000Z,c_gls_SWI_201901291200_GLOBE_ASCAT_V4.0.1_nc,ASCAT_SWI,7.07,Success
2019-01-30T12:00:00.000000Z,c_gls_SWI_201901311200_GLOBE_ASCAT_V4.0.1_nc,ASCAT_SWI,7.05,Success
2019-07-31T12:00:00.000000Z,c_gls_SWI_201908011200_GLOBE_ASCAT_V4.0.1_nc,ASCAT_SWI,10.29,Success
2019-01-31T12:00:00.000000Z,c_gls_SWI_201902011200_GLOBE_ASCAT_V4.0.1_nc,ASCAT_SWI,7.22,Success
2019-02-22T12:00:00.000000Z,c_gls_SWI_201902231200_GLOBE_ASCAT_V4.0.1_nc,ASCAT_SWI,7.1,Success
2019-02-23T12:00:00.000000Z,c_gls_SWI_201902241200_GLOBE_ASCAT_V4.0.1_nc,ASCAT_SWI,7.1,Success
2019-02-01T12:00:00.000000Z,c_gls_SWI_201902021200_GLOBE_ASCAT_V4.0.1_nc,ASCAT_SWI,7.33,Success
2019-02-03T12:00:00.000000Z,c_gls_SWI_201902041200_GLOBE_ASCAT_V4.0.1_nc,ASCAT_SWI,7.36,Success
2019-07-21T12:00:00.000000Z,c_gls_SWI_201907221200_GLOBE_ASCAT_V4.0.1_nc,ASCAT_SWI,10.02,Success
2019-02-10T12:00:00.000000Z,c_gls_SWI_201902111200_GLOBE_ASCAT_V4.0.1_nc,ASCAT_SWI,7.28,Success
2019-08-25T12:00:00.000000Z,c_gls_SWI_201908261200_GLOBE_ASCAT_V4.0.1_nc,ASCAT_SWI,9.81,Success
2019-02-04T12:00:00.000000Z,c_gls_SWI_201902051200_GLOBE_ASCAT_V4.0.1_nc,ASCAT_SWI,7.37,Success
2019-02-06T12:00:00.000000Z,c_gls_SWI_201902071200_GLOBE_ASCAT_V4.0.1_nc,ASCAT_SWI,7.35,Success
2019-02-05T12:00:00.000000Z,c_gls_SWI_201902061200_GLOBE_ASCAT_V4.0.1_nc,ASCAT_SWI,7.37,Success
2019-12-25T12:00:00.000000Z,c_gls_SWI_201912261200_GLOBE_ASCAT_V4.0.1_nc,ASCAT_SWI,7.41,Success
2019-02-08T12:00:00.000000Z,c_gls_SWI_201902091200_GLOBE_ASCAT_V4.0.1_nc,ASCAT_SWI,7.31,Success
2019-02-09T12:00:00.000000Z,c_gls_SWI_201902101200_GLOBE_ASCAT_V4.0.1_nc,ASCAT_SWI,7.29,Success
2019-04-23T12:00:00.000000Z,c_gls_SWI_201904241200_GLOBE_ASCAT_V4.0.1_nc,ASCAT_SWI,8.2,Success
2019-08-13T12:00:00.000000Z,c_gls_SWI_201908141200_GLOBE_ASCAT_V4.0.1_nc,ASCAT_SWI,9.97,Success
2019-02-14T12:00:00.000000Z,c_gls_SWI_201902151200_GLOBE_ASCAT_V4.0.1_nc,ASCAT_SWI,7.18,Success
2019-12-09T12:00:00.000000Z,c_gls_SWI_201912101200_GLOBE_ASCAT_V4.0.1_nc,ASCAT_SWI,7.78,Success
2019-02-24T12:00:00.000000Z,c_gls_SWI_201902251200_GLOBE_ASCAT_V4.0.1_nc,ASCAT_SWI,7.1,Success
2019-02-17T12:00:00.000000Z,c_gls_SWI_201902181200_GLOBE_ASCAT_V4.0.1_nc,ASCAT_SWI,7.14,Success
2019-02-18T12:00:00.000000Z,c_gls_SWI_201902191200_GLOBE_ASCAT_V4.0.1_nc,ASCAT_SWI,7.12,Success
2019-06-25T12:00:00.000000Z,c_gls_SWI_201906261200_GLOBE_ASCAT_V4.0.1_nc,ASCAT_SWI,10.36,Success
2019-02-19T12:00:00.000000Z,c_gls_SWI_201902201200_GLOBE_ASCAT_V4.0.1_nc,ASCAT_SWI,7.11,Success
2019-08-18T12:00:00.000000Z,c_gls_SWI_201908191200_GLOBE_ASCAT_V4.0.1_nc,ASCAT_SWI,9.9,Success
2019-02-15T12:00:00.000000Z,c_gls_SWI_201902161200_GLOBE_ASCAT_V4.0.1_nc,ASCAT_SWI,7.15,Success
2019-02-20T12:00:00.000000Z,c_gls_SWI_201902211200_GLOBE_ASCAT_V4.0.1_nc,ASCAT_SWI,7.1,Success
2019-05-26T12:00:00.000000Z,c_gls_SWI_201905271200_GLOBE_ASCAT_V4.0.1_nc,ASCAT_SWI,9.46,Success
2019-02-21T12:00:00.000000Z,c_gls_SWI_201902221200_GLOBE_ASCAT_V4.0.1_nc,ASCAT_SWI,7.1,Success
2019-05-09T12:00:00.000000Z,c_gls_SWI_201905101200_GLOBE_ASCAT_V4.0.1_nc,ASCAT_SWI,8.85,Success
2019-02-26T12:00:00.000000Z,c_gls_SWI_201902271200_GLOBE_ASCAT_V4.0.1_nc,ASCAT_SWI,7.09,Success
2019-02-25T12:00:00.000000Z,c_gls_SWI_201902261200_GLOBE_ASCAT_V4.0.1_nc,ASCAT_SWI,7.1,Success
2019-02-27T12:00:00.000000Z,c_gls_SWI_201902281200_GLOBE_ASCAT_V4.0.1_nc,ASCAT_SWI,7.1,Success
2019-03-04T12:00:00.000000Z,c_gls_SWI_201903051200_GLOBE_ASCAT_V4.0.1_nc,ASCAT_SWI,7.43,Success
2019-03-02T12:00:00.000000Z,c_gls_SWI_201903031200_GLOBE_ASCAT_V4.0.1_nc,ASCAT_SWI,7.42,Success
2019-11-21T12:00:00.000000Z,c_gls_SWI_201911221200_GLOBE_ASCAT_V4.0.1_nc,ASCAT_SWI,8.14,Success
2019-03-03T12:00:00.000000Z,c_gls_SWI_201903041200_GLOBE_ASCAT_V4.0.1_nc,ASCAT_SWI,7.43,Success
2019-08-05T12:00:00.000000Z,c_gls_SWI_201908061200_GLOBE_ASCAT_V4.0.1_nc,ASCAT_SWI,10.23,Success
2019-03-05T12:00:00.000000Z,c_gls_SWI_201903061200_GLOBE_ASCAT_V4.0.1_nc,ASCAT_SWI,7.46,Success
2019-03-08T12:00:00.000000Z,c_gls_SWI_201903091200_GLOBE_ASCAT_V4.0.1_nc,ASCAT_SWI,7.46,Success
2019-03-09T12:00:00.000000Z,c_gls_SWI_201903101200_GLOBE_ASCAT_V4.0.1_nc,ASCAT_SWI,7.43,Success
2019-05-19T12:00:00.000000Z,c_gls_SWI_201905201200_GLOBE_ASCAT_V4.0.1_nc,ASCAT_SWI,9.17,Success
2019-07-08T12:00:00.000000Z,c_gls_SWI_201907091200_GLOBE_ASCAT_V4.0.1_nc,ASCAT_SWI,10.32,Success
2019-03-11T12:00:00.000000Z,c_gls_SWI_201903121200_GLOBE_ASCAT_V4.0.1_nc,ASCAT_SWI,7.42,Success
2019-03-10T12:00:00.000000Z,c_gls_SWI_201903111200_GLOBE_ASCAT_V4.0.1_nc,ASCAT_SWI,7.44,Success
2019-10-20T12:00:00.000000Z,c_gls_SWI_201910211200_GLOBE_ASCAT_V4.0.1_nc,ASCAT_SWI,9.24,Success
2019-08-21T12:00:00.000000Z,c_gls_SWI_201908221200_GLOBE_ASCAT_V4.0.1_nc,ASCAT_SWI,9.87,Success
2019-03-14T12:00:00.000000Z,c_gls_SWI_201903151200_GLOBE_ASCAT_V4.0.1_nc,ASCAT_SWI,7.47,Success
2019-03-12T12:00:00.000000Z,c_gls_SWI_201903131200_GLOBE_ASCAT_V4.0.1_nc,ASCAT_SWI,7.41,Success
2019-03-15T12:00:00.000000Z,c_gls_SWI_201903161200_GLOBE_ASCAT_V4.0.1_nc,ASCAT_SWI,7.46,Success
2019-03-13T12:00:00.000000Z,c_gls_SWI_201903141200_GLOBE_ASCAT_V4.0.1_nc,ASCAT_SWI,7.49,Success
2019-10-26T12:00:00.000000Z,c_gls_SWI_201910271200_GLOBE_ASCAT_V4.0.1_nc,ASCAT_SWI,8.92,Success
2019-03-17T12:00:00.000000Z,c_gls_SWI_201903181200_GLOBE_ASCAT_V4.0.1_nc,ASCAT_SWI,7.48,Success
2019-03-16T12:00:00.000000Z,c_gls_SWI_201903171200_GLOBE_ASCAT_V4.0.1_nc,ASCAT_SWI,7.46,Success
2019-03-20T12:00:00.000000Z,c_gls_SWI_201903211200_GLOBE_ASCAT_V4.0.1_nc,ASCAT_SWI,7.5,Success
2019-12-21T12:00:00.000000Z,c_gls_SWI_201912221200_GLOBE_ASCAT_V4.0.1_nc,ASCAT_SWI,7.47,Success
2019-07-30T12:00:00.000000Z,c_gls_SWI_201907311200_GLOBE_ASCAT_V4.0.1_nc,ASCAT_SWI,9.98,Success
2019-03-21T12:00:00.000000Z,c_gls_SWI_201903221200_GLOBE_ASCAT_V4.0.1_nc,ASCAT_SWI,7.5,Success
2019-07-15T12:00:00.000000Z,c_gls_SWI_201907161200_GLOBE_ASCAT_V4.0.1_nc,ASCAT_SWI,10.11,Success
2019-03-18T12:00:00.000000Z,c_gls_SWI_201903191200_GLOBE_ASCAT_V4.0.1_nc,ASCAT_SWI,7.51,Success
2019-03-22T12:00:00.000000Z,c_gls_SWI_201903231200_GLOBE_ASCAT_V4.0.1_nc,ASCAT_SWI,7.49,Success
2019-07-02T12:00:00.000000Z,c_gls_SWI_201907031200_GLOBE_ASCAT_V4.0.1_nc,ASCAT_SWI,10.7,Success
2019-03-25T12:00:00.000000Z,c_gls_SWI_201903261200_GLOBE_ASCAT_V4.0.1_nc,ASCAT_SWI,7.52,Success
2019-03-24T12:00:00.000000Z,c_gls_SWI_201903251200_GLOBE_ASCAT_V4.0.1_nc,ASCAT_SWI,7.51,Success
2019-06-02T12:00:00.000000Z,c_gls_SWI_201906031200_GLOBE_ASCAT_V4.0.1_nc,ASCAT_SWI,10.45,Success
2019-05-21T12:00:00.000000Z,c_gls_SWI_201905221200_GLOBE_ASCAT_V4.0.1_nc,ASCAT_SWI,9.23,Success
2019-03-27T12:00:00.000000Z,c_gls_SWI_201903281200_GLOBE_ASCAT_V4.0.1_nc,ASCAT_SWI,7.53,Success
2019-03-26T12:00:00.000000Z,c_gls_SWI_201903271200_GLOBE_ASCAT_V4.0.1_nc,ASCAT_SWI,7.52,Success
2019-03-30T12:00:00.000000Z,c_gls_SWI_201903311200_GLOBE_ASCAT_V4.0.1_nc,ASCAT_SWI,7.57,Success
2019-03-29T12:00:00.000000Z,c_gls_SWI_201903301200_GLOBE_ASCAT_V4.0.1_nc,ASCAT_SWI,7.54,Success
2019-06-17T12:00:00.000000Z,c_gls_SWI_201906181200_GLOBE_ASCAT_V4.0.1_nc,ASCAT_SWI,10.44,Success
2019-04-01T12:00:00.000000Z,c_gls_SWI_201904021200_GLOBE_ASCAT_V4.0.1_nc,ASCAT_SWI,7.98,Success
2019-06-23T12:00:00.000000Z,c_gls_SWI_201906241200_GLOBE_ASCAT_V4.0.1_nc,ASCAT_SWI,10.37,Success
2019-03-31T12:00:00.000000Z,c_gls_SWI_201904011200_GLOBE_ASCAT_V4.0.1_nc,ASCAT_SWI,7.91,Success
2019-11-06T12:00:00.000000Z,c_gls_SWI_201911071200_GLOBE_ASCAT_V4.0.1_nc,ASCAT_SWI,8.87,Success
2019-04-16T12:00:00.000000Z,c_gls_SWI_201904171200_GLOBE_ASCAT_V4.0.1_nc,ASCAT_SWI,8.11,Success
2019-09-11T12:00:00.000000Z,c_gls_SWI_201909121200_GLOBE_ASCAT_V4.0.1_nc,ASCAT_SWI,10.08,Success
2019-04-07T12:00:00.000000Z,c_gls_SWI_201904081200_GLOBE_ASCAT_V4.0.1_nc,ASCAT_SWI,8.06,Success
2019-04-02T12:00:00.000000Z,c_gls_SWI_201904031200_GLOBE_ASCAT_V4.0.1_nc,ASCAT_SWI,8.06,Success
2019-04-03T12:00:00.000000Z,c_gls_SWI_201904041200_GLOBE_ASCAT_V4.0.1_nc,ASCAT_SWI,8.12,Success
2019-04-06T12:00:00.000000Z,c_gls_SWI_201904071200_GLOBE_ASCAT_V4.0.1_nc,ASCAT_SWI,8.09,Success
2019-12-01T12:00:00.000000Z,c_gls_SWI_201912021200_GLOBE_ASCAT_V4.0.1_nc,ASCAT_SWI,8.04,Success
2019-04-05T12:00:00.000000Z,c_gls_SWI_201904061200_GLOBE_ASCAT_V4.0.1_nc,ASCAT_SWI,8.11,Success
2019-04-19T12:00:00.000000Z,c_gls_SWI_201904201200_GLOBE_ASCAT_V4.0.1_nc,ASCAT_SWI,8.11,Success
2019-06-14T12:00:00.000000Z,c_gls_SWI_201906151200_GLOBE_ASCAT_V4.0.1_nc,ASCAT_SWI,10.41,Success
2019-04-09T12:00:00.000000Z,c_gls_SWI_201904101200_GLOBE_ASCAT_V4.0.1_nc,ASCAT_SWI,8.06,Success
2019-04-12T12:00:00.000000Z,c_gls_SWI_201904131200_GLOBE_ASCAT_V4.0.1_nc,ASCAT_SWI,8.06,Success
2019-08-09T12:00:00.000000Z,c_gls_SWI_201908101200_GLOBE_ASCAT_V4.0.1_nc,ASCAT_SWI,10.04,Success
2019-07-22T12:00:00.000000Z,c_gls_SWI_201907231200_GLOBE_ASCAT_V4.0.1_nc,ASCAT_SWI,10.03,Success
2019-04-13T12:00:00.000000Z,c_gls_SWI_201904141200_GLOBE_ASCAT_V4.0.1_nc,ASCAT_SWI,8.06,Success
2019-05-06T12:00:00.000000Z,c_gls_SWI_201905071200_GLOBE_ASCAT_V4.0.1_nc,ASCAT_SWI,8.89,Success
2019-04-15T12:00:00.000000Z,c_gls_SWI_201904161200_GLOBE_ASCAT_V4.0.1_nc,ASCAT_SWI,8.09,Success
2019-05-11T12:00:00.000000Z,c_gls_SWI_201905121200_GLOBE_ASCAT_V4.0.1_nc,ASCAT_SWI,8.94,Success
2019-04-14T12:00:00.000000Z,c_gls_SWI_201904151200_GLOBE_ASCAT_V4.0.1_nc,ASCAT_SWI,8.08,Success
2019-09-10T12:00:00.000000Z,c_gls_SWI_201909111200_GLOBE_ASCAT_V4.0.1_nc,ASCAT_SWI,10.09,Success
2019-04-21T12:00:00.000000Z,c_gls_SWI_201904221200_GLOBE_ASCAT_V4.0.1_nc,ASCAT_SWI,8.13,Success
2019-04-22T12:00:00.000000Z,c_gls_SWI_201904231200_GLOBE_ASCAT_V4.0.1_nc,ASCAT_SWI,8.14,Success
2019-05-15T12:00:00.000000Z,c_gls_SWI_201905161200_GLOBE_ASCAT_V4.0.1_nc,ASCAT_SWI,9.04,Success
2019-05-20T12:00:00.000000Z,c_gls_SWI_201905211200_GLOBE_ASCAT_V4.0.1_nc,ASCAT_SWI,9.19,Success
2019-10-28T12:00:00.000000Z,c_gls_SWI_201910291200_GLOBE_ASCAT_V4.0.1_nc,ASCAT_SWI,8.84,Success
2019-04-17T12:00:00.000000Z,c_gls_SWI_201904181200_GLOBE_ASCAT_V4.0.1_nc,ASCAT_SWI,8.09,Success
2019-06-16T12:00:00.000000Z,c_gls_SWI_201906171200_GLOBE_ASCAT_V4.0.1_nc,ASCAT_SWI,10.43,Success
2019-04-24T12:00:00.000000Z,c_gls_SWI_201904251200_GLOBE_ASCAT_V4.0.1_nc,ASCAT_SWI,8.25,Success
2019-11-12T12:00:00.000000Z,c_gls_SWI_201911131200_GLOBE_ASCAT_V4.0.1_nc,ASCAT_SWI,8.5,Success
2019-05-31T12:00:00.000000Z,c_gls_SWI_201906011200_GLOBE_ASCAT_V4.0.1_nc,ASCAT_SWI,10.21,Success
2019-04-25T12:00:00.000000Z,c_gls_SWI_201904261200_GLOBE_ASCAT_V4.0.1_nc,ASCAT_SWI,8.26,Success
2019-12-08T12:00:00.000000Z,c_gls_SWI_201912091200_GLOBE_ASCAT_V4.0.1_nc,ASCAT_SWI,7.8,Success
2019-04-26T12:00:00.000000Z,c_gls_SWI_201904271200_GLOBE_ASCAT_V4.0.1_nc,ASCAT_SWI,8.28,Success
2019-04-29T12:00:00.000000Z,c_gls_SWI_201904301200_GLOBE_ASCAT_V4.0.1_nc,ASCAT_SWI,8.28,Success
2019-12-16T12:00:00.000000Z,c_gls_SWI_201912171200_GLOBE_ASCAT_V4.0.1_nc,ASCAT_SWI,7.58,Success
2019-05-01T12:00:00.000000Z,c_gls_SWI_201905021200_GLOBE_ASCAT_V4.0.1_nc,ASCAT_SWI,8.85,Success
2019-12-26T12:00:00.000000Z,c_gls_SWI_201912271200_GLOBE_ASCAT_V4.0.1_nc,ASCAT_SWI,7.42,Success
2019-04-30T12:00:00.000000Z,c_gls_SWI_201905011200_GLOBE_ASCAT_V4.0.1_nc,ASCAT_SWI,8.73,Success
2019-09-24T12:00:00.000000Z,c_gls_SWI_201909251200_GLOBE_ASCAT_V4.0.1_nc,ASCAT_SWI,9.92,Success
2019-05-03T12:00:00.000000Z,c_gls_SWI_201905041200_GLOBE_ASCAT_V4.0.1_nc,ASCAT_SWI,8.9,Success
2019-05-04T12:00:00.000000Z,c_gls_SWI_201905051200_GLOBE_ASCAT_V4.0.1_nc,ASCAT_SWI,8.87,Success
2019-05-07T12:00:00.000000Z,c_gls_SWI_201905081200_GLOBE_ASCAT_V4.0.1_nc,ASCAT_SWI,8.87,Success
2019-06-20T12:00:00.000000Z,c_gls_SWI_201906211200_GLOBE_ASCAT_V4.0.1_nc,ASCAT_SWI,10.4,Success
2019-05-08T12:00:00.000000Z,c_gls_SWI_201905091200_GLOBE_ASCAT_V4.0.1_nc,ASCAT_SWI,8.9,Success
2019-06-10T12:00:00.000000Z,c_gls_SWI_201906111200_GLOBE_ASCAT_V4.0.1_nc,ASCAT_SWI,10.35,Success
2019-05-05T12:00:00.000000Z,c_gls_SWI_201905061200_GLOBE_ASCAT_V4.0.1_nc,ASCAT_SWI,8.9,Success
2019-05-10T12:00:00.000000Z,c_gls_SWI_201905111200_GLOBE_ASCAT_V4.0.1_nc,ASCAT_SWI,8.91,Success
2019-08-26T12:00:00.000000Z,c_gls_SWI_201908271200_GLOBE_ASCAT_V4.0.1_nc,ASCAT_SWI,9.78,Success
2019-05-14T12:00:00.000000Z,c_gls_SWI_201905151200_GLOBE_ASCAT_V4.0.1_nc,ASCAT_SWI,9.0,Success
2019-05-13T12:00:00.000000Z,c_gls_SWI_201905141200_GLOBE_ASCAT_V4.0.1_nc,ASCAT_SWI,9.0,Success
2019-05-17T12:00:00.000000Z,c_gls_SWI_201905181200_GLOBE_ASCAT_V4.0.1_nc,ASCAT_SWI,9.11,Success
2019-12-06T12:00:00.000000Z,c_gls_SWI_201912071200_GLOBE_ASCAT_V4.0.1_nc,ASCAT_SWI,7.88,Success
2019-05-12T12:00:00.000000Z,c_gls_SWI_201905131200_GLOBE_ASCAT_V4.0.1_nc,ASCAT_SWI,8.95,Success
2019-05-16T12:00:00.000000Z,c_gls_SWI_201905171200_GLOBE_ASCAT_V4.0.1_nc,ASCAT_SWI,9.07,Success
2019-06-22T12:00:00.000000Z,c_gls_SWI_201906231200_GLOBE_ASCAT_V4.0.1_nc,ASCAT_SWI,10.38,Success
2019-05-22T12:00:00.000000Z,c_gls_SWI_201905231200_GLOBE_ASCAT_V4.0.1_nc,ASCAT_SWI,9.3,Success
2019-06-28T12:00:00.000000Z,c_gls_SWI_201906291200_GLOBE_ASCAT_V4.0.1_nc,ASCAT_SWI,10.28,Success
2019-06-26T12:00:00.000000Z,c_gls_SWI_201906271200_GLOBE_ASCAT_V4.0.1_nc,ASCAT_SWI,10.29,Success
2019-05-18T12:00:00.000000Z,c_gls_SWI_201905191200_GLOBE_ASCAT_V4.0.1_nc,ASCAT_SWI,9.16,Success
2019-12-04T12:00:00.000000Z,c_gls_SWI_201912051200_GLOBE_ASCAT_V4.0.1_nc,ASCAT_SWI,8.01,Success
2019-06-15T12:00:00.000000Z,c_gls_SWI_201906161200_GLOBE_ASCAT_V4.0.1_nc,ASCAT_SWI,10.44,Success
2019-10-17T12:00:00.000000Z,c_gls_SWI_201910181200_GLOBE_ASCAT_V4.0.1_nc,ASCAT_SWI,9.42,Success
2019-05-30T12:00:00.000000Z,c_gls_SWI_201905311200_GLOBE_ASCAT_V4.0.1_nc,ASCAT_SWI,9.71,Success
2019-05-23T12:00:00.000000Z,c_gls_SWI_201905241200_GLOBE_ASCAT_V4.0.1_nc,ASCAT_SWI,9.33,Success
2019-05-29T12:00:00.000000Z,c_gls_SWI_201905301200_GLOBE_ASCAT_V4.0.1_nc,ASCAT_SWI,9.66,Success
2019-05-28T12:00:00.000000Z,c_gls_SWI_201905291200_GLOBE_ASCAT_V4.0.1_nc,ASCAT_SWI,9.59,Success
2019-06-05T12:00:00.000000Z,c_gls_SWI_201906061200_GLOBE_ASCAT_V4.0.1_nc,ASCAT_SWI,10.44,Success
2019-05-27T12:00:00.000000Z,c_gls_SWI_201905281200_GLOBE_ASCAT_V4.0.1_nc,ASCAT_SWI,9.54,Success
2019-06-03T12:00:00.000000Z,c_gls_SWI_201906041200_GLOBE_ASCAT_V4.0.1_nc,ASCAT_SWI,10.48,Success
2019-07-18T12:00:00.000000Z,c_gls_SWI_201907191200_GLOBE_ASCAT_V4.0.1_nc,ASCAT_SWI,10.08,Success
2019-10-02T12:00:00.000000Z,c_gls_SWI_201910031200_GLOBE_ASCAT_V4.0.1_nc,ASCAT_SWI,10.25,Success
2019-06-11T12:00:00.000000Z,c_gls_SWI_201906121200_GLOBE_ASCAT_V4.0.1_nc,ASCAT_SWI,10.35,Success
2019-06-13T12:00:00.000000Z,c_gls_SWI_201906141200_GLOBE_ASCAT_V4.0.1_nc,ASCAT_SWI,10.37,Success
2019-06-12T12:00:00.000000Z,c_gls_SWI_201906131200_GLOBE_ASCAT_V4.0.1_nc,ASCAT_SWI,10.32,Success
2019-06-18T12:00:00.000000Z,c_gls_SWI_201906191200_GLOBE_ASCAT_V4.0.1_nc,ASCAT_SWI,10.44,Success
2019-08-29T12:00:00.000000Z,c_gls_SWI_201908301200_GLOBE_ASCAT_V4.0.1_nc,ASCAT_SWI,9.77,Success
2019-10-08T12:00:00.000000Z,c_gls_SWI_201910091200_GLOBE_ASCAT_V4.0.1_nc,ASCAT_SWI,9.93,Success
2019-12-18T12:00:00.000000Z,c_gls_SWI_201912191200_GLOBE_ASCAT_V4.0.1_nc,ASCAT_SWI,7.55,Success
2019-06-19T12:00:00.000000Z,c_gls_SWI_201906201200_GLOBE_ASCAT_V4.0.1_nc,ASCAT_SWI,10.41,Success
2019-06-21T12:00:00.000000Z,c_gls_SWI_201906221200_GLOBE_ASCAT_V4.0.1_nc,ASCAT_SWI,10.38,Success
2019-06-24T12:00:00.000000Z,c_gls_SWI_201906251200_GLOBE_ASCAT_V4.0.1_nc,ASCAT_SWI,10.36,Success
2019-09-01T12:00:00.000000Z,c_gls_SWI_201909021200_GLOBE_ASCAT_V4.0.1_nc,ASCAT_SWI,10.14,Success
2019-09-08T12:00:00.000000Z,c_gls_SWI_201909091200_GLOBE_ASCAT_V4.0.1_nc,ASCAT_SWI,10.07,Success
2019-11-20T12:00:00.000000Z,c_gls_SWI_201911211200_GLOBE_ASCAT_V4.0.1_nc,ASCAT_SWI,8.19,Success
2019-08-20T12:00:00.000000Z,c_gls_SWI_201908211200_GLOBE_ASCAT_V4.0.1_nc,ASCAT_SWI,9.89,Success
2019-07-01T12:00:00.000000Z,c_gls_SWI_201907021200_GLOBE_ASCAT_V4.0.1_nc,ASCAT_SWI,10.69,Success
2019-06-29T12:00:00.000000Z,c_gls_SWI_201906301200_GLOBE_ASCAT_V4.0.1_nc,ASCAT_SWI,10.26,Success
2019-12-15T12:00:00.000000Z,c_gls_SWI_201912161200_GLOBE_ASCAT_V4.0.1_nc,ASCAT_SWI,7.61,Success
2019-07-03T12:00:00.000000Z,c_gls_SWI_201907041200_GLOBE_ASCAT_V4.0.1_nc,ASCAT_SWI,10.67,Success
2019-09-19T12:00:00.000000Z,c_gls_SWI_201909201200_GLOBE_ASCAT_V4.0.1_nc,ASCAT_SWI,10.0,Success
2019-07-24T12:00:00.000000Z,c_gls_SWI_201907251200_GLOBE_ASCAT_V4.0.1_nc,ASCAT_SWI,10.02,Success
2019-07-09T12:00:00.000000Z,c_gls_SWI_201907101200_GLOBE_ASCAT_V4.0.1_nc,ASCAT_SWI,10.28,Success
2019-07-11T12:00:00.000000Z,c_gls_SWI_201907121200_GLOBE_ASCAT_V4.0.1_nc,ASCAT_SWI,10.2,Success
2019-07-10T12:00:00.000000Z,c_gls_SWI_201907111200_GLOBE_ASCAT_V4.0.1_nc,ASCAT_SWI,10.24,Success
2019-07-16T12:00:00.000000Z,c_gls_SWI_201907171200_GLOBE_ASCAT_V4.0.1_nc,ASCAT_SWI,10.08,Success
2019-07-19T12:00:00.000000Z,c_gls_SWI_201907201200_GLOBE_ASCAT_V4.0.1_nc,ASCAT_SWI,10.07,Success
2019-07-12T12:00:00.000000Z,c_gls_SWI_201907131200_GLOBE_ASCAT_V4.0.1_nc,ASCAT_SWI,10.18,Success
2019-09-03T12:00:00.000000Z,c_gls_SWI_201909041200_GLOBE_ASCAT_V4.0.1_nc,ASCAT_SWI,10.14,Success
2019-07-13T12:00:00.000000Z,c_gls_SWI_201907141200_GLOBE_ASCAT_V4.0.1_nc,ASCAT_SWI,10.17,Success
2019-07-20T12:00:00.000000Z,c_gls_SWI_201907211200_GLOBE_ASCAT_V4.0.1_nc,ASCAT_SWI,10.02,Success
2019-07-23T12:00:00.000000Z,c_gls_SWI_201907241200_GLOBE_ASCAT_V4.0.1_nc,ASCAT_SWI,10.04,Success
2019-07-25T12:00:00.000000Z,c_gls_SWI_201907261200_GLOBE_ASCAT_V4.0.1_nc,ASCAT_SWI,9.97,Success
2019-07-26T12:00:00.000000Z,c_gls_SWI_201907271200_GLOBE_ASCAT_V4.0.1_nc,ASCAT_SWI,9.93,Success
2019-07-27T12:00:00.000000Z,c_gls_SWI_201907281200_GLOBE_ASCAT_V4.0.1_nc,ASCAT_SWI,9.92,Success
2019-07-29T12:00:00.000000Z,c_gls_SWI_201907301200_GLOBE_ASCAT_V4.0.1_nc,ASCAT_SWI,9.96,Success
2019-07-28T12:00:00.000000Z,c_gls_SWI_201907291200_GLOBE_ASCAT_V4.0.1_nc,ASCAT_SWI,9.96,Success
2019-08-04T12:00:00.000000Z,c_gls_SWI_201908051200_GLOBE_ASCAT_V4.0.1_nc,ASCAT_SWI,10.28,Success
2019-11-09T12:00:00.000000Z,c_gls_SWI_201911101200_GLOBE_ASCAT_V4.0.1_nc,ASCAT_SWI,8.67,Success
2019-08-02T12:00:00.000000Z,c_gls_SWI_201908031200_GLOBE_ASCAT_V4.0.1_nc,ASCAT_SWI,10.35,Success
2019-08-03T12:00:00.000000Z,c_gls_SWI_201908041200_GLOBE_ASCAT_V4.0.1_nc,ASCAT_SWI,10.34,Success
2019-08-07T12:00:00.000000Z,c_gls_SWI_201908081200_GLOBE_ASCAT_V4.0.1_nc,ASCAT_SWI,10.13,Success
2019-08-11T12:00:00.000000Z,c_gls_SWI_201908121200_GLOBE_ASCAT_V4.0.1_nc,ASCAT_SWI,10.02,Success
2019-08-10T12:00:00.000000Z,c_gls_SWI_201908111200_GLOBE_ASCAT_V4.0.1_nc,ASCAT_SWI,10.04,Success
2019-08-31T12:00:00.000000Z,c_gls_SWI_201909011200_GLOBE_ASCAT_V4.0.1_nc,ASCAT_SWI,10.09,Success
2019-08-17T12:00:00.000000Z,c_gls_SWI_201908181200_GLOBE_ASCAT_V4.0.1_nc,ASCAT_SWI,9.91,Success
2019-11-07T12:00:00.000000Z,c_gls_SWI_201911081200_GLOBE_ASCAT_V4.0.1_nc,ASCAT_SWI,8.77,Success
2019-08-14T12:00:00.000000Z,c_gls_SWI_201908151200_GLOBE_ASCAT_V4.0.1_nc,ASCAT_SWI,9.95,Success
2019-09-13T12:00:00.000000Z,c_gls_SWI_201909141200_GLOBE_ASCAT_V4.0.1_nc,ASCAT_SWI,10.09,Success
2019-08-15T12:00:00.000000Z,c_gls_SWI_201908161200_GLOBE_ASCAT_V4.0.1_nc,ASCAT_SWI,9.95,Success
2019-10-10T12:00:00.000000Z,c_gls_SWI_201910111200_GLOBE_ASCAT_V4.0.1_nc,ASCAT_SWI,9.78,Success
2019-08-24T12:00:00.000000Z,c_gls_SWI_201908251200_GLOBE_ASCAT_V4.0.1_nc,ASCAT_SWI,9.81,Success
2019-11-19T12:00:00.000000Z,c_gls_SWI_201911201200_GLOBE_ASCAT_V4.0.1_nc,ASCAT_SWI,8.24,Success
2019-08-16T12:00:00.000000Z,c_gls_SWI_201908171200_GLOBE_ASCAT_V4.0.1_nc,ASCAT_SWI,9.92,Success
2019-08-19T12:00:00.000000Z,c_gls_SWI_201908201200_GLOBE_ASCAT_V4.0.1_nc,ASCAT_SWI,9.91,Success
2019-08-27T12:00:00.000000Z,c_gls_SWI_201908281200_GLOBE_ASCAT_V4.0.1_nc,ASCAT_SWI,9.79,Success
2019-08-30T12:00:00.000000Z,c_gls_SWI_201908311200_GLOBE_ASCAT_V4.0.1_nc,ASCAT_SWI,9.77,Success
2019-09-02T12:00:00.000000Z,c_gls_SWI_201909031200_GLOBE_ASCAT_V4.0.1_nc,ASCAT_SWI,10.15,Success
2019-11-02T12:00:00.000000Z,c_gls_SWI_201911031200_GLOBE_ASCAT_V4.0.1_nc,ASCAT_SWI,9.1,Success
2019-09-05T12:00:00.000000Z,c_gls_SWI_201909061200_GLOBE_ASCAT_V4.0.1_nc,ASCAT_SWI,10.08,Success
2019-11-03T12:00:00.000000Z,c_gls_SWI_201911041200_GLOBE_ASCAT_V4.0.1_nc,ASCAT_SWI,9.09,Success
2019-09-04T12:00:00.000000Z,c_gls_SWI_201909051200_GLOBE_ASCAT_V4.0.1_nc,ASCAT_SWI,10.11,Success
2019-09-09T12:00:00.000000Z,c_gls_SWI_201909101200_GLOBE_ASCAT_V4.0.1_nc,ASCAT_SWI,10.08,Success
2019-10-25T12:00:00.000000Z,c_gls_SWI_201910261200_GLOBE_ASCAT_V4.0.1_nc,ASCAT_SWI,8.94,Success
2019-11-11T12:00:00.000000Z,c_gls_SWI_201911121200_GLOBE_ASCAT_V4.0.1_nc,ASCAT_SWI,8.58,Success
2019-09-06T12:00:00.000000Z,c_gls_SWI_201909071200_GLOBE_ASCAT_V4.0.1_nc,ASCAT_SWI,10.06,Success
2019-09-17T12:00:00.000000Z,c_gls_SWI_201909181200_GLOBE_ASCAT_V4.0.1_nc,ASCAT_SWI,10.02,Success
2019-09-07T12:00:00.000000Z,c_gls_SWI_201909081200_GLOBE_ASCAT_V4.0.1_nc,ASCAT_SWI,10.05,Success
2019-09-15T12:00:00.000000Z,c_gls_SWI_201909161200_GLOBE_ASCAT_V4.0.1_nc,ASCAT_SWI,10.07,Success
2019-12-23T12:00:00.000000Z,c_gls_SWI_201912241200_GLOBE_ASCAT_V4.0.1_nc,ASCAT_SWI,7.43,Success
2019-12-13T12:00:00.000000Z,c_gls_SWI_201912141200_GLOBE_ASCAT_V4.0.1_nc,ASCAT_SWI,7.65,Success
2019-09-12T12:00:00.000000Z,c_gls_SWI_201909131200_GLOBE_ASCAT_V4.0.1_nc,ASCAT_SWI,10.07,Success
2019-09-20T12:00:00.000000Z,c_gls_SWI_201909211200_GLOBE_ASCAT_V4.0.1_nc,ASCAT_SWI,9.98,Success
2019-09-23T12:00:00.000000Z,c_gls_SWI_201909241200_GLOBE_ASCAT_V4.0.1_nc,ASCAT_SWI,9.94,Success
2019-09-21T12:00:00.000000Z,c_gls_SWI_201909221200_GLOBE_ASCAT_V4.0.1_nc,ASCAT_SWI,9.96,Success
2019-10-30T12:00:00.000000Z,c_gls_SWI_201910311200_GLOBE_ASCAT_V4.0.1_nc,ASCAT_SWI,8.74,Success
2019-09-16T12:00:00.000000Z,c_gls_SWI_201909171200_GLOBE_ASCAT_V4.0.1_nc,ASCAT_SWI,10.02,Success
2019-10-04T12:00:00.000000Z,c_gls_SWI_201910051200_GLOBE_ASCAT_V4.0.1_nc,ASCAT_SWI,10.16,Success
2019-09-26T12:00:00.000000Z,c_gls_SWI_201909271200_GLOBE_ASCAT_V4.0.1_nc,ASCAT_SWI,9.86,Success
2019-09-25T12:00:00.000000Z,c_gls_SWI_201909261200_GLOBE_ASCAT_V4.0.1_nc,ASCAT_SWI,9.9,Success
2019-09-27T12:00:00.000000Z,c_gls_SWI_201909281200_GLOBE_ASCAT_V4.0.1_nc,ASCAT_SWI,9.85,Success
2019-09-28T12:00:00.000000Z,c_gls_SWI_201909291200_GLOBE_ASCAT_V4.0.1_nc,ASCAT_SWI,9.82,Success
2019-09-22T12:00:00.000000Z,c_gls_SWI_201909231200_GLOBE_ASCAT_V4.0.1_nc,ASCAT_SWI,9.96,Success
2019-11-27T12:00:00.000000Z,c_gls_SWI_201911281200_GLOBE_ASCAT_V4.0.1_nc,ASCAT_SWI,7.83,Success
2019-09-29T12:00:00.000000Z,c_gls_SWI_201909301200_GLOBE_ASCAT_V4.0.1_nc,ASCAT_SWI,9.78,Success
2019-10-05T12:00:00.000000Z,c_gls_SWI_201910061200_GLOBE_ASCAT_V4.0.1_nc,ASCAT_SWI,10.11,Success
2019-09-30T12:00:00.000000Z,c_gls_SWI_201910011200_GLOBE_ASCAT_V4.0.1_nc,ASCAT_SWI,10.12,Success
2019-10-06T12:00:00.000000Z,c_gls_SWI_201910071200_GLOBE_ASCAT_V4.0.1_nc,ASCAT_SWI,10.04,Success
2019-10-03T12:00:00.000000Z,c_gls_SWI_201910041200_GLOBE_ASCAT_V4.0.1_nc,ASCAT_SWI,10.24,Success
2019-10-07T12:00:00.000000Z,c_gls_SWI_201910081200_GLOBE_ASCAT_V4.0.1_nc,ASCAT_SWI,9.96,Success
2019-10-09T12:00:00.000000Z,c_gls_SWI_201910101200_GLOBE_ASCAT_V4.0.1_nc,ASCAT_SWI,9.84,Success
2019-10-11T12:00:00.000000Z,c_gls_SWI_201910121200_GLOBE_ASCAT_V4.0.1_nc,ASCAT_SWI,9.72,Success
2019-10-12T12:00:00.000000Z,c_gls_SWI_201910131200_GLOBE_ASCAT_V4.0.1_nc,ASCAT_SWI,9.63,Success
2019-10-14T12:00:00.000000Z,c_gls_SWI_201910151200_GLOBE_ASCAT_V4.0.1_nc,ASCAT_SWI,9.49,Success
2019-10-13T12:00:00.000000Z,c_gls_SWI_201910141200_GLOBE_ASCAT_V4.0.1_nc,ASCAT_SWI,9.55,Success
2019-10-19T12:00:00.000000Z,c_gls_SWI_201910201200_GLOBE_ASCAT_V4.0.1_nc,ASCAT_SWI,9.35,Success
2019-10-18T12:00:00.000000Z,c_gls_SWI_201910191200_GLOBE_ASCAT_V4.0.1_nc,ASCAT_SWI,9.41,Success
2019-10-22T12:00:00.000000Z,c_gls_SWI_201910231200_GLOBE_ASCAT_V4.0.1_nc,ASCAT_SWI,9.11,Success
2019-10-21T12:00:00.000000Z,c_gls_SWI_201910221200_GLOBE_ASCAT_V4.0.1_nc,ASCAT_SWI,9.18,Success
2019-10-23T12:00:00.000000Z,c_gls_SWI_201910241200_GLOBE_ASCAT_V4.0.1_nc,ASCAT_SWI,9.04,Success
2019-10-24T12:00:00.000000Z,c_gls_SWI_201910251200_GLOBE_ASCAT_V4.0.1_nc,ASCAT_SWI,8.98,Success
2019-10-27T12:00:00.000000Z,c_gls_SWI_201910281200_GLOBE_ASCAT_V4.0.1_nc,ASCAT_SWI,8.89,Success
2019-10-29T12:00:00.000000Z,c_gls_SWI_201910301200_GLOBE_ASCAT_V4.0.1_nc,ASCAT_SWI,8.81,Success
2019-11-23T12:00:00.000000Z,c_gls_SWI_201911241200_GLOBE_ASCAT_V4.0.1_nc,ASCAT_SWI,8.06,Success
2019-11-05T12:00:00.000000Z,c_gls_SWI_201911061200_GLOBE_ASCAT_V4.0.1_nc,ASCAT_SWI,8.95,Success
2019-12-07T12:00:00.000000Z,c_gls_SWI_201912081200_GLOBE_ASCAT_V4.0.1_nc,ASCAT_SWI,7.84,Success
2019-11-01T12:00:00.000000Z,c_gls_SWI_201911021200_GLOBE_ASCAT_V4.0.1_nc,ASCAT_SWI,9.12,Success
2019-11-04T12:00:00.000000Z,c_gls_SWI_201911051200_GLOBE_ASCAT_V4.0.1_nc,ASCAT_SWI,9.01,Success
2019-11-10T12:00:00.000000Z,c_gls_SWI_201911111200_GLOBE_ASCAT_V4.0.1_nc,ASCAT_SWI,8.63,Success
2019-12-05T12:00:00.000000Z,c_gls_SWI_201912061200_GLOBE_ASCAT_V4.0.1_nc,ASCAT_SWI,7.94,Success
2019-11-08T12:00:00.000000Z,c_gls_SWI_201911091200_GLOBE_ASCAT_V4.0.1_nc,ASCAT_SWI,8.73,Success
2019-11-14T12:00:00.000000Z,c_gls_SWI_201911151200_GLOBE_ASCAT_V4.0.1_nc,ASCAT_SWI,8.43,Success
2019-11-15T12:00:00.000000Z,c_gls_SWI_201911161200_GLOBE_ASCAT_V4.0.1_nc,ASCAT_SWI,8.38,Success
2019-11-16T12:00:00.000000Z,c_gls_SWI_201911171200_GLOBE_ASCAT_V4.0.1_nc,ASCAT_SWI,8.31,Success
2019-11-17T12:00:00.000000Z,c_gls_SWI_201911181200_GLOBE_ASCAT_V4.0.1_nc,ASCAT_SWI,8.28,Success
2019-11-18T12:00:00.000000Z,c_gls_SWI_201911191200_GLOBE_ASCAT_V4.0.1_nc,ASCAT_SWI,8.25,Success
2019-11-30T12:00:00.000000Z,c_gls_SWI_201912011200_GLOBE_ASCAT_V4.0.1_nc,ASCAT_SWI,7.98,Success
2019-11-24T12:00:00.000000Z,c_gls_SWI_201911251200_GLOBE_ASCAT_V4.0.1_nc,ASCAT_SWI,8.0,Success
2019-12-17T12:00:00.000000Z,c_gls_SWI_201912181200_GLOBE_ASCAT_V4.0.1_nc,ASCAT_SWI,7.56,Success
2019-11-25T12:00:00.000000Z,c_gls_SWI_201911261200_GLOBE_ASCAT_V4.0.1_nc,ASCAT_SWI,7.96,Success
2019-11-22T12:00:00.000000Z,c_gls_SWI_201911231200_GLOBE_ASCAT_V4.0.1_nc,ASCAT_SWI,8.12,Success
2019-11-28T12:00:00.000000Z,c_gls_SWI_201911291200_GLOBE_ASCAT_V4.0.1_nc,ASCAT_SWI,7.78,Success
2019-12-03T12:00:00.000000Z,c_gls_SWI_201912041200_GLOBE_ASCAT_V4.0.1_nc,ASCAT_SWI,8.03,Success
2019-12-20T12:00:00.000000Z,c_gls_SWI_201912211200_GLOBE_ASCAT_V4.0.1_nc,ASCAT_SWI,7.49,Success
2019-12-10T12:00:00.000000Z,c_gls_SWI_201912111200_GLOBE_ASCAT_V4.0.1_nc,ASCAT_SWI,7.75,Success
2019-12-02T12:00:00.000000Z,c_gls_SWI_201912031200_GLOBE_ASCAT_V4.0.1_nc,ASCAT_SWI,8.07,Success
2019-12-11T12:00:00.000000Z,c_gls_SWI_201912121200_GLOBE_ASCAT_V4.0.1_nc,ASCAT_SWI,7.71,Success
2019-12-14T12:00:00.000000Z,c_gls_SWI_201912151200_GLOBE_ASCAT_V4.0.1_nc,ASCAT_SWI,7.64,Success
2019-12-19T12:00:00.000000Z,c_gls_SWI_201912201200_GLOBE_ASCAT_V4.0.1_nc,ASCAT_SWI,7.55,Success
2019-12-24T12:00:00.000000Z,c_gls_SWI_201912251200_GLOBE_ASCAT_V4.0.1_nc,ASCAT_SWI,7.41,Success
2019-12-27T12:00:00.000000Z,c_gls_SWI_201912281200_GLOBE_ASCAT_V4.0.1_nc,ASCAT_SWI,7.4,Success
2019-12-29T12:00:00.000000Z,c_gls_SWI_201912301200_GLOBE_ASCAT_V4.0.1_nc,ASCAT_SWI,7.36,Success
2019-12-28T12:00:00.000000Z,c_gls_SWI_201912291200_GLOBE_ASCAT_V4.0.1_nc,ASCAT_SWI,7.39,Success
2019-12-22T12:00:00.000000Z,c_gls_SWI_201912231200_GLOBE_ASCAT_V4.0.1_nc,ASCAT_SWI,7.44,Success
2019-12-31T12:00:00.000000Z,c_gls_SWI_202001011200_GLOBE_ASCAT_V4.0.1_nc,ASCAT_SWI,7.56,Success
2019-12-30T12:00:00.000000Z,c_gls_SWI_201912311200_GLOBE_ASCAT_V4.0.1_nc,ASCAT_SWI,7.31,Success
2019-12-12T12:00:00.000000Z,c_gls_SWI_201912131200_GLOBE_ASCAT_V4.0.1_nc,ASCAT_SWI,7.68,Success
2019-02-06T12:00:00.000000Z,c_gls_SWI_201902071200_GLOBE_ASCAT_V3.1.1_nc,ASCAT_SWI,8.45,Success
2019-02-26T12:00:00.000000Z,c_gls_SWI_201902271200_GLOBE_ASCAT_V3.1.1_nc,ASCAT_SWI,8.46,Success
2019-09-29T12:00:00.000000Z,c_gls_SWI_201909301200_GLOBE_ASCAT_V3.1.1_nc,ASCAT_SWI,9.1,Success
2019-09-30T12:00:00.000000Z,c_gls_SWI_201910011200_GLOBE_ASCAT_V3.1.1_nc,ASCAT_SWI,9.12,Success
2019-09-22T12:00:00.000000Z,c_gls_SWI_201909231200_GLOBE_ASCAT_V3.1.1_nc,ASCAT_SWI,9.05,Success
2019-09-20T12:00:00.000000Z,c_gls_SWI_201909211200_GLOBE_ASCAT_V3.1.1_nc,ASCAT_SWI,9.04,Success
2019-09-26T12:00:00.000000Z,c_gls_SWI_201909271200_GLOBE_ASCAT_V3.1.1_nc,ASCAT_SWI,9.08,Success
2019-09-25T12:00:00.000000Z,c_gls_SWI_201909261200_GLOBE_ASCAT_V3.1.1_nc,ASCAT_SWI,9.08,Success
2019-09-23T12:00:00.000000Z,c_gls_SWI_201909241200_GLOBE_ASCAT_V3.1.1_nc,ASCAT_SWI,9.06,Success
2019-09-18T12:00:00.000000Z,c_gls_SWI_201909191200_GLOBE_ASCAT_V3.1.1_nc,ASCAT_SWI,9.03,Success
2019-09-19T12:00:00.000000Z,c_gls_SWI_201909201200_GLOBE_ASCAT_V3.1.1_nc,ASCAT_SWI,9.04,Success
2019-09-08T12:00:00.000000Z,c_gls_SWI_201909091200_GLOBE_ASCAT_V3.1.1_nc,ASCAT_SWI,9.0,Success
2019-09-15T12:00:00.000000Z,c_gls_SWI_201909161200_GLOBE_ASCAT_V3.1.1_nc,ASCAT_SWI,9.03,Success
2019-09-07T12:00:00.000000Z,c_gls_SWI_201909081200_GLOBE_ASCAT_V3.1.1_nc,ASCAT_SWI,9.0,Success
2019-09-13T12:00:00.000000Z,c_gls_SWI_201909141200_GLOBE_ASCAT_V3.1.1_nc,ASCAT_SWI,9.01,Success
2019-09-12T12:00:00.000000Z,c_gls_SWI_201909131200_GLOBE_ASCAT_V3.1.1_nc,ASCAT_SWI,9.01,Success
2019-09-24T12:00:00.000000Z,c_gls_SWI_201909251200_GLOBE_ASCAT_V3.1.1_nc,ASCAT_SWI,9.06,Success
2019-09-10T12:00:00.000000Z,c_gls_SWI_201909111200_GLOBE_ASCAT_V3.1.1_nc,ASCAT_SWI,9.0,Success
2019-09-02T12:00:00.000000Z,c_gls_SWI_201909031200_GLOBE_ASCAT_V3.1.1_nc,ASCAT_SWI,9.01,Success
2019-09-04T12:00:00.000000Z,c_gls_SWI_201909051200_GLOBE_ASCAT_V3.1.1_nc,ASCAT_SWI,9.0,Success
2019-09-05T12:00:00.000000Z,c_gls_SWI_201909061200_GLOBE_ASCAT_V3.1.1_nc,ASCAT_SWI,9.01,Success
2019-09-03T12:00:00.000000Z,c_gls_SWI_201909041200_GLOBE_ASCAT_V3.1.1_nc,ASCAT_SWI,9.0,Success
2019-09-27T12:00:00.000000Z,c_gls_SWI_201909281200_GLOBE_ASCAT_V3.1.1_nc,ASCAT_SWI,9.08,Success
2019-09-09T12:00:00.000000Z,c_gls_SWI_201909101200_GLOBE_ASCAT_V3.1.1_nc,ASCAT_SWI,9.0,Success
2019-09-21T12:00:00.000000Z,c_gls_SWI_201909221200_GLOBE_ASCAT_V3.1.1_nc,ASCAT_SWI,9.05,Success
2019-09-01T12:00:00.000000Z,c_gls_SWI_201909021200_GLOBE_ASCAT_V3.1.1_nc,ASCAT_SWI,9.01,Success
2019-05-03T12:00:00.000000Z,c_gls_SWI_201905041200_GLOBE_ASCAT_V3.1.1_nc,ASCAT_SWI,9.45,Success
2019-05-24T12:00:00.000000Z,c_gls_SWI_201905251200_GLOBE_ASCAT_V3.1.1_nc,ASCAT_SWI,9.58,Success
2019-05-31T12:00:00.000000Z,c_gls_SWI_201906011200_GLOBE_ASCAT_V3.1.1_nc,ASCAT_SWI,9.49,Success
2019-05-28T12:00:00.000000Z,c_gls_SWI_201905291200_GLOBE_ASCAT_V3.1.1_nc,ASCAT_SWI,9.53,Success
2019-05-27T12:00:00.000000Z,c_gls_SWI_201905281200_GLOBE_ASCAT_V3.1.1_nc,ASCAT_SWI,9.55,Success
2019-05-29T12:00:00.000000Z,c_gls_SWI_201905301200_GLOBE_ASCAT_V3.1.1_nc,ASCAT_SWI,9.51,Success
2019-05-18T12:00:00.000000Z,c_gls_SWI_201905191200_GLOBE_ASCAT_V3.1.1_nc,ASCAT_SWI,9.55,Success
2019-05-23T12:00:00.000000Z,c_gls_SWI_201905241200_GLOBE_ASCAT_V3.1.1_nc,ASCAT_SWI,9.59,Success
2019-05-17T12:00:00.000000Z,c_gls_SWI_201905181200_GLOBE_ASCAT_V3.1.1_nc,ASCAT_SWI,9.53,Success
2019-05-16T12:00:00.000000Z,c_gls_SWI_201905171200_GLOBE_ASCAT_V3.1.1_nc,ASCAT_SWI,9.52,Success
2019-05-25T12:00:00.000000Z,c_gls_SWI_201905261200_GLOBE_ASCAT_V3.1.1_nc,ASCAT_SWI,9.56,Success
2019-05-19T12:00:00.000000Z,c_gls_SWI_201905201200_GLOBE_ASCAT_V3.1.1_nc,ASCAT_SWI,9.56,Success
2019-05-22T12:00:00.000000Z,c_gls_SWI_201905231200_GLOBE_ASCAT_V3.1.1_nc,ASCAT_SWI,9.59,Success
2019-05-26T12:00:00.000000Z,c_gls_SWI_201905271200_GLOBE_ASCAT_V3.1.1_nc,ASCAT_SWI,9.55,Success
2019-05-20T12:00:00.000000Z,c_gls_SWI_201905211200_GLOBE_ASCAT_V3.1.1_nc,ASCAT_SWI,9.56,Success
2019-05-21T12:00:00.000000Z,c_gls_SWI_201905221200_GLOBE_ASCAT_V3.1.1_nc,ASCAT_SWI,9.58,Success
2019-05-15T12:00:00.000000Z,c_gls_SWI_201905161200_GLOBE_ASCAT_V3.1.1_nc,ASCAT_SWI,9.5,Success
2019-05-14T12:00:00.000000Z,c_gls_SWI_201905151200_GLOBE_ASCAT_V3.1.1_nc,ASCAT_SWI,9.5,Success
2019-05-06T12:00:00.000000Z,c_gls_SWI_201905071200_GLOBE_ASCAT_V3.1.1_nc,ASCAT_SWI,9.43,Success
2019-05-08T12:00:00.000000Z,c_gls_SWI_201905091200_GLOBE_ASCAT_V3.1.1_nc,ASCAT_SWI,9.45,Success
2019-05-12T12:00:00.000000Z,c_gls_SWI_201905131200_GLOBE_ASCAT_V3.1.1_nc,ASCAT_SWI,9.48,Success
2019-05-05T12:00:00.000000Z,c_gls_SWI_201905061200_GLOBE_ASCAT_V3.1.1_nc,ASCAT_SWI,9.43,Success
2019-05-09T12:00:00.000000Z,c_gls_SWI_201905101200_GLOBE_ASCAT_V3.1.1_nc,ASCAT_SWI,9.46,Success
2019-05-04T12:00:00.000000Z,c_gls_SWI_201905051200_GLOBE_ASCAT_V3.1.1_nc,ASCAT_SWI,9.45,Success
2019-05-10T12:00:00.000000Z,c_gls_SWI_201905111200_GLOBE_ASCAT_V3.1.1_nc,ASCAT_SWI,9.46,Success
2019-05-11T12:00:00.000000Z,c_gls_SWI_201905121200_GLOBE_ASCAT_V3.1.1_nc,ASCAT_SWI,9.47,Success
2019-05-07T12:00:00.000000Z,c_gls_SWI_201905081200_GLOBE_ASCAT_V3.1.1_nc,ASCAT_SWI,9.43,Success
2019-05-01T12:00:00.000000Z,c_gls_SWI_201905021200_GLOBE_ASCAT_V3.1.1_nc,ASCAT_SWI,9.42,Success
2019-05-02T12:00:00.000000Z,c_gls_SWI_201905031200_GLOBE_ASCAT_V3.1.1_nc,ASCAT_SWI,9.44,Success
2019-07-07T12:00:00.000000Z,c_gls_SWI_201907081200_GLOBE_ASCAT_V3.1.1_nc,ASCAT_SWI,9.11,Success
2019-04-27T12:00:00.000000Z,c_gls_SWI_201904281200_GLOBE_ASCAT_V3.1.1_nc,ASCAT_SWI,9.35,Success
2019-04-21T12:00:00.000000Z,c_gls_SWI_201904221200_GLOBE_ASCAT_V3.1.1_nc,ASCAT_SWI,9.19,Success
2019-04-03T12:00:00.000000Z,c_gls_SWI_201904041200_GLOBE_ASCAT_V3.1.1_nc,ASCAT_SWI,8.83,Success
2019-04-04T12:00:00.000000Z,c_gls_SWI_201904051200_GLOBE_ASCAT_V3.1.1_nc,ASCAT_SWI,8.86,Success
2019-04-12T12:00:00.000000Z,c_gls_SWI_201904131200_GLOBE_ASCAT_V3.1.1_nc,ASCAT_SWI,8.99,Success
2019-04-30T12:00:00.000000Z,c_gls_SWI_201905011200_GLOBE_ASCAT_V3.1.1_nc,ASCAT_SWI,9.41,Success
2019-04-14T12:00:00.000000Z,c_gls_SWI_201904151200_GLOBE_ASCAT_V3.1.1_nc,ASCAT_SWI,9.05,Success
2019-04-11T12:00:00.000000Z,c_gls_SWI_201904121200_GLOBE_ASCAT_V3.1.1_nc,ASCAT_SWI,8.96,Success
2019-04-08T12:00:00.000000Z,c_gls_SWI_201904091200_GLOBE_ASCAT_V3.1.1_nc,ASCAT_SWI,8.91,Success
2019-04-15T12:00:00.000000Z,c_gls_SWI_201904161200_GLOBE_ASCAT_V3.1.1_nc,ASCAT_SWI,9.07,Success
2019-04-20T12:00:00.000000Z,c_gls_SWI_201904211200_GLOBE_ASCAT_V3.1.1_nc,ASCAT_SWI,9.18,Success
2019-04-25T12:00:00.000000Z,c_gls_SWI_201904261200_GLOBE_ASCAT_V3.1.1_nc,ASCAT_SWI,9.29,Success
2019-04-24T12:00:00.000000Z,c_gls_SWI_201904251200_GLOBE_ASCAT_V3.1.1_nc,ASCAT_SWI,9.28,Success
2019-04-13T12:00:00.000000Z,c_gls_SWI_201904141200_GLOBE_ASCAT_V3.1.1_nc,ASCAT_SWI,9.03,Success
2019-04-17T12:00:00.000000Z,c_gls_SWI_201904181200_GLOBE_ASCAT_V3.1.1_nc,ASCAT_SWI,9.12,Success
2019-04-26T12:00:00.000000Z,c_gls_SWI_201904271200_GLOBE_ASCAT_V3.1.1_nc,ASCAT_SWI,9.32,Success
2019-04-19T12:00:00.000000Z,c_gls_SWI_201904201200_GLOBE_ASCAT_V3.1.1_nc,ASCAT_SWI,9.17,Success
2019-04-05T12:00:00.000000Z,c_gls_SWI_201904061200_GLOBE_ASCAT_V3.1.1_nc,ASCAT_SWI,8.88,Success
2019-04-09T12:00:00.000000Z,c_gls_SWI_201904101200_GLOBE_ASCAT_V3.1.1_nc,ASCAT_SWI,8.92,Success
2019-04-22T12:00:00.000000Z,c_gls_SWI_201904231200_GLOBE_ASCAT_V3.1.1_nc,ASCAT_SWI,9.23,Success
2019-04-16T12:00:00.000000Z,c_gls_SWI_201904171200_GLOBE_ASCAT_V3.1.1_nc,ASCAT_SWI,9.11,Success
2019-04-01T12:00:00.000000Z,c_gls_SWI_201904021200_GLOBE_ASCAT_V3.1.1_nc,ASCAT_SWI,8.79,Success
2019-04-07T12:00:00.000000Z,c_gls_SWI_201904081200_GLOBE_ASCAT_V3.1.1_nc,ASCAT_SWI,8.89,Success
2019-04-06T12:00:00.000000Z,c_gls_SWI_201904071200_GLOBE_ASCAT_V3.1.1_nc,ASCAT_SWI,8.89,Success
2019-07-26T12:00:00.000000Z,c_gls_SWI_201907271200_GLOBE_ASCAT_V3.1.1_nc,ASCAT_SWI,9.05,Success
2019-07-20T12:00:00.000000Z,c_gls_SWI_201907211200_GLOBE_ASCAT_V3.1.1_nc,ASCAT_SWI,9.08,Success
2019-08-22T12:00:00.000000Z,c_gls_SWI_201908231200_GLOBE_ASCAT_V3.1.1_nc,ASCAT_SWI,9.06,Success
2019-07-01T12:00:00.000000Z,c_gls_SWI_201907021200_GLOBE_ASCAT_V3.1.1_nc,ASCAT_SWI,9.19,Success
2019-09-17T12:00:00.000000Z,c_gls_SWI_201909181200_GLOBE_ASCAT_V3.1.1_nc,ASCAT_SWI,9.03,Success
2019-07-28T12:00:00.000000Z,c_gls_SWI_201907291200_GLOBE_ASCAT_V3.1.1_nc,ASCAT_SWI,9.05,Success
2019-09-28T12:00:00.000000Z,c_gls_SWI_201909291200_GLOBE_ASCAT_V3.1.1_nc,ASCAT_SWI,9.09,Success
2019-07-23T12:00:00.000000Z,c_gls_SWI_201907241200_GLOBE_ASCAT_V3.1.1_nc,ASCAT_SWI,9.07,Success
2019-03-21T12:00:00.000000Z,c_gls_SWI_201903221200_GLOBE_ASCAT_V3.1.1_nc,ASCAT_SWI,8.6,Success
2019-03-30T12:00:00.000000Z,c_gls_SWI_201903311200_GLOBE_ASCAT_V3.1.1_nc,ASCAT_SWI,8.74,Success
2019-03-12T12:00:00.000000Z,c_gls_SWI_201903131200_GLOBE_ASCAT_V3.1.1_nc,ASCAT_SWI,8.58,Success
2019-03-15T12:00:00.000000Z,c_gls_SWI_201903161200_GLOBE_ASCAT_V3.1.1_nc,ASCAT_SWI,8.57,Success
2019-03-19T12:00:00.000000Z,c_gls_SWI_201903201200_GLOBE_ASCAT_V3.1.1_nc,ASCAT_SWI,8.6,Success
2019-03-10T12:00:00.000000Z,c_gls_SWI_201903111200_GLOBE_ASCAT_V3.1.1_nc,ASCAT_SWI,8.54,Success
2019-03-09T12:00:00.000000Z,c_gls_SWI_201903101200_GLOBE_ASCAT_V3.1.1_nc,ASCAT_SWI,8.52,Success
2019-03-02T12:00:00.000000Z,c_gls_SWI_201903031200_GLOBE_ASCAT_V3.1.1_nc,ASCAT_SWI,8.45,Success
2019-03-11T12:00:00.000000Z,c_gls_SWI_201903121200_GLOBE_ASCAT_V3.1.1_nc,ASCAT_SWI,8.54,Success
2019-03-01T12:00:00.000000Z,c_gls_SWI_201903021200_GLOBE_ASCAT_V3.1.1_nc,ASCAT_SWI,8.45,Success
2019-03-29T12:00:00.000000Z,c_gls_SWI_201903301200_GLOBE_ASCAT_V3.1.1_nc,ASCAT_SWI,8.71,Success
2019-06-27T12:00:00.000000Z,c_gls_SWI_201906281200_GLOBE_ASCAT_V3.1.1_nc,ASCAT_SWI,9.2,Success
2019-06-14T12:00:00.000000Z,c_gls_SWI_201906151200_GLOBE_ASCAT_V3.1.1_nc,ASCAT_SWI,9.38,Success
2019-08-31T12:00:00.000000Z,c_gls_SWI_201909011200_GLOBE_ASCAT_V3.1.1_nc,ASCAT_SWI,9.01,Success
2019-08-28T12:00:00.000000Z,c_gls_SWI_201908291200_GLOBE_ASCAT_V3.1.1_nc,ASCAT_SWI,9.02,Success
2019-08-29T12:00:00.000000Z,c_gls_SWI_201908301200_GLOBE_ASCAT_V3.1.1_nc,ASCAT_SWI,9.01,Success
2019-08-30T12:00:00.000000Z,c_gls_SWI_201908311200_GLOBE_ASCAT_V3.1.1_nc,ASCAT_SWI,9.01,Success
2019-08-10T12:00:00.000000Z,c_gls_SWI_201908111200_GLOBE_ASCAT_V3.1.1_nc,ASCAT_SWI,9.09,Success
2019-08-15T12:00:00.000000Z,c_gls_SWI_201908161200_GLOBE_ASCAT_V3.1.1_nc,ASCAT_SWI,9.05,Success
2019-08-21T12:00:00.000000Z,c_gls_SWI_201908221200_GLOBE_ASCAT_V3.1.1_nc,ASCAT_SWI,9.1,Success
2019-08-11T12:00:00.000000Z,c_gls_SWI_201908121200_GLOBE_ASCAT_V3.1.1_nc,ASCAT_SWI,9.07,Success
2019-08-01T12:00:00.000000Z,c_gls_SWI_201908021200_GLOBE_ASCAT_V3.1.1_nc,ASCAT_SWI,9.29,Success
2019-08-13T12:00:00.000000Z,c_gls_SWI_201908141200_GLOBE_ASCAT_V3.1.1_nc,ASCAT_SWI,9.07,Success
2019-08-03T12:00:00.000000Z,c_gls_SWI_201908041200_GLOBE_ASCAT_V3.1.1_nc,ASCAT_SWI,9.4,Success
2019-08-07T12:00:00.000000Z,c_gls_SWI_201908081200_GLOBE_ASCAT_V3.1.1_nc,ASCAT_SWI,9.16,Success
2019-08-04T12:00:00.000000Z,c_gls_SWI_201908051200_GLOBE_ASCAT_V3.1.1_nc,ASCAT_SWI,9.46,Success
2019-08-06T12:00:00.000000Z,c_gls_SWI_201908071200_GLOBE_ASCAT_V3.1.1_nc,ASCAT_SWI,9.23,Success
2019-08-18T12:00:00.000000Z,c_gls_SWI_201908191200_GLOBE_ASCAT_V3.1.1_nc,ASCAT_SWI,9.04,Success
2019-08-02T12:00:00.000000Z,c_gls_SWI_201908031200_GLOBE_ASCAT_V3.1.1_nc,ASCAT_SWI,9.34,Success
2019-08-05T12:00:00.000000Z,c_gls_SWI_201908061200_GLOBE_ASCAT_V3.1.1_nc,ASCAT_SWI,9.35,Success
2019-08-09T12:00:00.000000Z,c_gls_SWI_201908101200_GLOBE_ASCAT_V3.1.1_nc,ASCAT_SWI,9.09,Success
2019-08-08T12:00:00.000000Z,c_gls_SWI_201908091200_GLOBE_ASCAT_V3.1.1_nc,ASCAT_SWI,9.14,Success
2019-08-19T12:00:00.000000Z,c_gls_SWI_201908201200_GLOBE_ASCAT_V3.1.1_nc,ASCAT_SWI,9.08,Success
2019-08-20T12:00:00.000000Z,c_gls_SWI_201908211200_GLOBE_ASCAT_V3.1.1_nc,ASCAT_SWI,9.1,Success
2019-08-14T12:00:00.000000Z,c_gls_SWI_201908151200_GLOBE_ASCAT_V3.1.1_nc,ASCAT_SWI,9.05,Success
2019-08-23T12:00:00.000000Z,c_gls_SWI_201908241200_GLOBE_ASCAT_V3.1.1_nc,ASCAT_SWI,9.04,Success
2019-08-16T12:00:00.000000Z,c_gls_SWI_201908171200_GLOBE_ASCAT_V3.1.1_nc,ASCAT_SWI,9.04,Success
2019-08-24T12:00:00.000000Z,c_gls_SWI_201908251200_GLOBE_ASCAT_V3.1.1_nc,ASCAT_SWI,9.02,Success
2019-08-26T12:00:00.000000Z,c_gls_SWI_201908271200_GLOBE_ASCAT_V3.1.1_nc,ASCAT_SWI,9.02,Success
2019-08-25T12:00:00.000000Z,c_gls_SWI_201908261200_GLOBE_ASCAT_V3.1.1_nc,ASCAT_SWI,9.02,Success
2019-06-12T12:00:00.000000Z,c_gls_SWI_201906131200_GLOBE_ASCAT_V3.1.1_nc,ASCAT_SWI,9.39,Success
2019-06-04T12:00:00.000000Z,c_gls_SWI_201906051200_GLOBE_ASCAT_V3.1.1_nc,ASCAT_SWI,9.47,Success
2019-06-13T12:00:00.000000Z,c_gls_SWI_201906141200_GLOBE_ASCAT_V3.1.1_nc,ASCAT_SWI,9.39,Success
2019-06-07T12:00:00.000000Z,c_gls_SWI_201906081200_GLOBE_ASCAT_V3.1.1_nc,ASCAT_SWI,9.45,Success
2019-06-05T12:00:00.000000Z,c_gls_SWI_201906061200_GLOBE_ASCAT_V3.1.1_nc,ASCAT_SWI,9.46,Success
2019-06-11T12:00:00.000000Z,c_gls_SWI_201906121200_GLOBE_ASCAT_V3.1.1_nc,ASCAT_SWI,9.41,Success
2019-06-09T12:00:00.000000Z,c_gls_SWI_201906101200_GLOBE_ASCAT_V3.1.1_nc,ASCAT_SWI,9.43,Success
2019-06-10T12:00:00.000000Z,c_gls_SWI_201906111200_GLOBE_ASCAT_V3.1.1_nc,ASCAT_SWI,9.43,Success
2019-06-02T12:00:00.000000Z,c_gls_SWI_201906031200_GLOBE_ASCAT_V3.1.1_nc,ASCAT_SWI,9.48,Success
2019-06-06T12:00:00.000000Z,c_gls_SWI_201906071200_GLOBE_ASCAT_V3.1.1_nc,ASCAT_SWI,9.46,Success
2019-06-01T12:00:00.000000Z,c_gls_SWI_201906021200_GLOBE_ASCAT_V3.1.1_nc,ASCAT_SWI,9.48,Success
2019-06-08T12:00:00.000000Z,c_gls_SWI_201906091200_GLOBE_ASCAT_V3.1.1_nc,ASCAT_SWI,9.43,Success
2019-06-03T12:00:00.000000Z,c_gls_SWI_201906041200_GLOBE_ASCAT_V3.1.1_nc,ASCAT_SWI,9.46,Success
2019-01-18T12:00:00.000000Z,c_gls_SWI_201901191200_GLOBE_ASCAT_V3.1.1_nc,ASCAT_SWI,8.59,Success
2019-01-30T12:00:00.000000Z,c_gls_SWI_201901311200_GLOBE_ASCAT_V3.1.1_nc,ASCAT_SWI,8.47,Success
2019-01-29T12:00:00.000000Z,c_gls_SWI_201901301200_GLOBE_ASCAT_V3.1.1_nc,ASCAT_SWI,8.47,Success
2019-01-24T12:00:00.000000Z,c_gls_SWI_201901251200_GLOBE_ASCAT_V3.1.1_nc,ASCAT_SWI,8.49,Success
2019-01-28T12:00:00.000000Z,c_gls_SWI_201901291200_GLOBE_ASCAT_V3.1.1_nc,ASCAT_SWI,8.47,Success
2019-01-08T12:00:00.000000Z,c_gls_SWI_201901091200_GLOBE_ASCAT_V3.1.1_nc,ASCAT_SWI,8.68,Success
2019-01-15T12:00:00.000000Z,c_gls_SWI_201901161200_GLOBE_ASCAT_V3.1.1_nc,ASCAT_SWI,8.62,Success
2019-01-22T12:00:00.000000Z,c_gls_SWI_201901231200_GLOBE_ASCAT_V3.1.1_nc,ASCAT_SWI,8.52,Success
2019-01-26T12:00:00.000000Z,c_gls_SWI_201901271200_GLOBE_ASCAT_V3.1.1_nc,ASCAT_SWI,8.48,Success
2019-01-25T12:00:00.000000Z,c_gls_SWI_201901261200_GLOBE_ASCAT_V3.1.1_nc,ASCAT_SWI,8.48,Success
2019-01-06T12:00:00.000000Z,c_gls_SWI_201901071200_GLOBE_ASCAT_V3.1.1_nc,ASCAT_SWI,8.71,Success
2019-01-14T12:00:00.000000Z,c_gls_SWI_201901151200_GLOBE_ASCAT_V3.1.1_nc,ASCAT_SWI,8.62,Success
2019-01-27T12:00:00.000000Z,c_gls_SWI_201901281200_GLOBE_ASCAT_V3.1.1_nc,ASCAT_SWI,8.47,Success
2019-01-17T12:00:00.000000Z,c_gls_SWI_201901181200_GLOBE_ASCAT_V3.1.1_nc,ASCAT_SWI,8.6,Success
2019-01-10T12:00:00.000000Z,c_gls_SWI_201901111200_GLOBE_ASCAT_V3.1.1_nc,ASCAT_SWI,8.66,Success
2019-01-02T12:00:00.000000Z,c_gls_SWI_201901031200_GLOBE_ASCAT_V3.1.1_nc,ASCAT_SWI,8.8,Success
2019-01-13T12:00:00.000000Z,c_gls_SWI_201901141200_GLOBE_ASCAT_V3.1.1_nc,ASCAT_SWI,8.65,Success
2019-01-11T12:00:00.000000Z,c_gls_SWI_201901121200_GLOBE_ASCAT_V3.1.1_nc,ASCAT_SWI,8.66,Success
2019-01-21T12:00:00.000000Z,c_gls_SWI_201901221200_GLOBE_ASCAT_V3.1.1_nc,ASCAT_SWI,8.54,Success
2019-01-16T12:00:00.000000Z,c_gls_SWI_201901171200_GLOBE_ASCAT_V3.1.1_nc,ASCAT_SWI,8.61,Success
2019-01-07T12:00:00.000000Z,c_gls_SWI_201901081200_GLOBE_ASCAT_V3.1.1_nc,ASCAT_SWI,8.69,Success
2019-01-12T12:00:00.000000Z,c_gls_SWI_201901131200_GLOBE_ASCAT_V3.1.1_nc,ASCAT_SWI,8.66,Success
2019-01-23T12:00:00.000000Z,c_gls_SWI_201901241200_GLOBE_ASCAT_V3.1.1_nc,ASCAT_SWI,8.5,Success
2019-01-03T12:00:00.000000Z,c_gls_SWI_201901041200_GLOBE_ASCAT_V3.1.1_nc,ASCAT_SWI,8.79,Success
2019-01-20T12:00:00.000000Z,c_gls_SWI_201901211200_GLOBE_ASCAT_V3.1.1_nc,ASCAT_SWI,8.55,Success
2019-01-09T12:00:00.000000Z,c_gls_SWI_201901101200_GLOBE_ASCAT_V3.1.1_nc,ASCAT_SWI,8.67,Success
2019-01-01T12:00:00.000000Z,c_gls_SWI_201901021200_GLOBE_ASCAT_V3.1.1_nc,ASCAT_SWI,8.81,Success
2019-01-05T12:00:00.000000Z,c_gls_SWI_201901061200_GLOBE_ASCAT_V3.1.1_nc,ASCAT_SWI,8.73,Success
2019-04-18T12:00:00.000000Z,c_gls_SWI_201904191200_GLOBE_ASCAT_V3.1.1_nc,ASCAT_SWI,9.15,Success
2019-04-10T12:00:00.000000Z,c_gls_SWI_201904111200_GLOBE_ASCAT_V3.1.1_nc,ASCAT_SWI,8.94,Success
2019-04-29T12:00:00.000000Z,c_gls_SWI_201904301200_GLOBE_ASCAT_V3.1.1_nc,ASCAT_SWI,9.4,Success
2019-04-02T12:00:00.000000Z,c_gls_SWI_201904031200_GLOBE_ASCAT_V3.1.1_nc,ASCAT_SWI,8.82,Success
2019-01-31T12:00:00.000000Z,c_gls_SWI_201902011200_GLOBE_ASCAT_V3.1.1_nc,ASCAT_SWI,8.47,Success
2019-01-04T12:00:00.000000Z,c_gls_SWI_201901051200_GLOBE_ASCAT_V3.1.1_nc,ASCAT_SWI,8.76,Success
2019-01-19T12:00:00.000000Z,c_gls_SWI_201901201200_GLOBE_ASCAT_V3.1.1_nc,ASCAT_SWI,8.57,Success
2019-08-17T12:00:00.000000Z,c_gls_SWI_201908181200_GLOBE_ASCAT_V3.1.1_nc,ASCAT_SWI,9.04,Success
2019-08-27T12:00:00.000000Z,c_gls_SWI_201908281200_GLOBE_ASCAT_V3.1.1_nc,ASCAT_SWI,9.02,Success
2019-08-12T12:00:00.000000Z,c_gls_SWI_201908131200_GLOBE_ASCAT_V3.1.1_nc,ASCAT_SWI,9.07,Success
2019-03-22T12:00:00.000000Z,c_gls_SWI_201903231200_GLOBE_ASCAT_V3.1.1_nc,ASCAT_SWI,8.61,Success
2019-03-05T12:00:00.000000Z,c_gls_SWI_201903061200_GLOBE_ASCAT_V3.1.1_nc,ASCAT_SWI,8.48,Success
2019-03-27T12:00:00.000000Z,c_gls_SWI_201903281200_GLOBE_ASCAT_V3.1.1_nc,ASCAT_SWI,8.69,Success
2019-03-16T12:00:00.000000Z,c_gls_SWI_201903171200_GLOBE_ASCAT_V3.1.1_nc,ASCAT_SWI,8.58,Success
2019-03-26T12:00:00.000000Z,c_gls_SWI_201903271200_GLOBE_ASCAT_V3.1.1_nc,ASCAT_SWI,8.68,Success
2019-03-28T12:00:00.000000Z,c_gls_SWI_201903291200_GLOBE_ASCAT_V3.1.1_nc,ASCAT_SWI,8.7,Success
2019-03-31T12:00:00.000000Z,c_gls_SWI_201904011200_GLOBE_ASCAT_V3.1.1_nc,ASCAT_SWI,8.76,Success
2019-03-24T12:00:00.000000Z,c_gls_SWI_201903251200_GLOBE_ASCAT_V3.1.1_nc,ASCAT_SWI,8.63,Success
2019-03-25T12:00:00.000000Z,c_gls_SWI_201903261200_GLOBE_ASCAT_V3.1.1_nc,ASCAT_SWI,8.66,Success
2019-03-07T12:00:00.000000Z,c_gls_SWI_201903081200_GLOBE_ASCAT_V3.1.1_nc,ASCAT_SWI,8.5,Success
2019-03-13T12:00:00.000000Z,c_gls_SWI_201903141200_GLOBE_ASCAT_V3.1.1_nc,ASCAT_SWI,8.58,Success
2019-03-08T12:00:00.000000Z,c_gls_SWI_201903091200_GLOBE_ASCAT_V3.1.1_nc,ASCAT_SWI,8.51,Success
2019-03-14T12:00:00.000000Z,c_gls_SWI_201903151200_GLOBE_ASCAT_V3.1.1_nc,ASCAT_SWI,8.56,Success
2019-03-20T12:00:00.000000Z,c_gls_SWI_201903211200_GLOBE_ASCAT_V3.1.1_nc,ASCAT_SWI,8.61,Success
2019-03-18T12:00:00.000000Z,c_gls_SWI_201903191200_GLOBE_ASCAT_V3.1.1_nc,ASCAT_SWI,8.58,Success
2019-03-23T12:00:00.000000Z,c_gls_SWI_201903241200_GLOBE_ASCAT_V3.1.1_nc,ASCAT_SWI,8.63,Success
2019-03-04T12:00:00.000000Z,c_gls_SWI_201903051200_GLOBE_ASCAT_V3.1.1_nc,ASCAT_SWI,8.46,Success
2019-03-03T12:00:00.000000Z,c_gls_SWI_201903041200_GLOBE_ASCAT_V3.1.1_nc,ASCAT_SWI,8.45,Success
2019-12-24T12:00:00.000000Z,c_gls_SWI_201912251200_GLOBE_ASCAT_V3.1.1_nc,ASCAT_SWI,8.97,Success
2019-12-03T12:00:00.000000Z,c_gls_SWI_201912041200_GLOBE_ASCAT_V3.1.1_nc,ASCAT_SWI,9.31,Success
2019-12-01T12:00:00.000000Z,c_gls_SWI_201912021200_GLOBE_ASCAT_V3.1.1_nc,ASCAT_SWI,9.35,Success
2019-12-23T12:00:00.000000Z,c_gls_SWI_201912241200_GLOBE_ASCAT_V3.1.1_nc,ASCAT_SWI,8.99,Success
2019-12-17T12:00:00.000000Z,c_gls_SWI_201912181200_GLOBE_ASCAT_V3.1.1_nc,ASCAT_SWI,9.1,Success
2019-12-10T12:00:00.000000Z,c_gls_SWI_201912111200_GLOBE_ASCAT_V3.1.1_nc,ASCAT_SWI,9.24,Success
2019-12-12T12:00:00.000000Z,c_gls_SWI_201912131200_GLOBE_ASCAT_V3.1.1_nc,ASCAT_SWI,9.2,Success
2019-12-15T12:00:00.000000Z,c_gls_SWI_201912161200_GLOBE_ASCAT_V3.1.1_nc,ASCAT_SWI,9.13,Success
2019-12-05T12:00:00.000000Z,c_gls_SWI_201912061200_GLOBE_ASCAT_V3.1.1_nc,ASCAT_SWI,9.29,Success
2019-12-08T12:00:00.000000Z,c_gls_SWI_201912091200_GLOBE_ASCAT_V3.1.1_nc,ASCAT_SWI,9.26,Success
2019-12-30T12:00:00.000000Z,c_gls_SWI_201912311200_GLOBE_ASCAT_V3.1.1_nc,ASCAT_SWI,8.87,Success
2019-12-04T12:00:00.000000Z,c_gls_SWI_201912051200_GLOBE_ASCAT_V3.1.1_nc,ASCAT_SWI,9.3,Success
2019-12-25T12:00:00.000000Z,c_gls_SWI_201912261200_GLOBE_ASCAT_V3.1.1_nc,ASCAT_SWI,8.96,Success
2019-12-07T12:00:00.000000Z,c_gls_SWI_201912081200_GLOBE_ASCAT_V3.1.1_nc,ASCAT_SWI,9.27,Success
2019-12-09T12:00:00.000000Z,c_gls_SWI_201912101200_GLOBE_ASCAT_V3.1.1_nc,ASCAT_SWI,9.24,Success
2019-12-02T12:00:00.000000Z,c_gls_SWI_201912031200_GLOBE_ASCAT_V3.1.1_nc,ASCAT_SWI,9.34,Success
2019-11-16T12:00:00.000000Z,c_gls_SWI_201911171200_GLOBE_ASCAT_V3.1.1_nc,ASCAT_SWI,9.45,Success
2019-11-30T12:00:00.000000Z,c_gls_SWI_201912011200_GLOBE_ASCAT_V3.1.1_nc,ASCAT_SWI,9.35,Success
2019-11-22T12:00:00.000000Z,c_gls_SWI_201911231200_GLOBE_ASCAT_V3.1.1_nc,ASCAT_SWI,9.46,Success
2019-11-18T12:00:00.000000Z,c_gls_SWI_201911191200_GLOBE_ASCAT_V3.1.1_nc,ASCAT_SWI,9.46,Success
2019-11-07T12:00:00.000000Z,c_gls_SWI_201911081200_GLOBE_ASCAT_V3.1.1_nc,ASCAT_SWI,9.45,Success
2019-11-10T12:00:00.000000Z,c_gls_SWI_201911111200_GLOBE_ASCAT_V3.1.1_nc,ASCAT_SWI,9.46,Success
2019-11-14T12:00:00.000000Z,c_gls_SWI_201911151200_GLOBE_ASCAT_V3.1.1_nc,ASCAT_SWI,9.45,Success
2019-11-19T12:00:00.000000Z,c_gls_SWI_201911201200_GLOBE_ASCAT_V3.1.1_nc,ASCAT_SWI,9.45,Success
2019-11-08T12:00:00.000000Z,c_gls_SWI_201911091200_GLOBE_ASCAT_V3.1.1_nc,ASCAT_SWI,9.45,Success
2019-11-09T12:00:00.000000Z,c_gls_SWI_201911101200_GLOBE_ASCAT_V3.1.1_nc,ASCAT_SWI,9.45,Success
2019-11-15T12:00:00.000000Z,c_gls_SWI_201911161200_GLOBE_ASCAT_V3.1.1_nc,ASCAT_SWI,9.46,Success
2019-07-04T12:00:00.000000Z,c_gls_SWI_201907051200_GLOBE_ASCAT_V3.1.1_nc,ASCAT_SWI,9.14,Success
2019-07-19T12:00:00.000000Z,c_gls_SWI_201907201200_GLOBE_ASCAT_V3.1.1_nc,ASCAT_SWI,9.08,Success
2019-07-24T12:00:00.000000Z,c_gls_SWI_201907251200_GLOBE_ASCAT_V3.1.1_nc,ASCAT_SWI,9.08,Success
2019-07-12T12:00:00.000000Z,c_gls_SWI_201907131200_GLOBE_ASCAT_V3.1.1_nc,ASCAT_SWI,9.08,Success
2019-07-21T12:00:00.000000Z,c_gls_SWI_201907221200_GLOBE_ASCAT_V3.1.1_nc,ASCAT_SWI,9.07,Success
2019-07-06T12:00:00.000000Z,c_gls_SWI_201907071200_GLOBE_ASCAT_V3.1.1_nc,ASCAT_SWI,9.12,Success
2019-07-30T12:00:00.000000Z,c_gls_SWI_201907311200_GLOBE_ASCAT_V3.1.1_nc,ASCAT_SWI,9.18,Success
2019-07-22T12:00:00.000000Z,c_gls_SWI_201907231200_GLOBE_ASCAT_V3.1.1_nc,ASCAT_SWI,9.08,Success
2019-07-31T12:00:00.000000Z,c_gls_SWI_201908011200_GLOBE_ASCAT_V3.1.1_nc,ASCAT_SWI,9.24,Success
2019-07-18T12:00:00.000000Z,c_gls_SWI_201907191200_GLOBE_ASCAT_V3.1.1_nc,ASCAT_SWI,9.07,Success
2019-07-16T12:00:00.000000Z,c_gls_SWI_201907171200_GLOBE_ASCAT_V3.1.1_nc,ASCAT_SWI,9.07,Success
2019-07-10T12:00:00.000000Z,c_gls_SWI_201907111200_GLOBE_ASCAT_V3.1.1_nc,ASCAT_SWI,9.09,Success
2019-07-25T12:00:00.000000Z,c_gls_SWI_201907261200_GLOBE_ASCAT_V3.1.1_nc,ASCAT_SWI,9.07,Success
2019-07-29T12:00:00.000000Z,c_gls_SWI_201907301200_GLOBE_ASCAT_V3.1.1_nc,ASCAT_SWI,9.05,Success
2019-07-15T12:00:00.000000Z,c_gls_SWI_201907161200_GLOBE_ASCAT_V3.1.1_nc,ASCAT_SWI,9.08,Success
2019-07-11T12:00:00.000000Z,c_gls_SWI_201907121200_GLOBE_ASCAT_V3.1.1_nc,ASCAT_SWI,9.08,Success
2019-07-08T12:00:00.000000Z,c_gls_SWI_201907091200_GLOBE_ASCAT_V3.1.1_nc,ASCAT_SWI,9.1,Success
2019-07-03T12:00:00.000000Z,c_gls_SWI_201907041200_GLOBE_ASCAT_V3.1.1_nc,ASCAT_SWI,9.15,Success
2019-07-02T12:00:00.000000Z,c_gls_SWI_201907031200_GLOBE_ASCAT_V3.1.1_nc,ASCAT_SWI,9.16,Success
2019-07-17T12:00:00.000000Z,c_gls_SWI_201907181200_GLOBE_ASCAT_V3.1.1_nc,ASCAT_SWI,9.07,Success
2019-07-14T12:00:00.000000Z,c_gls_SWI_201907151200_GLOBE_ASCAT_V3.1.1_nc,ASCAT_SWI,9.07,Success
2019-07-05T12:00:00.000000Z,c_gls_SWI_201907061200_GLOBE_ASCAT_V3.1.1_nc,ASCAT_SWI,9.14,Success
2019-07-13T12:00:00.000000Z,c_gls_SWI_201907141200_GLOBE_ASCAT_V3.1.1_nc,ASCAT_SWI,9.07,Success
2019-07-09T12:00:00.000000Z,c_gls_SWI_201907101200_GLOBE_ASCAT_V3.1.1_nc,ASCAT_SWI,9.09,Success
2019-07-27T12:00:00.000000Z,c_gls_SWI_201907281200_GLOBE_ASCAT_V3.1.1_nc,ASCAT_SWI,9.05,Success
2019-12-13T12:00:00.000000Z,c_gls_SWI_201912141200_GLOBE_ASCAT_V3.1.1_nc,ASCAT_SWI,9.17,Success
2019-12-22T12:00:00.000000Z,c_gls_SWI_201912231200_GLOBE_ASCAT_V3.1.1_nc,ASCAT_SWI,9.02,Success
2019-12-26T12:00:00.000000Z,c_gls_SWI_201912271200_GLOBE_ASCAT_V3.1.1_nc,ASCAT_SWI,8.94,Success
2019-12-29T12:00:00.000000Z,c_gls_SWI_201912301200_GLOBE_ASCAT_V3.1.1_nc,ASCAT_SWI,8.89,Success
2019-12-21T12:00:00.000000Z,c_gls_SWI_201912221200_GLOBE_ASCAT_V3.1.1_nc,ASCAT_SWI,9.04,Success
2019-12-18T12:00:00.000000Z,c_gls_SWI_201912191200_GLOBE_ASCAT_V3.1.1_nc,ASCAT_SWI,9.07,Success
2019-12-14T12:00:00.000000Z,c_gls_SWI_201912151200_GLOBE_ASCAT_V3.1.1_nc,ASCAT_SWI,9.15,Success
2019-12-19T12:00:00.000000Z,c_gls_SWI_201912201200_GLOBE_ASCAT_V3.1.1_nc,ASCAT_SWI,9.06,Success
2019-12-27T12:00:00.000000Z,c_gls_SWI_201912281200_GLOBE_ASCAT_V3.1.1_nc,ASCAT_SWI,8.93,Success
2019-12-16T12:00:00.000000Z,c_gls_SWI_201912171200_GLOBE_ASCAT_V3.1.1_nc,ASCAT_SWI,9.12,Success
2019-12-31T12:00:00.000000Z,c_gls_SWI_202001011200_GLOBE_ASCAT_V3.1.1_nc,ASCAT_SWI,8.86,Success
2019-12-06T12:00:00.000000Z,c_gls_SWI_201912071200_GLOBE_ASCAT_V3.1.1_nc,ASCAT_SWI,9.29,Success
2019-12-20T12:00:00.000000Z,c_gls_SWI_201912211200_GLOBE_ASCAT_V3.1.1_nc,ASCAT_SWI,9.04,Success
2019-12-28T12:00:00.000000Z,c_gls_SWI_201912291200_GLOBE_ASCAT_V3.1.1_nc,ASCAT_SWI,8.91,Success
2019-12-11T12:00:00.000000Z,c_gls_SWI_201912121200_GLOBE_ASCAT_V3.1.1_nc,ASCAT_SWI,9.23,Success
2019-11-01T12:00:00.000000Z,c_gls_SWI_201911021200_GLOBE_ASCAT_V3.1.1_nc,ASCAT_SWI,9.44,Success
2019-11-23T12:00:00.000000Z,c_gls_SWI_201911241200_GLOBE_ASCAT_V3.1.1_nc,ASCAT_SWI,9.44,Success
2019-11-04T12:00:00.000000Z,c_gls_SWI_201911051200_GLOBE_ASCAT_V3.1.1_nc,ASCAT_SWI,9.45,Success
2019-11-21T12:00:00.000000Z,c_gls_SWI_201911221200_GLOBE_ASCAT_V3.1.1_nc,ASCAT_SWI,9.47,Success
2019-11-26T12:00:00.000000Z,c_gls_SWI_201911271200_GLOBE_ASCAT_V3.1.1_nc,ASCAT_SWI,9.4,Success
2019-11-29T12:00:00.000000Z,c_gls_SWI_201911301200_GLOBE_ASCAT_V3.1.1_nc,ASCAT_SWI,9.36,Success
2019-11-27T12:00:00.000000Z,c_gls_SWI_201911281200_GLOBE_ASCAT_V3.1.1_nc,ASCAT_SWI,9.38,Success
2019-11-25T12:00:00.000000Z,c_gls_SWI_201911261200_GLOBE_ASCAT_V3.1.1_nc,ASCAT_SWI,9.4,Success
2019-11-20T12:00:00.000000Z,c_gls_SWI_201911211200_GLOBE_ASCAT_V3.1.1_nc,ASCAT_SWI,9.47,Success
2019-11-13T12:00:00.000000Z,c_gls_SWI_201911141200_GLOBE_ASCAT_V3.1.1_nc,ASCAT_SWI,9.46,Success
2019-11-17T12:00:00.000000Z,c_gls_SWI_201911181200_GLOBE_ASCAT_V3.1.1_nc,ASCAT_SWI,9.46,Success
2019-11-12T12:00:00.000000Z,c_gls_SWI_201911131200_GLOBE_ASCAT_V3.1.1_nc,ASCAT_SWI,9.46,Success
2019-11-24T12:00:00.000000Z,c_gls_SWI_201911251200_GLOBE_ASCAT_V3.1.1_nc,ASCAT_SWI,9.41,Success
2019-11-11T12:00:00.000000Z,c_gls_SWI_201911121200_GLOBE_ASCAT_V3.1.1_nc,ASCAT_SWI,9.47,Success
2019-11-28T12:00:00.000000Z,c_gls_SWI_201911291200_GLOBE_ASCAT_V3.1.1_nc,ASCAT_SWI,9.36,Success
2019-11-06T12:00:00.000000Z,c_gls_SWI_201911071200_GLOBE_ASCAT_V3.1.1_nc,ASCAT_SWI,9.45,Success
2019-11-05T12:00:00.000000Z,c_gls_SWI_201911061200_GLOBE_ASCAT_V3.1.1_nc,ASCAT_SWI,9.45,Success
2019-11-02T12:00:00.000000Z,c_gls_SWI_201911031200_GLOBE_ASCAT_V3.1.1_nc,ASCAT_SWI,9.45,Success
2019-11-03T12:00:00.000000Z,c_gls_SWI_201911041200_GLOBE_ASCAT_V3.1.1_nc,ASCAT_SWI,9.45,Success
2019-10-20T12:00:00.000000Z,c_gls_SWI_201910211200_GLOBE_ASCAT_V3.1.1_nc,ASCAT_SWI,9.33,Success
2019-10-18T12:00:00.000000Z,c_gls_SWI_201910191200_GLOBE_ASCAT_V3.1.1_nc,ASCAT_SWI,9.32,Success
2019-10-26T12:00:00.000000Z,c_gls_SWI_201910271200_GLOBE_ASCAT_V3.1.1_nc,ASCAT_SWI,9.39,Success
2019-10-16T12:00:00.000000Z,c_gls_SWI_201910171200_GLOBE_ASCAT_V3.1.1_nc,ASCAT_SWI,9.32,Success
2019-10-08T12:00:00.000000Z,c_gls_SWI_201910091200_GLOBE_ASCAT_V3.1.1_nc,ASCAT_SWI,9.21,Success
2019-10-02T12:00:00.000000Z,c_gls_SWI_201910031200_GLOBE_ASCAT_V3.1.1_nc,ASCAT_SWI,9.15,Success
2019-10-25T12:00:00.000000Z,c_gls_SWI_201910261200_GLOBE_ASCAT_V3.1.1_nc,ASCAT_SWI,9.38,Success
2019-10-13T12:00:00.000000Z,c_gls_SWI_201910141200_GLOBE_ASCAT_V3.1.1_nc,ASCAT_SWI,9.28,Success
2019-10-15T12:00:00.000000Z,c_gls_SWI_201910161200_GLOBE_ASCAT_V3.1.1_nc,ASCAT_SWI,9.29,Success
2019-10-19T12:00:00.000000Z,c_gls_SWI_201910201200_GLOBE_ASCAT_V3.1.1_nc,ASCAT_SWI,9.33,Success
2019-10-14T12:00:00.000000Z,c_gls_SWI_201910151200_GLOBE_ASCAT_V3.1.1_nc,ASCAT_SWI,9.29,Success
2019-10-29T12:00:00.000000Z,c_gls_SWI_201910301200_GLOBE_ASCAT_V3.1.1_nc,ASCAT_SWI,9.43,Success
2019-10-17T12:00:00.000000Z,c_gls_SWI_201910181200_GLOBE_ASCAT_V3.1.1_nc,ASCAT_SWI,9.32,Success
2019-10-09T12:00:00.000000Z,c_gls_SWI_201910101200_GLOBE_ASCAT_V3.1.1_nc,ASCAT_SWI,9.24,Success
2019-10-06T12:00:00.000000Z,c_gls_SWI_201910071200_GLOBE_ASCAT_V3.1.1_nc,ASCAT_SWI,9.18,Success
2019-10-07T12:00:00.000000Z,c_gls_SWI_201910081200_GLOBE_ASCAT_V3.1.1_nc,ASCAT_SWI,9.19,Success
2019-10-05T12:00:00.000000Z,c_gls_SWI_201910061200_GLOBE_ASCAT_V3.1.1_nc,ASCAT_SWI,9.16,Success
2019-10-10T12:00:00.000000Z,c_gls_SWI_201910111200_GLOBE_ASCAT_V3.1.1_nc,ASCAT_SWI,9.25,Success
2019-10-27T12:00:00.000000Z,c_gls_SWI_201910281200_GLOBE_ASCAT_V3.1.1_nc,ASCAT_SWI,9.4,Success
2019-10-04T12:00:00.000000Z,c_gls_SWI_201910051200_GLOBE_ASCAT_V3.1.1_nc,ASCAT_SWI,9.16,Success
2019-10-11T12:00:00.000000Z,c_gls_SWI_201910121200_GLOBE_ASCAT_V3.1.1_nc,ASCAT_SWI,9.25,Success
2019-10-01T12:00:00.000000Z,c_gls_SWI_201910021200_GLOBE_ASCAT_V3.1.1_nc,ASCAT_SWI,9.14,Success
2019-10-24T12:00:00.000000Z,c_gls_SWI_201910251200_GLOBE_ASCAT_V3.1.1_nc,ASCAT_SWI,9.36,Success
2019-10-22T12:00:00.000000Z,c_gls_SWI_201910231200_GLOBE_ASCAT_V3.1.1_nc,ASCAT_SWI,9.34,Success
2019-10-21T12:00:00.000000Z,c_gls_SWI_201910221200_GLOBE_ASCAT_V3.1.1_nc,ASCAT_SWI,9.33,Success
2019-10-30T12:00:00.000000Z,c_gls_SWI_201910311200_GLOBE_ASCAT_V3.1.1_nc,ASCAT_SWI,9.44,Success
2019-06-25T12:00:00.000000Z,c_gls_SWI_201906261200_GLOBE_ASCAT_V3.1.1_nc,ASCAT_SWI,9.23,Success
2019-06-29T12:00:00.000000Z,c_gls_SWI_201906301200_GLOBE_ASCAT_V3.1.1_nc,ASCAT_SWI,9.18,Success
2019-06-26T12:00:00.000000Z,c_gls_SWI_201906271200_GLOBE_ASCAT_V3.1.1_nc,ASCAT_SWI,9.21,Success
2019-06-21T12:00:00.000000Z,c_gls_SWI_201906221200_GLOBE_ASCAT_V3.1.1_nc,ASCAT_SWI,9.28,Success
2019-06-20T12:00:00.000000Z,c_gls_SWI_201906211200_GLOBE_ASCAT_V3.1.1_nc,ASCAT_SWI,9.3,Success
2019-06-17T12:00:00.000000Z,c_gls_SWI_201906181200_GLOBE_ASCAT_V3.1.1_nc,ASCAT_SWI,9.35,Success
2019-06-19T12:00:00.000000Z,c_gls_SWI_201906201200_GLOBE_ASCAT_V3.1.1_nc,ASCAT_SWI,9.32,Success
2019-06-15T12:00:00.000000Z,c_gls_SWI_201906161200_GLOBE_ASCAT_V3.1.1_nc,ASCAT_SWI,9.37,Success
2019-06-23T12:00:00.000000Z,c_gls_SWI_201906241200_GLOBE_ASCAT_V3.1.1_nc,ASCAT_SWI,9.25,Success
2019-06-28T12:00:00.000000Z,c_gls_SWI_201906291200_GLOBE_ASCAT_V3.1.1_nc,ASCAT_SWI,9.19,Success
2019-06-30T12:00:00.000000Z,c_gls_SWI_201907011200_GLOBE_ASCAT_V3.1.1_nc,ASCAT_SWI,9.17,Success
2019-06-24T12:00:00.000000Z,c_gls_SWI_201906251200_GLOBE_ASCAT_V3.1.1_nc,ASCAT_SWI,9.24,Success
2019-06-22T12:00:00.000000Z,c_gls_SWI_201906231200_GLOBE_ASCAT_V3.1.1_nc,ASCAT_SWI,9.26,Success
2019-06-16T12:00:00.000000Z,c_gls_SWI_201906171200_GLOBE_ASCAT_V3.1.1_nc,ASCAT_SWI,9.36,Success
2019-06-18T12:00:00.000000Z,c_gls_SWI_201906191200_GLOBE_ASCAT_V3.1.1_nc,ASCAT_SWI,9.34,Success
2020-02-29T12:00:00.000000Z,c_gls_SWI_202003011200_GLOBE_ASCAT_V3.1.1_nc,ASCAT_SWI,8.43,Success
2020-07-12T12:00:00.000000Z,c_gls_SWI_202007131200_GLOBE_ASCAT_V3.1.1_nc,ASCAT_SWI,9.12,Success
2020-06-28T12:00:00.000000Z,c_gls_SWI_202006291200_GLOBE_ASCAT_V3.1.1_nc,ASCAT_SWI,9.25,Success
2020-07-22T12:00:00.000000Z,c_gls_SWI_202007231200_GLOBE_ASCAT_V3.1.1_nc,ASCAT_SWI,9.09,Success
2020-03-06T12:00:00.000000Z,c_gls_SWI_202003071200_GLOBE_ASCAT_V3.1.1_nc,ASCAT_SWI,8.5,Success
2020-02-05T12:00:00.000000Z,c_gls_SWI_202002061200_GLOBE_ASCAT_V3.1.1_nc,ASCAT_SWI,8.44,Success
2020-02-08T12:00:00.000000Z,c_gls_SWI_202002091200_GLOBE_ASCAT_V3.1.1_nc,ASCAT_SWI,8.44,Success
2020-06-25T12:00:00.000000Z,c_gls_SWI_202006261200_GLOBE_ASCAT_V3.1.1_nc,ASCAT_SWI,9.31,Success
2020-06-15T12:00:00.000000Z,c_gls_SWI_202006161200_GLOBE_ASCAT_V3.1.1_nc,ASCAT_SWI,9.39,Success
2020-07-20T12:00:00.000000Z,c_gls_SWI_202007211200_GLOBE_ASCAT_V3.1.1_nc,ASCAT_SWI,9.11,Success
2020-06-05T12:00:00.000000Z,c_gls_SWI_202006061200_GLOBE_ASCAT_V3.1.1_nc,ASCAT_SWI,9.56,Success
2020-06-14T12:00:00.000000Z,c_gls_SWI_202006151200_GLOBE_ASCAT_V3.1.1_nc,ASCAT_SWI,9.39,Success
2020-07-05T12:00:00.000000Z,c_gls_SWI_202007061200_GLOBE_ASCAT_V3.1.1_nc,ASCAT_SWI,9.18,Success
2020-06-12T12:00:00.000000Z,c_gls_SWI_202006131200_GLOBE_ASCAT_V3.1.1_nc,ASCAT_SWI,9.43,Success
2020-06-22T12:00:00.000000Z,c_gls_SWI_202006231200_GLOBE_ASCAT_V3.1.1_nc,ASCAT_SWI,9.32,Success
2020-07-14T12:00:00.000000Z,c_gls_SWI_202007151200_GLOBE_ASCAT_V3.1.1_nc,ASCAT_SWI,9.11,Success
2020-07-31T12:00:00.000000Z,c_gls_SWI_202008011200_GLOBE_ASCAT_V3.1.1_nc,ASCAT_SWI,9.07,Success
2020-06-09T12:00:00.000000Z,c_gls_SWI_202006101200_GLOBE_ASCAT_V3.1.1_nc,ASCAT_SWI,9.47,Success
2020-06-16T12:00:00.000000Z,c_gls_SWI_202006171200_GLOBE_ASCAT_V3.1.1_nc,ASCAT_SWI,9.38,Success
2020-08-20T12:00:00.000000Z,c_gls_SWI_202008211200_GLOBE_ASCAT_V3.1.1_nc,ASCAT_SWI,9.05,Success
2020-08-26T12:00:00.000000Z,c_gls_SWI_202008271200_GLOBE_ASCAT_V3.1.1_nc,ASCAT_SWI,9.04,Success
2020-08-27T12:00:00.000000Z,c_gls_SWI_202008281200_GLOBE_ASCAT_V3.1.1_nc,ASCAT_SWI,9.04,Success
2020-08-21T12:00:00.000000Z,c_gls_SWI_202008221200_GLOBE_ASCAT_V3.1.1_nc,ASCAT_SWI,9.04,Success
2020-08-22T12:00:00.000000Z,c_gls_SWI_202008231200_GLOBE_ASCAT_V3.1.1_nc,ASCAT_SWI,9.04,Success
2020-08-25T12:00:00.000000Z,c_gls_SWI_202008261200_GLOBE_ASCAT_V3.1.1_nc,ASCAT_SWI,9.04,Success
2020-08-24T12:00:00.000000Z,c_gls_SWI_202008251200_GLOBE_ASCAT_V3.1.1_nc,ASCAT_SWI,9.05,Success
2020-08-23T12:00:00.000000Z,c_gls_SWI_202008241200_GLOBE_ASCAT_V3.1.1_nc,ASCAT_SWI,9.05,Success
2020-08-19T12:00:00.000000Z,c_gls_SWI_202008201200_GLOBE_ASCAT_V3.1.1_nc,ASCAT_SWI,9.04,Success
2020-08-18T12:00:00.000000Z,c_gls_SWI_202008191200_GLOBE_ASCAT_V3.1.1_nc,ASCAT_SWI,9.06,Success
2020-08-28T12:00:00.000000Z,c_gls_SWI_202008291200_GLOBE_ASCAT_V3.1.1_nc,ASCAT_SWI,9.06,Success
2020-08-30T12:00:00.000000Z,c_gls_SWI_202008311200_GLOBE_ASCAT_V3.1.1_nc,ASCAT_SWI,9.05,Success
2020-08-29T12:00:00.000000Z,c_gls_SWI_202008301200_GLOBE_ASCAT_V3.1.1_nc,ASCAT_SWI,9.04,Success
2020-08-15T12:00:00.000000Z,c_gls_SWI_202008161200_GLOBE_ASCAT_V3.1.1_nc,ASCAT_SWI,9.05,Success
2020-08-14T12:00:00.000000Z,c_gls_SWI_202008151200_GLOBE_ASCAT_V3.1.1_nc,ASCAT_SWI,9.05,Success
2020-08-16T12:00:00.000000Z,c_gls_SWI_202008171200_GLOBE_ASCAT_V3.1.1_nc,ASCAT_SWI,9.05,Success
2020-08-09T12:00:00.000000Z,c_gls_SWI_202008101200_GLOBE_ASCAT_V3.1.1_nc,ASCAT_SWI,9.06,Success
2020-08-12T12:00:00.000000Z,c_gls_SWI_202008131200_GLOBE_ASCAT_V3.1.1_nc,ASCAT_SWI,9.05,Success
2020-08-10T12:00:00.000000Z,c_gls_SWI_202008111200_GLOBE_ASCAT_V3.1.1_nc,ASCAT_SWI,9.06,Success
2020-08-13T12:00:00.000000Z,c_gls_SWI_202008141200_GLOBE_ASCAT_V3.1.1_nc,ASCAT_SWI,9.06,Success
2020-08-04T12:00:00.000000Z,c_gls_SWI_202008051200_GLOBE_ASCAT_V3.1.1_nc,ASCAT_SWI,9.07,Success
2020-08-05T12:00:00.000000Z,c_gls_SWI_202008061200_GLOBE_ASCAT_V3.1.1_nc,ASCAT_SWI,9.07,Success
2020-08-11T12:00:00.000000Z,c_gls_SWI_202008121200_GLOBE_ASCAT_V3.1.1_nc,ASCAT_SWI,9.05,Success
2020-08-01T12:00:00.000000Z,c_gls_SWI_202008021200_GLOBE_ASCAT_V3.1.1_nc,ASCAT_SWI,9.06,Success
2020-08-06T12:00:00.000000Z,c_gls_SWI_202008071200_GLOBE_ASCAT_V3.1.1_nc,ASCAT_SWI,9.06,Success
2020-08-03T12:00:00.000000Z,c_gls_SWI_202008041200_GLOBE_ASCAT_V3.1.1_nc,ASCAT_SWI,9.07,Success
2020-08-08T12:00:00.000000Z,c_gls_SWI_202008091200_GLOBE_ASCAT_V3.1.1_nc,ASCAT_SWI,9.07,Success
2020-07-15T12:00:00.000000Z,c_gls_SWI_202007161200_GLOBE_ASCAT_V4.0.1_nc,ASCAT_SWI,9.93,Success
2020-03-27T12:00:00.000000Z,c_gls_SWI_202003281200_GLOBE_ASCAT_V4.0.1_nc,ASCAT_SWI,7.55,Success
2020-04-30T12:00:00.000000Z,c_gls_SWI_202005011200_GLOBE_ASCAT_V4.0.1_nc,ASCAT_SWI,8.76,Success
2020-04-07T12:00:00.000000Z,c_gls_SWI_202004081200_GLOBE_ASCAT_V4.0.1_nc,ASCAT_SWI,8.07,Success
2020-03-31T12:00:00.000000Z,c_gls_SWI_202004011200_GLOBE_ASCAT_V4.0.1_nc,ASCAT_SWI,8.0,Success
2020-06-02T12:00:00.000000Z,c_gls_SWI_202006031200_GLOBE_ASCAT_V4.0.1_nc,ASCAT_SWI,10.24,Success
2020-12-25T12:00:00.000000Z,c_gls_SWI_202012261200_GLOBE_ASCAT_V4.0.1_nc,ASCAT_SWI,7.37,Success
2020-01-07T12:00:00.000000Z,c_gls_SWI_202001081200_GLOBE_ASCAT_V4.0.1_nc,ASCAT_SWI,7.46,Success
2020-09-02T12:00:00.000000Z,c_gls_SWI_202009031200_GLOBE_ASCAT_V4.0.1_nc,ASCAT_SWI,10.17,Success
2020-01-24T12:00:00.000000Z,c_gls_SWI_202001251200_GLOBE_ASCAT_V4.0.1_nc,ASCAT_SWI,7.1,Success
2020-03-22T12:00:00.000000Z,c_gls_SWI_202003231200_GLOBE_ASCAT_V4.0.1_nc,ASCAT_SWI,7.49,Success
2020-01-04T12:00:00.000000Z,c_gls_SWI_202001051200_GLOBE_ASCAT_V4.0.1_nc,ASCAT_SWI,7.57,Success
2020-07-14T12:00:00.000000Z,c_gls_SWI_202007151200_GLOBE_ASCAT_V4.0.1_nc,ASCAT_SWI,9.93,Success
2020-10-14T12:00:00.000000Z,c_gls_SWI_202010151200_GLOBE_ASCAT_V4.0.1_nc,ASCAT_SWI,9.69,Success
2020-01-19T12:00:00.000000Z,c_gls_SWI_202001201200_GLOBE_ASCAT_V4.0.1_nc,ASCAT_SWI,7.2,Success
2020-03-02T12:00:00.000000Z,c_gls_SWI_202003031200_GLOBE_ASCAT_V4.0.1_nc,ASCAT_SWI,7.64,Success
2020-05-13T12:00:00.000000Z,c_gls_SWI_202005141200_GLOBE_ASCAT_V4.0.1_nc,ASCAT_SWI,8.81,Success
2020-08-07T12:00:00.000000Z,c_gls_SWI_202008081200_GLOBE_ASCAT_V4.0.1_nc,ASCAT_SWI,9.94,Success
2020-08-12T12:00:00.000000Z,c_gls_SWI_202008131200_GLOBE_ASCAT_V4.0.1_nc,ASCAT_SWI,9.88,Success
2020-04-08T12:00:00.000000Z,c_gls_SWI_202004091200_GLOBE_ASCAT_V4.0.1_nc,ASCAT_SWI,8.05,Success
2020-11-27T12:00:00.000000Z,c_gls_SWI_202011281200_GLOBE_ASCAT_V4.0.1_nc,ASCAT_SWI,7.96,Success
2020-04-03T12:00:00.000000Z,c_gls_SWI_202004041200_GLOBE_ASCAT_V4.0.1_nc,ASCAT_SWI,8.18,Success
2020-06-13T12:00:00.000000Z,c_gls_SWI_202006141200_GLOBE_ASCAT_V4.0.1_nc,ASCAT_SWI,10.06,Success
2020-06-16T12:00:00.000000Z,c_gls_SWI_202006171200_GLOBE_ASCAT_V4.0.1_nc,ASCAT_SWI,10.11,Success
2020-08-15T12:00:00.000000Z,c_gls_SWI_202008161200_GLOBE_ASCAT_V4.0.1_nc,ASCAT_SWI,9.9,Success
2020-01-09T12:00:00.000000Z,c_gls_SWI_202001101200_GLOBE_ASCAT_V4.0.1_nc,ASCAT_SWI,7.4,Success
2020-12-21T12:00:00.000000Z,c_gls_SWI_202012221200_GLOBE_ASCAT_V4.0.1_nc,ASCAT_SWI,7.39,Success
2020-10-20T12:00:00.000000Z,c_gls_SWI_202010211200_GLOBE_ASCAT_V4.0.1_nc,ASCAT_SWI,9.36,Success
2020-03-12T12:00:00.000000Z,c_gls_SWI_202003131200_GLOBE_ASCAT_V4.0.1_nc,ASCAT_SWI,7.48,Success
2020-02-29T12:00:00.000000Z,c_gls_SWI_202003011200_GLOBE_ASCAT_V4.0.1_nc,ASCAT_SWI,7.55,Success
2020-04-21T12:00:00.000000Z,c_gls_SWI_202004221200_GLOBE_ASCAT_V4.0.1_nc,ASCAT_SWI,8.15,Success
2020-01-06T12:00:00.000000Z,c_gls_SWI_202001071200_GLOBE_ASCAT_V4.0.1_nc,ASCAT_SWI,7.49,Success
2020-05-06T12:00:00.000000Z,c_gls_SWI_202005071200_GLOBE_ASCAT_V4.0.1_nc,ASCAT_SWI,8.88,Success
2020-05-15T12:00:00.000000Z,c_gls_SWI_202005161200_GLOBE_ASCAT_V4.0.1_nc,ASCAT_SWI,8.82,Success
2020-01-01T12:00:00.000000Z,c_gls_SWI_202001021200_GLOBE_ASCAT_V4.0.1_nc,ASCAT_SWI,7.63,Success
2020-01-02T12:00:00.000000Z,c_gls_SWI_202001031200_GLOBE_ASCAT_V4.0.1_nc,ASCAT_SWI,7.65,Success
2020-01-03T12:00:00.000000Z,c_gls_SWI_202001041200_GLOBE_ASCAT_V4.0.1_nc,ASCAT_SWI,7.61,Success
2020-06-08T12:00:00.000000Z,c_gls_SWI_202006091200_GLOBE_ASCAT_V4.0.1_nc,ASCAT_SWI,10.11,Success
2020-04-14T12:00:00.000000Z,c_gls_SWI_202004151200_GLOBE_ASCAT_V4.0.1_nc,ASCAT_SWI,8.06,Success
2020-11-24T12:00:00.000000Z,c_gls_SWI_202011251200_GLOBE_ASCAT_V4.0.1_nc,ASCAT_SWI,8.09,Success
2020-04-22T12:00:00.000000Z,c_gls_SWI_202004231200_GLOBE_ASCAT_V4.0.1_nc,ASCAT_SWI,8.16,Success
2020-04-09T12:00:00.000000Z,c_gls_SWI_202004101200_GLOBE_ASCAT_V4.0.1_nc,ASCAT_SWI,8.02,Success
2020-01-05T12:00:00.000000Z,c_gls_SWI_202001061200_GLOBE_ASCAT_V4.0.1_nc,ASCAT_SWI,7.53,Success
2020-06-27T12:00:00.000000Z,c_gls_SWI_202006281200_GLOBE_ASCAT_V4.0.1_nc,ASCAT_SWI,10.16,Success
2020-03-25T12:00:00.000000Z,c_gls_SWI_202003261200_GLOBE_ASCAT_V4.0.1_nc,ASCAT_SWI,7.55,Success
2020-01-13T12:00:00.000000Z,c_gls_SWI_202001141200_GLOBE_ASCAT_V4.0.1_nc,ASCAT_SWI,7.31,Success
2020-01-10T12:00:00.000000Z,c_gls_SWI_202001111200_GLOBE_ASCAT_V4.0.1_nc,ASCAT_SWI,7.38,Success
2020-04-20T12:00:00.000000Z,c_gls_SWI_202004211200_GLOBE_ASCAT_V4.0.1_nc,ASCAT_SWI,8.14,Success
2020-01-12T12:00:00.000000Z,c_gls_SWI_202001131200_GLOBE_ASCAT_V4.0.1_nc,ASCAT_SWI,7.36,Success
2020-01-14T12:00:00.000000Z,c_gls_SWI_202001151200_GLOBE_ASCAT_V4.0.1_nc,ASCAT_SWI,7.31,Success
2020-06-06T12:00:00.000000Z,c_gls_SWI_202006071200_GLOBE_ASCAT_V4.0.1_nc,ASCAT_SWI,10.13,Success
2020-01-08T12:00:00.000000Z,c_gls_SWI_202001091200_GLOBE_ASCAT_V4.0.1_nc,ASCAT_SWI,7.41,Success
2020-10-05T12:00:00.000000Z,c_gls_SWI_202010061200_GLOBE_ASCAT_V4.0.1_nc,ASCAT_SWI,10.21,Success
2020-01-22T12:00:00.000000Z,c_gls_SWI_202001231200_GLOBE_ASCAT_V4.0.1_nc,ASCAT_SWI,7.13,Success
2020-01-11T12:00:00.000000Z,c_gls_SWI_202001121200_GLOBE_ASCAT_V4.0.1_nc,ASCAT_SWI,7.37,Success
2020-07-13T12:00:00.000000Z,c_gls_SWI_202007141200_GLOBE_ASCAT_V4.0.1_nc,ASCAT_SWI,9.97,Success
2020-01-15T12:00:00.000000Z,c_gls_SWI_202001161200_GLOBE_ASCAT_V4.0.1_nc,ASCAT_SWI,7.27,Success
2020-04-28T12:00:00.000000Z,c_gls_SWI_202004291200_GLOBE_ASCAT_V4.0.1_nc,ASCAT_SWI,8.2,Success
2020-01-16T12:00:00.000000Z,c_gls_SWI_202001171200_GLOBE_ASCAT_V4.0.1_nc,ASCAT_SWI,7.26,Success
2020-05-09T12:00:00.000000Z,c_gls_SWI_202005101200_GLOBE_ASCAT_V4.0.1_nc,ASCAT_SWI,8.8,Success
2020-08-14T12:00:00.000000Z,c_gls_SWI_202008151200_GLOBE_ASCAT_V4.0.1_nc,ASCAT_SWI,9.91,Success
2020-01-18T12:00:00.000000Z,c_gls_SWI_202001191200_GLOBE_ASCAT_V4.0.1_nc,ASCAT_SWI,7.2,Success
2020-01-17T12:00:00.000000Z,c_gls_SWI_202001181200_GLOBE_ASCAT_V4.0.1_nc,ASCAT_SWI,7.23,Success
2020-11-26T12:00:00.000000Z,c_gls_SWI_202011271200_GLOBE_ASCAT_V4.0.1_nc,ASCAT_SWI,7.98,Success
2020-01-20T12:00:00.000000Z,c_gls_SWI_202001211200_GLOBE_ASCAT_V4.0.1_nc,ASCAT_SWI,7.15,Success
2020-02-14T12:00:00.000000Z,c_gls_SWI_202002151200_GLOBE_ASCAT_V4.0.1_nc,ASCAT_SWI,7.22,Success
2020-01-21T12:00:00.000000Z,c_gls_SWI_202001221200_GLOBE_ASCAT_V4.0.1_nc,ASCAT_SWI,7.15,Success
2020-07-01T12:00:00.000000Z,c_gls_SWI_202007021200_GLOBE_ASCAT_V4.0.1_nc,ASCAT_SWI,10.57,Success
2020-01-23T12:00:00.000000Z,c_gls_SWI_202001241200_GLOBE_ASCAT_V4.0.1_nc,ASCAT_SWI,7.1,Success
2020-05-27T12:00:00.000000Z,c_gls_SWI_202005281200_GLOBE_ASCAT_V4.0.1_nc,ASCAT_SWI,9.4,Success
2020-03-23T12:00:00.000000Z,c_gls_SWI_202003241200_GLOBE_ASCAT_V4.0.1_nc,ASCAT_SWI,7.5,Success
2020-01-27T12:00:00.000000Z,c_gls_SWI_202001281200_GLOBE_ASCAT_V4.0.1_nc,ASCAT_SWI,7.07,Success
2020-08-13T12:00:00.000000Z,c_gls_SWI_202008141200_GLOBE_ASCAT_V4.0.1_nc,ASCAT_SWI,9.91,Success
2020-09-11T12:00:00.000000Z,c_gls_SWI_202009121200_GLOBE_ASCAT_V4.0.1_nc,ASCAT_SWI,10.0,Success
2020-01-25T12:00:00.000000Z,c_gls_SWI_202001261200_GLOBE_ASCAT_V4.0.1_nc,ASCAT_SWI,7.08,Success
2020-03-01T12:00:00.000000Z,c_gls_SWI_202003021200_GLOBE_ASCAT_V4.0.1_nc,ASCAT_SWI,7.62,Success
2020-01-28T12:00:00.000000Z,c_gls_SWI_202001291200_GLOBE_ASCAT_V4.0.1_nc,ASCAT_SWI,7.07,Success
2020-01-26T12:00:00.000000Z,c_gls_SWI_202001271200_GLOBE_ASCAT_V4.0.1_nc,ASCAT_SWI,7.08,Success
2020-05-25T12:00:00.000000Z,c_gls_SWI_202005261200_GLOBE_ASCAT_V4.0.1_nc,ASCAT_SWI,9.26,Success
2020-09-10T12:00:00.000000Z,c_gls_SWI_202009111200_GLOBE_ASCAT_V4.0.1_nc,ASCAT_SWI,10.0,Success
2020-08-10T12:00:00.000000Z,c_gls_SWI_202008111200_GLOBE_ASCAT_V4.0.1_nc,ASCAT_SWI,9.92,Success
2020-05-26T12:00:00.000000Z,c_gls_SWI_202005271200_GLOBE_ASCAT_V4.0.1_nc,ASCAT_SWI,9.34,Success
2020-02-02T12:00:00.000000Z,c_gls_SWI_202002031200_GLOBE_ASCAT_V4.0.1_nc,ASCAT_SWI,7.42,Success
2020-04-27T12:00:00.000000Z,c_gls_SWI_202004281200_GLOBE_ASCAT_V4.0.1_nc,ASCAT_SWI,8.2,Success
2020-02-20T12:00:00.000000Z,c_gls_SWI_202002211200_GLOBE_ASCAT_V4.0.1_nc,ASCAT_SWI,7.2,Success
2020-12-11T12:00:00.000000Z,c_gls_SWI_202012121200_GLOBE_ASCAT_V4.0.1_nc,ASCAT_SWI,7.79,Success
2020-01-29T12:00:00.000000Z,c_gls_SWI_202001301200_GLOBE_ASCAT_V4.0.1_nc,ASCAT_SWI,7.08,Success
2020-01-30T12:00:00.000000Z,c_gls_SWI_202001311200_GLOBE_ASCAT_V4.0.1_nc,ASCAT_SWI,7.05,Success
2020-02-06T12:00:00.000000Z,c_gls_SWI_202002071200_GLOBE_ASCAT_V4.0.1_nc,ASCAT_SWI,7.35,Success
2020-06-12T12:00:00.000000Z,c_gls_SWI_202006131200_GLOBE_ASCAT_V4.0.1_nc,ASCAT_SWI,10.06,Success
2020-02-07T12:00:00.000000Z,c_gls_SWI_202002081200_GLOBE_ASCAT_V4.0.1_nc,ASCAT_SWI,7.31,Success
2020-02-04T12:00:00.000000Z,c_gls_SWI_202002051200_GLOBE_ASCAT_V4.0.1_nc,ASCAT_SWI,7.4,Success
2020-02-05T12:00:00.000000Z,c_gls_SWI_202002061200_GLOBE_ASCAT_V4.0.1_nc,ASCAT_SWI,7.38,Success
2020-02-01T12:00:00.000000Z,c_gls_SWI_202002021200_GLOBE_ASCAT_V4.0.1_nc,ASCAT_SWI,7.38,Success
2020-02-12T12:00:00.000000Z,c_gls_SWI_202002131200_GLOBE_ASCAT_V4.0.1_nc,ASCAT_SWI,7.27,Success
2020-01-31T12:00:00.000000Z,c_gls_SWI_202002011200_GLOBE_ASCAT_V4.0.1_nc,ASCAT_SWI,7.3,Success
2020-02-03T12:00:00.000000Z,c_gls_SWI_202002041200_GLOBE_ASCAT_V4.0.1_nc,ASCAT_SWI,7.43,Success
2020-02-23T12:00:00.000000Z,c_gls_SWI_202002241200_GLOBE_ASCAT_V4.0.1_nc,ASCAT_SWI,7.22,Success
2020-11-02T12:00:00.000000Z,c_gls_SWI_202011031200_GLOBE_ASCAT_V4.0.1_nc,ASCAT_SWI,9.13,Success
2020-02-11T12:00:00.000000Z,c_gls_SWI_202002121200_GLOBE_ASCAT_V4.0.1_nc,ASCAT_SWI,7.28,Success
2020-02-08T12:00:00.000000Z,c_gls_SWI_202002091200_GLOBE_ASCAT_V4.0.1_nc,ASCAT_SWI,7.28,Success
2020-12-07T12:00:00.000000Z,c_gls_SWI_202012081200_GLOBE_ASCAT_V4.0.1_nc,ASCAT_SWI,7.96,Success
2020-02-26T12:00:00.000000Z,c_gls_SWI_202002271200_GLOBE_ASCAT_V4.0.1_nc,ASCAT_SWI,7.26,Success
2020-03-18T12:00:00.000000Z,c_gls_SWI_202003191200_GLOBE_ASCAT_V4.0.1_nc,ASCAT_SWI,7.48,Success
2020-03-15T12:00:00.000000Z,c_gls_SWI_202003161200_GLOBE_ASCAT_V4.0.1_nc,ASCAT_SWI,7.47,Success
2020-02-10T12:00:00.000000Z,c_gls_SWI_202002111200_GLOBE_ASCAT_V4.0.1_nc,ASCAT_SWI,7.29,Success
2020-11-25T12:00:00.000000Z,c_gls_SWI_202011261200_GLOBE_ASCAT_V4.0.1_nc,ASCAT_SWI,8.06,Success
2020-02-19T12:00:00.000000Z,c_gls_SWI_202002201200_GLOBE_ASCAT_V4.0.1_nc,ASCAT_SWI,7.2,Success
2020-08-18T12:00:00.000000Z,c_gls_SWI_202008191200_GLOBE_ASCAT_V4.0.1_nc,ASCAT_SWI,9.89,Success
2020-12-09T12:00:00.000000Z,c_gls_SWI_202012101200_GLOBE_ASCAT_V4.0.1_nc,ASCAT_SWI,7.85,Success
2020-02-21T12:00:00.000000Z,c_gls_SWI_202002221200_GLOBE_ASCAT_V4.0.1_nc,ASCAT_SWI,7.2,Success
2020-02-25T12:00:00.000000Z,c_gls_SWI_202002261200_GLOBE_ASCAT_V4.0.1_nc,ASCAT_SWI,7.25,Success
2020-02-28T12:00:00.000000Z,c_gls_SWI_202002291200_GLOBE_ASCAT_V4.0.1_nc,ASCAT_SWI,7.26,Success
2020-02-16T12:00:00.000000Z,c_gls_SWI_202002171200_GLOBE_ASCAT_V4.0.1_nc,ASCAT_SWI,7.17,Success
2020-12-15T12:00:00.000000Z,c_gls_SWI_202012161200_GLOBE_ASCAT_V4.0.1_nc,ASCAT_SWI,7.62,Success
2020-02-24T12:00:00.000000Z,c_gls_SWI_202002251200_GLOBE_ASCAT_V4.0.1_nc,ASCAT_SWI,7.24,Success
2020-03-19T12:00:00.000000Z,c_gls_SWI_202003201200_GLOBE_ASCAT_V4.0.1_nc,ASCAT_SWI,7.52,Success
2020-09-06T12:00:00.000000Z,c_gls_SWI_202009071200_GLOBE_ASCAT_V4.0.1_nc,ASCAT_SWI,10.04,Success
2020-03-08T12:00:00.000000Z,c_gls_SWI_202003091200_GLOBE_ASCAT_V4.0.1_nc,ASCAT_SWI,7.53,Success
2020-02-22T12:00:00.000000Z,c_gls_SWI_202002231200_GLOBE_ASCAT_V4.0.1_nc,ASCAT_SWI,7.22,Success
2020-03-07T12:00:00.000000Z,c_gls_SWI_202003081200_GLOBE_ASCAT_V4.0.1_nc,ASCAT_SWI,7.56,Success
2020-04-13T12:00:00.000000Z,c_gls_SWI_202004141200_GLOBE_ASCAT_V4.0.1_nc,ASCAT_SWI,8.06,Success
2020-04-11T12:00:00.000000Z,c_gls_SWI_202004121200_GLOBE_ASCAT_V4.0.1_nc,ASCAT_SWI,8.05,Success
2020-04-19T12:00:00.000000Z,c_gls_SWI_202004201200_GLOBE_ASCAT_V4.0.1_nc,ASCAT_SWI,8.13,Success
2020-07-07T12:00:00.000000Z,c_gls_SWI_202007081200_GLOBE_ASCAT_V4.0.1_nc,ASCAT_SWI,10.19,Success
2020-02-09T12:00:00.000000Z,c_gls_SWI_202002101200_GLOBE_ASCAT_V4.0.1_nc,ASCAT_SWI,7.27,Success
2020-03-04T12:00:00.000000Z,c_gls_SWI_202003051200_GLOBE_ASCAT_V4.0.1_nc,ASCAT_SWI,7.63,Success
2020-03-21T12:00:00.000000Z,c_gls_SWI_202003221200_GLOBE_ASCAT_V4.0.1_nc,ASCAT_SWI,7.48,Success
2020-06-10T12:00:00.000000Z,c_gls_SWI_202006111200_GLOBE_ASCAT_V4.0.1_nc,ASCAT_SWI,10.09,Success
2020-09-16T12:00:00.000000Z,c_gls_SWI_202009171200_GLOBE_ASCAT_V4.0.1_nc,ASCAT_SWI,9.97,Success
2020-02-13T12:00:00.000000Z,c_gls_SWI_202002141200_GLOBE_ASCAT_V4.0.1_nc,ASCAT_SWI,7.25,Success
2020-07-27T12:00:00.000000Z,c_gls_SWI_202007281200_GLOBE_ASCAT_V4.0.1_nc,ASCAT_SWI,9.76,Success
2020-02-27T12:00:00.000000Z,c_gls_SWI_202002281200_GLOBE_ASCAT_V4.0.1_nc,ASCAT_SWI,7.27,Success
2020-04-04T12:00:00.000000Z,c_gls_SWI_202004051200_GLOBE_ASCAT_V4.0.1_nc,ASCAT_SWI,8.15,Success
2020-05-02T12:00:00.000000Z,c_gls_SWI_202005031200_GLOBE_ASCAT_V4.0.1_nc,ASCAT_SWI,8.95,Success
2020-11-01T12:00:00.000000Z,c_gls_SWI_202011021200_GLOBE_ASCAT_V4.0.1_nc,ASCAT_SWI,9.12,Success
2020-07-21T12:00:00.000000Z,c_gls_SWI_202007221200_GLOBE_ASCAT_V4.0.1_nc,ASCAT_SWI,9.81,Success
2020-03-16T12:00:00.000000Z,c_gls_SWI_202003171200_GLOBE_ASCAT_V4.0.1_nc,ASCAT_SWI,7.46,Success
2020-07-26T12:00:00.000000Z,c_gls_SWI_202007271200_GLOBE_ASCAT_V4.0.1_nc,ASCAT_SWI,9.77,Success
2020-06-07T12:00:00.000000Z,c_gls_SWI_202006081200_GLOBE_ASCAT_V4.0.1_nc,ASCAT_SWI,10.1,Success
2020-03-26T12:00:00.000000Z,c_gls_SWI_202003271200_GLOBE_ASCAT_V4.0.1_nc,ASCAT_SWI,7.52,Success
2020-09-01T12:00:00.000000Z,c_gls_SWI_202009021200_GLOBE_ASCAT_V4.0.1_nc,ASCAT_SWI,10.17,Success
2020-03-10T12:00:00.000000Z,c_gls_SWI_202003111200_GLOBE_ASCAT_V4.0.1_nc,ASCAT_SWI,7.51,Success
2020-04-12T12:00:00.000000Z,c_gls_SWI_202004131200_GLOBE_ASCAT_V4.0.1_nc,ASCAT_SWI,8.04,Success
2020-04-10T12:00:00.000000Z,c_gls_SWI_202004111200_GLOBE_ASCAT_V4.0.1_nc,ASCAT_SWI,8.04,Success
2020-05-10T12:00:00.000000Z,c_gls_SWI_202005111200_GLOBE_ASCAT_V4.0.1_nc,ASCAT_SWI,8.81,Success
2020-04-24T12:00:00.000000Z,c_gls_SWI_202004251200_GLOBE_ASCAT_V4.0.1_nc,ASCAT_SWI,8.17,Success
2020-03-29T12:00:00.000000Z,c_gls_SWI_202003301200_GLOBE_ASCAT_V4.0.1_nc,ASCAT_SWI,7.6,Success
2020-02-18T12:00:00.000000Z,c_gls_SWI_202002191200_GLOBE_ASCAT_V4.0.1_nc,ASCAT_SWI,7.19,Success
2020-04-26T12:00:00.000000Z,c_gls_SWI_202004271200_GLOBE_ASCAT_V4.0.1_nc,ASCAT_SWI,8.16,Success
2020-08-17T12:00:00.000000Z,c_gls_SWI_202008181200_GLOBE_ASCAT_V4.0.1_nc,ASCAT_SWI,9.89,Success
2020-04-29T12:00:00.000000Z,c_gls_SWI_202004301200_GLOBE_ASCAT_V4.0.1_nc,ASCAT_SWI,8.2,Success
2020-04-16T12:00:00.000000Z,c_gls_SWI_202004171200_GLOBE_ASCAT_V4.0.1_nc,ASCAT_SWI,8.07,Success
2020-04-23T12:00:00.000000Z,c_gls_SWI_202004241200_GLOBE_ASCAT_V4.0.1_nc,ASCAT_SWI,8.18,Success
2020-07-25T12:00:00.000000Z,c_gls_SWI_202007261200_GLOBE_ASCAT_V4.0.1_nc,ASCAT_SWI,9.81,Success
2020-11-19T12:00:00.000000Z,c_gls_SWI_202011201200_GLOBE_ASCAT_V4.0.1_nc,ASCAT_SWI,8.39,Success
2020-04-25T12:00:00.000000Z,c_gls_SWI_202004261200_GLOBE_ASCAT_V4.0.1_nc,ASCAT_SWI,8.18,Success
2020-06-28T12:00:00.000000Z,c_gls_SWI_202006291200_GLOBE_ASCAT_V4.0.1_nc,ASCAT_SWI,10.15,Success
2020-03-13T12:00:00.000000Z,c_gls_SWI_202003141200_GLOBE_ASCAT_V4.0.1_nc,ASCAT_SWI,7.47,Success
2020-09-08T12:00:00.000000Z,c_gls_SWI_202009091200_GLOBE_ASCAT_V4.0.1_nc,ASCAT_SWI,10.01,Success
2020-08-06T12:00:00.000000Z,c_gls_SWI_202008071200_GLOBE_ASCAT_V4.0.1_nc,ASCAT_SWI,9.99,Success
2020-02-15T12:00:00.000000Z,c_gls_SWI_202002161200_GLOBE_ASCAT_V4.0.1_nc,ASCAT_SWI,7.21,Success
2020-03-14T12:00:00.000000Z,c_gls_SWI_202003151200_GLOBE_ASCAT_V4.0.1_nc,ASCAT_SWI,7.47,Success
2020-12-16T12:00:00.000000Z,c_gls_SWI_202012171200_GLOBE_ASCAT_V4.0.1_nc,ASCAT_SWI,7.56,Success
2020-04-17T12:00:00.000000Z,c_gls_SWI_202004181200_GLOBE_ASCAT_V4.0.1_nc,ASCAT_SWI,8.09,Success
2020-03-28T12:00:00.000000Z,c_gls_SWI_202003291200_GLOBE_ASCAT_V4.0.1_nc,ASCAT_SWI,7.56,Success
2020-03-11T12:00:00.000000Z,c_gls_SWI_202003121200_GLOBE_ASCAT_V4.0.1_nc,ASCAT_SWI,7.49,Success
2020-03-09T12:00:00.000000Z,c_gls_SWI_202003101200_GLOBE_ASCAT_V4.0.1_nc,ASCAT_SWI,7.5,Success
2020-03-03T12:00:00.000000Z,c_gls_SWI_202003041200_GLOBE_ASCAT_V4.0.1_nc,ASCAT_SWI,7.66,Success
2020-04-01T12:00:00.000000Z,c_gls_SWI_202004021200_GLOBE_ASCAT_V4.0.1_nc,ASCAT_SWI,8.09,Success
2020-04-06T12:00:00.000000Z,c_gls_SWI_202004071200_GLOBE_ASCAT_V4.0.1_nc,ASCAT_SWI,8.09,Success
2020-03-24T12:00:00.000000Z,c_gls_SWI_202003251200_GLOBE_ASCAT_V4.0.1_nc,ASCAT_SWI,7.55,Success
2020-05-24T12:00:00.000000Z,c_gls_SWI_202005251200_GLOBE_ASCAT_V4.0.1_nc,ASCAT_SWI,9.18,Success
2020-03-30T12:00:00.000000Z,c_gls_SWI_202003311200_GLOBE_ASCAT_V4.0.1_nc,ASCAT_SWI,7.63,Success
2020-03-06T12:00:00.000000Z,c_gls_SWI_202003071200_GLOBE_ASCAT_V4.0.1_nc,ASCAT_SWI,7.58,Success
2020-08-25T12:00:00.000000Z,c_gls_SWI_202008261200_GLOBE_ASCAT_V4.0.1_nc,ASCAT_SWI,9.83,Success
2020-04-18T12:00:00.000000Z,c_gls_SWI_202004191200_GLOBE_ASCAT_V4.0.1_nc,ASCAT_SWI,8.1,Success
2020-03-05T12:00:00.000000Z,c_gls_SWI_202003061200_GLOBE_ASCAT_V4.0.1_nc,ASCAT_SWI,7.62,Success
2020-09-21T12:00:00.000000Z,c_gls_SWI_202009221200_GLOBE_ASCAT_V4.0.1_nc,ASCAT_SWI,10.02,Success
2020-08-05T12:00:00.000000Z,c_gls_SWI_202008061200_GLOBE_ASCAT_V4.0.1_nc,ASCAT_SWI,10.03,Success
2020-04-05T12:00:00.000000Z,c_gls_SWI_202004061200_GLOBE_ASCAT_V4.0.1_nc,ASCAT_SWI,8.12,Success
2020-09-13T12:00:00.000000Z,c_gls_SWI_202009141200_GLOBE_ASCAT_V4.0.1_nc,ASCAT_SWI,9.97,Success
2020-08-29T12:00:00.000000Z,c_gls_SWI_202008301200_GLOBE_ASCAT_V4.0.1_nc,ASCAT_SWI,9.77,Success
2020-05-01T12:00:00.000000Z,c_gls_SWI_202005021200_GLOBE_ASCAT_V4.0.1_nc,ASCAT_SWI,8.88,Success
2020-03-20T12:00:00.000000Z,c_gls_SWI_202003211200_GLOBE_ASCAT_V4.0.1_nc,ASCAT_SWI,7.5,Success
2020-12-08T12:00:00.000000Z,c_gls_SWI_202012091200_GLOBE_ASCAT_V4.0.1_nc,ASCAT_SWI,7.91,Success
2020-05-04T12:00:00.000000Z,c_gls_SWI_202005051200_GLOBE_ASCAT_V4.0.1_nc,ASCAT_SWI,8.92,Success
2020-05-03T12:00:00.000000Z,c_gls_SWI_202005041200_GLOBE_ASCAT_V4.0.1_nc,ASCAT_SWI,8.96,Success
2020-04-15T12:00:00.000000Z,c_gls_SWI_202004161200_GLOBE_ASCAT_V4.0.1_nc,ASCAT_SWI,8.07,Success
2020-09-19T12:00:00.000000Z,c_gls_SWI_202009201200_GLOBE_ASCAT_V4.0.1_nc,ASCAT_SWI,9.99,Success
2020-04-02T12:00:00.000000Z,c_gls_SWI_202004031200_GLOBE_ASCAT_V4.0.1_nc,ASCAT_SWI,8.14,Success
2020-11-09T12:00:00.000000Z,c_gls_SWI_202011101200_GLOBE_ASCAT_V4.0.1_nc,ASCAT_SWI,8.91,Success
2020-06-15T12:00:00.000000Z,c_gls_SWI_202006161200_GLOBE_ASCAT_V4.0.1_nc,ASCAT_SWI,10.09,Success
2020-05-28T12:00:00.000000Z,c_gls_SWI_202005291200_GLOBE_ASCAT_V4.0.1_nc,ASCAT_SWI,9.45,Success
2020-05-29T12:00:00.000000Z,c_gls_SWI_202005301200_GLOBE_ASCAT_V4.0.1_nc,ASCAT_SWI,9.46,Success
2020-12-13T12:00:00.000000Z,c_gls_SWI_202012141200_GLOBE_ASCAT_V4.0.1_nc,ASCAT_SWI,7.72,Success
2020-06-24T12:00:00.000000Z,c_gls_SWI_202006251200_GLOBE_ASCAT_V4.0.1_nc,ASCAT_SWI,10.26,Success
2020-06-01T12:00:00.000000Z,c_gls_SWI_202006021200_GLOBE_ASCAT_V4.0.1_nc,ASCAT_SWI,10.19,Success
2020-05-31T12:00:00.000000Z,c_gls_SWI_202006011200_GLOBE_ASCAT_V4.0.1_nc,ASCAT_SWI,10.03,Success
2020-10-15T12:00:00.000000Z,c_gls_SWI_202010161200_GLOBE_ASCAT_V4.0.1_nc,ASCAT_SWI,9.69,Success
2020-06-29T12:00:00.000000Z,c_gls_SWI_202006301200_GLOBE_ASCAT_V4.0.1_nc,ASCAT_SWI,10.13,Success
2020-05-19T12:00:00.000000Z,c_gls_SWI_202005201200_GLOBE_ASCAT_V4.0.1_nc,ASCAT_SWI,8.95,Success
2020-11-11T12:00:00.000000Z,c_gls_SWI_202011121200_GLOBE_ASCAT_V4.0.1_nc,ASCAT_SWI,8.84,Success
2020-05-16T12:00:00.000000Z,c_gls_SWI_202005171200_GLOBE_ASCAT_V4.0.1_nc,ASCAT_SWI,8.84,Success
2020-05-21T12:00:00.000000Z,c_gls_SWI_202005221200_GLOBE_ASCAT_V4.0.1_nc,ASCAT_SWI,9.03,Success
2020-05-05T12:00:00.000000Z,c_gls_SWI_202005061200_GLOBE_ASCAT_V4.0.1_nc,ASCAT_SWI,8.9,Success
2020-05-23T12:00:00.000000Z,c_gls_SWI_202005241200_GLOBE_ASCAT_V4.0.1_nc,ASCAT_SWI,9.13,Success
2020-12-14T12:00:00.000000Z,c_gls_SWI_202012151200_GLOBE_ASCAT_V4.0.1_nc,ASCAT_SWI,7.66,Success
2020-05-12T12:00:00.000000Z,c_gls_SWI_202005131200_GLOBE_ASCAT_V4.0.1_nc,ASCAT_SWI,8.82,Success
2020-05-11T12:00:00.000000Z,c_gls_SWI_202005121200_GLOBE_ASCAT_V4.0.1_nc,ASCAT_SWI,8.84,Success
2020-10-03T12:00:00.000000Z,c_gls_SWI_202010041200_GLOBE_ASCAT_V4.0.1_nc,ASCAT_SWI,10.34,Success
2020-05-17T12:00:00.000000Z,c_gls_SWI_202005181200_GLOBE_ASCAT_V4.0.1_nc,ASCAT_SWI,8.85,Success
2020-05-20T12:00:00.000000Z,c_gls_SWI_202005211200_GLOBE_ASCAT_V4.0.1_nc,ASCAT_SWI,8.97,Success
2020-08-03T12:00:00.000000Z,c_gls_SWI_202008041200_GLOBE_ASCAT_V4.0.1_nc,ASCAT_SWI,10.11,Success
2020-05-14T12:00:00.000000Z,c_gls_SWI_202005151200_GLOBE_ASCAT_V4.0.1_nc,ASCAT_SWI,8.82,Success
2020-05-22T12:00:00.000000Z,c_gls_SWI_202005231200_GLOBE_ASCAT_V4.0.1_nc,ASCAT_SWI,9.08,Success
2020-05-07T12:00:00.000000Z,c_gls_SWI_202005081200_GLOBE_ASCAT_V4.0.1_nc,ASCAT_SWI,8.85,Success
2020-10-17T12:00:00.000000Z,c_gls_SWI_202010181200_GLOBE_ASCAT_V4.0.1_nc,ASCAT_SWI,9.58,Success
2020-05-18T12:00:00.000000Z,c_gls_SWI_202005191200_GLOBE_ASCAT_V4.0.1_nc,ASCAT_SWI,8.88,Success
2020-05-30T12:00:00.000000Z,c_gls_SWI_202005311200_GLOBE_ASCAT_V4.0.1_nc,ASCAT_SWI,9.49,Success
2020-11-15T12:00:00.000000Z,c_gls_SWI_202011161200_GLOBE_ASCAT_V4.0.1_nc,ASCAT_SWI,8.6,Success
2020-07-08T12:00:00.000000Z,c_gls_SWI_202007091200_GLOBE_ASCAT_V4.0.1_nc,ASCAT_SWI,10.15,Success
2020-05-08T12:00:00.000000Z,c_gls_SWI_202005091200_GLOBE_ASCAT_V4.0.1_nc,ASCAT_SWI,8.84,Success
2020-10-25T12:00:00.000000Z,c_gls_SWI_202010261200_GLOBE_ASCAT_V4.0.1_nc,ASCAT_SWI,8.99,Success
2020-06-25T12:00:00.000000Z,c_gls_SWI_202006261200_GLOBE_ASCAT_V4.0.1_nc,ASCAT_SWI,10.24,Success
2020-07-28T12:00:00.000000Z,c_gls_SWI_202007291200_GLOBE_ASCAT_V4.0.1_nc,ASCAT_SWI,9.74,Success
2020-06-04T12:00:00.000000Z,c_gls_SWI_202006051200_GLOBE_ASCAT_V4.0.1_nc,ASCAT_SWI,10.2,Success
2020-06-09T12:00:00.000000Z,c_gls_SWI_202006101200_GLOBE_ASCAT_V4.0.1_nc,ASCAT_SWI,10.1,Success
2020-06-11T12:00:00.000000Z,c_gls_SWI_202006121200_GLOBE_ASCAT_V4.0.1_nc,ASCAT_SWI,10.09,Success
2020-06-26T12:00:00.000000Z,c_gls_SWI_202006271200_GLOBE_ASCAT_V4.0.1_nc,ASCAT_SWI,10.2,Success
2020-07-02T12:00:00.000000Z,c_gls_SWI_202007031200_GLOBE_ASCAT_V4.0.1_nc,ASCAT_SWI,10.52,Success
2020-02-17T12:00:00.000000Z,c_gls_SWI_202002181200_GLOBE_ASCAT_V4.0.1_nc,ASCAT_SWI,7.19,Success
2020-06-23T12:00:00.000000Z,c_gls_SWI_202006241200_GLOBE_ASCAT_V4.0.1_nc,ASCAT_SWI,10.27,Success
2020-10-16T12:00:00.000000Z,c_gls_SWI_202010171200_GLOBE_ASCAT_V4.0.1_nc,ASCAT_SWI,9.63,Success
2020-08-26T12:00:00.000000Z,c_gls_SWI_202008271200_GLOBE_ASCAT_V4.0.1_nc,ASCAT_SWI,9.81,Success
2020-06-03T12:00:00.000000Z,c_gls_SWI_202006041200_GLOBE_ASCAT_V4.0.1_nc,ASCAT_SWI,10.23,Success
2020-06-19T12:00:00.000000Z,c_gls_SWI_202006201200_GLOBE_ASCAT_V4.0.1_nc,ASCAT_SWI,10.22,Success
2020-06-22T12:00:00.000000Z,c_gls_SWI_202006231200_GLOBE_ASCAT_V4.0.1_nc,ASCAT_SWI,10.27,Success
2020-06-05T12:00:00.000000Z,c_gls_SWI_202006061200_GLOBE_ASCAT_V4.0.1_nc,ASCAT_SWI,10.16,Success
2020-03-17T12:00:00.000000Z,c_gls_SWI_202003181200_GLOBE_ASCAT_V4.0.1_nc,ASCAT_SWI,7.49,Success
2020-06-17T12:00:00.000000Z,c_gls_SWI_202006181200_GLOBE_ASCAT_V4.0.1_nc,ASCAT_SWI,10.15,Success
2020-06-21T12:00:00.000000Z,c_gls_SWI_202006221200_GLOBE_ASCAT_V4.0.1_nc,ASCAT_SWI,10.27,Success
2020-06-18T12:00:00.000000Z,c_gls_SWI_202006191200_GLOBE_ASCAT_V4.0.1_nc,ASCAT_SWI,10.18,Success
2020-08-24T12:00:00.000000Z,c_gls_SWI_202008251200_GLOBE_ASCAT_V4.0.1_nc,ASCAT_SWI,9.84,Success
2020-06-20T12:00:00.000000Z,c_gls_SWI_202006211200_GLOBE_ASCAT_V4.0.1_nc,ASCAT_SWI,10.23,Success
2020-06-14T12:00:00.000000Z,c_gls_SWI_202006151200_GLOBE_ASCAT_V4.0.1_nc,ASCAT_SWI,10.08,Success
2020-07-04T12:00:00.000000Z,c_gls_SWI_202007051200_GLOBE_ASCAT_V4.0.1_nc,ASCAT_SWI,10.41,Success
2020-08-04T12:00:00.000000Z,c_gls_SWI_202008051200_GLOBE_ASCAT_V4.0.1_nc,ASCAT_SWI,10.07,Success
2020-07-09T12:00:00.000000Z,c_gls_SWI_202007101200_GLOBE_ASCAT_V4.0.1_nc,ASCAT_SWI,10.09,Success
2020-11-05T12:00:00.000000Z,c_gls_SWI_202011061200_GLOBE_ASCAT_V4.0.1_nc,ASCAT_SWI,9.04,Success
2020-09-17T12:00:00.000000Z,c_gls_SWI_202009181200_GLOBE_ASCAT_V4.0.1_nc,ASCAT_SWI,9.97,Success
2020-07-10T12:00:00.000000Z,c_gls_SWI_202007111200_GLOBE_ASCAT_V4.0.1_nc,ASCAT_SWI,10.07,Success
2020-07-11T12:00:00.000000Z,c_gls_SWI_202007121200_GLOBE_ASCAT_V4.0.1_nc,ASCAT_SWI,10.04,Success
2020-07-12T12:00:00.000000Z,c_gls_SWI_202007131200_GLOBE_ASCAT_V4.0.1_nc,ASCAT_SWI,9.98,Success
2020-12-05T12:00:00.000000Z,c_gls_SWI_202012061200_GLOBE_ASCAT_V4.0.1_nc,ASCAT_SWI,8.07,Success
2020-06-30T12:00:00.000000Z,c_gls_SWI_202007011200_GLOBE_ASCAT_V4.0.1_nc,ASCAT_SWI,10.48,Success
2020-07-03T12:00:00.000000Z,c_gls_SWI_202007041200_GLOBE_ASCAT_V4.0.1_nc,ASCAT_SWI,10.5,Success
2020-07-06T12:00:00.000000Z,c_gls_SWI_202007071200_GLOBE_ASCAT_V4.0.1_nc,ASCAT_SWI,10.28,Success
2020-07-05T12:00:00.000000Z,c_gls_SWI_202007061200_GLOBE_ASCAT_V4.0.1_nc,ASCAT_SWI,10.34,Success
2020-07-19T12:00:00.000000Z,c_gls_SWI_202007201200_GLOBE_ASCAT_V4.0.1_nc,ASCAT_SWI,9.85,Success
2020-09-23T12:00:00.000000Z,c_gls_SWI_202009241200_GLOBE_ASCAT_V4.0.1_nc,ASCAT_SWI,9.97,Success
2020-10-31T12:00:00.000000Z,c_gls_SWI_202011011200_GLOBE_ASCAT_V4.0.1_nc,ASCAT_SWI,9.02,Success
2020-12-03T12:00:00.000000Z,c_gls_SWI_202012041200_GLOBE_ASCAT_V4.0.1_nc,ASCAT_SWI,8.16,Success
2020-12-31T12:00:00.000000Z,c_gls_SWI_202101011200_GLOBE_ASCAT_V4.0.1_nc,ASCAT_SWI,7.45,Success
2020-07-18T12:00:00.000000Z,c_gls_SWI_202007191200_GLOBE_ASCAT_V4.0.1_nc,ASCAT_SWI,9.88,Success
2020-08-27T12:00:00.000000Z,c_gls_SWI_202008281200_GLOBE_ASCAT_V4.0.1_nc,ASCAT_SWI,9.78,Success
2020-07-16T12:00:00.000000Z,c_gls_SWI_202007171200_GLOBE_ASCAT_V4.0.1_nc,ASCAT_SWI,9.91,Success
2020-10-21T12:00:00.000000Z,c_gls_SWI_202010221200_GLOBE_ASCAT_V4.0.1_nc,ASCAT_SWI,9.27,Success
2020-07-17T12:00:00.000000Z,c_gls_SWI_202007181200_GLOBE_ASCAT_V4.0.1_nc,ASCAT_SWI,9.89,Success
2020-11-07T12:00:00.000000Z,c_gls_SWI_202011081200_GLOBE_ASCAT_V4.0.1_nc,ASCAT_SWI,8.95,Success
2020-08-23T12:00:00.000000Z,c_gls_SWI_202008241200_GLOBE_ASCAT_V4.0.1_nc,ASCAT_SWI,9.86,Success
2020-08-16T12:00:00.000000Z,c_gls_SWI_202008171200_GLOBE_ASCAT_V4.0.1_nc,ASCAT_SWI,9.91,Success
2020-11-23T12:00:00.000000Z,c_gls_SWI_202011241200_GLOBE_ASCAT_V4.0.1_nc,ASCAT_SWI,8.16,Success
2020-08-02T12:00:00.000000Z,c_gls_SWI_202008031200_GLOBE_ASCAT_V4.0.1_nc,ASCAT_SWI,10.09,Success
2020-10-08T12:00:00.000000Z,c_gls_SWI_202010091200_GLOBE_ASCAT_V4.0.1_nc,ASCAT_SWI,10.01,Success
2020-08-11T12:00:00.000000Z,c_gls_SWI_202008121200_GLOBE_ASCAT_V4.0.1_nc,ASCAT_SWI,9.93,Success
2020-07-24T12:00:00.000000Z,c_gls_SWI_202007251200_GLOBE_ASCAT_V4.0.1_nc,ASCAT_SWI,9.8,Success
2020-07-31T12:00:00.000000Z,c_gls_SWI_202008011200_GLOBE_ASCAT_V4.0.1_nc,ASCAT_SWI,10.04,Success
2020-10-30T12:00:00.000000Z,c_gls_SWI_202010311200_GLOBE_ASCAT_V4.0.1_nc,ASCAT_SWI,8.73,Success
2020-12-27T12:00:00.000000Z,c_gls_SWI_202012281200_GLOBE_ASCAT_V4.0.1_nc,ASCAT_SWI,7.32,Success
2020-10-10T12:00:00.000000Z,c_gls_SWI_202010111200_GLOBE_ASCAT_V4.0.1_nc,ASCAT_SWI,9.85,Success
2020-08-28T12:00:00.000000Z,c_gls_SWI_202008291200_GLOBE_ASCAT_V4.0.1_nc,ASCAT_SWI,9.8,Success
2020-07-20T12:00:00.000000Z,c_gls_SWI_202007211200_GLOBE_ASCAT_V4.0.1_nc,ASCAT_SWI,9.84,Success
2020-08-08T12:00:00.000000Z,c_gls_SWI_202008091200_GLOBE_ASCAT_V4.0.1_nc,ASCAT_SWI,9.95,Success
2020-11-21T12:00:00.000000Z,c_gls_SWI_202011221200_GLOBE_ASCAT_V4.0.1_nc,ASCAT_SWI,8.27,Success
2020-08-09T12:00:00.000000Z,c_gls_SWI_202008101200_GLOBE_ASCAT_V4.0.1_nc,ASCAT_SWI,9.92,Success
2020-07-23T12:00:00.000000Z,c_gls_SWI_202007241200_GLOBE_ASCAT_V4.0.1_nc,ASCAT_SWI,9.81,Success
2020-07-22T12:00:00.000000Z,c_gls_SWI_202007231200_GLOBE_ASCAT_V4.0.1_nc,ASCAT_SWI,9.81,Success
2020-12-18T12:00:00.000000Z,c_gls_SWI_202012191200_GLOBE_ASCAT_V4.0.1_nc,ASCAT_SWI,7.48,Success
2020-08-01T12:00:00.000000Z,c_gls_SWI_202008021200_GLOBE_ASCAT_V4.0.1_nc,ASCAT_SWI,10.09,Success
2020-07-30T12:00:00.000000Z,c_gls_SWI_202007311200_GLOBE_ASCAT_V4.0.1_nc,ASCAT_SWI,9.72,Success
2020-07-29T12:00:00.000000Z,c_gls_SWI_202007301200_GLOBE_ASCAT_V4.0.1_nc,ASCAT_SWI,9.72,Success
2020-08-30T12:00:00.000000Z,c_gls_SWI_202008311200_GLOBE_ASCAT_V4.0.1_nc,ASCAT_SWI,9.78,Success
2020-08-19T12:00:00.000000Z,c_gls_SWI_202008201200_GLOBE_ASCAT_V4.0.1_nc,ASCAT_SWI,9.85,Success
2020-09-05T12:00:00.000000Z,c_gls_SWI_202009061200_GLOBE_ASCAT_V4.0.1_nc,ASCAT_SWI,10.07,Success
2020-09-07T12:00:00.000000Z,c_gls_SWI_202009081200_GLOBE_ASCAT_V4.0.1_nc,ASCAT_SWI,10.03,Success
2020-08-21T12:00:00.000000Z,c_gls_SWI_202008221200_GLOBE_ASCAT_V4.0.1_nc,ASCAT_SWI,9.85,Success
2020-12-30T12:00:00.000000Z,c_gls_SWI_202012311200_GLOBE_ASCAT_V4.0.1_nc,ASCAT_SWI,7.24,Success
2020-09-12T12:00:00.000000Z,c_gls_SWI_202009131200_GLOBE_ASCAT_V4.0.1_nc,ASCAT_SWI,9.98,Success
2020-09-03T12:00:00.000000Z,c_gls_SWI_202009041200_GLOBE_ASCAT_V4.0.1_nc,ASCAT_SWI,10.14,Success
2020-08-20T12:00:00.000000Z,c_gls_SWI_202008211200_GLOBE_ASCAT_V4.0.1_nc,ASCAT_SWI,9.83,Success
2020-08-22T12:00:00.000000Z,c_gls_SWI_202008231200_GLOBE_ASCAT_V4.0.1_nc,ASCAT_SWI,9.84,Success
2020-11-03T12:00:00.000000Z,c_gls_SWI_202011041200_GLOBE_ASCAT_V4.0.1_nc,ASCAT_SWI,9.12,Success
2020-09-18T12:00:00.000000Z,c_gls_SWI_202009191200_GLOBE_ASCAT_V4.0.1_nc,ASCAT_SWI,9.98,Success
2020-09-14T12:00:00.000000Z,c_gls_SWI_202009151200_GLOBE_ASCAT_V4.0.1_nc,ASCAT_SWI,9.98,Success
2020-10-27T12:00:00.000000Z,c_gls_SWI_202010281200_GLOBE_ASCAT_V4.0.1_nc,ASCAT_SWI,8.86,Success
2020-08-31T12:00:00.000000Z,c_gls_SWI_202009011200_GLOBE_ASCAT_V4.0.1_nc,ASCAT_SWI,10.13,Success
2020-10-26T12:00:00.000000Z,c_gls_SWI_202010271200_GLOBE_ASCAT_V4.0.1_nc,ASCAT_SWI,8.88,Success
2020-09-04T12:00:00.000000Z,c_gls_SWI_202009051200_GLOBE_ASCAT_V4.0.1_nc,ASCAT_SWI,10.11,Success
2020-10-02T12:00:00.000000Z,c_gls_SWI_202010031200_GLOBE_ASCAT_V4.0.1_nc,ASCAT_SWI,10.34,Success
2020-09-15T12:00:00.000000Z,c_gls_SWI_202009161200_GLOBE_ASCAT_V4.0.1_nc,ASCAT_SWI,9.94,Success
2020-09-09T12:00:00.000000Z,c_gls_SWI_202009101200_GLOBE_ASCAT_V4.0.1_nc,ASCAT_SWI,10.02,Success
2020-09-25T12:00:00.000000Z,c_gls_SWI_202009261200_GLOBE_ASCAT_V4.0.1_nc,ASCAT_SWI,9.97,Success
2020-09-20T12:00:00.000000Z,c_gls_SWI_202009211200_GLOBE_ASCAT_V4.0.1_nc,ASCAT_SWI,10.0,Success
2020-09-24T12:00:00.000000Z,c_gls_SWI_202009251200_GLOBE_ASCAT_V4.0.1_nc,ASCAT_SWI,9.99,Success
2020-12-12T12:00:00.000000Z,c_gls_SWI_202012131200_GLOBE_ASCAT_V4.0.1_nc,ASCAT_SWI,7.76,Success
2020-09-29T12:00:00.000000Z,c_gls_SWI_202009301200_GLOBE_ASCAT_V4.0.1_nc,ASCAT_SWI,9.97,Success
2020-10-29T12:00:00.000000Z,c_gls_SWI_202010301200_GLOBE_ASCAT_V4.0.1_nc,ASCAT_SWI,8.76,Success
2020-09-22T12:00:00.000000Z,c_gls_SWI_202009231200_GLOBE_ASCAT_V4.0.1_nc,ASCAT_SWI,9.98,Success
2020-10-13T12:00:00.000000Z,c_gls_SWI_202010141200_GLOBE_ASCAT_V4.0.1_nc,ASCAT_SWI,9.73,Success
2020-09-30T12:00:00.000000Z,c_gls_SWI_202010011200_GLOBE_ASCAT_V4.0.1_nc,ASCAT_SWI,10.3,Success
2020-10-07T12:00:00.000000Z,c_gls_SWI_202010081200_GLOBE_ASCAT_V4.0.1_nc,ASCAT_SWI,10.04,Success
2020-10-11T12:00:00.000000Z,c_gls_SWI_202010121200_GLOBE_ASCAT_V4.0.1_nc,ASCAT_SWI,9.8,Success
2020-10-22T12:00:00.000000Z,c_gls_SWI_202010231200_GLOBE_ASCAT_V4.0.1_nc,ASCAT_SWI,9.21,Success
2020-09-28T12:00:00.000000Z,c_gls_SWI_202009291200_GLOBE_ASCAT_V4.0.1_nc,ASCAT_SWI,9.97,Success
2020-11-10T12:00:00.000000Z,c_gls_SWI_202011111200_GLOBE_ASCAT_V4.0.1_nc,ASCAT_SWI,8.88,Success
2020-09-27T12:00:00.000000Z,c_gls_SWI_202009281200_GLOBE_ASCAT_V4.0.1_nc,ASCAT_SWI,9.94,Success
2020-10-01T12:00:00.000000Z,c_gls_SWI_202010021200_GLOBE_ASCAT_V4.0.1_nc,ASCAT_SWI,10.36,Success
2020-10-12T12:00:00.000000Z,c_gls_SWI_202010131200_GLOBE_ASCAT_V4.0.1_nc,ASCAT_SWI,9.74,Success
2020-11-06T12:00:00.000000Z,c_gls_SWI_202011071200_GLOBE_ASCAT_V4.0.1_nc,ASCAT_SWI,9.01,Success
2020-10-06T12:00:00.000000Z,c_gls_SWI_202010071200_GLOBE_ASCAT_V4.0.1_nc,ASCAT_SWI,10.14,Success
2020-10-18T12:00:00.000000Z,c_gls_SWI_202010191200_GLOBE_ASCAT_V4.0.1_nc,ASCAT_SWI,9.55,Success
2020-11-12T12:00:00.000000Z,c_gls_SWI_202011131200_GLOBE_ASCAT_V4.0.1_nc,ASCAT_SWI,8.77,Success
2020-10-24T12:00:00.000000Z,c_gls_SWI_202010251200_GLOBE_ASCAT_V4.0.1_nc,ASCAT_SWI,9.06,Success
2020-11-04T12:00:00.000000Z,c_gls_SWI_202011051200_GLOBE_ASCAT_V4.0.1_nc,ASCAT_SWI,9.1,Success
2020-10-28T12:00:00.000000Z,c_gls_SWI_202010291200_GLOBE_ASCAT_V4.0.1_nc,ASCAT_SWI,8.8,Success
2020-11-16T12:00:00.000000Z,c_gls_SWI_202011171200_GLOBE_ASCAT_V4.0.1_nc,ASCAT_SWI,8.55,Success
2020-11-08T12:00:00.000000Z,c_gls_SWI_202011091200_GLOBE_ASCAT_V4.0.1_nc,ASCAT_SWI,8.95,Success
2020-11-13T12:00:00.000000Z,c_gls_SWI_202011141200_GLOBE_ASCAT_V4.0.1_nc,ASCAT_SWI,8.73,Success
2020-11-17T12:00:00.000000Z,c_gls_SWI_202011181200_GLOBE_ASCAT_V4.0.1_nc,ASCAT_SWI,8.49,Success
2020-10-09T12:00:00.000000Z,c_gls_SWI_202010101200_GLOBE_ASCAT_V4.0.1_nc,ASCAT_SWI,9.9,Success
2020-11-14T12:00:00.000000Z,c_gls_SWI_202011151200_GLOBE_ASCAT_V4.0.1_nc,ASCAT_SWI,8.66,Success
2020-12-20T12:00:00.000000Z,c_gls_SWI_202012211200_GLOBE_ASCAT_V4.0.1_nc,ASCAT_SWI,7.41,Success
2020-11-18T12:00:00.000000Z,c_gls_SWI_202011191200_GLOBE_ASCAT_V4.0.1_nc,ASCAT_SWI,8.46,Success
2020-10-23T12:00:00.000000Z,c_gls_SWI_202010241200_GLOBE_ASCAT_V4.0.1_nc,ASCAT_SWI,9.14,Success
2020-09-26T12:00:00.000000Z,c_gls_SWI_202009271200_GLOBE_ASCAT_V4.0.1_nc,ASCAT_SWI,9.97,Success
2020-10-19T12:00:00.000000Z,c_gls_SWI_202010201200_GLOBE_ASCAT_V4.0.1_nc,ASCAT_SWI,9.45,Success
2020-10-04T12:00:00.000000Z,c_gls_SWI_202010051200_GLOBE_ASCAT_V4.0.1_nc,ASCAT_SWI,10.26,Success
2020-11-20T12:00:00.000000Z,c_gls_SWI_202011211200_GLOBE_ASCAT_V4.0.1_nc,ASCAT_SWI,8.34,Success
2020-11-22T12:00:00.000000Z,c_gls_SWI_202011231200_GLOBE_ASCAT_V4.0.1_nc,ASCAT_SWI,8.2,Success
2020-11-29T12:00:00.000000Z,c_gls_SWI_202011301200_GLOBE_ASCAT_V4.0.1_nc,ASCAT_SWI,7.86,Success
2020-11-30T12:00:00.000000Z,c_gls_SWI_202012011200_GLOBE_ASCAT_V4.0.1_nc,ASCAT_SWI,8.11,Success
2020-12-06T12:00:00.000000Z,c_gls_SWI_202012071200_GLOBE_ASCAT_V4.0.1_nc,ASCAT_SWI,8.01,Success
2020-12-04T12:00:00.000000Z,c_gls_SWI_202012051200_GLOBE_ASCAT_V4.0.1_nc,ASCAT_SWI,8.1,Success
2020-12-10T12:00:00.000000Z,c_gls_SWI_202012111200_GLOBE_ASCAT_V4.0.1_nc,ASCAT_SWI,7.83,Success
2020-12-02T12:00:00.000000Z,c_gls_SWI_202012031200_GLOBE_ASCAT_V4.0.1_nc,ASCAT_SWI,8.19,Success
2020-11-28T12:00:00.000000Z,c_gls_SWI_202011291200_GLOBE_ASCAT_V4.0.1_nc,ASCAT_SWI,7.93,Success
2020-12-01T12:00:00.000000Z,c_gls_SWI_202012021200_GLOBE_ASCAT_V4.0.1_nc,ASCAT_SWI,8.17,Success
2020-12-19T12:00:00.000000Z,c_gls_SWI_202012201200_GLOBE_ASCAT_V4.0.1_nc,ASCAT_SWI,7.46,Success
2020-12-17T12:00:00.000000Z,c_gls_SWI_202012181200_GLOBE_ASCAT_V4.0.1_nc,ASCAT_SWI,7.53,Success
2020-12-22T12:00:00.000000Z,c_gls_SWI_202012231200_GLOBE_ASCAT_V4.0.1_nc,ASCAT_SWI,7.41,Success
2020-12-26T12:00:00.000000Z,c_gls_SWI_202012271200_GLOBE_ASCAT_V4.0.1_nc,ASCAT_SWI,7.34,Success
2020-12-23T12:00:00.000000Z,c_gls_SWI_202012241200_GLOBE_ASCAT_V4.0.1_nc,ASCAT_SWI,7.4,Success
2020-12-24T12:00:00.000000Z,c_gls_SWI_202012251200_GLOBE_ASCAT_V4.0.1_nc,ASCAT_SWI,7.4,Success
2020-12-29T12:00:00.000000Z,c_gls_SWI_202012301200_GLOBE_ASCAT_V4.0.1_nc,ASCAT_SWI,7.28,Success
2020-12-28T12:00:00.000000Z,c_gls_SWI_202012291200_GLOBE_ASCAT_V4.0.1_nc,ASCAT_SWI,7.28,Success
2020-10-24T12:00:00.000000Z,c_gls_SWI_202010251200_GLOBE_ASCAT_V3.1.1_nc,ASCAT_SWI,9.47,Success
2020-10-17T12:00:00.000000Z,c_gls_SWI_202010181200_GLOBE_ASCAT_V3.1.1_nc,ASCAT_SWI,9.39,Success
2020-10-18T12:00:00.000000Z,c_gls_SWI_202010191200_GLOBE_ASCAT_V3.1.1_nc,ASCAT_SWI,9.4,Success
2020-10-25T12:00:00.000000Z,c_gls_SWI_202010261200_GLOBE_ASCAT_V3.1.1_nc,ASCAT_SWI,9.49,Success
2020-10-20T12:00:00.000000Z,c_gls_SWI_202010211200_GLOBE_ASCAT_V3.1.1_nc,ASCAT_SWI,9.42,Success
2020-10-31T12:00:00.000000Z,c_gls_SWI_202011011200_GLOBE_ASCAT_V3.1.1_nc,ASCAT_SWI,9.52,Success
2020-10-29T12:00:00.000000Z,c_gls_SWI_202010301200_GLOBE_ASCAT_V3.1.1_nc,ASCAT_SWI,9.51,Success
2020-10-30T12:00:00.000000Z,c_gls_SWI_202010311200_GLOBE_ASCAT_V3.1.1_nc,ASCAT_SWI,9.52,Success
2020-10-23T12:00:00.000000Z,c_gls_SWI_202010241200_GLOBE_ASCAT_V3.1.1_nc,ASCAT_SWI,9.46,Success
2020-10-19T12:00:00.000000Z,c_gls_SWI_202010201200_GLOBE_ASCAT_V3.1.1_nc,ASCAT_SWI,9.4,Success
2020-10-21T12:00:00.000000Z,c_gls_SWI_202010221200_GLOBE_ASCAT_V3.1.1_nc,ASCAT_SWI,9.44,Success
2020-10-08T12:00:00.000000Z,c_gls_SWI_202010091200_GLOBE_ASCAT_V3.1.1_nc,ASCAT_SWI,9.27,Success
2020-10-15T12:00:00.000000Z,c_gls_SWI_202010161200_GLOBE_ASCAT_V3.1.1_nc,ASCAT_SWI,9.38,Success
2020-10-22T12:00:00.000000Z,c_gls_SWI_202010231200_GLOBE_ASCAT_V3.1.1_nc,ASCAT_SWI,9.45,Success
2020-10-12T12:00:00.000000Z,c_gls_SWI_202010131200_GLOBE_ASCAT_V3.1.1_nc,ASCAT_SWI,9.33,Success
2020-10-16T12:00:00.000000Z,c_gls_SWI_202010171200_GLOBE_ASCAT_V3.1.1_nc,ASCAT_SWI,9.39,Success
2020-10-11T12:00:00.000000Z,c_gls_SWI_202010121200_GLOBE_ASCAT_V3.1.1_nc,ASCAT_SWI,9.31,Success
2020-10-04T12:00:00.000000Z,c_gls_SWI_202010051200_GLOBE_ASCAT_V3.1.1_nc,ASCAT_SWI,9.22,Success
2020-10-05T12:00:00.000000Z,c_gls_SWI_202010061200_GLOBE_ASCAT_V3.1.1_nc,ASCAT_SWI,9.25,Success
2020-10-02T12:00:00.000000Z,c_gls_SWI_202010031200_GLOBE_ASCAT_V3.1.1_nc,ASCAT_SWI,9.2,Success
2020-10-09T12:00:00.000000Z,c_gls_SWI_202010101200_GLOBE_ASCAT_V3.1.1_nc,ASCAT_SWI,9.28,Success
2020-10-26T12:00:00.000000Z,c_gls_SWI_202010271200_GLOBE_ASCAT_V3.1.1_nc,ASCAT_SWI,9.49,Success
2020-10-10T12:00:00.000000Z,c_gls_SWI_202010111200_GLOBE_ASCAT_V3.1.1_nc,ASCAT_SWI,9.3,Success
2020-10-14T12:00:00.000000Z,c_gls_SWI_202010151200_GLOBE_ASCAT_V3.1.1_nc,ASCAT_SWI,9.34,Success
2020-09-30T12:00:00.000000Z,c_gls_SWI_202010011200_GLOBE_ASCAT_V3.1.1_nc,ASCAT_SWI,9.18,Success
2020-09-28T12:00:00.000000Z,c_gls_SWI_202009291200_GLOBE_ASCAT_V3.1.1_nc,ASCAT_SWI,9.16,Success
2020-09-20T12:00:00.000000Z,c_gls_SWI_202009211200_GLOBE_ASCAT_V3.1.1_nc,ASCAT_SWI,9.1,Success
2020-09-24T12:00:00.000000Z,c_gls_SWI_202009251200_GLOBE_ASCAT_V3.1.1_nc,ASCAT_SWI,9.13,Success
2020-09-18T12:00:00.000000Z,c_gls_SWI_202009191200_GLOBE_ASCAT_V3.1.1_nc,ASCAT_SWI,9.09,Success
2020-09-03T12:00:00.000000Z,c_gls_SWI_202009041200_GLOBE_ASCAT_V3.1.1_nc,ASCAT_SWI,9.06,Success
2020-09-16T12:00:00.000000Z,c_gls_SWI_202009171200_GLOBE_ASCAT_V3.1.1_nc,ASCAT_SWI,9.09,Success
2020-05-25T12:00:00.000000Z,c_gls_SWI_202005261200_GLOBE_ASCAT_V3.1.1_nc,ASCAT_SWI,9.63,Success
2020-05-21T12:00:00.000000Z,c_gls_SWI_202005221200_GLOBE_ASCAT_V3.1.1_nc,ASCAT_SWI,9.62,Success
2020-05-26T12:00:00.000000Z,c_gls_SWI_202005271200_GLOBE_ASCAT_V3.1.1_nc,ASCAT_SWI,9.62,Success
2020-05-30T12:00:00.000000Z,c_gls_SWI_202005311200_GLOBE_ASCAT_V3.1.1_nc,ASCAT_SWI,9.57,Success
2020-05-20T12:00:00.000000Z,c_gls_SWI_202005211200_GLOBE_ASCAT_V3.1.1_nc,ASCAT_SWI,9.59,Success
2020-05-23T12:00:00.000000Z,c_gls_SWI_202005241200_GLOBE_ASCAT_V3.1.1_nc,ASCAT_SWI,9.64,Success
2020-05-10T12:00:00.000000Z,c_gls_SWI_202005111200_GLOBE_ASCAT_V3.1.1_nc,ASCAT_SWI,9.43,Success
2020-05-16T12:00:00.000000Z,c_gls_SWI_202005171200_GLOBE_ASCAT_V3.1.1_nc,ASCAT_SWI,9.48,Success
2020-05-17T12:00:00.000000Z,c_gls_SWI_202005181200_GLOBE_ASCAT_V3.1.1_nc,ASCAT_SWI,9.5,Success
2020-05-22T12:00:00.000000Z,c_gls_SWI_202005231200_GLOBE_ASCAT_V3.1.1_nc,ASCAT_SWI,9.63,Success
2020-05-27T12:00:00.000000Z,c_gls_SWI_202005281200_GLOBE_ASCAT_V3.1.1_nc,ASCAT_SWI,9.59,Success
2020-05-24T12:00:00.000000Z,c_gls_SWI_202005251200_GLOBE_ASCAT_V3.1.1_nc,ASCAT_SWI,9.63,Success
2020-05-11T12:00:00.000000Z,c_gls_SWI_202005121200_GLOBE_ASCAT_V3.1.1_nc,ASCAT_SWI,9.44,Success
2020-05-12T12:00:00.000000Z,c_gls_SWI_202005131200_GLOBE_ASCAT_V3.1.1_nc,ASCAT_SWI,9.44,Success
2020-05-02T12:00:00.000000Z,c_gls_SWI_202005031200_GLOBE_ASCAT_V3.1.1_nc,ASCAT_SWI,9.41,Success
2020-05-19T12:00:00.000000Z,c_gls_SWI_202005201200_GLOBE_ASCAT_V3.1.1_nc,ASCAT_SWI,9.55,Success
2020-05-15T12:00:00.000000Z,c_gls_SWI_202005161200_GLOBE_ASCAT_V3.1.1_nc,ASCAT_SWI,9.46,Success
2020-05-31T12:00:00.000000Z,c_gls_SWI_202006011200_GLOBE_ASCAT_V3.1.1_nc,ASCAT_SWI,9.58,Success
2020-05-04T12:00:00.000000Z,c_gls_SWI_202005051200_GLOBE_ASCAT_V3.1.1_nc,ASCAT_SWI,9.41,Success
2020-05-08T12:00:00.000000Z,c_gls_SWI_202005091200_GLOBE_ASCAT_V3.1.1_nc,ASCAT_SWI,9.44,Success
2020-03-18T12:00:00.000000Z,c_gls_SWI_202003191200_GLOBE_ASCAT_V3.1.1_nc,ASCAT_SWI,8.54,Success
2020-03-16T12:00:00.000000Z,c_gls_SWI_202003171200_GLOBE_ASCAT_V3.1.1_nc,ASCAT_SWI,8.54,Success
2020-03-12T12:00:00.000000Z,c_gls_SWI_202003131200_GLOBE_ASCAT_V3.1.1_nc,ASCAT_SWI,8.52,Success
2020-03-24T12:00:00.000000Z,c_gls_SWI_202003251200_GLOBE_ASCAT_V3.1.1_nc,ASCAT_SWI,8.61,Success
2020-03-14T12:00:00.000000Z,c_gls_SWI_202003151200_GLOBE_ASCAT_V3.1.1_nc,ASCAT_SWI,8.53,Success
2020-04-30T12:00:00.000000Z,c_gls_SWI_202005011200_GLOBE_ASCAT_V3.1.1_nc,ASCAT_SWI,9.4,Success
2020-04-29T12:00:00.000000Z,c_gls_SWI_202004301200_GLOBE_ASCAT_V3.1.1_nc,ASCAT_SWI,9.37,Success
2020-04-28T12:00:00.000000Z,c_gls_SWI_202004291200_GLOBE_ASCAT_V3.1.1_nc,ASCAT_SWI,9.36,Success
2020-04-17T12:00:00.000000Z,c_gls_SWI_202004181200_GLOBE_ASCAT_V3.1.1_nc,ASCAT_SWI,9.06,Success
2020-07-26T12:00:00.000000Z,c_gls_SWI_202007271200_GLOBE_ASCAT_V3.1.1_nc,ASCAT_SWI,9.08,Success
2020-07-28T12:00:00.000000Z,c_gls_SWI_202007291200_GLOBE_ASCAT_V3.1.1_nc,ASCAT_SWI,9.08,Success
2020-07-30T12:00:00.000000Z,c_gls_SWI_202007311200_GLOBE_ASCAT_V3.1.1_nc,ASCAT_SWI,9.09,Success
2020-07-25T12:00:00.000000Z,c_gls_SWI_202007261200_GLOBE_ASCAT_V3.1.1_nc,ASCAT_SWI,9.09,Success
2020-07-29T12:00:00.000000Z,c_gls_SWI_202007301200_GLOBE_ASCAT_V3.1.1_nc,ASCAT_SWI,9.08,Success
2020-07-24T12:00:00.000000Z,c_gls_SWI_202007251200_GLOBE_ASCAT_V3.1.1_nc,ASCAT_SWI,9.08,Success
2020-07-19T12:00:00.000000Z,c_gls_SWI_202007201200_GLOBE_ASCAT_V3.1.1_nc,ASCAT_SWI,9.09,Success
2020-07-11T12:00:00.000000Z,c_gls_SWI_202007121200_GLOBE_ASCAT_V3.1.1_nc,ASCAT_SWI,9.13,Success
2020-07-10T12:00:00.000000Z,c_gls_SWI_202007111200_GLOBE_ASCAT_V3.1.1_nc,ASCAT_SWI,9.14,Success
2020-07-16T12:00:00.000000Z,c_gls_SWI_202007171200_GLOBE_ASCAT_V3.1.1_nc,ASCAT_SWI,9.12,Success
2020-07-17T12:00:00.000000Z,c_gls_SWI_202007181200_GLOBE_ASCAT_V3.1.1_nc,ASCAT_SWI,9.11,Success
2020-07-13T12:00:00.000000Z,c_gls_SWI_202007141200_GLOBE_ASCAT_V3.1.1_nc,ASCAT_SWI,9.11,Success
2020-07-15T12:00:00.000000Z,c_gls_SWI_202007161200_GLOBE_ASCAT_V3.1.1_nc,ASCAT_SWI,9.11,Success
2020-07-23T12:00:00.000000Z,c_gls_SWI_202007241200_GLOBE_ASCAT_V3.1.1_nc,ASCAT_SWI,9.09,Success
2020-07-09T12:00:00.000000Z,c_gls_SWI_202007101200_GLOBE_ASCAT_V3.1.1_nc,ASCAT_SWI,9.14,Success
2020-07-27T12:00:00.000000Z,c_gls_SWI_202007281200_GLOBE_ASCAT_V3.1.1_nc,ASCAT_SWI,9.08,Success
2020-07-18T12:00:00.000000Z,c_gls_SWI_202007191200_GLOBE_ASCAT_V3.1.1_nc,ASCAT_SWI,9.1,Success
2020-07-02T12:00:00.000000Z,c_gls_SWI_202007031200_GLOBE_ASCAT_V3.1.1_nc,ASCAT_SWI,9.21,Success
2020-07-03T12:00:00.000000Z,c_gls_SWI_202007041200_GLOBE_ASCAT_V3.1.1_nc,ASCAT_SWI,9.19,Success
2020-02-23T12:00:00.000000Z,c_gls_SWI_202002241200_GLOBE_ASCAT_V3.1.1_nc,ASCAT_SWI,8.46,Success
2020-02-15T12:00:00.000000Z,c_gls_SWI_202002161200_GLOBE_ASCAT_V3.1.1_nc,ASCAT_SWI,8.46,Success
2020-02-20T12:00:00.000000Z,c_gls_SWI_202002211200_GLOBE_ASCAT_V3.1.1_nc,ASCAT_SWI,8.47,Success
2020-02-26T12:00:00.000000Z,c_gls_SWI_202002271200_GLOBE_ASCAT_V3.1.1_nc,ASCAT_SWI,8.45,Success
2020-02-27T12:00:00.000000Z,c_gls_SWI_202002281200_GLOBE_ASCAT_V3.1.1_nc,ASCAT_SWI,8.44,Success
2020-02-22T12:00:00.000000Z,c_gls_SWI_202002231200_GLOBE_ASCAT_V3.1.1_nc,ASCAT_SWI,8.48,Success
2020-02-24T12:00:00.000000Z,c_gls_SWI_202002251200_GLOBE_ASCAT_V3.1.1_nc,ASCAT_SWI,8.45,Success
2020-02-16T12:00:00.000000Z,c_gls_SWI_202002171200_GLOBE_ASCAT_V3.1.1_nc,ASCAT_SWI,8.46,Success
2020-02-11T12:00:00.000000Z,c_gls_SWI_202002121200_GLOBE_ASCAT_V3.1.1_nc,ASCAT_SWI,8.46,Success
2020-02-13T12:00:00.000000Z,c_gls_SWI_202002141200_GLOBE_ASCAT_V3.1.1_nc,ASCAT_SWI,8.49,Success
2020-02-02T12:00:00.000000Z,c_gls_SWI_202002031200_GLOBE_ASCAT_V3.1.1_nc,ASCAT_SWI,8.44,Success
2020-02-01T12:00:00.000000Z,c_gls_SWI_202002021200_GLOBE_ASCAT_V3.1.1_nc,ASCAT_SWI,8.46,Success
2020-02-07T12:00:00.000000Z,c_gls_SWI_202002081200_GLOBE_ASCAT_V3.1.1_nc,ASCAT_SWI,8.43,Success
2020-02-03T12:00:00.000000Z,c_gls_SWI_202002041200_GLOBE_ASCAT_V3.1.1_nc,ASCAT_SWI,8.43,Success
2020-02-06T12:00:00.000000Z,c_gls_SWI_202002071200_GLOBE_ASCAT_V3.1.1_nc,ASCAT_SWI,8.43,Success
2020-02-10T12:00:00.000000Z,c_gls_SWI_202002111200_GLOBE_ASCAT_V3.1.1_nc,ASCAT_SWI,8.46,Success
2020-02-04T12:00:00.000000Z,c_gls_SWI_202002051200_GLOBE_ASCAT_V3.1.1_nc,ASCAT_SWI,8.43,Success
2020-02-17T12:00:00.000000Z,c_gls_SWI_202002181200_GLOBE_ASCAT_V3.1.1_nc,ASCAT_SWI,8.45,Success
2020-07-01T12:00:00.000000Z,c_gls_SWI_202007021200_GLOBE_ASCAT_V3.1.1_nc,ASCAT_SWI,9.22,Success
2020-04-25T12:00:00.000000Z,c_gls_SWI_202004261200_GLOBE_ASCAT_V3.1.1_nc,ASCAT_SWI,9.3,Success
2020-04-21T12:00:00.000000Z,c_gls_SWI_202004221200_GLOBE_ASCAT_V3.1.1_nc,ASCAT_SWI,9.17,Success
2020-04-01T12:00:00.000000Z,c_gls_SWI_202004021200_GLOBE_ASCAT_V3.1.1_nc,ASCAT_SWI,8.75,Success
2020-04-19T12:00:00.000000Z,c_gls_SWI_202004201200_GLOBE_ASCAT_V3.1.1_nc,ASCAT_SWI,9.15,Success
2020-04-11T12:00:00.000000Z,c_gls_SWI_202004121200_GLOBE_ASCAT_V3.1.1_nc,ASCAT_SWI,8.96,Success
2020-04-26T12:00:00.000000Z,c_gls_SWI_202004271200_GLOBE_ASCAT_V3.1.1_nc,ASCAT_SWI,9.32,Success
2020-04-08T12:00:00.000000Z,c_gls_SWI_202004091200_GLOBE_ASCAT_V3.1.1_nc,ASCAT_SWI,8.87,Success
2020-04-20T12:00:00.000000Z,c_gls_SWI_202004211200_GLOBE_ASCAT_V3.1.1_nc,ASCAT_SWI,9.16,Success
2020-04-23T12:00:00.000000Z,c_gls_SWI_202004241200_GLOBE_ASCAT_V3.1.1_nc,ASCAT_SWI,9.25,Success
2020-04-03T12:00:00.000000Z,c_gls_SWI_202004041200_GLOBE_ASCAT_V3.1.1_nc,ASCAT_SWI,8.79,Success
2020-04-18T12:00:00.000000Z,c_gls_SWI_202004191200_GLOBE_ASCAT_V3.1.1_nc,ASCAT_SWI,9.1,Success
2020-04-27T12:00:00.000000Z,c_gls_SWI_202004281200_GLOBE_ASCAT_V3.1.1_nc,ASCAT_SWI,9.34,Success
2020-04-24T12:00:00.000000Z,c_gls_SWI_202004251200_GLOBE_ASCAT_V3.1.1_nc,ASCAT_SWI,9.28,Success
2020-04-12T12:00:00.000000Z,c_gls_SWI_202004131200_GLOBE_ASCAT_V3.1.1_nc,ASCAT_SWI,8.97,Success
2020-04-02T12:00:00.000000Z,c_gls_SWI_202004031200_GLOBE_ASCAT_V3.1.1_nc,ASCAT_SWI,8.77,Success
2020-04-04T12:00:00.000000Z,c_gls_SWI_202004051200_GLOBE_ASCAT_V3.1.1_nc,ASCAT_SWI,8.81,Success
2020-04-14T12:00:00.000000Z,c_gls_SWI_202004151200_GLOBE_ASCAT_V3.1.1_nc,ASCAT_SWI,9.04,Success
2020-04-06T12:00:00.000000Z,c_gls_SWI_202004071200_GLOBE_ASCAT_V3.1.1_nc,ASCAT_SWI,8.84,Success
2020-04-16T12:00:00.000000Z,c_gls_SWI_202004171200_GLOBE_ASCAT_V3.1.1_nc,ASCAT_SWI,9.06,Success
2020-04-10T12:00:00.000000Z,c_gls_SWI_202004111200_GLOBE_ASCAT_V3.1.1_nc,ASCAT_SWI,8.92,Success
2020-04-07T12:00:00.000000Z,c_gls_SWI_202004081200_GLOBE_ASCAT_V3.1.1_nc,ASCAT_SWI,8.86,Success
2020-04-05T12:00:00.000000Z,c_gls_SWI_202004061200_GLOBE_ASCAT_V3.1.1_nc,ASCAT_SWI,8.82,Success
2020-04-15T12:00:00.000000Z,c_gls_SWI_202004161200_GLOBE_ASCAT_V3.1.1_nc,ASCAT_SWI,9.05,Success
2020-04-13T12:00:00.000000Z,c_gls_SWI_202004141200_GLOBE_ASCAT_V3.1.1_nc,ASCAT_SWI,9.02,Success
2020-04-09T12:00:00.000000Z,c_gls_SWI_202004101200_GLOBE_ASCAT_V3.1.1_nc,ASCAT_SWI,8.89,Success
2020-07-08T12:00:00.000000Z,c_gls_SWI_202007091200_GLOBE_ASCAT_V3.1.1_nc,ASCAT_SWI,9.15,Success
2020-07-06T12:00:00.000000Z,c_gls_SWI_202007071200_GLOBE_ASCAT_V3.1.1_nc,ASCAT_SWI,9.17,Success
2020-07-07T12:00:00.000000Z,c_gls_SWI_202007081200_GLOBE_ASCAT_V3.1.1_nc,ASCAT_SWI,9.16,Success
2020-01-09T12:00:00.000000Z,c_gls_SWI_202001101200_GLOBE_ASCAT_V3.1.1_nc,ASCAT_SWI,8.71,Success
2020-01-20T12:00:00.000000Z,c_gls_SWI_202001211200_GLOBE_ASCAT_V3.1.1_nc,ASCAT_SWI,8.57,Success
2020-03-31T12:00:00.000000Z,c_gls_SWI_202004011200_GLOBE_ASCAT_V3.1.1_nc,ASCAT_SWI,8.71,Success
2020-03-28T12:00:00.000000Z,c_gls_SWI_202003291200_GLOBE_ASCAT_V3.1.1_nc,ASCAT_SWI,8.65,Success
2020-03-30T12:00:00.000000Z,c_gls_SWI_202003311200_GLOBE_ASCAT_V3.1.1_nc,ASCAT_SWI,8.69,Success
2020-03-27T12:00:00.000000Z,c_gls_SWI_202003281200_GLOBE_ASCAT_V3.1.1_nc,ASCAT_SWI,8.66,Success
2020-03-25T12:00:00.000000Z,c_gls_SWI_202003261200_GLOBE_ASCAT_V3.1.1_nc,ASCAT_SWI,8.62,Success
2020-03-20T12:00:00.000000Z,c_gls_SWI_202003211200_GLOBE_ASCAT_V3.1.1_nc,ASCAT_SWI,8.56,Success
2020-03-21T12:00:00.000000Z,c_gls_SWI_202003221200_GLOBE_ASCAT_V3.1.1_nc,ASCAT_SWI,8.57,Success
2020-03-09T12:00:00.000000Z,c_gls_SWI_202003101200_GLOBE_ASCAT_V3.1.1_nc,ASCAT_SWI,8.53,Success
2020-03-15T12:00:00.000000Z,c_gls_SWI_202003161200_GLOBE_ASCAT_V3.1.1_nc,ASCAT_SWI,8.53,Success
2020-03-02T12:00:00.000000Z,c_gls_SWI_202003031200_GLOBE_ASCAT_V3.1.1_nc,ASCAT_SWI,8.44,Success
2020-03-26T12:00:00.000000Z,c_gls_SWI_202003271200_GLOBE_ASCAT_V3.1.1_nc,ASCAT_SWI,8.64,Success
2020-03-10T12:00:00.000000Z,c_gls_SWI_202003111200_GLOBE_ASCAT_V3.1.1_nc,ASCAT_SWI,8.52,Success
2020-03-04T12:00:00.000000Z,c_gls_SWI_202003051200_GLOBE_ASCAT_V3.1.1_nc,ASCAT_SWI,8.47,Success
2020-03-11T12:00:00.000000Z,c_gls_SWI_202003121200_GLOBE_ASCAT_V3.1.1_nc,ASCAT_SWI,8.52,Success
2020-03-22T12:00:00.000000Z,c_gls_SWI_202003231200_GLOBE_ASCAT_V3.1.1_nc,ASCAT_SWI,8.57,Success
2020-03-01T12:00:00.000000Z,c_gls_SWI_202003021200_GLOBE_ASCAT_V3.1.1_nc,ASCAT_SWI,8.44,Success
2020-03-23T12:00:00.000000Z,c_gls_SWI_202003241200_GLOBE_ASCAT_V3.1.1_nc,ASCAT_SWI,8.6,Success
2020-03-08T12:00:00.000000Z,c_gls_SWI_202003091200_GLOBE_ASCAT_V3.1.1_nc,ASCAT_SWI,8.52,Success
2020-03-19T12:00:00.000000Z,c_gls_SWI_202003201200_GLOBE_ASCAT_V3.1.1_nc,ASCAT_SWI,8.56,Success
2020-03-07T12:00:00.000000Z,c_gls_SWI_202003081200_GLOBE_ASCAT_V3.1.1_nc,ASCAT_SWI,8.5,Success
2020-03-05T12:00:00.000000Z,c_gls_SWI_202003061200_GLOBE_ASCAT_V3.1.1_nc,ASCAT_SWI,8.48,Success
2020-03-03T12:00:00.000000Z,c_gls_SWI_202003041200_GLOBE_ASCAT_V3.1.1_nc,ASCAT_SWI,8.45,Success
2020-03-13T12:00:00.000000Z,c_gls_SWI_202003141200_GLOBE_ASCAT_V3.1.1_nc,ASCAT_SWI,8.52,Success
2020-12-31T12:00:00.000000Z,c_gls_SWI_202101011200_GLOBE_ASCAT_V3.1.1_nc,ASCAT_SWI,8.86,Success
2020-12-27T12:00:00.000000Z,c_gls_SWI_202012281200_GLOBE_ASCAT_V3.1.1_nc,ASCAT_SWI,8.95,Success
2020-12-10T12:00:00.000000Z,c_gls_SWI_202012111200_GLOBE_ASCAT_V3.1.1_nc,ASCAT_SWI,9.22,Success
2020-12-28T12:00:00.000000Z,c_gls_SWI_202012291200_GLOBE_ASCAT_V3.1.1_nc,ASCAT_SWI,8.92,Success
2020-12-29T12:00:00.000000Z,c_gls_SWI_202012301200_GLOBE_ASCAT_V3.1.1_nc,ASCAT_SWI,8.9,Success
2020-12-30T12:00:00.000000Z,c_gls_SWI_202012311200_GLOBE_ASCAT_V3.1.1_nc,ASCAT_SWI,8.88,Success
2020-12-06T12:00:00.000000Z,c_gls_SWI_202012071200_GLOBE_ASCAT_V3.1.1_nc,ASCAT_SWI,9.27,Success
2020-12-19T12:00:00.000000Z,c_gls_SWI_202012201200_GLOBE_ASCAT_V3.1.1_nc,ASCAT_SWI,9.05,Success
2020-12-21T12:00:00.000000Z,c_gls_SWI_202012221200_GLOBE_ASCAT_V3.1.1_nc,ASCAT_SWI,9.03,Success
2020-12-14T12:00:00.000000Z,c_gls_SWI_202012151200_GLOBE_ASCAT_V3.1.1_nc,ASCAT_SWI,9.14,Success
2020-12-12T12:00:00.000000Z,c_gls_SWI_202012131200_GLOBE_ASCAT_V3.1.1_nc,ASCAT_SWI,9.19,Success
2020-12-09T12:00:00.000000Z,c_gls_SWI_202012101200_GLOBE_ASCAT_V3.1.1_nc,ASCAT_SWI,9.24,Success
2020-12-15T12:00:00.000000Z,c_gls_SWI_202012161200_GLOBE_ASCAT_V3.1.1_nc,ASCAT_SWI,9.13,Success
2020-12-01T12:00:00.000000Z,c_gls_SWI_202012021200_GLOBE_ASCAT_V3.1.1_nc,ASCAT_SWI,9.34,Success
2020-01-26T12:00:00.000000Z,c_gls_SWI_202001271200_GLOBE_ASCAT_V3.1.1_nc,ASCAT_SWI,8.49,Success
2020-01-31T12:00:00.000000Z,c_gls_SWI_202002011200_GLOBE_ASCAT_V3.1.1_nc,ASCAT_SWI,8.45,Success
2020-01-27T12:00:00.000000Z,c_gls_SWI_202001281200_GLOBE_ASCAT_V3.1.1_nc,ASCAT_SWI,8.49,Success
2020-01-25T12:00:00.000000Z,c_gls_SWI_202001261200_GLOBE_ASCAT_V3.1.1_nc,ASCAT_SWI,8.51,Success
2020-01-30T12:00:00.000000Z,c_gls_SWI_202001311200_GLOBE_ASCAT_V3.1.1_nc,ASCAT_SWI,8.46,Success
2020-01-29T12:00:00.000000Z,c_gls_SWI_202001301200_GLOBE_ASCAT_V3.1.1_nc,ASCAT_SWI,8.47,Success
2020-01-28T12:00:00.000000Z,c_gls_SWI_202001291200_GLOBE_ASCAT_V3.1.1_nc,ASCAT_SWI,8.49,Success
2020-01-19T12:00:00.000000Z,c_gls_SWI_202001201200_GLOBE_ASCAT_V3.1.1_nc,ASCAT_SWI,8.59,Success
2020-01-12T12:00:00.000000Z,c_gls_SWI_202001131200_GLOBE_ASCAT_V3.1.1_nc,ASCAT_SWI,8.67,Success
2020-01-13T12:00:00.000000Z,c_gls_SWI_202001141200_GLOBE_ASCAT_V3.1.1_nc,ASCAT_SWI,8.66,Success
2020-01-06T12:00:00.000000Z,c_gls_SWI_202001071200_GLOBE_ASCAT_V3.1.1_nc,ASCAT_SWI,8.74,Success
2020-01-07T12:00:00.000000Z,c_gls_SWI_202001081200_GLOBE_ASCAT_V3.1.1_nc,ASCAT_SWI,8.72,Success
2020-01-11T12:00:00.000000Z,c_gls_SWI_202001121200_GLOBE_ASCAT_V3.1.1_nc,ASCAT_SWI,8.69,Success
2020-01-18T12:00:00.000000Z,c_gls_SWI_202001191200_GLOBE_ASCAT_V3.1.1_nc,ASCAT_SWI,8.59,Success
2020-01-08T12:00:00.000000Z,c_gls_SWI_202001091200_GLOBE_ASCAT_V3.1.1_nc,ASCAT_SWI,8.71,Success
2020-01-03T12:00:00.000000Z,c_gls_SWI_202001041200_GLOBE_ASCAT_V3.1.1_nc,ASCAT_SWI,8.8,Success
2020-01-05T12:00:00.000000Z,c_gls_SWI_202001061200_GLOBE_ASCAT_V3.1.1_nc,ASCAT_SWI,8.76,Success
2020-01-22T12:00:00.000000Z,c_gls_SWI_202001231200_GLOBE_ASCAT_V3.1.1_nc,ASCAT_SWI,8.54,Success
2020-01-16T12:00:00.000000Z,c_gls_SWI_202001171200_GLOBE_ASCAT_V3.1.1_nc,ASCAT_SWI,8.61,Success
2020-01-01T12:00:00.000000Z,c_gls_SWI_202001021200_GLOBE_ASCAT_V3.1.1_nc,ASCAT_SWI,8.85,Success
2020-08-31T12:00:00.000000Z,c_gls_SWI_202009011200_GLOBE_ASCAT_V3.1.1_nc,ASCAT_SWI,9.05,Success
2020-08-02T12:00:00.000000Z,c_gls_SWI_202008031200_GLOBE_ASCAT_V3.1.1_nc,ASCAT_SWI,9.06,Success
2020-02-14T12:00:00.000000Z,c_gls_SWI_202002151200_GLOBE_ASCAT_V3.1.1_nc,ASCAT_SWI,8.47,Success
2020-04-22T12:00:00.000000Z,c_gls_SWI_202004231200_GLOBE_ASCAT_V3.1.1_nc,ASCAT_SWI,9.21,Success
2020-12-23T12:00:00.000000Z,c_gls_SWI_202012241200_GLOBE_ASCAT_V3.1.1_nc,ASCAT_SWI,8.99,Success
2020-10-01T12:00:00.000000Z,c_gls_SWI_202010021200_GLOBE_ASCAT_V3.1.1_nc,ASCAT_SWI,9.2,Success
2020-11-11T12:00:00.000000Z,c_gls_SWI_202011121200_GLOBE_ASCAT_V3.1.1_nc,ASCAT_SWI,9.52,Success
2020-01-15T12:00:00.000000Z,c_gls_SWI_202001161200_GLOBE_ASCAT_V3.1.1_nc,ASCAT_SWI,8.63,Success
2020-07-04T12:00:00.000000Z,c_gls_SWI_202007051200_GLOBE_ASCAT_V3.1.1_nc,ASCAT_SWI,9.18,Success
2020-10-28T12:00:00.000000Z,c_gls_SWI_202010291200_GLOBE_ASCAT_V3.1.1_nc,ASCAT_SWI,9.51,Success
2020-02-28T12:00:00.000000Z,c_gls_SWI_202002291200_GLOBE_ASCAT_V3.1.1_nc,ASCAT_SWI,8.43,Success
2020-02-21T12:00:00.000000Z,c_gls_SWI_202002221200_GLOBE_ASCAT_V3.1.1_nc,ASCAT_SWI,8.48,Success
2020-06-11T12:00:00.000000Z,c_gls_SWI_202006121200_GLOBE_ASCAT_V3.1.1_nc,ASCAT_SWI,9.44,Success
2020-07-21T12:00:00.000000Z,c_gls_SWI_202007221200_GLOBE_ASCAT_V3.1.1_nc,ASCAT_SWI,9.09,Success
2020-12-20T12:00:00.000000Z,c_gls_SWI_202012211200_GLOBE_ASCAT_V3.1.1_nc,ASCAT_SWI,9.04,Success
2020-01-17T12:00:00.000000Z,c_gls_SWI_202001181200_GLOBE_ASCAT_V3.1.1_nc,ASCAT_SWI,8.6,Success
2020-10-06T12:00:00.000000Z,c_gls_SWI_202010071200_GLOBE_ASCAT_V3.1.1_nc,ASCAT_SWI,9.27,Success
2020-02-12T12:00:00.000000Z,c_gls_SWI_202002131200_GLOBE_ASCAT_V3.1.1_nc,ASCAT_SWI,8.48,Success
2020-02-09T12:00:00.000000Z,c_gls_SWI_202002101200_GLOBE_ASCAT_V3.1.1_nc,ASCAT_SWI,8.45,Success
2020-01-10T12:00:00.000000Z,c_gls_SWI_202001111200_GLOBE_ASCAT_V3.1.1_nc,ASCAT_SWI,8.7,Success
2020-02-18T12:00:00.000000Z,c_gls_SWI_202002191200_GLOBE_ASCAT_V3.1.1_nc,ASCAT_SWI,8.46,Success
2020-12-13T12:00:00.000000Z,c_gls_SWI_202012141200_GLOBE_ASCAT_V3.1.1_nc,ASCAT_SWI,9.17,Success
2020-10-27T12:00:00.000000Z,c_gls_SWI_202010281200_GLOBE_ASCAT_V3.1.1_nc,ASCAT_SWI,9.5,Success
2020-10-07T12:00:00.000000Z,c_gls_SWI_202010081200_GLOBE_ASCAT_V3.1.1_nc,ASCAT_SWI,9.27,Success
2020-11-29T12:00:00.000000Z,c_gls_SWI_202011301200_GLOBE_ASCAT_V3.1.1_nc,ASCAT_SWI,9.37,Success
2020-01-14T12:00:00.000000Z,c_gls_SWI_202001151200_GLOBE_ASCAT_V3.1.1_nc,ASCAT_SWI,8.65,Success
2020-02-25T12:00:00.000000Z,c_gls_SWI_202002261200_GLOBE_ASCAT_V3.1.1_nc,ASCAT_SWI,8.46,Success
2020-01-04T12:00:00.000000Z,c_gls_SWI_202001051200_GLOBE_ASCAT_V3.1.1_nc,ASCAT_SWI,8.78,Success
2020-12-17T12:00:00.000000Z,c_gls_SWI_202012181200_GLOBE_ASCAT_V3.1.1_nc,ASCAT_SWI,9.09,Success
2020-03-29T12:00:00.000000Z,c_gls_SWI_202003301200_GLOBE_ASCAT_V3.1.1_nc,ASCAT_SWI,8.66,Success
2020-08-07T12:00:00.000000Z,c_gls_SWI_202008081200_GLOBE_ASCAT_V3.1.1_nc,ASCAT_SWI,9.06,Success
2020-01-02T12:00:00.000000Z,c_gls_SWI_202001031200_GLOBE_ASCAT_V3.1.1_nc,ASCAT_SWI,8.83,Success
2020-11-25T12:00:00.000000Z,c_gls_SWI_202011261200_GLOBE_ASCAT_V3.1.1_nc,ASCAT_SWI,9.43,Success
2020-03-17T12:00:00.000000Z,c_gls_SWI_202003181200_GLOBE_ASCAT_V3.1.1_nc,ASCAT_SWI,8.54,Success
2020-06-04T12:00:00.000000Z,c_gls_SWI_202006051200_GLOBE_ASCAT_V3.1.1_nc,ASCAT_SWI,9.57,Success
2020-12-08T12:00:00.000000Z,c_gls_SWI_202012091200_GLOBE_ASCAT_V3.1.1_nc,ASCAT_SWI,9.24,Success
2020-05-13T12:00:00.000000Z,c_gls_SWI_202005141200_GLOBE_ASCAT_V3.1.1_nc,ASCAT_SWI,9.45,Success
2020-08-17T12:00:00.000000Z,c_gls_SWI_202008181200_GLOBE_ASCAT_V3.1.1_nc,ASCAT_SWI,9.05,Success
2020-01-23T12:00:00.000000Z,c_gls_SWI_202001241200_GLOBE_ASCAT_V3.1.1_nc,ASCAT_SWI,8.53,Success
2020-10-03T12:00:00.000000Z,c_gls_SWI_202010041200_GLOBE_ASCAT_V3.1.1_nc,ASCAT_SWI,9.21,Success
2020-02-19T12:00:00.000000Z,c_gls_SWI_202002201200_GLOBE_ASCAT_V3.1.1_nc,ASCAT_SWI,8.46,Success
2020-01-21T12:00:00.000000Z,c_gls_SWI_202001221200_GLOBE_ASCAT_V3.1.1_nc,ASCAT_SWI,8.54,Success
2020-10-13T12:00:00.000000Z,c_gls_SWI_202010141200_GLOBE_ASCAT_V3.1.1_nc,ASCAT_SWI,9.32,Success
2020-01-24T12:00:00.000000Z,c_gls_SWI_202001251200_GLOBE_ASCAT_V3.1.1_nc,ASCAT_SWI,8.52,Success
2020-11-07T12:00:00.000000Z,c_gls_SWI_202011081200_GLOBE_ASCAT_V3.1.1_nc,ASCAT_SWI,9.53,Success
2020-11-16T12:00:00.000000Z,c_gls_SWI_202011171200_GLOBE_ASCAT_V3.1.1_nc,ASCAT_SWI,9.48,Success
2020-11-19T12:00:00.000000Z,c_gls_SWI_202011201200_GLOBE_ASCAT_V3.1.1_nc,ASCAT_SWI,9.48,Success
2020-11-30T12:00:00.000000Z,c_gls_SWI_202012011200_GLOBE_ASCAT_V3.1.1_nc,ASCAT_SWI,9.36,Success
2020-11-23T12:00:00.000000Z,c_gls_SWI_202011241200_GLOBE_ASCAT_V3.1.1_nc,ASCAT_SWI,9.46,Success
2020-11-26T12:00:00.000000Z,c_gls_SWI_202011271200_GLOBE_ASCAT_V3.1.1_nc,ASCAT_SWI,9.41,Success
2020-11-17T12:00:00.000000Z,c_gls_SWI_202011181200_GLOBE_ASCAT_V3.1.1_nc,ASCAT_SWI,9.48,Success
2020-11-18T12:00:00.000000Z,c_gls_SWI_202011191200_GLOBE_ASCAT_V3.1.1_nc,ASCAT_SWI,9.49,Success
2020-11-24T12:00:00.000000Z,c_gls_SWI_202011251200_GLOBE_ASCAT_V3.1.1_nc,ASCAT_SWI,9.44,Success
2020-11-22T12:00:00.000000Z,c_gls_SWI_202011231200_GLOBE_ASCAT_V3.1.1_nc,ASCAT_SWI,9.47,Success
2020-11-15T12:00:00.000000Z,c_gls_SWI_202011161200_GLOBE_ASCAT_V3.1.1_nc,ASCAT_SWI,9.5,Success
2020-11-14T12:00:00.000000Z,c_gls_SWI_202011151200_GLOBE_ASCAT_V3.1.1_nc,ASCAT_SWI,9.5,Success
2020-11-02T12:00:00.000000Z,c_gls_SWI_202011031200_GLOBE_ASCAT_V3.1.1_nc,ASCAT_SWI,9.53,Success
2020-11-10T12:00:00.000000Z,c_gls_SWI_202011111200_GLOBE_ASCAT_V3.1.1_nc,ASCAT_SWI,9.52,Success
2020-11-08T12:00:00.000000Z,c_gls_SWI_202011091200_GLOBE_ASCAT_V3.1.1_nc,ASCAT_SWI,9.54,Success
2020-11-06T12:00:00.000000Z,c_gls_SWI_202011071200_GLOBE_ASCAT_V3.1.1_nc,ASCAT_SWI,9.53,Success
2020-11-03T12:00:00.000000Z,c_gls_SWI_202011041200_GLOBE_ASCAT_V3.1.1_nc,ASCAT_SWI,9.54,Success
2020-09-10T12:00:00.000000Z,c_gls_SWI_202009111200_GLOBE_ASCAT_V3.1.1_nc,ASCAT_SWI,9.06,Success
2020-12-16T12:00:00.000000Z,c_gls_SWI_202012171200_GLOBE_ASCAT_V3.1.1_nc,ASCAT_SWI,9.11,Success
2020-12-24T12:00:00.000000Z,c_gls_SWI_202012251200_GLOBE_ASCAT_V3.1.1_nc,ASCAT_SWI,8.97,Success
2020-09-14T12:00:00.000000Z,c_gls_SWI_202009151200_GLOBE_ASCAT_V3.1.1_nc,ASCAT_SWI,9.07,Success
2020-12-02T12:00:00.000000Z,c_gls_SWI_202012031200_GLOBE_ASCAT_V3.1.1_nc,ASCAT_SWI,9.33,Success
2020-09-19T12:00:00.000000Z,c_gls_SWI_202009201200_GLOBE_ASCAT_V3.1.1_nc,ASCAT_SWI,9.1,Success
2020-09-23T12:00:00.000000Z,c_gls_SWI_202009241200_GLOBE_ASCAT_V3.1.1_nc,ASCAT_SWI,9.13,Success
2020-09-17T12:00:00.000000Z,c_gls_SWI_202009181200_GLOBE_ASCAT_V3.1.1_nc,ASCAT_SWI,9.08,Success
2020-09-27T12:00:00.000000Z,c_gls_SWI_202009281200_GLOBE_ASCAT_V3.1.1_nc,ASCAT_SWI,9.14,Success
2020-09-06T12:00:00.000000Z,c_gls_SWI_202009071200_GLOBE_ASCAT_V3.1.1_nc,ASCAT_SWI,9.06,Success
2020-12-18T12:00:00.000000Z,c_gls_SWI_202012191200_GLOBE_ASCAT_V3.1.1_nc,ASCAT_SWI,9.07,Success
2020-09-12T12:00:00.000000Z,c_gls_SWI_202009131200_GLOBE_ASCAT_V3.1.1_nc,ASCAT_SWI,9.05,Success
2020-09-01T12:00:00.000000Z,c_gls_SWI_202009021200_GLOBE_ASCAT_V3.1.1_nc,ASCAT_SWI,9.06,Success
2020-12-05T12:00:00.000000Z,c_gls_SWI_202012061200_GLOBE_ASCAT_V3.1.1_nc,ASCAT_SWI,9.28,Success
2020-09-29T12:00:00.000000Z,c_gls_SWI_202009301200_GLOBE_ASCAT_V3.1.1_nc,ASCAT_SWI,9.17,Success
2020-09-22T12:00:00.000000Z,c_gls_SWI_202009231200_GLOBE_ASCAT_V3.1.1_nc,ASCAT_SWI,9.11,Success
2020-09-13T12:00:00.000000Z,c_gls_SWI_202009141200_GLOBE_ASCAT_V3.1.1_nc,ASCAT_SWI,9.06,Success
2020-09-26T12:00:00.000000Z,c_gls_SWI_202009271200_GLOBE_ASCAT_V3.1.1_nc,ASCAT_SWI,9.15,Success
2020-09-15T12:00:00.000000Z,c_gls_SWI_202009161200_GLOBE_ASCAT_V3.1.1_nc,ASCAT_SWI,9.07,Success
2020-09-04T12:00:00.000000Z,c_gls_SWI_202009051200_GLOBE_ASCAT_V3.1.1_nc,ASCAT_SWI,9.06,Success
2020-12-25T12:00:00.000000Z,c_gls_SWI_202012261200_GLOBE_ASCAT_V3.1.1_nc,ASCAT_SWI,8.96,Success
2020-09-05T12:00:00.000000Z,c_gls_SWI_202009061200_GLOBE_ASCAT_V3.1.1_nc,ASCAT_SWI,9.05,Success
2020-09-11T12:00:00.000000Z,c_gls_SWI_202009121200_GLOBE_ASCAT_V3.1.1_nc,ASCAT_SWI,9.07,Success
2020-09-21T12:00:00.000000Z,c_gls_SWI_202009221200_GLOBE_ASCAT_V3.1.1_nc,ASCAT_SWI,9.12,Success
2020-09-25T12:00:00.000000Z,c_gls_SWI_202009261200_GLOBE_ASCAT_V3.1.1_nc,ASCAT_SWI,9.13,Success
2020-12-04T12:00:00.000000Z,c_gls_SWI_202012051200_GLOBE_ASCAT_V3.1.1_nc,ASCAT_SWI,9.29,Success
2020-09-08T12:00:00.000000Z,c_gls_SWI_202009091200_GLOBE_ASCAT_V3.1.1_nc,ASCAT_SWI,9.05,Success
2020-09-09T12:00:00.000000Z,c_gls_SWI_202009101200_GLOBE_ASCAT_V3.1.1_nc,ASCAT_SWI,9.06,Success
2020-09-07T12:00:00.000000Z,c_gls_SWI_202009081200_GLOBE_ASCAT_V3.1.1_nc,ASCAT_SWI,9.05,Success
2020-09-02T12:00:00.000000Z,c_gls_SWI_202009031200_GLOBE_ASCAT_V3.1.1_nc,ASCAT_SWI,9.06,Success
2020-12-07T12:00:00.000000Z,c_gls_SWI_202012081200_GLOBE_ASCAT_V3.1.1_nc,ASCAT_SWI,9.26,Success
2020-12-03T12:00:00.000000Z,c_gls_SWI_202012041200_GLOBE_ASCAT_V3.1.1_nc,ASCAT_SWI,9.31,Success
2020-12-22T12:00:00.000000Z,c_gls_SWI_202012231200_GLOBE_ASCAT_V3.1.1_nc,ASCAT_SWI,9.01,Success
2020-12-26T12:00:00.000000Z,c_gls_SWI_202012271200_GLOBE_ASCAT_V3.1.1_nc,ASCAT_SWI,8.95,Success
2020-12-11T12:00:00.000000Z,c_gls_SWI_202012121200_GLOBE_ASCAT_V3.1.1_nc,ASCAT_SWI,9.21,Success
2020-11-27T12:00:00.000000Z,c_gls_SWI_202011281200_GLOBE_ASCAT_V3.1.1_nc,ASCAT_SWI,9.39,Success
2020-11-21T12:00:00.000000Z,c_gls_SWI_202011221200_GLOBE_ASCAT_V3.1.1_nc,ASCAT_SWI,9.48,Success
2020-11-28T12:00:00.000000Z,c_gls_SWI_202011291200_GLOBE_ASCAT_V3.1.1_nc,ASCAT_SWI,9.38,Success
2020-11-05T12:00:00.000000Z,c_gls_SWI_202011061200_GLOBE_ASCAT_V3.1.1_nc,ASCAT_SWI,9.54,Success
2020-11-20T12:00:00.000000Z,c_gls_SWI_202011211200_GLOBE_ASCAT_V3.1.1_nc,ASCAT_SWI,9.49,Success
2020-11-13T12:00:00.000000Z,c_gls_SWI_202011141200_GLOBE_ASCAT_V3.1.1_nc,ASCAT_SWI,9.52,Success
2020-11-12T12:00:00.000000Z,c_gls_SWI_202011131200_GLOBE_ASCAT_V3.1.1_nc,ASCAT_SWI,9.51,Success
2020-11-09T12:00:00.000000Z,c_gls_SWI_202011101200_GLOBE_ASCAT_V3.1.1_nc,ASCAT_SWI,9.53,Success
2020-11-04T12:00:00.000000Z,c_gls_SWI_202011051200_GLOBE_ASCAT_V3.1.1_nc,ASCAT_SWI,9.55,Success
2020-11-01T12:00:00.000000Z,c_gls_SWI_202011021200_GLOBE_ASCAT_V3.1.1_nc,ASCAT_SWI,9.53,Success
2020-05-14T12:00:00.000000Z,c_gls_SWI_202005151200_GLOBE_ASCAT_V3.1.1_nc,ASCAT_SWI,9.46,Success
2020-05-06T12:00:00.000000Z,c_gls_SWI_202005071200_GLOBE_ASCAT_V3.1.1_nc,ASCAT_SWI,9.42,Success
2020-05-28T12:00:00.000000Z,c_gls_SWI_202005291200_GLOBE_ASCAT_V3.1.1_nc,ASCAT_SWI,9.59,Success
2020-05-18T12:00:00.000000Z,c_gls_SWI_202005191200_GLOBE_ASCAT_V3.1.1_nc,ASCAT_SWI,9.53,Success
2020-05-05T12:00:00.000000Z,c_gls_SWI_202005061200_GLOBE_ASCAT_V3.1.1_nc,ASCAT_SWI,9.42,Success
2020-05-01T12:00:00.000000Z,c_gls_SWI_202005021200_GLOBE_ASCAT_V3.1.1_nc,ASCAT_SWI,9.4,Success
2020-05-29T12:00:00.000000Z,c_gls_SWI_202005301200_GLOBE_ASCAT_V3.1.1_nc,ASCAT_SWI,9.58,Success
2020-05-07T12:00:00.000000Z,c_gls_SWI_202005081200_GLOBE_ASCAT_V3.1.1_nc,ASCAT_SWI,9.43,Success
2020-05-03T12:00:00.000000Z,c_gls_SWI_202005041200_GLOBE_ASCAT_V3.1.1_nc,ASCAT_SWI,9.41,Success
2020-05-09T12:00:00.000000Z,c_gls_SWI_202005101200_GLOBE_ASCAT_V3.1.1_nc,ASCAT_SWI,9.43,Success
2020-06-03T12:00:00.000000Z,c_gls_SWI_202006041200_GLOBE_ASCAT_V3.1.1_nc,ASCAT_SWI,9.59,Success
2020-06-06T12:00:00.000000Z,c_gls_SWI_202006071200_GLOBE_ASCAT_V3.1.1_nc,ASCAT_SWI,9.54,Success
2020-06-21T12:00:00.000000Z,c_gls_SWI_202006221200_GLOBE_ASCAT_V3.1.1_nc,ASCAT_SWI,9.33,Success
2020-06-02T12:00:00.000000Z,c_gls_SWI_202006031200_GLOBE_ASCAT_V3.1.1_nc,ASCAT_SWI,9.6,Success
2020-06-19T12:00:00.000000Z,c_gls_SWI_202006201200_GLOBE_ASCAT_V3.1.1_nc,ASCAT_SWI,9.33,Success
2020-06-29T12:00:00.000000Z,c_gls_SWI_202006301200_GLOBE_ASCAT_V3.1.1_nc,ASCAT_SWI,9.23,Success
2020-06-07T12:00:00.000000Z,c_gls_SWI_202006081200_GLOBE_ASCAT_V3.1.1_nc,ASCAT_SWI,9.52,Success
2020-06-18T12:00:00.000000Z,c_gls_SWI_202006191200_GLOBE_ASCAT_V3.1.1_nc,ASCAT_SWI,9.35,Success
2020-06-01T12:00:00.000000Z,c_gls_SWI_202006021200_GLOBE_ASCAT_V3.1.1_nc,ASCAT_SWI,9.59,Success
2020-06-20T12:00:00.000000Z,c_gls_SWI_202006211200_GLOBE_ASCAT_V3.1.1_nc,ASCAT_SWI,9.33,Success
2020-06-13T12:00:00.000000Z,c_gls_SWI_202006141200_GLOBE_ASCAT_V3.1.1_nc,ASCAT_SWI,9.41,Success
2020-06-24T12:00:00.000000Z,c_gls_SWI_202006251200_GLOBE_ASCAT_V3.1.1_nc,ASCAT_SWI,9.28,Success
2020-06-17T12:00:00.000000Z,c_gls_SWI_202006181200_GLOBE_ASCAT_V3.1.1_nc,ASCAT_SWI,9.37,Success
2020-06-27T12:00:00.000000Z,c_gls_SWI_202006281200_GLOBE_ASCAT_V3.1.1_nc,ASCAT_SWI,9.27,Success
2020-06-26T12:00:00.000000Z,c_gls_SWI_202006271200_GLOBE_ASCAT_V3.1.1_nc,ASCAT_SWI,9.28,Success
2020-06-10T12:00:00.000000Z,c_gls_SWI_202006111200_GLOBE_ASCAT_V3.1.1_nc,ASCAT_SWI,9.46,Success
2020-06-23T12:00:00.000000Z,c_gls_SWI_202006241200_GLOBE_ASCAT_V3.1.1_nc,ASCAT_SWI,9.3,Success
2020-06-08T12:00:00.000000Z,c_gls_SWI_202006091200_GLOBE_ASCAT_V3.1.1_nc,ASCAT_SWI,9.5,Success
2020-06-30T12:00:00.000000Z,c_gls_SWI_202007011200_GLOBE_ASCAT_V3.1.1_nc,ASCAT_SWI,9.23,Success
