date,file_name,product,file_size_mb,status
2015-01-11T00:00:00.000000Z,c_gls_LAI300-RT6_201501200000_GLOBE_PROBAV_V2.0.1_nc,Copernicus_LAI,2176.74,Success
2015-06-21T00:00:00.000000Z,c_gls_LAI300_201506300000_GLOBE_PROBAV_V1.0.1_nc,Copernicus_LAI,3059.77,Success
2015-01-01T00:00:00.000000Z,c_gls_LAI300-RT6_201501100000_GLOBE_PROBAV_V2.0.1_nc,Copernicus_LAI,0.0,Failed: 401 Client Error: Unauthorized for url: https://identity.dataspace.copernicus.eu/auth/realms/CDSE/protocol/openid-connect/token
2015-03-11T00:00:00.000000Z,c_gls_LAI300-RT6_201503200000_GLOBE_PROBAV_V2.0.1_nc,Copernicus_LAI,0.0,Failed: 401 Client Error: Unauthorized for url: https://identity.dataspace.copernicus.eu/auth/realms/CDSE/protocol/openid-connect/token
2015-02-21T00:00:00.000000Z,c_gls_LAI300-RT6_201502280000_GLOBE_PROBAV_V2.0.1_nc,Copernicus_LAI,0.0,Failed: 401 Client Error: Unauthorized for url: https://identity.dataspace.copernicus.eu/auth/realms/CDSE/protocol/openid-connect/token
2015-02-01T00:00:00.000000Z,c_gls_LAI300-RT6_201502100000_GLOBE_PROBAV_V2.0.1_nc,Copernicus_LAI,0.0,Failed: 401 Client Error: Unauthorized for url: https://identity.dataspace.copernicus.eu/auth/realms/CDSE/protocol/openid-connect/token
2015-03-21T00:00:00.000000Z,c_gls_LAI300-RT6_201503310000_GLOBE_PROBAV_V2.0.1_nc,Copernicus_LAI,0.0,Failed: 401 Client Error: Unauthorized for url: https://identity.dataspace.copernicus.eu/auth/realms/CDSE/protocol/openid-connect/token
2015-03-01T00:00:00.000000Z,c_gls_LAI300-RT6_201503100000_GLOBE_PROBAV_V2.0.1_nc,Copernicus_LAI,0.0,Failed: 401 Client Error: Unauthorized for url: https://identity.dataspace.copernicus.eu/auth/realms/CDSE/protocol/openid-connect/token
2015-02-11T00:00:00.000000Z,c_gls_LAI300-RT6_201502200000_GLOBE_PROBAV_V2.0.1_nc,Copernicus_LAI,0.0,Failed: 401 Client Error: Unauthorized for url: https://identity.dataspace.copernicus.eu/auth/realms/CDSE/protocol/openid-connect/token
2015-01-21T00:00:00.000000Z,c_gls_LAI300-RT6_201501310000_GLOBE_PROBAV_V2.0.1_nc,Copernicus_LAI,0.0,Failed: 401 Client Error: Unauthorized for url: https://identity.dataspace.copernicus.eu/auth/realms/CDSE/protocol/openid-connect/token
2015-04-11T00:00:00.000000Z,c_gls_LAI300-RT6_201504200000_GLOBE_PROBAV_V2.0.1_nc,Copernicus_LAI,0.0,Failed: 401 Client Error: Unauthorized for url: https://identity.dataspace.copernicus.eu/auth/realms/CDSE/protocol/openid-connect/token
2015-04-21T00:00:00.000000Z,c_gls_LAI300-RT6_201504300000_GLOBE_PROBAV_V2.0.1_nc,Copernicus_LAI,0.0,Failed: 401 Client Error: Unauthorized for url: https://identity.dataspace.copernicus.eu/auth/realms/CDSE/protocol/openid-connect/token
2015-04-01T00:00:00.000000Z,c_gls_LAI300-RT6_201504100000_GLOBE_PROBAV_V2.0.1_nc,Copernicus_LAI,0.0,Failed: 401 Client Error: Unauthorized for url: https://identity.dataspace.copernicus.eu/auth/realms/CDSE/protocol/openid-connect/token
2015-10-11T00:00:00.000000Z,c_gls_LAI300-RT6_201510200000_GLOBE_PROBAV_V2.0.1_nc,Copernicus_LAI,0.0,Failed: 401 Client Error: Unauthorized for url: https://identity.dataspace.copernicus.eu/auth/realms/CDSE/protocol/openid-connect/token
2015-12-01T00:00:00.000000Z,c_gls_LAI300-RT6_201512100000_GLOBE_PROBAV_V2.0.1_nc,Copernicus_LAI,0.0,Failed: 401 Client Error: Unauthorized for url: https://identity.dataspace.copernicus.eu/auth/realms/CDSE/protocol/openid-connect/token
2015-05-21T00:00:00.000000Z,c_gls_LAI300-RT6_201505310000_GLOBE_PROBAV_V2.0.1_nc,Copernicus_LAI,0.0,Failed: 401 Client Error: Unauthorized for url: https://identity.dataspace.copernicus.eu/auth/realms/CDSE/protocol/openid-connect/token
2015-09-21T00:00:00.000000Z,c_gls_LAI300-RT6_201509300000_GLOBE_PROBAV_V2.0.1_nc,Copernicus_LAI,0.0,Failed: 401 Client Error: Unauthorized for url: https://identity.dataspace.copernicus.eu/auth/realms/CDSE/protocol/openid-connect/token
2015-12-11T00:00:00.000000Z,c_gls_LAI300-RT6_201512200000_GLOBE_PROBAV_V2.0.1_nc,Copernicus_LAI,0.0,Failed: 401 Client Error: Unauthorized for url: https://identity.dataspace.copernicus.eu/auth/realms/CDSE/protocol/openid-connect/token
2015-06-01T00:00:00.000000Z,c_gls_LAI300-RT6_201506100000_GLOBE_PROBAV_V2.0.1_nc,Copernicus_LAI,0.0,Failed: 401 Client Error: Unauthorized for url: https://identity.dataspace.copernicus.eu/auth/realms/CDSE/protocol/openid-connect/token
2015-08-21T00:00:00.000000Z,c_gls_LAI300-RT6_201508310000_GLOBE_PROBAV_V2.0.1_nc,Copernicus_LAI,0.0,Failed: 401 Client Error: Unauthorized for url: https://identity.dataspace.copernicus.eu/auth/realms/CDSE/protocol/openid-connect/token
2015-05-01T00:00:00.000000Z,c_gls_LAI300-RT6_201505100000_GLOBE_PROBAV_V2.0.1_nc,Copernicus_LAI,0.0,Failed: 401 Client Error: Unauthorized for url: https://identity.dataspace.copernicus.eu/auth/realms/CDSE/protocol/openid-connect/token
2015-11-01T00:00:00.000000Z,c_gls_LAI300-RT6_201511100000_GLOBE_PROBAV_V2.0.1_nc,Copernicus_LAI,0.0,Failed: 401 Client Error: Unauthorized for url: https://identity.dataspace.copernicus.eu/auth/realms/CDSE/protocol/openid-connect/token
2015-10-21T00:00:00.000000Z,c_gls_LAI300-RT6_201510310000_GLOBE_PROBAV_V2.0.1_nc,Copernicus_LAI,0.0,Failed: 401 Client Error: Unauthorized for url: https://identity.dataspace.copernicus.eu/auth/realms/CDSE/protocol/openid-connect/token
2015-12-21T00:00:00.000000Z,c_gls_LAI300-RT6_201512310000_GLOBE_PROBAV_V2.0.1_nc,Copernicus_LAI,0.0,Failed: 401 Client Error: Unauthorized for url: https://identity.dataspace.copernicus.eu/auth/realms/CDSE/protocol/openid-connect/token
2015-05-11T00:00:00.000000Z,c_gls_LAI300-RT6_201505200000_GLOBE_PROBAV_V2.0.1_nc,Copernicus_LAI,0.0,Failed: 401 Client Error: Unauthorized for url: https://identity.dataspace.copernicus.eu/auth/realms/CDSE/protocol/openid-connect/token
2015-10-01T00:00:00.000000Z,c_gls_LAI300-RT6_201510100000_GLOBE_PROBAV_V2.0.1_nc,Copernicus_LAI,0.0,Failed: 401 Client Error: Unauthorized for url: https://identity.dataspace.copernicus.eu/auth/realms/CDSE/protocol/openid-connect/token
2015-09-11T00:00:00.000000Z,c_gls_LAI300-RT6_201509200000_GLOBE_PROBAV_V2.0.1_nc,Copernicus_LAI,0.0,Failed: 401 Client Error: Unauthorized for url: https://identity.dataspace.copernicus.eu/auth/realms/CDSE/protocol/openid-connect/token
2015-07-21T00:00:00.000000Z,c_gls_LAI300-RT6_201507310000_GLOBE_PROBAV_V2.0.1_nc,Copernicus_LAI,0.0,Failed: 401 Client Error: Unauthorized for url: https://identity.dataspace.copernicus.eu/auth/realms/CDSE/protocol/openid-connect/token
2015-09-01T00:00:00.000000Z,c_gls_LAI300-RT6_201509100000_GLOBE_PROBAV_V2.0.1_nc,Copernicus_LAI,0.0,Failed: 401 Client Error: Unauthorized for url: https://identity.dataspace.copernicus.eu/auth/realms/CDSE/protocol/openid-connect/token
2015-07-11T00:00:00.000000Z,c_gls_LAI300-RT6_201507200000_GLOBE_PROBAV_V2.0.1_nc,Copernicus_LAI,0.0,Failed: 401 Client Error: Unauthorized for url: https://identity.dataspace.copernicus.eu/auth/realms/CDSE/protocol/openid-connect/token
2015-08-01T00:00:00.000000Z,c_gls_LAI300-RT6_201508100000_GLOBE_PROBAV_V2.0.1_nc,Copernicus_LAI,0.0,Failed: 401 Client Error: Unauthorized for url: https://identity.dataspace.copernicus.eu/auth/realms/CDSE/protocol/openid-connect/token
2015-08-11T00:00:00.000000Z,c_gls_LAI300-RT6_201508200000_GLOBE_PROBAV_V2.0.1_nc,Copernicus_LAI,0.0,Failed: 401 Client Error: Unauthorized for url: https://identity.dataspace.copernicus.eu/auth/realms/CDSE/protocol/openid-connect/token
2015-06-21T00:00:00.000000Z,c_gls_LAI300-RT6_201506300000_GLOBE_PROBAV_V2.0.1_nc,Copernicus_LAI,0.0,Failed: 401 Client Error: Unauthorized for url: https://identity.dataspace.copernicus.eu/auth/realms/CDSE/protocol/openid-connect/token
2015-07-01T00:00:00.000000Z,c_gls_LAI300-RT6_201507100000_GLOBE_PROBAV_V2.0.1_nc,Copernicus_LAI,0.0,Failed: 401 Client Error: Unauthorized for url: https://identity.dataspace.copernicus.eu/auth/realms/CDSE/protocol/openid-connect/token
2015-06-11T00:00:00.000000Z,c_gls_LAI300-RT6_201506200000_GLOBE_PROBAV_V2.0.1_nc,Copernicus_LAI,0.0,Failed: 401 Client Error: Unauthorized for url: https://identity.dataspace.copernicus.eu/auth/realms/CDSE/protocol/openid-connect/token
2015-11-21T00:00:00.000000Z,c_gls_LAI300-RT6_201511300000_GLOBE_PROBAV_V2.0.1_nc,Copernicus_LAI,0.0,Failed: 401 Client Error: Unauthorized for url: https://identity.dataspace.copernicus.eu/auth/realms/CDSE/protocol/openid-connect/token
2015-11-11T00:00:00.000000Z,c_gls_LAI300-RT6_201511200000_GLOBE_PROBAV_V2.0.1_nc,Copernicus_LAI,0.0,Failed: 401 Client Error: Unauthorized for url: https://identity.dataspace.copernicus.eu/auth/realms/CDSE/protocol/openid-connect/token
2015-08-11T00:00:00.000000Z,c_gls_LAI300_201508200000_GLOBE_PROBAV_V1.0.1_nc,Copernicus_LAI,0.0,Failed: 401 Client Error: Unauthorized for url: https://identity.dataspace.copernicus.eu/auth/realms/CDSE/protocol/openid-connect/token
2015-09-21T00:00:00.000000Z,c_gls_LAI300_201509300000_GLOBE_PROBAV_V1.0.1_nc,Copernicus_LAI,0.0,Failed: 401 Client Error: Unauthorized for url: https://identity.dataspace.copernicus.eu/auth/realms/CDSE/protocol/openid-connect/token
2015-03-21T00:00:00.000000Z,c_gls_LAI300_201503310000_GLOBE_PROBAV_V1.0.1_nc,Copernicus_LAI,0.0,Failed: 401 Client Error: Unauthorized for url: https://identity.dataspace.copernicus.eu/auth/realms/CDSE/protocol/openid-connect/token
2015-10-11T00:00:00.000000Z,c_gls_LAI300_201510200000_GLOBE_PROBAV_V1.0.1_nc,Copernicus_LAI,0.0,Failed: 401 Client Error: Unauthorized for url: https://identity.dataspace.copernicus.eu/auth/realms/CDSE/protocol/openid-connect/token
2015-08-01T00:00:00.000000Z,c_gls_LAI300_201508100000_GLOBE_PROBAV_V1.0.1_nc,Copernicus_LAI,0.0,Failed: 401 Client Error: Unauthorized for url: https://identity.dataspace.copernicus.eu/auth/realms/CDSE/protocol/openid-connect/token
2015-04-01T00:00:00.000000Z,c_gls_LAI300_201504100000_GLOBE_PROBAV_V1.0.1_nc,Copernicus_LAI,0.0,Failed: 401 Client Error: Unauthorized for url: https://identity.dataspace.copernicus.eu/auth/realms/CDSE/protocol/openid-connect/token
2015-06-11T00:00:00.000000Z,c_gls_LAI300_201506200000_GLOBE_PROBAV_V1.0.1_nc,Copernicus_LAI,0.0,Failed: 401 Client Error: Unauthorized for url: https://identity.dataspace.copernicus.eu/auth/realms/CDSE/protocol/openid-connect/token
2015-11-11T00:00:00.000000Z,c_gls_LAI300_201511200000_GLOBE_PROBAV_V1.0.1_nc,Copernicus_LAI,0.0,Failed: 401 Client Error: Unauthorized for url: https://identity.dataspace.copernicus.eu/auth/realms/CDSE/protocol/openid-connect/token
2015-06-01T00:00:00.000000Z,c_gls_LAI300_201506100000_GLOBE_PROBAV_V1.0.1_nc,Copernicus_LAI,0.0,Failed: 401 Client Error: Unauthorized for url: https://identity.dataspace.copernicus.eu/auth/realms/CDSE/protocol/openid-connect/token
2015-09-01T00:00:00.000000Z,c_gls_LAI300_201509100000_GLOBE_PROBAV_V1.0.1_nc,Copernicus_LAI,0.0,Failed: 401 Client Error: Unauthorized for url: https://identity.dataspace.copernicus.eu/auth/realms/CDSE/protocol/openid-connect/token
2015-05-01T00:00:00.000000Z,c_gls_LAI300_201505100000_GLOBE_PROBAV_V1.0.1_nc,Copernicus_LAI,0.0,Failed: 401 Client Error: Unauthorized for url: https://identity.dataspace.copernicus.eu/auth/realms/CDSE/protocol/openid-connect/token
2015-07-01T00:00:00.000000Z,c_gls_LAI300_201507100000_GLOBE_PROBAV_V1.0.1_nc,Copernicus_LAI,0.0,Failed: 401 Client Error: Unauthorized for url: https://identity.dataspace.copernicus.eu/auth/realms/CDSE/protocol/openid-connect/token
2015-03-01T00:00:00.000000Z,c_gls_LAI300_201503100000_GLOBE_PROBAV_V1.0.1_nc,Copernicus_LAI,0.0,Failed: 401 Client Error: Unauthorized for url: https://identity.dataspace.copernicus.eu/auth/realms/CDSE/protocol/openid-connect/token
2015-01-21T00:00:00.000000Z,c_gls_LAI300_201501310000_GLOBE_PROBAV_V1.0.1_nc,Copernicus_LAI,0.0,Failed: 401 Client Error: Unauthorized for url: https://identity.dataspace.copernicus.eu/auth/realms/CDSE/protocol/openid-connect/token
2015-09-11T00:00:00.000000Z,c_gls_LAI300_201509200000_GLOBE_PROBAV_V1.0.1_nc,Copernicus_LAI,0.0,Failed: 401 Client Error: Unauthorized for url: https://identity.dataspace.copernicus.eu/auth/realms/CDSE/protocol/openid-connect/token
2015-11-01T00:00:00.000000Z,c_gls_LAI300_201511100000_GLOBE_PROBAV_V1.0.1_nc,Copernicus_LAI,0.0,Failed: 401 Client Error: Unauthorized for url: https://identity.dataspace.copernicus.eu/auth/realms/CDSE/protocol/openid-connect/token
2015-12-21T00:00:00.000000Z,c_gls_LAI300_201512310000_GLOBE_PROBAV_V1.0.1_nc,Copernicus_LAI,0.0,Failed: 401 Client Error: Unauthorized for url: https://identity.dataspace.copernicus.eu/auth/realms/CDSE/protocol/openid-connect/token
2015-01-01T00:00:00.000000Z,c_gls_LAI300_201501100000_GLOBE_PROBAV_V1.0.1_nc,Copernicus_LAI,0.0,Failed: 401 Client Error: Unauthorized for url: https://identity.dataspace.copernicus.eu/auth/realms/CDSE/protocol/openid-connect/token
2015-12-11T00:00:00.000000Z,c_gls_LAI300_201512200000_GLOBE_PROBAV_V1.0.1_nc,Copernicus_LAI,0.0,Failed: 401 Client Error: Unauthorized for url: https://identity.dataspace.copernicus.eu/auth/realms/CDSE/protocol/openid-connect/token
2015-04-11T00:00:00.000000Z,c_gls_LAI300_201504200000_GLOBE_PROBAV_V1.0.1_nc,Copernicus_LAI,0.0,Failed: 401 Client Error: Unauthorized for url: https://identity.dataspace.copernicus.eu/auth/realms/CDSE/protocol/openid-connect/token
2015-02-01T00:00:00.000000Z,c_gls_LAI300_201502100000_GLOBE_PROBAV_V1.0.1_nc,Copernicus_LAI,0.0,Failed: 401 Client Error: Unauthorized for url: https://identity.dataspace.copernicus.eu/auth/realms/CDSE/protocol/openid-connect/token
2015-03-11T00:00:00.000000Z,c_gls_LAI300_201503200000_GLOBE_PROBAV_V1.0.1_nc,Copernicus_LAI,0.0,Failed: 401 Client Error: Unauthorized for url: https://identity.dataspace.copernicus.eu/auth/realms/CDSE/protocol/openid-connect/token
2015-07-21T00:00:00.000000Z,c_gls_LAI300_201507310000_GLOBE_PROBAV_V1.0.1_nc,Copernicus_LAI,0.0,Failed: 401 Client Error: Unauthorized for url: https://identity.dataspace.copernicus.eu/auth/realms/CDSE/protocol/openid-connect/token
2015-10-21T00:00:00.000000Z,c_gls_LAI300_201510310000_GLOBE_PROBAV_V1.0.1_nc,Copernicus_LAI,0.0,Failed: 401 Client Error: Unauthorized for url: https://identity.dataspace.copernicus.eu/auth/realms/CDSE/protocol/openid-connect/token
2015-04-21T00:00:00.000000Z,c_gls_LAI300_201504300000_GLOBE_PROBAV_V1.0.1_nc,Copernicus_LAI,0.0,Failed: 401 Client Error: Unauthorized for url: https://identity.dataspace.copernicus.eu/auth/realms/CDSE/protocol/openid-connect/token
2015-07-11T00:00:00.000000Z,c_gls_LAI300_201507200000_GLOBE_PROBAV_V1.0.1_nc,Copernicus_LAI,0.0,Failed: 401 Client Error: Unauthorized for url: https://identity.dataspace.copernicus.eu/auth/realms/CDSE/protocol/openid-connect/token
2015-01-11T00:00:00.000000Z,c_gls_LAI300_201501200000_GLOBE_PROBAV_V1.0.1_nc,Copernicus_LAI,0.0,Failed: 401 Client Error: Unauthorized for url: https://identity.dataspace.copernicus.eu/auth/realms/CDSE/protocol/openid-connect/token
2015-02-11T00:00:00.000000Z,c_gls_LAI300_201502200000_GLOBE_PROBAV_V1.0.1_nc,Copernicus_LAI,0.0,Failed: 401 Client Error: Unauthorized for url: https://identity.dataspace.copernicus.eu/auth/realms/CDSE/protocol/openid-connect/token
2015-08-21T00:00:00.000000Z,c_gls_LAI300_201508310000_GLOBE_PROBAV_V1.0.1_nc,Copernicus_LAI,0.0,Failed: 401 Client Error: Unauthorized for url: https://identity.dataspace.copernicus.eu/auth/realms/CDSE/protocol/openid-connect/token
2015-02-21T00:00:00.000000Z,c_gls_LAI300_201502280000_GLOBE_PROBAV_V1.0.1_nc,Copernicus_LAI,0.0,Failed: 401 Client Error: Unauthorized for url: https://identity.dataspace.copernicus.eu/auth/realms/CDSE/protocol/openid-connect/token
2015-05-11T00:00:00.000000Z,c_gls_LAI300_201505200000_GLOBE_PROBAV_V1.0.1_nc,Copernicus_LAI,0.0,Failed: 401 Client Error: Unauthorized for url: https://identity.dataspace.copernicus.eu/auth/realms/CDSE/protocol/openid-connect/token
2015-05-21T00:00:00.000000Z,c_gls_LAI300_201505310000_GLOBE_PROBAV_V1.0.1_nc,Copernicus_LAI,0.0,Failed: 401 Client Error: Unauthorized for url: https://identity.dataspace.copernicus.eu/auth/realms/CDSE/protocol/openid-connect/token
2015-12-01T00:00:00.000000Z,c_gls_LAI300_201512100000_GLOBE_PROBAV_V1.0.1_nc,Copernicus_LAI,0.0,Failed: 401 Client Error: Unauthorized for url: https://identity.dataspace.copernicus.eu/auth/realms/CDSE/protocol/openid-connect/token
2015-11-21T00:00:00.000000Z,c_gls_LAI300_201511300000_GLOBE_PROBAV_V1.0.1_nc,Copernicus_LAI,0.0,Failed: 401 Client Error: Unauthorized for url: https://identity.dataspace.copernicus.eu/auth/realms/CDSE/protocol/openid-connect/token
2015-10-01T00:00:00.000000Z,c_gls_LAI300_201510100000_GLOBE_PROBAV_V1.0.1_nc,Copernicus_LAI,0.0,Failed: 401 Client Error: Unauthorized for url: https://identity.dataspace.copernicus.eu/auth/realms/CDSE/protocol/openid-connect/token
2016-11-21T00:00:00.000000Z,c_gls_LAI300-RT2_201611300000_GLOBE_PROBAV_V1.0.1_nc,Copernicus_LAI,0.0,Failed: 401 Client Error: Unauthorized for url: https://identity.dataspace.copernicus.eu/auth/realms/CDSE/protocol/openid-connect/token
2016-11-21T00:00:00.000000Z,c_gls_LAI300-RT0_201611300000_GLOBE_PROBAV_V1.0.1_nc,Copernicus_LAI,0.0,Failed: 403 Client Error: Forbidden for url: https://identity.dataspace.copernicus.eu/auth/realms/CDSE/protocol/openid-connect/token
2016-12-11T00:00:00.000000Z,c_gls_LAI300-RT2_201612200000_GLOBE_PROBAV_V1.0.1_nc,Copernicus_LAI,0.0,Failed: 401 Client Error: Unauthorized for url: https://identity.dataspace.copernicus.eu/auth/realms/CDSE/protocol/openid-connect/token
2016-11-11T00:00:00.000000Z,c_gls_LAI300_201611200000_GLOBE_PROBAV_V1.0.1_nc,Copernicus_LAI,0.0,Failed: 401 Client Error: Unauthorized for url: https://identity.dataspace.copernicus.eu/auth/realms/CDSE/protocol/openid-connect/token
2016-11-01T00:00:00.000000Z,c_gls_LAI300-RT1_201611100000_GLOBE_PROBAV_V1.0.1_nc,Copernicus_LAI,0.0,Failed: 401 Client Error: Unauthorized for url: https://identity.dataspace.copernicus.eu/auth/realms/CDSE/protocol/openid-connect/token
2016-12-21T00:00:00.000000Z,c_gls_LAI300_201612310000_GLOBE_PROBAV_V1.0.1_nc,Copernicus_LAI,0.0,Failed: 401 Client Error: Unauthorized for url: https://identity.dataspace.copernicus.eu/auth/realms/CDSE/protocol/openid-connect/token
2016-11-21T00:00:00.000000Z,c_gls_LAI300_201611300000_GLOBE_PROBAV_V1.0.1_nc,Copernicus_LAI,0.0,Failed: 401 Client Error: Unauthorized for url: https://identity.dataspace.copernicus.eu/auth/realms/CDSE/protocol/openid-connect/token
2016-11-01T00:00:00.000000Z,c_gls_LAI300-RT2_201611100000_GLOBE_PROBAV_V1.0.1_nc,Copernicus_LAI,0.0,Failed: 401 Client Error: Unauthorized for url: https://identity.dataspace.copernicus.eu/auth/realms/CDSE/protocol/openid-connect/token
2016-03-01T00:00:00.000000Z,c_gls_LAI300_201603100000_GLOBE_PROBAV_V1.0.1_nc,Copernicus_LAI,0.0,Failed: 401 Client Error: Unauthorized for url: https://identity.dataspace.copernicus.eu/auth/realms/CDSE/protocol/openid-connect/token
2016-10-21T00:00:00.000000Z,c_gls_LAI300-RT2_201610310000_GLOBE_PROBAV_V1.0.1_nc,Copernicus_LAI,0.0,Failed: 401 Client Error: Unauthorized for url: https://identity.dataspace.copernicus.eu/auth/realms/CDSE/protocol/openid-connect/token
2016-10-21T00:00:00.000000Z,c_gls_LAI300-RT0_201610310000_GLOBE_PROBAV_V1.0.1_nc,Copernicus_LAI,0.0,Failed: 401 Client Error: Unauthorized for url: https://identity.dataspace.copernicus.eu/auth/realms/CDSE/protocol/openid-connect/token
2016-10-11T00:00:00.000000Z,c_gls_LAI300-RT0_201610200000_GLOBE_PROBAV_V1.0.1_nc,Copernicus_LAI,0.0,Failed: 401 Client Error: Unauthorized for url: https://identity.dataspace.copernicus.eu/auth/realms/CDSE/protocol/openid-connect/token
2016-10-01T00:00:00.000000Z,c_gls_LAI300-RT1_201610100000_GLOBE_PROBAV_V1.0.1_nc,Copernicus_LAI,0.0,Failed: 401 Client Error: Unauthorized for url: https://identity.dataspace.copernicus.eu/auth/realms/CDSE/protocol/openid-connect/token
2016-10-11T00:00:00.000000Z,c_gls_LAI300-RT2_201610200000_GLOBE_PROBAV_V1.0.1_nc,Copernicus_LAI,0.0,Failed: 401 Client Error: Unauthorized for url: https://identity.dataspace.copernicus.eu/auth/realms/CDSE/protocol/openid-connect/token
2016-10-11T00:00:00.000000Z,c_gls_LAI300-RT1_201610200000_GLOBE_PROBAV_V1.0.1_nc,Copernicus_LAI,0.0,Failed: 401 Client Error: Unauthorized for url: https://identity.dataspace.copernicus.eu/auth/realms/CDSE/protocol/openid-connect/token
2016-06-01T00:00:00.000000Z,c_gls_LAI300_201606100000_GLOBE_PROBAV_V1.0.1_nc,Copernicus_LAI,0.0,Failed: 401 Client Error: Unauthorized for url: https://identity.dataspace.copernicus.eu/auth/realms/CDSE/protocol/openid-connect/token
2016-10-21T00:00:00.000000Z,c_gls_LAI300_201610310000_GLOBE_PROBAV_V1.0.1_nc,Copernicus_LAI,0.0,Failed: 401 Client Error: Unauthorized for url: https://identity.dataspace.copernicus.eu/auth/realms/CDSE/protocol/openid-connect/token
2016-02-01T00:00:00.000000Z,c_gls_LAI300_201602100000_GLOBE_PROBAV_V1.0.1_nc,Copernicus_LAI,0.0,Failed: 401 Client Error: Unauthorized for url: https://identity.dataspace.copernicus.eu/auth/realms/CDSE/protocol/openid-connect/token
2016-01-11T00:00:00.000000Z,c_gls_LAI300_201601200000_GLOBE_PROBAV_V1.0.1_nc,Copernicus_LAI,0.0,Failed: 401 Client Error: Unauthorized for url: https://identity.dataspace.copernicus.eu/auth/realms/CDSE/protocol/openid-connect/token
2016-08-11T00:00:00.000000Z,c_gls_LAI300_201608200000_GLOBE_PROBAV_V1.0.1_nc,Copernicus_LAI,0.0,Failed: 401 Client Error: Unauthorized for url: https://identity.dataspace.copernicus.eu/auth/realms/CDSE/protocol/openid-connect/token
2016-09-11T00:00:00.000000Z,c_gls_LAI300_201609200000_GLOBE_PROBAV_V1.0.1_nc,Copernicus_LAI,0.0,Failed: 401 Client Error: Unauthorized for url: https://identity.dataspace.copernicus.eu/auth/realms/CDSE/protocol/openid-connect/token
2016-09-01T00:00:00.000000Z,c_gls_LAI300-RT0_201609100000_GLOBE_PROBAV_V1.0.1_nc,Copernicus_LAI,0.0,Failed: 401 Client Error: Unauthorized for url: https://identity.dataspace.copernicus.eu/auth/realms/CDSE/protocol/openid-connect/token
2016-07-11T00:00:00.000000Z,c_gls_LAI300_201607200000_GLOBE_PROBAV_V1.0.1_nc,Copernicus_LAI,0.0,Failed: 401 Client Error: Unauthorized for url: https://identity.dataspace.copernicus.eu/auth/realms/CDSE/protocol/openid-connect/token
2016-09-21T00:00:00.000000Z,c_gls_LAI300-RT2_201609300000_GLOBE_PROBAV_V1.0.1_nc,Copernicus_LAI,0.0,Failed: 401 Client Error: Unauthorized for url: https://identity.dataspace.copernicus.eu/auth/realms/CDSE/protocol/openid-connect/token
2016-09-01T00:00:00.000000Z,c_gls_LAI300-RT1_201609100000_GLOBE_PROBAV_V1.0.1_nc,Copernicus_LAI,0.0,Failed: 401 Client Error: Unauthorized for url: https://identity.dataspace.copernicus.eu/auth/realms/CDSE/protocol/openid-connect/token
2016-09-11T00:00:00.000000Z,c_gls_LAI300-RT0_201609200000_GLOBE_PROBAV_V1.0.1_nc,Copernicus_LAI,0.0,Failed: 401 Client Error: Unauthorized for url: https://identity.dataspace.copernicus.eu/auth/realms/CDSE/protocol/openid-connect/token
2016-03-11T00:00:00.000000Z,c_gls_LAI300_201603200000_GLOBE_PROBAV_V1.0.1_nc,Copernicus_LAI,0.0,Failed: 401 Client Error: Unauthorized for url: https://identity.dataspace.copernicus.eu/auth/realms/CDSE/protocol/openid-connect/token
2016-02-11T00:00:00.000000Z,c_gls_LAI300_201602200000_GLOBE_PROBAV_V1.0.1_nc,Copernicus_LAI,0.0,Failed: 401 Client Error: Unauthorized for url: https://identity.dataspace.copernicus.eu/auth/realms/CDSE/protocol/openid-connect/token
2016-06-11T00:00:00.000000Z,c_gls_LAI300_201606200000_GLOBE_PROBAV_V1.0.1_nc,Copernicus_LAI,0.0,Failed: 401 Client Error: Unauthorized for url: https://identity.dataspace.copernicus.eu/auth/realms/CDSE/protocol/openid-connect/token
2016-05-01T00:00:00.000000Z,c_gls_LAI300_201605100000_GLOBE_PROBAV_V1.0.1_nc,Copernicus_LAI,0.0,Failed: 401 Client Error: Unauthorized for url: https://identity.dataspace.copernicus.eu/auth/realms/CDSE/protocol/openid-connect/token
2016-05-11T00:00:00.000000Z,c_gls_LAI300_201605200000_GLOBE_PROBAV_V1.0.1_nc,Copernicus_LAI,0.0,Failed: 401 Client Error: Unauthorized for url: https://identity.dataspace.copernicus.eu/auth/realms/CDSE/protocol/openid-connect/token
2016-12-01T00:00:00.000000Z,c_gls_LAI300-RT2_201612100000_GLOBE_PROBAV_V1.0.1_nc,Copernicus_LAI,0.0,Failed: 401 Client Error: Unauthorized for url: https://identity.dataspace.copernicus.eu/auth/realms/CDSE/protocol/openid-connect/token
2016-04-21T00:00:00.000000Z,c_gls_LAI300_201604300000_GLOBE_PROBAV_V1.0.1_nc,Copernicus_LAI,0.0,Failed: 401 Client Error: Unauthorized for url: https://identity.dataspace.copernicus.eu/auth/realms/CDSE/protocol/openid-connect/token
2016-04-11T00:00:00.000000Z,c_gls_LAI300_201604200000_GLOBE_PROBAV_V1.0.1_nc,Copernicus_LAI,0.0,Failed: 401 Client Error: Unauthorized for url: https://identity.dataspace.copernicus.eu/auth/realms/CDSE/protocol/openid-connect/token
2016-04-01T00:00:00.000000Z,c_gls_LAI300_201604100000_GLOBE_PROBAV_V1.0.1_nc,Copernicus_LAI,0.0,Failed: 401 Client Error: Unauthorized for url: https://identity.dataspace.copernicus.eu/auth/realms/CDSE/protocol/openid-connect/token
2016-11-11T00:00:00.000000Z,c_gls_LAI300-RT0_201611200000_GLOBE_PROBAV_V1.0.1_nc,Copernicus_LAI,0.0,Failed: 401 Client Error: Unauthorized for url: https://identity.dataspace.copernicus.eu/auth/realms/CDSE/protocol/openid-connect/token
2016-11-11T00:00:00.000000Z,c_gls_LAI300-RT1_201611200000_GLOBE_PROBAV_V1.0.1_nc,Copernicus_LAI,0.0,Failed: 401 Client Error: Unauthorized for url: https://identity.dataspace.copernicus.eu/auth/realms/CDSE/protocol/openid-connect/token
2016-12-21T00:00:00.000000Z,c_gls_LAI300-RT0_201612310000_GLOBE_PROBAV_V1.0.1_nc,Copernicus_LAI,0.0,Failed: 401 Client Error: Unauthorized for url: https://identity.dataspace.copernicus.eu/auth/realms/CDSE/protocol/openid-connect/token
2016-02-21T00:00:00.000000Z,c_gls_LAI300_201602290000_GLOBE_PROBAV_V1.0.1_nc,Copernicus_LAI,0.0,Failed: 401 Client Error: Unauthorized for url: https://identity.dataspace.copernicus.eu/auth/realms/CDSE/protocol/openid-connect/token
2016-12-21T00:00:00.000000Z,c_gls_LAI300-RT1_201612310000_GLOBE_PROBAV_V1.0.1_nc,Copernicus_LAI,0.0,Failed: 401 Client Error: Unauthorized for url: https://identity.dataspace.copernicus.eu/auth/realms/CDSE/protocol/openid-connect/token
2016-11-01T00:00:00.000000Z,c_gls_LAI300-RT0_201611100000_GLOBE_PROBAV_V1.0.1_nc,Copernicus_LAI,0.0,Failed: 401 Client Error: Unauthorized for url: https://identity.dataspace.copernicus.eu/auth/realms/CDSE/protocol/openid-connect/token
2016-09-21T00:00:00.000000Z,c_gls_LAI300_201609300000_GLOBE_PROBAV_V1.0.1_nc,Copernicus_LAI,0.0,Failed: 401 Client Error: Unauthorized for url: https://identity.dataspace.copernicus.eu/auth/realms/CDSE/protocol/openid-connect/token
2016-07-01T00:00:00.000000Z,c_gls_LAI300_201607100000_GLOBE_PROBAV_V1.0.1_nc,Copernicus_LAI,0.0,Failed: 401 Client Error: Unauthorized for url: https://identity.dataspace.copernicus.eu/auth/realms/CDSE/protocol/openid-connect/token
2016-09-01T00:00:00.000000Z,c_gls_LAI300_201609100000_GLOBE_PROBAV_V1.0.1_nc,Copernicus_LAI,0.0,Failed: 401 Client Error: Unauthorized for url: https://identity.dataspace.copernicus.eu/auth/realms/CDSE/protocol/openid-connect/token
2016-12-21T00:00:00.000000Z,c_gls_LAI300-RT2_201612310000_GLOBE_PROBAV_V1.0.1_nc,Copernicus_LAI,0.0,Failed: 401 Client Error: Unauthorized for url: https://identity.dataspace.copernicus.eu/auth/realms/CDSE/protocol/openid-connect/token
2016-09-21T00:00:00.000000Z,c_gls_LAI300-RT1_201609300000_GLOBE_PROBAV_V1.0.1_nc,Copernicus_LAI,0.0,Failed: 401 Client Error: Unauthorized for url: https://identity.dataspace.copernicus.eu/auth/realms/CDSE/protocol/openid-connect/token
2016-12-01T00:00:00.000000Z,c_gls_LAI300_201612100000_GLOBE_PROBAV_V1.0.1_nc,Copernicus_LAI,0.0,Failed: 401 Client Error: Unauthorized for url: https://identity.dataspace.copernicus.eu/auth/realms/CDSE/protocol/openid-connect/token
2016-07-21T00:00:00.000000Z,c_gls_LAI300_201607310000_GLOBE_PROBAV_V1.0.1_nc,Copernicus_LAI,0.0,Failed: 401 Client Error: Unauthorized for url: https://identity.dataspace.copernicus.eu/auth/realms/CDSE/protocol/openid-connect/token
2016-03-21T00:00:00.000000Z,c_gls_LAI300_201603310000_GLOBE_PROBAV_V1.0.1_nc,Copernicus_LAI,0.0,Failed: 401 Client Error: Unauthorized for url: https://identity.dataspace.copernicus.eu/auth/realms/CDSE/protocol/openid-connect/token
2016-12-11T00:00:00.000000Z,c_gls_LAI300_201612200000_GLOBE_PROBAV_V1.0.1_nc,Copernicus_LAI,0.0,Failed: 401 Client Error: Unauthorized for url: https://identity.dataspace.copernicus.eu/auth/realms/CDSE/protocol/openid-connect/token
2016-01-21T00:00:00.000000Z,c_gls_LAI300_201601310000_GLOBE_PROBAV_V1.0.1_nc,Copernicus_LAI,0.0,Failed: 401 Client Error: Unauthorized for url: https://identity.dataspace.copernicus.eu/auth/realms/CDSE/protocol/openid-connect/token
2016-01-01T00:00:00.000000Z,c_gls_LAI300_201601100000_GLOBE_PROBAV_V1.0.1_nc,Copernicus_LAI,0.0,Failed: 401 Client Error: Unauthorized for url: https://identity.dataspace.copernicus.eu/auth/realms/CDSE/protocol/openid-connect/token
2016-05-21T00:00:00.000000Z,c_gls_LAI300_201605310000_GLOBE_PROBAV_V1.0.1_nc,Copernicus_LAI,0.0,Failed: 401 Client Error: Unauthorized for url: https://identity.dataspace.copernicus.eu/auth/realms/CDSE/protocol/openid-connect/token
2016-09-11T00:00:00.000000Z,c_gls_LAI300-RT2_201609200000_GLOBE_PROBAV_V1.0.1_nc,Copernicus_LAI,0.0,Failed: 401 Client Error: Unauthorized for url: https://identity.dataspace.copernicus.eu/auth/realms/CDSE/protocol/openid-connect/token
2016-11-11T00:00:00.000000Z,c_gls_LAI300-RT2_201611200000_GLOBE_PROBAV_V1.0.1_nc,Copernicus_LAI,0.0,Failed: 401 Client Error: Unauthorized for url: https://identity.dataspace.copernicus.eu/auth/realms/CDSE/protocol/openid-connect/token
2016-12-01T00:00:00.000000Z,c_gls_LAI300-RT1_201612100000_GLOBE_PROBAV_V1.0.1_nc,Copernicus_LAI,0.0,Failed: 401 Client Error: Unauthorized for url: https://identity.dataspace.copernicus.eu/auth/realms/CDSE/protocol/openid-connect/token
2016-11-21T00:00:00.000000Z,c_gls_LAI300-RT1_201611300000_GLOBE_PROBAV_V1.0.1_nc,Copernicus_LAI,0.0,Failed: 401 Client Error: Unauthorized for url: https://identity.dataspace.copernicus.eu/auth/realms/CDSE/protocol/openid-connect/token
2016-09-11T00:00:00.000000Z,c_gls_LAI300-RT1_201609200000_GLOBE_PROBAV_V1.0.1_nc,Copernicus_LAI,0.0,Failed: 401 Client Error: Unauthorized for url: https://identity.dataspace.copernicus.eu/auth/realms/CDSE/protocol/openid-connect/token
2016-10-01T00:00:00.000000Z,c_gls_LAI300-RT0_201610100000_GLOBE_PROBAV_V1.0.1_nc,Copernicus_LAI,0.0,Failed: 401 Client Error: Unauthorized for url: https://identity.dataspace.copernicus.eu/auth/realms/CDSE/protocol/openid-connect/token
2016-10-11T00:00:00.000000Z,c_gls_LAI300_201610200000_GLOBE_PROBAV_V1.0.1_nc,Copernicus_LAI,0.0,Failed: 401 Client Error: Unauthorized for url: https://identity.dataspace.copernicus.eu/auth/realms/CDSE/protocol/openid-connect/token
2016-06-21T00:00:00.000000Z,c_gls_LAI300_201606300000_GLOBE_PROBAV_V1.0.1_nc,Copernicus_LAI,0.0,Failed: 401 Client Error: Unauthorized for url: https://identity.dataspace.copernicus.eu/auth/realms/CDSE/protocol/openid-connect/token
2016-11-01T00:00:00.000000Z,c_gls_LAI300_201611100000_GLOBE_PROBAV_V1.0.1_nc,Copernicus_LAI,0.0,Failed: 401 Client Error: Unauthorized for url: https://identity.dataspace.copernicus.eu/auth/realms/CDSE/protocol/openid-connect/token
2016-12-01T00:00:00.000000Z,c_gls_LAI300-RT0_201612100000_GLOBE_PROBAV_V1.0.1_nc,Copernicus_LAI,0.0,Failed: 401 Client Error: Unauthorized for url: https://identity.dataspace.copernicus.eu/auth/realms/CDSE/protocol/openid-connect/token
2016-12-11T00:00:00.000000Z,c_gls_LAI300-RT0_201612200000_GLOBE_PROBAV_V1.0.1_nc,Copernicus_LAI,0.0,Failed: 401 Client Error: Unauthorized for url: https://identity.dataspace.copernicus.eu/auth/realms/CDSE/protocol/openid-connect/token
2016-08-01T00:00:00.000000Z,c_gls_LAI300_201608100000_GLOBE_PROBAV_V1.0.1_nc,Copernicus_LAI,0.0,Failed: 401 Client Error: Unauthorized for url: https://identity.dataspace.copernicus.eu/auth/realms/CDSE/protocol/openid-connect/token
2016-12-11T00:00:00.000000Z,c_gls_LAI300-RT1_201612200000_GLOBE_PROBAV_V1.0.1_nc,Copernicus_LAI,0.0,Failed: 401 Client Error: Unauthorized for url: https://identity.dataspace.copernicus.eu/auth/realms/CDSE/protocol/openid-connect/token
2016-10-01T00:00:00.000000Z,c_gls_LAI300_201610100000_GLOBE_PROBAV_V1.0.1_nc,Copernicus_LAI,0.0,Failed: 401 Client Error: Unauthorized for url: https://identity.dataspace.copernicus.eu/auth/realms/CDSE/protocol/openid-connect/token
2016-09-21T00:00:00.000000Z,c_gls_LAI300-RT0_201609300000_GLOBE_PROBAV_V1.0.1_nc,Copernicus_LAI,0.0,Failed: 401 Client Error: Unauthorized for url: https://identity.dataspace.copernicus.eu/auth/realms/CDSE/protocol/openid-connect/token
2016-09-01T00:00:00.000000Z,c_gls_LAI300-RT2_201609100000_GLOBE_PROBAV_V1.0.1_nc,Copernicus_LAI,0.0,Failed: 401 Client Error: Unauthorized for url: https://identity.dataspace.copernicus.eu/auth/realms/CDSE/protocol/openid-connect/token
2016-08-21T00:00:00.000000Z,c_gls_LAI300_201608310000_GLOBE_PROBAV_V1.0.2_nc,Copernicus_LAI,0.0,Failed: 401 Client Error: Unauthorized for url: https://identity.dataspace.copernicus.eu/auth/realms/CDSE/protocol/openid-connect/token
2016-10-21T00:00:00.000000Z,c_gls_LAI300-RT1_201610310000_GLOBE_PROBAV_V1.0.1_nc,Copernicus_LAI,0.0,Failed: 401 Client Error: Unauthorized for url: https://identity.dataspace.copernicus.eu/auth/realms/CDSE/protocol/openid-connect/token
2016-01-01T00:00:00.000000Z,c_gls_LAI300-RT6_201601100000_GLOBE_PROBAV_V2.0.1_nc,Copernicus_LAI,0.0,Failed: 401 Client Error: Unauthorized for url: https://identity.dataspace.copernicus.eu/auth/realms/CDSE/protocol/openid-connect/token
2016-01-21T00:00:00.000000Z,c_gls_LAI300-RT6_201601310000_GLOBE_PROBAV_V2.0.1_nc,Copernicus_LAI,0.0,Failed: 401 Client Error: Unauthorized for url: https://identity.dataspace.copernicus.eu/auth/realms/CDSE/protocol/openid-connect/token
2016-01-11T00:00:00.000000Z,c_gls_LAI300-RT6_201601200000_GLOBE_PROBAV_V2.0.1_nc,Copernicus_LAI,0.0,Failed: 401 Client Error: Unauthorized for url: https://identity.dataspace.copernicus.eu/auth/realms/CDSE/protocol/openid-connect/token
2016-02-01T00:00:00.000000Z,c_gls_LAI300-RT6_201602100000_GLOBE_PROBAV_V2.0.1_nc,Copernicus_LAI,0.0,Failed: 401 Client Error: Unauthorized for url: https://identity.dataspace.copernicus.eu/auth/realms/CDSE/protocol/openid-connect/token
2016-08-01T00:00:00.000000Z,c_gls_LAI300-RT6_201608100000_GLOBE_PROBAV_V2.0.1_nc,Copernicus_LAI,0.0,Failed: 401 Client Error: Unauthorized for url: https://identity.dataspace.copernicus.eu/auth/realms/CDSE/protocol/openid-connect/token
2016-02-11T00:00:00.000000Z,c_gls_LAI300-RT6_201602200000_GLOBE_PROBAV_V2.0.1_nc,Copernicus_LAI,0.0,Failed: 401 Client Error: Unauthorized for url: https://identity.dataspace.copernicus.eu/auth/realms/CDSE/protocol/openid-connect/token
2016-03-11T00:00:00.000000Z,c_gls_LAI300-RT6_201603200000_GLOBE_PROBAV_V2.0.1_nc,Copernicus_LAI,0.0,Failed: 401 Client Error: Unauthorized for url: https://identity.dataspace.copernicus.eu/auth/realms/CDSE/protocol/openid-connect/token
2016-03-21T00:00:00.000000Z,c_gls_LAI300-RT6_201603310000_GLOBE_PROBAV_V2.0.1_nc,Copernicus_LAI,0.0,Failed: 401 Client Error: Unauthorized for url: https://identity.dataspace.copernicus.eu/auth/realms/CDSE/protocol/openid-connect/token
2016-03-01T00:00:00.000000Z,c_gls_LAI300-RT6_201603100000_GLOBE_PROBAV_V2.0.1_nc,Copernicus_LAI,0.0,Failed: 401 Client Error: Unauthorized for url: https://identity.dataspace.copernicus.eu/auth/realms/CDSE/protocol/openid-connect/token
2016-04-11T00:00:00.000000Z,c_gls_LAI300-RT6_201604200000_GLOBE_PROBAV_V2.0.1_nc,Copernicus_LAI,0.0,Failed: 401 Client Error: Unauthorized for url: https://identity.dataspace.copernicus.eu/auth/realms/CDSE/protocol/openid-connect/token
2016-02-21T00:00:00.000000Z,c_gls_LAI300-RT6_201602290000_GLOBE_PROBAV_V2.0.1_nc,Copernicus_LAI,0.0,Failed: 401 Client Error: Unauthorized for url: https://identity.dataspace.copernicus.eu/auth/realms/CDSE/protocol/openid-connect/token
2016-04-01T00:00:00.000000Z,c_gls_LAI300-RT6_201604100000_GLOBE_PROBAV_V2.0.1_nc,Copernicus_LAI,0.0,Failed: 401 Client Error: Unauthorized for url: https://identity.dataspace.copernicus.eu/auth/realms/CDSE/protocol/openid-connect/token
2016-04-21T00:00:00.000000Z,c_gls_LAI300-RT6_201604300000_GLOBE_PROBAV_V2.0.1_nc,Copernicus_LAI,0.0,Failed: 401 Client Error: Unauthorized for url: https://identity.dataspace.copernicus.eu/auth/realms/CDSE/protocol/openid-connect/token
2016-05-01T00:00:00.000000Z,c_gls_LAI300-RT6_201605100000_GLOBE_PROBAV_V2.0.1_nc,Copernicus_LAI,0.0,Failed: 401 Client Error: Unauthorized for url: https://identity.dataspace.copernicus.eu/auth/realms/CDSE/protocol/openid-connect/token
2016-05-11T00:00:00.000000Z,c_gls_LAI300-RT6_201605200000_GLOBE_PROBAV_V2.0.1_nc,Copernicus_LAI,0.0,Failed: 401 Client Error: Unauthorized for url: https://identity.dataspace.copernicus.eu/auth/realms/CDSE/protocol/openid-connect/token
2016-08-11T00:00:00.000000Z,c_gls_LAI300-RT6_201608200000_GLOBE_PROBAV_V2.0.1_nc,Copernicus_LAI,0.0,Failed: 401 Client Error: Unauthorized for url: https://identity.dataspace.copernicus.eu/auth/realms/CDSE/protocol/openid-connect/token
2016-05-21T00:00:00.000000Z,c_gls_LAI300-RT6_201605310000_GLOBE_PROBAV_V2.0.1_nc,Copernicus_LAI,0.0,Failed: 401 Client Error: Unauthorized for url: https://identity.dataspace.copernicus.eu/auth/realms/CDSE/protocol/openid-connect/token
2016-06-11T00:00:00.000000Z,c_gls_LAI300-RT6_201606200000_GLOBE_PROBAV_V2.0.1_nc,Copernicus_LAI,0.0,Failed: 401 Client Error: Unauthorized for url: https://identity.dataspace.copernicus.eu/auth/realms/CDSE/protocol/openid-connect/token
2016-10-01T00:00:00.000000Z,c_gls_LAI300-RT6_201610100000_GLOBE_PROBAV_V2.0.1_nc,Copernicus_LAI,0.0,Failed: 401 Client Error: Unauthorized for url: https://identity.dataspace.copernicus.eu/auth/realms/CDSE/protocol/openid-connect/token
2016-07-01T00:00:00.000000Z,c_gls_LAI300-RT6_201607100000_GLOBE_PROBAV_V2.0.1_nc,Copernicus_LAI,0.0,Failed: 401 Client Error: Unauthorized for url: https://identity.dataspace.copernicus.eu/auth/realms/CDSE/protocol/openid-connect/token
2016-08-21T00:00:00.000000Z,c_gls_LAI300-RT6_201608310000_GLOBE_PROBAV_V2.0.1_nc,Copernicus_LAI,0.0,Failed: 401 Client Error: Unauthorized for url: https://identity.dataspace.copernicus.eu/auth/realms/CDSE/protocol/openid-connect/token
2016-09-21T00:00:00.000000Z,c_gls_LAI300-RT6_201609300000_GLOBE_PROBAV_V2.0.1_nc,Copernicus_LAI,0.0,Failed: 401 Client Error: Unauthorized for url: https://identity.dataspace.copernicus.eu/auth/realms/CDSE/protocol/openid-connect/token
2016-06-21T00:00:00.000000Z,c_gls_LAI300-RT6_201606300000_GLOBE_PROBAV_V2.0.1_nc,Copernicus_LAI,0.0,Failed: 401 Client Error: Unauthorized for url: https://identity.dataspace.copernicus.eu/auth/realms/CDSE/protocol/openid-connect/token
2016-07-11T00:00:00.000000Z,c_gls_LAI300-RT6_201607200000_GLOBE_PROBAV_V2.0.1_nc,Copernicus_LAI,0.0,Failed: 401 Client Error: Unauthorized for url: https://identity.dataspace.copernicus.eu/auth/realms/CDSE/protocol/openid-connect/token
2016-06-01T00:00:00.000000Z,c_gls_LAI300-RT6_201606100000_GLOBE_PROBAV_V2.0.1_nc,Copernicus_LAI,0.0,Failed: 401 Client Error: Unauthorized for url: https://identity.dataspace.copernicus.eu/auth/realms/CDSE/protocol/openid-connect/token
2016-09-11T00:00:00.000000Z,c_gls_LAI300-RT6_201609200000_GLOBE_PROBAV_V2.0.1_nc,Copernicus_LAI,0.0,Failed: 401 Client Error: Unauthorized for url: https://identity.dataspace.copernicus.eu/auth/realms/CDSE/protocol/openid-connect/token
2016-09-01T00:00:00.000000Z,c_gls_LAI300-RT6_201609100000_GLOBE_PROBAV_V2.0.1_nc,Copernicus_LAI,0.0,Failed: 401 Client Error: Unauthorized for url: https://identity.dataspace.copernicus.eu/auth/realms/CDSE/protocol/openid-connect/token
2016-07-21T00:00:00.000000Z,c_gls_LAI300-RT6_201607310000_GLOBE_PROBAV_V2.0.1_nc,Copernicus_LAI,0.0,Failed: 401 Client Error: Unauthorized for url: https://identity.dataspace.copernicus.eu/auth/realms/CDSE/protocol/openid-connect/token
2016-10-21T00:00:00.000000Z,c_gls_LAI300-RT6_201610310000_GLOBE_PROBAV_V2.0.1_nc,Copernicus_LAI,0.0,Failed: 401 Client Error: Unauthorized for url: https://identity.dataspace.copernicus.eu/auth/realms/CDSE/protocol/openid-connect/token
2016-10-11T00:00:00.000000Z,c_gls_LAI300-RT6_201610200000_GLOBE_PROBAV_V2.0.1_nc,Copernicus_LAI,0.0,Failed: 401 Client Error: Unauthorized for url: https://identity.dataspace.copernicus.eu/auth/realms/CDSE/protocol/openid-connect/token
2016-11-21T00:00:00.000000Z,c_gls_LAI300-RT6_201611300000_GLOBE_PROBAV_V2.0.1_nc,Copernicus_LAI,0.0,Failed: 401 Client Error: Unauthorized for url: https://identity.dataspace.copernicus.eu/auth/realms/CDSE/protocol/openid-connect/token
2016-12-21T00:00:00.000000Z,c_gls_LAI300-RT6_201612310000_GLOBE_PROBAV_V2.0.1_nc,Copernicus_LAI,0.0,Failed: 401 Client Error: Unauthorized for url: https://identity.dataspace.copernicus.eu/auth/realms/CDSE/protocol/openid-connect/token
2016-12-11T00:00:00.000000Z,c_gls_LAI300-RT6_201612200000_GLOBE_PROBAV_V2.0.1_nc,Copernicus_LAI,0.0,Failed: 401 Client Error: Unauthorized for url: https://identity.dataspace.copernicus.eu/auth/realms/CDSE/protocol/openid-connect/token
2016-11-11T00:00:00.000000Z,c_gls_LAI300-RT6_201611200000_GLOBE_PROBAV_V2.0.1_nc,Copernicus_LAI,0.0,Failed: 401 Client Error: Unauthorized for url: https://identity.dataspace.copernicus.eu/auth/realms/CDSE/protocol/openid-connect/token
2016-12-01T00:00:00.000000Z,c_gls_LAI300-RT6_201612100000_GLOBE_PROBAV_V2.0.1_nc,Copernicus_LAI,0.0,Failed: 401 Client Error: Unauthorized for url: https://identity.dataspace.copernicus.eu/auth/realms/CDSE/protocol/openid-connect/token
2016-11-01T00:00:00.000000Z,c_gls_LAI300-RT6_201611100000_GLOBE_PROBAV_V2.0.1_nc,Copernicus_LAI,0.0,Failed: 401 Client Error: Unauthorized for url: https://identity.dataspace.copernicus.eu/auth/realms/CDSE/protocol/openid-connect/token
2017-04-01T00:00:00.000000Z,c_gls_LAI300-RT0_201704100000_GLOBE_PROBAV_V1.0.1_nc,Copernicus_LAI,0.0,Failed: 401 Client Error: Unauthorized for url: https://identity.dataspace.copernicus.eu/auth/realms/CDSE/protocol/openid-connect/token
2017-04-01T00:00:00.000000Z,c_gls_LAI300-RT1_201704100000_GLOBE_PROBAV_V1.0.1_nc,Copernicus_LAI,0.0,Failed: 401 Client Error: Unauthorized for url: https://identity.dataspace.copernicus.eu/auth/realms/CDSE/protocol/openid-connect/token
2017-04-21T00:00:00.000000Z,c_gls_LAI300-RT1_201704300000_GLOBE_PROBAV_V1.0.1_nc,Copernicus_LAI,0.0,Failed: 401 Client Error: Unauthorized for url: https://identity.dataspace.copernicus.eu/auth/realms/CDSE/protocol/openid-connect/token
2017-04-11T00:00:00.000000Z,c_gls_LAI300-RT2_201704200000_GLOBE_PROBAV_V1.0.1_nc,Copernicus_LAI,0.0,Failed: 401 Client Error: Unauthorized for url: https://identity.dataspace.copernicus.eu/auth/realms/CDSE/protocol/openid-connect/token
2017-04-01T00:00:00.000000Z,c_gls_LAI300-RT2_201704100000_GLOBE_PROBAV_V1.0.1_nc,Copernicus_LAI,0.0,Failed: 401 Client Error: Unauthorized for url: https://identity.dataspace.copernicus.eu/auth/realms/CDSE/protocol/openid-connect/token
2017-06-21T00:00:00.000000Z,c_gls_LAI300-RT2_201706300000_GLOBE_PROBAV_V1.0.1_nc,Copernicus_LAI,0.0,Failed: 401 Client Error: Unauthorized for url: https://identity.dataspace.copernicus.eu/auth/realms/CDSE/protocol/openid-connect/token
2017-12-21T00:00:00.000000Z,c_gls_LAI300-RT0_201712310000_GLOBE_PROBAV_V1.0.1_nc,Copernicus_LAI,0.0,Failed: 401 Client Error: Unauthorized for url: https://identity.dataspace.copernicus.eu/auth/realms/CDSE/protocol/openid-connect/token
2017-04-21T00:00:00.000000Z,c_gls_LAI300_201704300000_GLOBE_PROBAV_V1.0.1_nc,Copernicus_LAI,0.0,Failed: 401 Client Error: Unauthorized for url: https://identity.dataspace.copernicus.eu/auth/realms/CDSE/protocol/openid-connect/token
2017-06-21T00:00:00.000000Z,c_gls_LAI300-RT0_201706300000_GLOBE_PROBAV_V1.0.1_nc,Copernicus_LAI,0.0,Failed: 401 Client Error: Unauthorized for url: https://identity.dataspace.copernicus.eu/auth/realms/CDSE/protocol/openid-connect/token
2017-06-21T00:00:00.000000Z,c_gls_LAI300_201706300000_GLOBE_PROBAV_V1.0.1_nc,Copernicus_LAI,0.0,Failed: 401 Client Error: Unauthorized for url: https://identity.dataspace.copernicus.eu/auth/realms/CDSE/protocol/openid-connect/token
2017-12-01T00:00:00.000000Z,c_gls_LAI300-RT1_201712100000_GLOBE_PROBAV_V1.0.1_nc,Copernicus_LAI,0.0,Failed: 401 Client Error: Unauthorized for url: https://identity.dataspace.copernicus.eu/auth/realms/CDSE/protocol/openid-connect/token
2017-12-11T00:00:00.000000Z,c_gls_LAI300-RT1_201712200000_GLOBE_PROBAV_V1.0.1_nc,Copernicus_LAI,0.0,Failed: 401 Client Error: Unauthorized for url: https://identity.dataspace.copernicus.eu/auth/realms/CDSE/protocol/openid-connect/token
2017-02-01T00:00:00.000000Z,c_gls_LAI300-RT0_201702100000_GLOBE_PROBAV_V1.0.1_nc,Copernicus_LAI,0.0,Failed: 401 Client Error: Unauthorized for url: https://identity.dataspace.copernicus.eu/auth/realms/CDSE/protocol/openid-connect/token
2017-06-21T00:00:00.000000Z,c_gls_LAI300-RT1_201706300000_GLOBE_PROBAV_V1.0.1_nc,Copernicus_LAI,0.0,Failed: 401 Client Error: Unauthorized for url: https://identity.dataspace.copernicus.eu/auth/realms/CDSE/protocol/openid-connect/token
2017-12-21T00:00:00.000000Z,c_gls_LAI300-RT2_201712310000_GLOBE_PROBAV_V1.0.1_nc,Copernicus_LAI,0.0,Failed: 401 Client Error: Unauthorized for url: https://identity.dataspace.copernicus.eu/auth/realms/CDSE/protocol/openid-connect/token
2017-12-11T00:00:00.000000Z,c_gls_LAI300-RT0_201712200000_GLOBE_PROBAV_V1.0.1_nc,Copernicus_LAI,0.0,Failed: 401 Client Error: Unauthorized for url: https://identity.dataspace.copernicus.eu/auth/realms/CDSE/protocol/openid-connect/token
2017-12-11T00:00:00.000000Z,c_gls_LAI300_201712200000_GLOBE_PROBAV_V1.0.1_nc,Copernicus_LAI,0.0,Failed: 401 Client Error: Unauthorized for url: https://identity.dataspace.copernicus.eu/auth/realms/CDSE/protocol/openid-connect/token
2017-12-21T00:00:00.000000Z,c_gls_LAI300_201712310000_GLOBE_PROBAV_V1.0.1_nc,Copernicus_LAI,0.0,Failed: 401 Client Error: Unauthorized for url: https://identity.dataspace.copernicus.eu/auth/realms/CDSE/protocol/openid-connect/token
2017-03-01T00:00:00.000000Z,c_gls_LAI300-RT2_201703100000_GLOBE_PROBAV_V1.0.1_nc,Copernicus_LAI,0.0,Failed: 401 Client Error: Unauthorized for url: https://identity.dataspace.copernicus.eu/auth/realms/CDSE/protocol/openid-connect/token
2017-03-11T00:00:00.000000Z,c_gls_LAI300-RT1_201703200000_GLOBE_PROBAV_V1.0.1_nc,Copernicus_LAI,0.0,Failed: 401 Client Error: Unauthorized for url: https://identity.dataspace.copernicus.eu/auth/realms/CDSE/protocol/openid-connect/token
2017-03-21T00:00:00.000000Z,c_gls_LAI300-RT2_201703310000_GLOBE_PROBAV_V1.0.1_nc,Copernicus_LAI,0.0,Failed: 401 Client Error: Unauthorized for url: https://identity.dataspace.copernicus.eu/auth/realms/CDSE/protocol/openid-connect/token
2017-03-01T00:00:00.000000Z,c_gls_LAI300-RT0_201703100000_GLOBE_PROBAV_V1.0.1_nc,Copernicus_LAI,0.0,Failed: 401 Client Error: Unauthorized for url: https://identity.dataspace.copernicus.eu/auth/realms/CDSE/protocol/openid-connect/token
2017-06-01T00:00:00.000000Z,c_gls_LAI300_201706100000_GLOBE_PROBAV_V1.0.1_nc,Copernicus_LAI,0.0,Failed: 401 Client Error: Unauthorized for url: https://identity.dataspace.copernicus.eu/auth/realms/CDSE/protocol/openid-connect/token
2017-04-11T00:00:00.000000Z,c_gls_LAI300-RT1_201704200000_GLOBE_PROBAV_V1.0.1_nc,Copernicus_LAI,0.0,Failed: 401 Client Error: Unauthorized for url: https://identity.dataspace.copernicus.eu/auth/realms/CDSE/protocol/openid-connect/token
2017-06-11T00:00:00.000000Z,c_gls_LAI300-RT2_201706200000_GLOBE_PROBAV_V1.0.1_nc,Copernicus_LAI,0.0,Failed: 401 Client Error: Unauthorized for url: https://identity.dataspace.copernicus.eu/auth/realms/CDSE/protocol/openid-connect/token
2017-03-11T00:00:00.000000Z,c_gls_LAI300-RT2_201703200000_GLOBE_PROBAV_V1.0.1_nc,Copernicus_LAI,0.0,Failed: 401 Client Error: Unauthorized for url: https://identity.dataspace.copernicus.eu/auth/realms/CDSE/protocol/openid-connect/token
2017-12-01T00:00:00.000000Z,c_gls_LAI300-RT0_201712100000_GLOBE_PROBAV_V1.0.1_nc,Copernicus_LAI,0.0,Failed: 401 Client Error: Unauthorized for url: https://identity.dataspace.copernicus.eu/auth/realms/CDSE/protocol/openid-connect/token
2017-04-01T00:00:00.000000Z,c_gls_LAI300_201704100000_GLOBE_PROBAV_V1.0.1_nc,Copernicus_LAI,0.0,Failed: 401 Client Error: Unauthorized for url: https://identity.dataspace.copernicus.eu/auth/realms/CDSE/protocol/openid-connect/token
2017-05-01T00:00:00.000000Z,c_gls_LAI300-RT2_201705100000_GLOBE_PROBAV_V1.0.1_nc,Copernicus_LAI,0.0,Failed: 401 Client Error: Unauthorized for url: https://identity.dataspace.copernicus.eu/auth/realms/CDSE/protocol/openid-connect/token
2017-05-21T00:00:00.000000Z,c_gls_LAI300-RT2_201705310000_GLOBE_PROBAV_V1.0.1_nc,Copernicus_LAI,0.0,Failed: 401 Client Error: Unauthorized for url: https://identity.dataspace.copernicus.eu/auth/realms/CDSE/protocol/openid-connect/token
2017-05-01T00:00:00.000000Z,c_gls_LAI300-RT1_201705100000_GLOBE_PROBAV_V1.0.1_nc,Copernicus_LAI,0.0,Failed: 401 Client Error: Unauthorized for url: https://identity.dataspace.copernicus.eu/auth/realms/CDSE/protocol/openid-connect/token
2017-05-21T00:00:00.000000Z,c_gls_LAI300_201705310000_GLOBE_PROBAV_V1.0.1_nc,Copernicus_LAI,0.0,Failed: 401 Client Error: Unauthorized for url: https://identity.dataspace.copernicus.eu/auth/realms/CDSE/protocol/openid-connect/token
2017-05-11T00:00:00.000000Z,c_gls_LAI300-RT1_201705200000_GLOBE_PROBAV_V1.0.1_nc,Copernicus_LAI,0.0,Failed: 401 Client Error: Unauthorized for url: https://identity.dataspace.copernicus.eu/auth/realms/CDSE/protocol/openid-connect/token
2017-05-21T00:00:00.000000Z,c_gls_LAI300-RT0_201705310000_GLOBE_PROBAV_V1.0.1_nc,Copernicus_LAI,0.0,Failed: 401 Client Error: Unauthorized for url: https://identity.dataspace.copernicus.eu/auth/realms/CDSE/protocol/openid-connect/token
2017-02-21T00:00:00.000000Z,c_gls_LAI300_201702280000_GLOBE_PROBAV_V1.0.1_nc,Copernicus_LAI,0.0,Failed: 401 Client Error: Unauthorized for url: https://identity.dataspace.copernicus.eu/auth/realms/CDSE/protocol/openid-connect/token
2017-11-21T00:00:00.000000Z,c_gls_LAI300-RT0_201711300000_GLOBE_PROBAV_V1.0.1_nc,Copernicus_LAI,0.0,Failed: 401 Client Error: Unauthorized for url: https://identity.dataspace.copernicus.eu/auth/realms/CDSE/protocol/openid-connect/token
2017-11-01T00:00:00.000000Z,c_gls_LAI300-RT0_201711100000_GLOBE_PROBAV_V1.0.1_nc,Copernicus_LAI,0.0,Failed: 401 Client Error: Unauthorized for url: https://identity.dataspace.copernicus.eu/auth/realms/CDSE/protocol/openid-connect/token
2017-02-11T00:00:00.000000Z,c_gls_LAI300-RT0_201702200000_GLOBE_PROBAV_V1.0.1_nc,Copernicus_LAI,0.0,Failed: 401 Client Error: Unauthorized for url: https://identity.dataspace.copernicus.eu/auth/realms/CDSE/protocol/openid-connect/token
2017-02-11T00:00:00.000000Z,c_gls_LAI300-RT1_201702200000_GLOBE_PROBAV_V1.0.1_nc,Copernicus_LAI,0.0,Failed: 401 Client Error: Unauthorized for url: https://identity.dataspace.copernicus.eu/auth/realms/CDSE/protocol/openid-connect/token
2017-02-01T00:00:00.000000Z,c_gls_LAI300-RT1_201702100000_GLOBE_PROBAV_V1.0.1_nc,Copernicus_LAI,0.0,Failed: 401 Client Error: Unauthorized for url: https://identity.dataspace.copernicus.eu/auth/realms/CDSE/protocol/openid-connect/token
2017-02-21T00:00:00.000000Z,c_gls_LAI300-RT0_201702280000_GLOBE_PROBAV_V1.0.1_nc,Copernicus_LAI,0.0,Failed: 401 Client Error: Unauthorized for url: https://identity.dataspace.copernicus.eu/auth/realms/CDSE/protocol/openid-connect/token
2017-11-21T00:00:00.000000Z,c_gls_LAI300-RT2_201711300000_GLOBE_PROBAV_V1.0.1_nc,Copernicus_LAI,0.0,Failed: 401 Client Error: Unauthorized for url: https://identity.dataspace.copernicus.eu/auth/realms/CDSE/protocol/openid-connect/token
2017-11-01T00:00:00.000000Z,c_gls_LAI300_201711100000_GLOBE_PROBAV_V1.0.1_nc,Copernicus_LAI,0.0,Failed: 401 Client Error: Unauthorized for url: https://identity.dataspace.copernicus.eu/auth/realms/CDSE/protocol/openid-connect/token
2017-11-11T00:00:00.000000Z,c_gls_LAI300-RT0_201711200000_GLOBE_PROBAV_V1.0.1_nc,Copernicus_LAI,0.0,Failed: 401 Client Error: Unauthorized for url: https://identity.dataspace.copernicus.eu/auth/realms/CDSE/protocol/openid-connect/token
2017-11-11T00:00:00.000000Z,c_gls_LAI300-RT1_201711200000_GLOBE_PROBAV_V1.0.1_nc,Copernicus_LAI,0.0,Failed: 401 Client Error: Unauthorized for url: https://identity.dataspace.copernicus.eu/auth/realms/CDSE/protocol/openid-connect/token
2017-11-21T00:00:00.000000Z,c_gls_LAI300-RT1_201711300000_GLOBE_PROBAV_V1.0.1_nc,Copernicus_LAI,0.0,Failed: 401 Client Error: Unauthorized for url: https://identity.dataspace.copernicus.eu/auth/realms/CDSE/protocol/openid-connect/token
2017-10-21T00:00:00.000000Z,c_gls_LAI300_201710310000_GLOBE_PROBAV_V1.0.1_nc,Copernicus_LAI,0.0,Failed: 401 Client Error: Unauthorized for url: https://identity.dataspace.copernicus.eu/auth/realms/CDSE/protocol/openid-connect/token
2017-10-01T00:00:00.000000Z,c_gls_LAI300-RT1_201710100000_GLOBE_PROBAV_V1.0.1_nc,Copernicus_LAI,0.0,Failed: 401 Client Error: Unauthorized for url: https://identity.dataspace.copernicus.eu/auth/realms/CDSE/protocol/openid-connect/token
2017-04-21T00:00:00.000000Z,c_gls_LAI300-RT0_201704300000_GLOBE_PROBAV_V1.0.1_nc,Copernicus_LAI,0.0,Failed: 401 Client Error: Unauthorized for url: https://identity.dataspace.copernicus.eu/auth/realms/CDSE/protocol/openid-connect/token
2017-04-11T00:00:00.000000Z,c_gls_LAI300-RT0_201704200000_GLOBE_PROBAV_V1.0.1_nc,Copernicus_LAI,0.0,Failed: 401 Client Error: Unauthorized for url: https://identity.dataspace.copernicus.eu/auth/realms/CDSE/protocol/openid-connect/token
2017-01-21T00:00:00.000000Z,c_gls_LAI300_201701310000_GLOBE_PROBAV_V1.0.1_nc,Copernicus_LAI,0.0,Failed: 401 Client Error: Unauthorized for url: https://identity.dataspace.copernicus.eu/auth/realms/CDSE/protocol/openid-connect/token
2017-09-01T00:00:00.000000Z,c_gls_LAI300_201709100000_GLOBE_PROBAV_V1.0.1_nc,Copernicus_LAI,0.0,Failed: 401 Client Error: Unauthorized for url: https://identity.dataspace.copernicus.eu/auth/realms/CDSE/protocol/openid-connect/token
2017-01-01T00:00:00.000000Z,c_gls_LAI300-RT2_201701100000_GLOBE_PROBAV_V1.0.1_nc,Copernicus_LAI,0.0,Failed: 401 Client Error: Unauthorized for url: https://identity.dataspace.copernicus.eu/auth/realms/CDSE/protocol/openid-connect/token
2017-03-21T00:00:00.000000Z,c_gls_LAI300-RT0_201703310000_GLOBE_PROBAV_V1.0.1_nc,Copernicus_LAI,0.0,Failed: 401 Client Error: Unauthorized for url: https://identity.dataspace.copernicus.eu/auth/realms/CDSE/protocol/openid-connect/token
2017-03-11T00:00:00.000000Z,c_gls_LAI300-RT0_201703200000_GLOBE_PROBAV_V1.0.1_nc,Copernicus_LAI,0.0,Failed: 401 Client Error: Unauthorized for url: https://identity.dataspace.copernicus.eu/auth/realms/CDSE/protocol/openid-connect/token
2017-03-21T00:00:00.000000Z,c_gls_LAI300-RT1_201703310000_GLOBE_PROBAV_V1.0.1_nc,Copernicus_LAI,0.0,Failed: 401 Client Error: Unauthorized for url: https://identity.dataspace.copernicus.eu/auth/realms/CDSE/protocol/openid-connect/token
2017-12-01T00:00:00.000000Z,c_gls_LAI300-RT2_201712100000_GLOBE_PROBAV_V1.0.1_nc,Copernicus_LAI,0.0,Failed: 401 Client Error: Unauthorized for url: https://identity.dataspace.copernicus.eu/auth/realms/CDSE/protocol/openid-connect/token
2017-10-21T00:00:00.000000Z,c_gls_LAI300-RT0_201710310000_GLOBE_PROBAV_V1.0.1_nc,Copernicus_LAI,0.0,Failed: 401 Client Error: Unauthorized for url: https://identity.dataspace.copernicus.eu/auth/realms/CDSE/protocol/openid-connect/token
2017-10-21T00:00:00.000000Z,c_gls_LAI300-RT2_201710310000_GLOBE_PROBAV_V1.0.1_nc,Copernicus_LAI,0.0,Failed: 401 Client Error: Unauthorized for url: https://identity.dataspace.copernicus.eu/auth/realms/CDSE/protocol/openid-connect/token
2017-10-01T00:00:00.000000Z,c_gls_LAI300-RT2_201710100000_GLOBE_PROBAV_V1.0.1_nc,Copernicus_LAI,0.0,Failed: 401 Client Error: Unauthorized for url: https://identity.dataspace.copernicus.eu/auth/realms/CDSE/protocol/openid-connect/token
2017-10-11T00:00:00.000000Z,c_gls_LAI300-RT1_201710200000_GLOBE_PROBAV_V1.0.1_nc,Copernicus_LAI,0.0,Failed: 403 Client Error: Forbidden for url: https://identity.dataspace.copernicus.eu/auth/realms/CDSE/protocol/openid-connect/token
2017-10-11T00:00:00.000000Z,c_gls_LAI300-RT0_201710200000_GLOBE_PROBAV_V1.0.1_nc,Copernicus_LAI,0.0,Failed: 401 Client Error: Unauthorized for url: https://identity.dataspace.copernicus.eu/auth/realms/CDSE/protocol/openid-connect/token
2017-10-21T00:00:00.000000Z,c_gls_LAI300-RT1_201710310000_GLOBE_PROBAV_V1.0.1_nc,Copernicus_LAI,0.0,Failed: 401 Client Error: Unauthorized for url: https://identity.dataspace.copernicus.eu/auth/realms/CDSE/protocol/openid-connect/token
2017-10-11T00:00:00.000000Z,c_gls_LAI300-RT2_201710200000_GLOBE_PROBAV_V1.0.1_nc,Copernicus_LAI,0.0,Failed: 401 Client Error: Unauthorized for url: https://identity.dataspace.copernicus.eu/auth/realms/CDSE/protocol/openid-connect/token
2017-10-01T00:00:00.000000Z,c_gls_LAI300_201710100000_GLOBE_PROBAV_V1.0.1_nc,Copernicus_LAI,0.0,Failed: 401 Client Error: Unauthorized for url: https://identity.dataspace.copernicus.eu/auth/realms/CDSE/protocol/openid-connect/token
2017-10-01T00:00:00.000000Z,c_gls_LAI300-RT0_201710100000_GLOBE_PROBAV_V1.0.1_nc,Copernicus_LAI,0.0,Failed: 401 Client Error: Unauthorized for url: https://identity.dataspace.copernicus.eu/auth/realms/CDSE/protocol/openid-connect/token
2017-10-11T00:00:00.000000Z,c_gls_LAI300_201710200000_GLOBE_PROBAV_V1.0.1_nc,Copernicus_LAI,0.0,Failed: 401 Client Error: Unauthorized for url: https://identity.dataspace.copernicus.eu/auth/realms/CDSE/protocol/openid-connect/token
2017-01-21T00:00:00.000000Z,c_gls_LAI300-RT0_201701310000_GLOBE_PROBAV_V1.0.1_nc,Copernicus_LAI,0.0,Failed: 401 Client Error: Unauthorized for url: https://identity.dataspace.copernicus.eu/auth/realms/CDSE/protocol/openid-connect/token
2017-03-11T00:00:00.000000Z,c_gls_LAI300_201703200000_GLOBE_PROBAV_V1.0.1_nc,Copernicus_LAI,0.0,Failed: 401 Client Error: Unauthorized for url: https://identity.dataspace.copernicus.eu/auth/realms/CDSE/protocol/openid-connect/token
2017-08-11T00:00:00.000000Z,c_gls_LAI300-RT1_201708200000_GLOBE_PROBAV_V1.0.1_nc,Copernicus_LAI,0.0,Failed: 401 Client Error: Unauthorized for url: https://identity.dataspace.copernicus.eu/auth/realms/CDSE/protocol/openid-connect/token
2017-07-11T00:00:00.000000Z,c_gls_LAI300_201707200000_GLOBE_PROBAV_V1.0.1_nc,Copernicus_LAI,0.0,Failed: 401 Client Error: Unauthorized for url: https://identity.dataspace.copernicus.eu/auth/realms/CDSE/protocol/openid-connect/token
2017-08-11T00:00:00.000000Z,c_gls_LAI300-RT2_201708200000_GLOBE_PROBAV_V1.0.1_nc,Copernicus_LAI,0.0,Failed: 401 Client Error: Unauthorized for url: https://identity.dataspace.copernicus.eu/auth/realms/CDSE/protocol/openid-connect/token
2017-09-21T00:00:00.000000Z,c_gls_LAI300-RT0_201709300000_GLOBE_PROBAV_V1.0.1_nc,Copernicus_LAI,0.0,Failed: 401 Client Error: Unauthorized for url: https://identity.dataspace.copernicus.eu/auth/realms/CDSE/protocol/openid-connect/token
2017-08-21T00:00:00.000000Z,c_gls_LAI300_201708310000_GLOBE_PROBAV_V1.0.1_nc,Copernicus_LAI,0.0,Failed: 401 Client Error: Unauthorized for url: https://identity.dataspace.copernicus.eu/auth/realms/CDSE/protocol/openid-connect/token
2017-03-21T00:00:00.000000Z,c_gls_LAI300_201703310000_GLOBE_PROBAV_V1.0.1_nc,Copernicus_LAI,0.0,Failed: 401 Client Error: Unauthorized for url: https://identity.dataspace.copernicus.eu/auth/realms/CDSE/protocol/openid-connect/token
2017-03-01T00:00:00.000000Z,c_gls_LAI300_201703100000_GLOBE_PROBAV_V1.0.1_nc,Copernicus_LAI,0.0,Failed: 401 Client Error: Unauthorized for url: https://identity.dataspace.copernicus.eu/auth/realms/CDSE/protocol/openid-connect/token
2017-07-11T00:00:00.000000Z,c_gls_LAI300-RT0_201707200000_GLOBE_PROBAV_V1.0.1_nc,Copernicus_LAI,0.0,Failed: 401 Client Error: Unauthorized for url: https://identity.dataspace.copernicus.eu/auth/realms/CDSE/protocol/openid-connect/token
2017-03-01T00:00:00.000000Z,c_gls_LAI300-RT1_201703100000_GLOBE_PROBAV_V1.0.1_nc,Copernicus_LAI,0.0,Failed: 401 Client Error: Unauthorized for url: https://identity.dataspace.copernicus.eu/auth/realms/CDSE/protocol/openid-connect/token
2017-07-11T00:00:00.000000Z,c_gls_LAI300-RT2_201707200000_GLOBE_PROBAV_V1.0.1_nc,Copernicus_LAI,0.0,Failed: 401 Client Error: Unauthorized for url: https://identity.dataspace.copernicus.eu/auth/realms/CDSE/protocol/openid-connect/token
2017-05-01T00:00:00.000000Z,c_gls_LAI300-RT0_201705100000_GLOBE_PROBAV_V1.0.1_nc,Copernicus_LAI,0.0,Failed: 401 Client Error: Unauthorized for url: https://identity.dataspace.copernicus.eu/auth/realms/CDSE/protocol/openid-connect/token
2017-08-01T00:00:00.000000Z,c_gls_LAI300_201708100000_GLOBE_PROBAV_V1.0.1_nc,Copernicus_LAI,0.0,Failed: 401 Client Error: Unauthorized for url: https://identity.dataspace.copernicus.eu/auth/realms/CDSE/protocol/openid-connect/token
2017-05-01T00:00:00.000000Z,c_gls_LAI300_201705100000_GLOBE_PROBAV_V1.0.1_nc,Copernicus_LAI,0.0,Failed: 401 Client Error: Unauthorized for url: https://identity.dataspace.copernicus.eu/auth/realms/CDSE/protocol/openid-connect/token
2017-04-11T00:00:00.000000Z,c_gls_LAI300_201704200000_GLOBE_PROBAV_V1.0.1_nc,Copernicus_LAI,0.0,Failed: 401 Client Error: Unauthorized for url: https://identity.dataspace.copernicus.eu/auth/realms/CDSE/protocol/openid-connect/token
2017-08-01T00:00:00.000000Z,c_gls_LAI300-RT1_201708100000_GLOBE_PROBAV_V1.0.1_nc,Copernicus_LAI,0.0,Failed: 401 Client Error: Unauthorized for url: https://identity.dataspace.copernicus.eu/auth/realms/CDSE/protocol/openid-connect/token
2017-01-21T00:00:00.000000Z,c_gls_LAI300-RT1_201701310000_GLOBE_PROBAV_V1.0.1_nc,Copernicus_LAI,0.0,Failed: 401 Client Error: Unauthorized for url: https://identity.dataspace.copernicus.eu/auth/realms/CDSE/protocol/openid-connect/token
2017-09-01T00:00:00.000000Z,c_gls_LAI300-RT0_201709100000_GLOBE_PROBAV_V1.0.1_nc,Copernicus_LAI,0.0,Failed: 401 Client Error: Unauthorized for url: https://identity.dataspace.copernicus.eu/auth/realms/CDSE/protocol/openid-connect/token
2017-01-01T00:00:00.000000Z,c_gls_LAI300-RT1_201701100000_GLOBE_PROBAV_V1.0.1_nc,Copernicus_LAI,0.0,Failed: 401 Client Error: Unauthorized for url: https://identity.dataspace.copernicus.eu/auth/realms/CDSE/protocol/openid-connect/token
2017-05-11T00:00:00.000000Z,c_gls_LAI300_201705200000_GLOBE_PROBAV_V1.0.1_nc,Copernicus_LAI,0.0,Failed: 401 Client Error: Unauthorized for url: https://identity.dataspace.copernicus.eu/auth/realms/CDSE/protocol/openid-connect/token
2017-04-21T00:00:00.000000Z,c_gls_LAI300-RT2_201704300000_GLOBE_PROBAV_V1.0.1_nc,Copernicus_LAI,0.0,Failed: 401 Client Error: Unauthorized for url: https://identity.dataspace.copernicus.eu/auth/realms/CDSE/protocol/openid-connect/token
2017-02-11T00:00:00.000000Z,c_gls_LAI300-RT2_201702200000_GLOBE_PROBAV_V1.0.1_nc,Copernicus_LAI,0.0,Failed: 401 Client Error: Unauthorized for url: https://identity.dataspace.copernicus.eu/auth/realms/CDSE/protocol/openid-connect/token
2017-12-21T00:00:00.000000Z,c_gls_LAI300-RT1_201712310000_GLOBE_PROBAV_V1.0.1_nc,Copernicus_LAI,0.0,Failed: 401 Client Error: Unauthorized for url: https://identity.dataspace.copernicus.eu/auth/realms/CDSE/protocol/openid-connect/token
2017-02-01T00:00:00.000000Z,c_gls_LAI300-RT2_201702100000_GLOBE_PROBAV_V1.0.1_nc,Copernicus_LAI,0.0,Failed: 401 Client Error: Unauthorized for url: https://identity.dataspace.copernicus.eu/auth/realms/CDSE/protocol/openid-connect/token
2017-09-21T00:00:00.000000Z,c_gls_LAI300-RT1_201709300000_GLOBE_PROBAV_V1.0.1_nc,Copernicus_LAI,0.0,Failed: 401 Client Error: Unauthorized for url: https://identity.dataspace.copernicus.eu/auth/realms/CDSE/protocol/openid-connect/token
2017-02-21T00:00:00.000000Z,c_gls_LAI300-RT2_201702280000_GLOBE_PROBAV_V1.0.1_nc,Copernicus_LAI,0.0,Failed: 401 Client Error: Unauthorized for url: https://identity.dataspace.copernicus.eu/auth/realms/CDSE/protocol/openid-connect/token
2017-09-11T00:00:00.000000Z,c_gls_LAI300_201709200000_GLOBE_PROBAV_V1.0.1_nc,Copernicus_LAI,0.0,Failed: 401 Client Error: Unauthorized for url: https://identity.dataspace.copernicus.eu/auth/realms/CDSE/protocol/openid-connect/token
2017-09-11T00:00:00.000000Z,c_gls_LAI300-RT0_201709200000_GLOBE_PROBAV_V1.0.1_nc,Copernicus_LAI,0.0,Failed: 401 Client Error: Unauthorized for url: https://identity.dataspace.copernicus.eu/auth/realms/CDSE/protocol/openid-connect/token
2017-09-21T00:00:00.000000Z,c_gls_LAI300_201709300000_GLOBE_PROBAV_V1.0.1_nc,Copernicus_LAI,0.0,Failed: 401 Client Error: Unauthorized for url: https://identity.dataspace.copernicus.eu/auth/realms/CDSE/protocol/openid-connect/token
2017-09-01T00:00:00.000000Z,c_gls_LAI300-RT1_201709100000_GLOBE_PROBAV_V1.0.1_nc,Copernicus_LAI,0.0,Failed: 401 Client Error: Unauthorized for url: https://identity.dataspace.copernicus.eu/auth/realms/CDSE/protocol/openid-connect/token
2017-09-01T00:00:00.000000Z,c_gls_LAI300-RT2_201709100000_GLOBE_PROBAV_V1.0.1_nc,Copernicus_LAI,0.0,Failed: 401 Client Error: Unauthorized for url: https://identity.dataspace.copernicus.eu/auth/realms/CDSE/protocol/openid-connect/token
2017-02-21T00:00:00.000000Z,c_gls_LAI300-RT1_201702280000_GLOBE_PROBAV_V1.0.1_nc,Copernicus_LAI,0.0,Failed: 401 Client Error: Unauthorized for url: https://identity.dataspace.copernicus.eu/auth/realms/CDSE/protocol/openid-connect/token
2017-01-11T00:00:00.000000Z,c_gls_LAI300-RT0_201701200000_GLOBE_PROBAV_V1.0.1_nc,Copernicus_LAI,0.0,Failed: 401 Client Error: Unauthorized for url: https://identity.dataspace.copernicus.eu/auth/realms/CDSE/protocol/openid-connect/token
2017-02-11T00:00:00.000000Z,c_gls_LAI300_201702200000_GLOBE_PROBAV_V1.0.1_nc,Copernicus_LAI,0.0,Failed: 401 Client Error: Unauthorized for url: https://identity.dataspace.copernicus.eu/auth/realms/CDSE/protocol/openid-connect/token
2017-01-01T00:00:00.000000Z,c_gls_LAI300-RT0_201701100000_GLOBE_PROBAV_V1.0.1_nc,Copernicus_LAI,0.0,Failed: 401 Client Error: Unauthorized for url: https://identity.dataspace.copernicus.eu/auth/realms/CDSE/protocol/openid-connect/token
2017-01-01T00:00:00.000000Z,c_gls_LAI300_201701100000_GLOBE_PROBAV_V1.0.1_nc,Copernicus_LAI,0.0,Failed: 401 Client Error: Unauthorized for url: https://identity.dataspace.copernicus.eu/auth/realms/CDSE/protocol/openid-connect/token
2017-02-01T00:00:00.000000Z,c_gls_LAI300_201702100000_GLOBE_PROBAV_V1.0.1_nc,Copernicus_LAI,0.0,Failed: 401 Client Error: Unauthorized for url: https://identity.dataspace.copernicus.eu/auth/realms/CDSE/protocol/openid-connect/token
2017-01-11T00:00:00.000000Z,c_gls_LAI300-RT1_201701200000_GLOBE_PROBAV_V1.0.1_nc,Copernicus_LAI,0.0,Failed: 401 Client Error: Unauthorized for url: https://identity.dataspace.copernicus.eu/auth/realms/CDSE/protocol/openid-connect/token
2017-09-11T00:00:00.000000Z,c_gls_LAI300-RT2_201709200000_GLOBE_PROBAV_V1.0.1_nc,Copernicus_LAI,0.0,Failed: 401 Client Error: Unauthorized for url: https://identity.dataspace.copernicus.eu/auth/realms/CDSE/protocol/openid-connect/token
2017-09-11T00:00:00.000000Z,c_gls_LAI300-RT1_201709200000_GLOBE_PROBAV_V1.0.1_nc,Copernicus_LAI,0.0,Failed: 401 Client Error: Unauthorized for url: https://identity.dataspace.copernicus.eu/auth/realms/CDSE/protocol/openid-connect/token
2017-08-21T00:00:00.000000Z,c_gls_LAI300-RT2_201708310000_GLOBE_PROBAV_V1.0.1_nc,Copernicus_LAI,0.0,Failed: 401 Client Error: Unauthorized for url: https://identity.dataspace.copernicus.eu/auth/realms/CDSE/protocol/openid-connect/token
2017-08-01T00:00:00.000000Z,c_gls_LAI300-RT0_201708100000_GLOBE_PROBAV_V1.0.1_nc,Copernicus_LAI,0.0,Failed: 401 Client Error: Unauthorized for url: https://identity.dataspace.copernicus.eu/auth/realms/CDSE/protocol/openid-connect/token
2017-08-11T00:00:00.000000Z,c_gls_LAI300-RT0_201708200000_GLOBE_PROBAV_V1.0.1_nc,Copernicus_LAI,0.0,Failed: 401 Client Error: Unauthorized for url: https://identity.dataspace.copernicus.eu/auth/realms/CDSE/protocol/openid-connect/token
2017-08-21T00:00:00.000000Z,c_gls_LAI300-RT1_201708310000_GLOBE_PROBAV_V1.0.1_nc,Copernicus_LAI,0.0,Failed: 401 Client Error: Unauthorized for url: https://identity.dataspace.copernicus.eu/auth/realms/CDSE/protocol/openid-connect/token
2017-08-01T00:00:00.000000Z,c_gls_LAI300-RT2_201708100000_GLOBE_PROBAV_V1.0.1_nc,Copernicus_LAI,0.0,Failed: 401 Client Error: Unauthorized for url: https://identity.dataspace.copernicus.eu/auth/realms/CDSE/protocol/openid-connect/token
2017-07-21T00:00:00.000000Z,c_gls_LAI300-RT2_201707310000_GLOBE_PROBAV_V1.0.1_nc,Copernicus_LAI,0.0,Failed: 401 Client Error: Unauthorized for url: https://identity.dataspace.copernicus.eu/auth/realms/CDSE/protocol/openid-connect/token
2017-01-21T00:00:00.000000Z,c_gls_LAI300-RT2_201701310000_GLOBE_PROBAV_V1.0.1_nc,Copernicus_LAI,0.0,Failed: 401 Client Error: Unauthorized for url: https://identity.dataspace.copernicus.eu/auth/realms/CDSE/protocol/openid-connect/token
2017-01-11T00:00:00.000000Z,c_gls_LAI300-RT2_201701200000_GLOBE_PROBAV_V1.0.1_nc,Copernicus_LAI,0.0,Failed: 401 Client Error: Unauthorized for url: https://identity.dataspace.copernicus.eu/auth/realms/CDSE/protocol/openid-connect/token
2017-01-11T00:00:00.000000Z,c_gls_LAI300_201701200000_GLOBE_PROBAV_V1.0.1_nc,Copernicus_LAI,0.0,Failed: 401 Client Error: Unauthorized for url: https://identity.dataspace.copernicus.eu/auth/realms/CDSE/protocol/openid-connect/token
2017-07-01T00:00:00.000000Z,c_gls_LAI300-RT1_201707100000_GLOBE_PROBAV_V1.0.1_nc,Copernicus_LAI,0.0,Failed: 401 Client Error: Unauthorized for url: https://identity.dataspace.copernicus.eu/auth/realms/CDSE/protocol/openid-connect/token
2017-07-21T00:00:00.000000Z,c_gls_LAI300-RT1_201707310000_GLOBE_PROBAV_V1.0.1_nc,Copernicus_LAI,0.0,Failed: 401 Client Error: Unauthorized for url: https://identity.dataspace.copernicus.eu/auth/realms/CDSE/protocol/openid-connect/token
2017-07-01T00:00:00.000000Z,c_gls_LAI300-RT2_201707100000_GLOBE_PROBAV_V1.0.1_nc,Copernicus_LAI,0.0,Failed: 401 Client Error: Unauthorized for url: https://identity.dataspace.copernicus.eu/auth/realms/CDSE/protocol/openid-connect/token
2017-07-21T00:00:00.000000Z,c_gls_LAI300_201707310000_GLOBE_PROBAV_V1.0.1_nc,Copernicus_LAI,0.0,Failed: 401 Client Error: Unauthorized for url: https://identity.dataspace.copernicus.eu/auth/realms/CDSE/protocol/openid-connect/token
2017-12-11T00:00:00.000000Z,c_gls_LAI300-RT2_201712200000_GLOBE_PROBAV_V1.0.1_nc,Copernicus_LAI,0.0,Failed: 401 Client Error: Unauthorized for url: https://identity.dataspace.copernicus.eu/auth/realms/CDSE/protocol/openid-connect/token
2017-12-01T00:00:00.000000Z,c_gls_LAI300_201712100000_GLOBE_PROBAV_V1.0.1_nc,Copernicus_LAI,0.0,Failed: 401 Client Error: Unauthorized for url: https://identity.dataspace.copernicus.eu/auth/realms/CDSE/protocol/openid-connect/token
2017-06-11T00:00:00.000000Z,c_gls_LAI300_201706200000_GLOBE_PROBAV_V1.0.1_nc,Copernicus_LAI,0.0,Failed: 401 Client Error: Unauthorized for url: https://identity.dataspace.copernicus.eu/auth/realms/CDSE/protocol/openid-connect/token
2017-11-01T00:00:00.000000Z,c_gls_LAI300-RT1_201711100000_GLOBE_PROBAV_V1.0.1_nc,Copernicus_LAI,0.0,Failed: 401 Client Error: Unauthorized for url: https://identity.dataspace.copernicus.eu/auth/realms/CDSE/protocol/openid-connect/token
2017-01-11T00:00:00.000000Z,c_gls_LAI300-RT6_201701200000_GLOBE_PROBAV_V2.0.1_nc,Copernicus_LAI,0.0,Failed: 401 Client Error: Unauthorized for url: https://identity.dataspace.copernicus.eu/auth/realms/CDSE/protocol/openid-connect/token
2017-02-21T00:00:00.000000Z,c_gls_LAI300-RT6_201702280000_GLOBE_PROBAV_V2.0.1_nc,Copernicus_LAI,0.0,Failed: 401 Client Error: Unauthorized for url: https://identity.dataspace.copernicus.eu/auth/realms/CDSE/protocol/openid-connect/token
2017-01-01T00:00:00.000000Z,c_gls_LAI300-RT6_201701100000_GLOBE_PROBAV_V2.0.1_nc,Copernicus_LAI,0.0,Failed: 401 Client Error: Unauthorized for url: https://identity.dataspace.copernicus.eu/auth/realms/CDSE/protocol/openid-connect/token
2017-01-21T00:00:00.000000Z,c_gls_LAI300-RT6_201701310000_GLOBE_PROBAV_V2.0.1_nc,Copernicus_LAI,0.0,Failed: 401 Client Error: Unauthorized for url: https://identity.dataspace.copernicus.eu/auth/realms/CDSE/protocol/openid-connect/token
2017-02-01T00:00:00.000000Z,c_gls_LAI300-RT6_201702100000_GLOBE_PROBAV_V2.0.1_nc,Copernicus_LAI,0.0,Failed: 401 Client Error: Unauthorized for url: https://identity.dataspace.copernicus.eu/auth/realms/CDSE/protocol/openid-connect/token
2017-03-11T00:00:00.000000Z,c_gls_LAI300-RT6_201703200000_GLOBE_PROBAV_V2.0.1_nc,Copernicus_LAI,0.0,Failed: 401 Client Error: Unauthorized for url: https://identity.dataspace.copernicus.eu/auth/realms/CDSE/protocol/openid-connect/token
2017-03-01T00:00:00.000000Z,c_gls_LAI300-RT6_201703100000_GLOBE_PROBAV_V2.0.1_nc,Copernicus_LAI,0.0,Failed: 401 Client Error: Unauthorized for url: https://identity.dataspace.copernicus.eu/auth/realms/CDSE/protocol/openid-connect/token
2017-03-21T00:00:00.000000Z,c_gls_LAI300-RT6_201703310000_GLOBE_PROBAV_V2.0.1_nc,Copernicus_LAI,0.0,Failed: 401 Client Error: Unauthorized for url: https://identity.dataspace.copernicus.eu/auth/realms/CDSE/protocol/openid-connect/token
2017-04-01T00:00:00.000000Z,c_gls_LAI300-RT6_201704100000_GLOBE_PROBAV_V2.0.1_nc,Copernicus_LAI,0.0,Failed: 401 Client Error: Unauthorized for url: https://identity.dataspace.copernicus.eu/auth/realms/CDSE/protocol/openid-connect/token
2017-02-11T00:00:00.000000Z,c_gls_LAI300-RT6_201702200000_GLOBE_PROBAV_V2.0.1_nc,Copernicus_LAI,0.0,Failed: 401 Client Error: Unauthorized for url: https://identity.dataspace.copernicus.eu/auth/realms/CDSE/protocol/openid-connect/token
2017-04-11T00:00:00.000000Z,c_gls_LAI300-RT6_201704200000_GLOBE_PROBAV_V2.0.1_nc,Copernicus_LAI,0.0,Failed: 401 Client Error: Unauthorized for url: https://identity.dataspace.copernicus.eu/auth/realms/CDSE/protocol/openid-connect/token
2017-04-21T00:00:00.000000Z,c_gls_LAI300-RT6_201704300000_GLOBE_PROBAV_V2.0.1_nc,Copernicus_LAI,0.0,Failed: 401 Client Error: Unauthorized for url: https://identity.dataspace.copernicus.eu/auth/realms/CDSE/protocol/openid-connect/token
2017-05-01T00:00:00.000000Z,c_gls_LAI300-RT6_201705100000_GLOBE_PROBAV_V2.0.1_nc,Copernicus_LAI,0.0,Failed: 401 Client Error: Unauthorized for url: https://identity.dataspace.copernicus.eu/auth/realms/CDSE/protocol/openid-connect/token
2017-07-11T00:00:00.000000Z,c_gls_LAI300-RT6_201707200000_GLOBE_PROBAV_V2.0.1_nc,Copernicus_LAI,0.0,Failed: 401 Client Error: Unauthorized for url: https://identity.dataspace.copernicus.eu/auth/realms/CDSE/protocol/openid-connect/token
2017-07-21T00:00:00.000000Z,c_gls_LAI300-RT6_201707310000_GLOBE_PROBAV_V2.0.1_nc,Copernicus_LAI,0.0,Failed: 401 Client Error: Unauthorized for url: https://identity.dataspace.copernicus.eu/auth/realms/CDSE/protocol/openid-connect/token
2017-07-01T00:00:00.000000Z,c_gls_LAI300-RT6_201707100000_GLOBE_PROBAV_V2.0.1_nc,Copernicus_LAI,0.0,Failed: 401 Client Error: Unauthorized for url: https://identity.dataspace.copernicus.eu/auth/realms/CDSE/protocol/openid-connect/token
2017-06-01T00:00:00.000000Z,c_gls_LAI300-RT6_201706100000_GLOBE_PROBAV_V2.0.1_nc,Copernicus_LAI,0.0,Failed: 401 Client Error: Unauthorized for url: https://identity.dataspace.copernicus.eu/auth/realms/CDSE/protocol/openid-connect/token
2017-05-11T00:00:00.000000Z,c_gls_LAI300-RT6_201705200000_GLOBE_PROBAV_V2.0.1_nc,Copernicus_LAI,0.0,Failed: 401 Client Error: Unauthorized for url: https://identity.dataspace.copernicus.eu/auth/realms/CDSE/protocol/openid-connect/token
2017-06-11T00:00:00.000000Z,c_gls_LAI300-RT6_201706200000_GLOBE_PROBAV_V2.0.1_nc,Copernicus_LAI,0.0,Failed: 401 Client Error: Unauthorized for url: https://identity.dataspace.copernicus.eu/auth/realms/CDSE/protocol/openid-connect/token
2017-06-21T00:00:00.000000Z,c_gls_LAI300-RT6_201706300000_GLOBE_PROBAV_V2.0.1_nc,Copernicus_LAI,0.0,Failed: 401 Client Error: Unauthorized for url: https://identity.dataspace.copernicus.eu/auth/realms/CDSE/protocol/openid-connect/token
2017-05-21T00:00:00.000000Z,c_gls_LAI300-RT6_201705310000_GLOBE_PROBAV_V2.0.1_nc,Copernicus_LAI,0.0,Failed: 401 Client Error: Unauthorized for url: https://identity.dataspace.copernicus.eu/auth/realms/CDSE/protocol/openid-connect/token
2017-12-01T00:00:00.000000Z,c_gls_LAI300-RT6_201712100000_GLOBE_PROBAV_V2.0.1_nc,Copernicus_LAI,0.0,Failed: 401 Client Error: Unauthorized for url: https://identity.dataspace.copernicus.eu/auth/realms/CDSE/protocol/openid-connect/token
2017-11-11T00:00:00.000000Z,c_gls_LAI300-RT6_201711200000_GLOBE_PROBAV_V2.0.1_nc,Copernicus_LAI,0.0,Failed: 401 Client Error: Unauthorized for url: https://identity.dataspace.copernicus.eu/auth/realms/CDSE/protocol/openid-connect/token
2017-11-21T00:00:00.000000Z,c_gls_LAI300-RT6_201711300000_GLOBE_PROBAV_V2.0.1_nc,Copernicus_LAI,0.0,Failed: 401 Client Error: Unauthorized for url: https://identity.dataspace.copernicus.eu/auth/realms/CDSE/protocol/openid-connect/token
2017-11-01T00:00:00.000000Z,c_gls_LAI300-RT6_201711100000_GLOBE_PROBAV_V2.0.1_nc,Copernicus_LAI,0.0,Failed: 401 Client Error: Unauthorized for url: https://identity.dataspace.copernicus.eu/auth/realms/CDSE/protocol/openid-connect/token
2017-12-21T00:00:00.000000Z,c_gls_LAI300-RT6_201712310000_GLOBE_PROBAV_V2.0.1_nc,Copernicus_LAI,0.0,Failed: 401 Client Error: Unauthorized for url: https://identity.dataspace.copernicus.eu/auth/realms/CDSE/protocol/openid-connect/token
2017-12-11T00:00:00.000000Z,c_gls_LAI300-RT6_201712200000_GLOBE_PROBAV_V2.0.1_nc,Copernicus_LAI,0.0,Failed: 401 Client Error: Unauthorized for url: https://identity.dataspace.copernicus.eu/auth/realms/CDSE/protocol/openid-connect/token
2017-10-21T00:00:00.000000Z,c_gls_LAI300-RT6_201710310000_GLOBE_PROBAV_V2.0.1_nc,Copernicus_LAI,0.0,Failed: 401 Client Error: Unauthorized for url: https://identity.dataspace.copernicus.eu/auth/realms/CDSE/protocol/openid-connect/token
2017-10-01T00:00:00.000000Z,c_gls_LAI300-RT6_201710100000_GLOBE_PROBAV_V2.0.1_nc,Copernicus_LAI,0.0,Failed: 401 Client Error: Unauthorized for url: https://identity.dataspace.copernicus.eu/auth/realms/CDSE/protocol/openid-connect/token
2017-10-11T00:00:00.000000Z,c_gls_LAI300-RT6_201710200000_GLOBE_PROBAV_V2.0.1_nc,Copernicus_LAI,0.0,Failed: 401 Client Error: Unauthorized for url: https://identity.dataspace.copernicus.eu/auth/realms/CDSE/protocol/openid-connect/token
2017-09-21T00:00:00.000000Z,c_gls_LAI300-RT6_201709300000_GLOBE_PROBAV_V2.0.1_nc,Copernicus_LAI,0.0,Failed: 401 Client Error: Unauthorized for url: https://identity.dataspace.copernicus.eu/auth/realms/CDSE/protocol/openid-connect/token
2017-09-01T00:00:00.000000Z,c_gls_LAI300-RT6_201709100000_GLOBE_PROBAV_V2.0.1_nc,Copernicus_LAI,0.0,Failed: 401 Client Error: Unauthorized for url: https://identity.dataspace.copernicus.eu/auth/realms/CDSE/protocol/openid-connect/token
2017-09-11T00:00:00.000000Z,c_gls_LAI300-RT6_201709200000_GLOBE_PROBAV_V2.0.1_nc,Copernicus_LAI,0.0,Failed: 401 Client Error: Unauthorized for url: https://identity.dataspace.copernicus.eu/auth/realms/CDSE/protocol/openid-connect/token
2017-08-11T00:00:00.000000Z,c_gls_LAI300-RT6_201708200000_GLOBE_PROBAV_V2.0.1_nc,Copernicus_LAI,0.0,Failed: 401 Client Error: Unauthorized for url: https://identity.dataspace.copernicus.eu/auth/realms/CDSE/protocol/openid-connect/token
2017-08-01T00:00:00.000000Z,c_gls_LAI300-RT6_201708100000_GLOBE_PROBAV_V2.0.1_nc,Copernicus_LAI,0.0,Failed: 401 Client Error: Unauthorized for url: https://identity.dataspace.copernicus.eu/auth/realms/CDSE/protocol/openid-connect/token
2017-08-21T00:00:00.000000Z,c_gls_LAI300-RT6_201708310000_GLOBE_PROBAV_V2.0.1_nc,Copernicus_LAI,0.0,Failed: 401 Client Error: Unauthorized for url: https://identity.dataspace.copernicus.eu/auth/realms/CDSE/protocol/openid-connect/token
2017-11-01T00:00:00.000000Z,c_gls_LAI300-RT2_201711100000_GLOBE_PROBAV_V1.0.1_nc,Copernicus_LAI,0.0,Failed: 401 Client Error: Unauthorized for url: https://identity.dataspace.copernicus.eu/auth/realms/CDSE/protocol/openid-connect/token
2017-11-11T00:00:00.000000Z,c_gls_LAI300_201711200000_GLOBE_PROBAV_V1.0.1_nc,Copernicus_LAI,0.0,Failed: 401 Client Error: Unauthorized for url: https://identity.dataspace.copernicus.eu/auth/realms/CDSE/protocol/openid-connect/token
2017-11-11T00:00:00.000000Z,c_gls_LAI300-RT2_201711200000_GLOBE_PROBAV_V1.0.1_nc,Copernicus_LAI,0.0,Failed: 401 Client Error: Unauthorized for url: https://identity.dataspace.copernicus.eu/auth/realms/CDSE/protocol/openid-connect/token
2017-11-21T00:00:00.000000Z,c_gls_LAI300_201711300000_GLOBE_PROBAV_V1.0.1_nc,Copernicus_LAI,0.0,Failed: 401 Client Error: Unauthorized for url: https://identity.dataspace.copernicus.eu/auth/realms/CDSE/protocol/openid-connect/token
2017-09-21T00:00:00.000000Z,c_gls_LAI300-RT2_201709300000_GLOBE_PROBAV_V1.0.1_nc,Copernicus_LAI,0.0,Failed: 401 Client Error: Unauthorized for url: https://identity.dataspace.copernicus.eu/auth/realms/CDSE/protocol/openid-connect/token
2017-08-21T00:00:00.000000Z,c_gls_LAI300-RT0_201708310000_GLOBE_PROBAV_V1.0.1_nc,Copernicus_LAI,0.0,Failed: 401 Client Error: Unauthorized for url: https://identity.dataspace.copernicus.eu/auth/realms/CDSE/protocol/openid-connect/token
2017-08-11T00:00:00.000000Z,c_gls_LAI300_201708200000_GLOBE_PROBAV_V1.0.1_nc,Copernicus_LAI,0.0,Failed: 401 Client Error: Unauthorized for url: https://identity.dataspace.copernicus.eu/auth/realms/CDSE/protocol/openid-connect/token
2017-07-21T00:00:00.000000Z,c_gls_LAI300-RT0_201707310000_GLOBE_PROBAV_V1.0.1_nc,Copernicus_LAI,0.0,Failed: 401 Client Error: Unauthorized for url: https://identity.dataspace.copernicus.eu/auth/realms/CDSE/protocol/openid-connect/token
2017-07-11T00:00:00.000000Z,c_gls_LAI300-RT1_201707200000_GLOBE_PROBAV_V1.0.1_nc,Copernicus_LAI,0.0,Failed: 401 Client Error: Unauthorized for url: https://identity.dataspace.copernicus.eu/auth/realms/CDSE/protocol/openid-connect/token
2017-07-01T00:00:00.000000Z,c_gls_LAI300-RT0_201707100000_GLOBE_PROBAV_V1.0.1_nc,Copernicus_LAI,0.0,Failed: 401 Client Error: Unauthorized for url: https://identity.dataspace.copernicus.eu/auth/realms/CDSE/protocol/openid-connect/token
2017-07-01T00:00:00.000000Z,c_gls_LAI300_201707100000_GLOBE_PROBAV_V1.0.1_nc,Copernicus_LAI,0.0,Failed: 401 Client Error: Unauthorized for url: https://identity.dataspace.copernicus.eu/auth/realms/CDSE/protocol/openid-connect/token
2017-06-01T00:00:00.000000Z,c_gls_LAI300-RT1_201706100000_GLOBE_PROBAV_V1.0.1_nc,Copernicus_LAI,0.0,Failed: 401 Client Error: Unauthorized for url: https://identity.dataspace.copernicus.eu/auth/realms/CDSE/protocol/openid-connect/token
2017-06-11T00:00:00.000000Z,c_gls_LAI300-RT0_201706200000_GLOBE_PROBAV_V1.0.1_nc,Copernicus_LAI,0.0,Failed: 401 Client Error: Unauthorized for url: https://identity.dataspace.copernicus.eu/auth/realms/CDSE/protocol/openid-connect/token
2017-06-01T00:00:00.000000Z,c_gls_LAI300-RT2_201706100000_GLOBE_PROBAV_V1.0.1_nc,Copernicus_LAI,0.0,Failed: 401 Client Error: Unauthorized for url: https://identity.dataspace.copernicus.eu/auth/realms/CDSE/protocol/openid-connect/token
2017-06-11T00:00:00.000000Z,c_gls_LAI300-RT1_201706200000_GLOBE_PROBAV_V1.0.1_nc,Copernicus_LAI,0.0,Failed: 401 Client Error: Unauthorized for url: https://identity.dataspace.copernicus.eu/auth/realms/CDSE/protocol/openid-connect/token
2017-06-01T00:00:00.000000Z,c_gls_LAI300-RT0_201706100000_GLOBE_PROBAV_V1.0.1_nc,Copernicus_LAI,0.0,Failed: 401 Client Error: Unauthorized for url: https://identity.dataspace.copernicus.eu/auth/realms/CDSE/protocol/openid-connect/token
2017-05-11T00:00:00.000000Z,c_gls_LAI300-RT0_201705200000_GLOBE_PROBAV_V1.0.1_nc,Copernicus_LAI,0.0,Failed: 401 Client Error: Unauthorized for url: https://identity.dataspace.copernicus.eu/auth/realms/CDSE/protocol/openid-connect/token
2017-05-11T00:00:00.000000Z,c_gls_LAI300-RT2_201705200000_GLOBE_PROBAV_V1.0.1_nc,Copernicus_LAI,0.0,Failed: 401 Client Error: Unauthorized for url: https://identity.dataspace.copernicus.eu/auth/realms/CDSE/protocol/openid-connect/token
2017-05-21T00:00:00.000000Z,c_gls_LAI300-RT1_201705310000_GLOBE_PROBAV_V1.0.1_nc,Copernicus_LAI,0.0,Failed: 401 Client Error: Unauthorized for url: https://identity.dataspace.copernicus.eu/auth/realms/CDSE/protocol/openid-connect/token
2018-03-21T00:00:00.000000Z,c_gls_LAI300-RT1_201803310000_GLOBE_PROBAV_V1.0.1_nc,Copernicus_LAI,0.0,Failed: 401 Client Error: Unauthorized for url: https://identity.dataspace.copernicus.eu/auth/realms/CDSE/protocol/openid-connect/token
2018-02-21T00:00:00.000000Z,c_gls_LAI300-RT0_201802280000_GLOBE_PROBAV_V1.0.1_nc,Copernicus_LAI,0.0,Failed: 401 Client Error: Unauthorized for url: https://identity.dataspace.copernicus.eu/auth/realms/CDSE/protocol/openid-connect/token
2018-04-21T00:00:00.000000Z,c_gls_LAI300-RT1_201804300000_GLOBE_PROBAV_V1.0.1_nc,Copernicus_LAI,0.0,Failed: 401 Client Error: Unauthorized for url: https://identity.dataspace.copernicus.eu/auth/realms/CDSE/protocol/openid-connect/token
2018-02-01T00:00:00.000000Z,c_gls_LAI300-RT0_201802100000_GLOBE_PROBAV_V1.0.1_nc,Copernicus_LAI,0.0,Failed: 401 Client Error: Unauthorized for url: https://identity.dataspace.copernicus.eu/auth/realms/CDSE/protocol/openid-connect/token
2018-03-11T00:00:00.000000Z,c_gls_LAI300-RT1_201803200000_GLOBE_PROBAV_V1.0.1_nc,Copernicus_LAI,0.0,Failed: 401 Client Error: Unauthorized for url: https://identity.dataspace.copernicus.eu/auth/realms/CDSE/protocol/openid-connect/token
2018-11-21T00:00:00.000000Z,c_gls_LAI300-RT0_201811300000_GLOBE_PROBAV_V1.0.1_nc,Copernicus_LAI,0.0,Failed: 401 Client Error: Unauthorized for url: https://identity.dataspace.copernicus.eu/auth/realms/CDSE/protocol/openid-connect/token
2018-11-11T00:00:00.000000Z,c_gls_LAI300_201811200000_GLOBE_PROBAV_V1.0.1_nc,Copernicus_LAI,0.0,Failed: 401 Client Error: Unauthorized for url: https://identity.dataspace.copernicus.eu/auth/realms/CDSE/protocol/openid-connect/token
2018-11-11T00:00:00.000000Z,c_gls_LAI300-RT1_201811200000_GLOBE_PROBAV_V1.0.1_nc,Copernicus_LAI,0.0,Failed: 401 Client Error: Unauthorized for url: https://identity.dataspace.copernicus.eu/auth/realms/CDSE/protocol/openid-connect/token
2018-11-21T00:00:00.000000Z,c_gls_LAI300_201811300000_GLOBE_PROBAV_V1.0.1_nc,Copernicus_LAI,0.0,Failed: 401 Client Error: Unauthorized for url: https://identity.dataspace.copernicus.eu/auth/realms/CDSE/protocol/openid-connect/token
2018-11-11T00:00:00.000000Z,c_gls_LAI300-RT2_201811200000_GLOBE_PROBAV_V1.0.1_nc,Copernicus_LAI,0.0,Failed: 401 Client Error: Unauthorized for url: https://identity.dataspace.copernicus.eu/auth/realms/CDSE/protocol/openid-connect/token
2018-11-01T00:00:00.000000Z,c_gls_LAI300_201811100000_GLOBE_PROBAV_V1.0.1_nc,Copernicus_LAI,0.0,Failed: 401 Client Error: Unauthorized for url: https://identity.dataspace.copernicus.eu/auth/realms/CDSE/protocol/openid-connect/token
2018-09-21T00:00:00.000000Z,c_gls_LAI300-RT2_201809300000_GLOBE_PROBAV_V1.0.1_nc,Copernicus_LAI,0.0,Failed: 401 Client Error: Unauthorized for url: https://identity.dataspace.copernicus.eu/auth/realms/CDSE/protocol/openid-connect/token
2018-09-01T00:00:00.000000Z,c_gls_LAI300_201809100000_GLOBE_PROBAV_V1.0.1_nc,Copernicus_LAI,0.0,Failed: 401 Client Error: Unauthorized for url: https://identity.dataspace.copernicus.eu/auth/realms/CDSE/protocol/openid-connect/token
2018-09-21T00:00:00.000000Z,c_gls_LAI300-RT1_201809300000_GLOBE_PROBAV_V1.0.1_nc,Copernicus_LAI,0.0,Failed: 401 Client Error: Unauthorized for url: https://identity.dataspace.copernicus.eu/auth/realms/CDSE/protocol/openid-connect/token
2018-09-01T00:00:00.000000Z,c_gls_LAI300-RT0_201809100000_GLOBE_PROBAV_V1.0.1_nc,Copernicus_LAI,0.0,Failed: 401 Client Error: Unauthorized for url: https://identity.dataspace.copernicus.eu/auth/realms/CDSE/protocol/openid-connect/token
2018-09-01T00:00:00.000000Z,c_gls_LAI300-RT2_201809100000_GLOBE_PROBAV_V1.0.1_nc,Copernicus_LAI,0.0,Failed: 401 Client Error: Unauthorized for url: https://identity.dataspace.copernicus.eu/auth/realms/CDSE/protocol/openid-connect/token
2018-09-11T00:00:00.000000Z,c_gls_LAI300-RT0_201809200000_GLOBE_PROBAV_V1.0.1_nc,Copernicus_LAI,0.0,Failed: 401 Client Error: Unauthorized for url: https://identity.dataspace.copernicus.eu/auth/realms/CDSE/protocol/openid-connect/token
2018-09-01T00:00:00.000000Z,c_gls_LAI300-RT1_201809100000_GLOBE_PROBAV_V1.0.1_nc,Copernicus_LAI,0.0,Failed: 401 Client Error: Unauthorized for url: https://identity.dataspace.copernicus.eu/auth/realms/CDSE/protocol/openid-connect/token
2018-09-21T00:00:00.000000Z,c_gls_LAI300_201809300000_GLOBE_PROBAV_V1.0.1_nc,Copernicus_LAI,0.0,Failed: 401 Client Error: Unauthorized for url: https://identity.dataspace.copernicus.eu/auth/realms/CDSE/protocol/openid-connect/token
2018-09-11T00:00:00.000000Z,c_gls_LAI300_201809200000_GLOBE_PROBAV_V1.0.1_nc,Copernicus_LAI,0.0,Failed: 401 Client Error: Unauthorized for url: https://identity.dataspace.copernicus.eu/auth/realms/CDSE/protocol/openid-connect/token
2018-09-11T00:00:00.000000Z,c_gls_LAI300-RT1_201809200000_GLOBE_PROBAV_V1.0.1_nc,Copernicus_LAI,0.0,Failed: 401 Client Error: Unauthorized for url: https://identity.dataspace.copernicus.eu/auth/realms/CDSE/protocol/openid-connect/token
2018-09-11T00:00:00.000000Z,c_gls_LAI300-RT2_201809200000_GLOBE_PROBAV_V1.0.1_nc,Copernicus_LAI,0.0,Failed: 401 Client Error: Unauthorized for url: https://identity.dataspace.copernicus.eu/auth/realms/CDSE/protocol/openid-connect/token
2018-10-11T00:00:00.000000Z,c_gls_LAI300_201810200000_GLOBE_PROBAV_V1.0.1_nc,Copernicus_LAI,0.0,Failed: 401 Client Error: Unauthorized for url: https://identity.dataspace.copernicus.eu/auth/realms/CDSE/protocol/openid-connect/token
2018-10-01T00:00:00.000000Z,c_gls_LAI300-RT0_201810100000_GLOBE_PROBAV_V1.0.1_nc,Copernicus_LAI,0.0,Failed: 401 Client Error: Unauthorized for url: https://identity.dataspace.copernicus.eu/auth/realms/CDSE/protocol/openid-connect/token
2018-05-11T00:00:00.000000Z,c_gls_LAI300-RT0_201805200000_GLOBE_PROBAV_V1.0.1_nc,Copernicus_LAI,0.0,Failed: 401 Client Error: Unauthorized for url: https://identity.dataspace.copernicus.eu/auth/realms/CDSE/protocol/openid-connect/token
2018-05-21T00:00:00.000000Z,c_gls_LAI300-RT0_201805310000_GLOBE_PROBAV_V1.0.1_nc,Copernicus_LAI,0.0,Failed: 401 Client Error: Unauthorized for url: https://identity.dataspace.copernicus.eu/auth/realms/CDSE/protocol/openid-connect/token
2018-05-01T00:00:00.000000Z,c_gls_LAI300-RT2_201805100000_GLOBE_PROBAV_V1.0.1_nc,Copernicus_LAI,0.0,Failed: 401 Client Error: Unauthorized for url: https://identity.dataspace.copernicus.eu/auth/realms/CDSE/protocol/openid-connect/token
2018-05-11T00:00:00.000000Z,c_gls_LAI300-RT1_201805200000_GLOBE_PROBAV_V1.0.1_nc,Copernicus_LAI,0.0,Failed: 401 Client Error: Unauthorized for url: https://identity.dataspace.copernicus.eu/auth/realms/CDSE/protocol/openid-connect/token
2018-05-11T00:00:00.000000Z,c_gls_LAI300-RT2_201805200000_GLOBE_PROBAV_V1.0.1_nc,Copernicus_LAI,0.0,Failed: 401 Client Error: Unauthorized for url: https://identity.dataspace.copernicus.eu/auth/realms/CDSE/protocol/openid-connect/token
2018-05-11T00:00:00.000000Z,c_gls_LAI300_201805200000_GLOBE_PROBAV_V1.0.1_nc,Copernicus_LAI,0.0,Failed: 401 Client Error: Unauthorized for url: https://identity.dataspace.copernicus.eu/auth/realms/CDSE/protocol/openid-connect/token
2018-05-21T00:00:00.000000Z,c_gls_LAI300-RT1_201805310000_GLOBE_PROBAV_V1.0.1_nc,Copernicus_LAI,0.0,Failed: 401 Client Error: Unauthorized for url: https://identity.dataspace.copernicus.eu/auth/realms/CDSE/protocol/openid-connect/token
2018-05-21T00:00:00.000000Z,c_gls_LAI300_201805310000_GLOBE_PROBAV_V1.0.1_nc,Copernicus_LAI,0.0,Failed: 401 Client Error: Unauthorized for url: https://identity.dataspace.copernicus.eu/auth/realms/CDSE/protocol/openid-connect/token
2018-04-01T00:00:00.000000Z,c_gls_LAI300-RT2_201804100000_GLOBE_PROBAV_V1.0.1_nc,Copernicus_LAI,0.0,Failed: 401 Client Error: Unauthorized for url: https://identity.dataspace.copernicus.eu/auth/realms/CDSE/protocol/openid-connect/token
2018-04-21T00:00:00.000000Z,c_gls_LAI300-RT0_201804300000_GLOBE_PROBAV_V1.0.1_nc,Copernicus_LAI,0.0,Failed: 401 Client Error: Unauthorized for url: https://identity.dataspace.copernicus.eu/auth/realms/CDSE/protocol/openid-connect/token
2018-04-11T00:00:00.000000Z,c_gls_LAI300-RT0_201804200000_GLOBE_PROBAV_V1.0.1_nc,Copernicus_LAI,0.0,Failed: 401 Client Error: Unauthorized for url: https://identity.dataspace.copernicus.eu/auth/realms/CDSE/protocol/openid-connect/token
2018-03-01T00:00:00.000000Z,c_gls_LAI300-RT0_201803100000_GLOBE_PROBAV_V1.0.1_nc,Copernicus_LAI,0.0,Failed: 401 Client Error: Unauthorized for url: https://identity.dataspace.copernicus.eu/auth/realms/CDSE/protocol/openid-connect/token
2018-03-01T00:00:00.000000Z,c_gls_LAI300_201803100000_GLOBE_PROBAV_V1.0.1_nc,Copernicus_LAI,0.0,Failed: 401 Client Error: Unauthorized for url: https://identity.dataspace.copernicus.eu/auth/realms/CDSE/protocol/openid-connect/token
2018-03-01T00:00:00.000000Z,c_gls_LAI300-RT1_201803100000_GLOBE_PROBAV_V1.0.1_nc,Copernicus_LAI,0.0,Failed: 403 Client Error: Forbidden for url: https://identity.dataspace.copernicus.eu/auth/realms/CDSE/protocol/openid-connect/token
2018-03-21T00:00:00.000000Z,c_gls_LAI300-RT2_201803310000_GLOBE_PROBAV_V1.0.1_nc,Copernicus_LAI,0.0,Failed: 401 Client Error: Unauthorized for url: https://identity.dataspace.copernicus.eu/auth/realms/CDSE/protocol/openid-connect/token
2018-07-21T00:00:00.000000Z,c_gls_LAI300-RT0_201807310000_GLOBE_PROBAV_V1.0.1_nc,Copernicus_LAI,0.0,Failed: 401 Client Error: Unauthorized for url: https://identity.dataspace.copernicus.eu/auth/realms/CDSE/protocol/openid-connect/token
2018-07-01T00:00:00.000000Z,c_gls_LAI300-RT2_201807100000_GLOBE_PROBAV_V1.0.1_nc,Copernicus_LAI,0.0,Failed: 401 Client Error: Unauthorized for url: https://identity.dataspace.copernicus.eu/auth/realms/CDSE/protocol/openid-connect/token
2018-07-21T00:00:00.000000Z,c_gls_LAI300_201807310000_GLOBE_PROBAV_V1.0.1_nc,Copernicus_LAI,0.0,Failed: 401 Client Error: Unauthorized for url: https://identity.dataspace.copernicus.eu/auth/realms/CDSE/protocol/openid-connect/token
2018-07-01T00:00:00.000000Z,c_gls_LAI300_201807100000_GLOBE_PROBAV_V1.0.1_nc,Copernicus_LAI,0.0,Failed: 401 Client Error: Unauthorized for url: https://identity.dataspace.copernicus.eu/auth/realms/CDSE/protocol/openid-connect/token
2018-07-11T00:00:00.000000Z,c_gls_LAI300_201807200000_GLOBE_PROBAV_V1.0.1_nc,Copernicus_LAI,0.0,Failed: 401 Client Error: Unauthorized for url: https://identity.dataspace.copernicus.eu/auth/realms/CDSE/protocol/openid-connect/token
2018-07-11T00:00:00.000000Z,c_gls_LAI300-RT0_201807200000_GLOBE_PROBAV_V1.0.1_nc,Copernicus_LAI,0.0,Failed: 401 Client Error: Unauthorized for url: https://identity.dataspace.copernicus.eu/auth/realms/CDSE/protocol/openid-connect/token
2018-02-11T00:00:00.000000Z,c_gls_LAI300-RT0_201802200000_GLOBE_PROBAV_V1.0.1_nc,Copernicus_LAI,0.0,Failed: 401 Client Error: Unauthorized for url: https://identity.dataspace.copernicus.eu/auth/realms/CDSE/protocol/openid-connect/token
2018-02-01T00:00:00.000000Z,c_gls_LAI300-RT2_201802100000_GLOBE_PROBAV_V1.0.1_nc,Copernicus_LAI,0.0,Failed: 401 Client Error: Unauthorized for url: https://identity.dataspace.copernicus.eu/auth/realms/CDSE/protocol/openid-connect/token
2018-02-11T00:00:00.000000Z,c_gls_LAI300_201802200000_GLOBE_PROBAV_V1.0.1_nc,Copernicus_LAI,0.0,Failed: 401 Client Error: Unauthorized for url: https://identity.dataspace.copernicus.eu/auth/realms/CDSE/protocol/openid-connect/token
2018-01-01T00:00:00.000000Z,c_gls_LAI300-RT2_201801100000_GLOBE_PROBAV_V1.0.1_nc,Copernicus_LAI,0.0,Failed: 401 Client Error: Unauthorized for url: https://identity.dataspace.copernicus.eu/auth/realms/CDSE/protocol/openid-connect/token
2018-01-01T00:00:00.000000Z,c_gls_LAI300-RT1_201801100000_GLOBE_PROBAV_V1.0.1_nc,Copernicus_LAI,0.0,Failed: 401 Client Error: Unauthorized for url: https://identity.dataspace.copernicus.eu/auth/realms/CDSE/protocol/openid-connect/token
2018-01-11T00:00:00.000000Z,c_gls_LAI300-RT0_201801200000_GLOBE_PROBAV_V1.0.1_nc,Copernicus_LAI,0.0,Failed: 401 Client Error: Unauthorized for url: https://identity.dataspace.copernicus.eu/auth/realms/CDSE/protocol/openid-connect/token
2018-01-11T00:00:00.000000Z,c_gls_LAI300-RT2_201801200000_GLOBE_PROBAV_V1.0.1_nc,Copernicus_LAI,0.0,Failed: 401 Client Error: Unauthorized for url: https://identity.dataspace.copernicus.eu/auth/realms/CDSE/protocol/openid-connect/token
2018-01-21T00:00:00.000000Z,c_gls_LAI300-RT2_201801310000_GLOBE_PROBAV_V1.0.1_nc,Copernicus_LAI,0.0,Failed: 401 Client Error: Unauthorized for url: https://identity.dataspace.copernicus.eu/auth/realms/CDSE/protocol/openid-connect/token
2018-01-11T00:00:00.000000Z,c_gls_LAI300_201801200000_GLOBE_PROBAV_V1.0.1_nc,Copernicus_LAI,0.0,Failed: 401 Client Error: Unauthorized for url: https://identity.dataspace.copernicus.eu/auth/realms/CDSE/protocol/openid-connect/token
2018-08-11T00:00:00.000000Z,c_gls_LAI300_201808200000_GLOBE_PROBAV_V1.0.1_nc,Copernicus_LAI,0.0,Failed: 401 Client Error: Unauthorized for url: https://identity.dataspace.copernicus.eu/auth/realms/CDSE/protocol/openid-connect/token
2018-08-21T00:00:00.000000Z,c_gls_LAI300-RT0_201808310000_GLOBE_PROBAV_V1.0.1_nc,Copernicus_LAI,0.0,Failed: 401 Client Error: Unauthorized for url: https://identity.dataspace.copernicus.eu/auth/realms/CDSE/protocol/openid-connect/token
2018-08-21T00:00:00.000000Z,c_gls_LAI300_201808310000_GLOBE_PROBAV_V1.0.1_nc,Copernicus_LAI,0.0,Failed: 401 Client Error: Unauthorized for url: https://identity.dataspace.copernicus.eu/auth/realms/CDSE/protocol/openid-connect/token
2018-08-11T00:00:00.000000Z,c_gls_LAI300-RT0_201808200000_GLOBE_PROBAV_V1.0.1_nc,Copernicus_LAI,0.0,Failed: 401 Client Error: Unauthorized for url: https://identity.dataspace.copernicus.eu/auth/realms/CDSE/protocol/openid-connect/token
2018-08-01T00:00:00.000000Z,c_gls_LAI300-RT2_201808100000_GLOBE_PROBAV_V1.0.1_nc,Copernicus_LAI,0.0,Failed: 401 Client Error: Unauthorized for url: https://identity.dataspace.copernicus.eu/auth/realms/CDSE/protocol/openid-connect/token
2018-08-01T00:00:00.000000Z,c_gls_LAI300-RT1_201808100000_GLOBE_PROBAV_V1.0.1_nc,Copernicus_LAI,0.0,Failed: 401 Client Error: Unauthorized for url: https://identity.dataspace.copernicus.eu/auth/realms/CDSE/protocol/openid-connect/token
2018-08-01T00:00:00.000000Z,c_gls_LAI300_201808100000_GLOBE_PROBAV_V1.0.1_nc,Copernicus_LAI,0.0,Failed: 401 Client Error: Unauthorized for url: https://identity.dataspace.copernicus.eu/auth/realms/CDSE/protocol/openid-connect/token
2018-08-01T00:00:00.000000Z,c_gls_LAI300-RT0_201808100000_GLOBE_PROBAV_V1.0.1_nc,Copernicus_LAI,0.0,Failed: 401 Client Error: Unauthorized for url: https://identity.dataspace.copernicus.eu/auth/realms/CDSE/protocol/openid-connect/token
2018-08-11T00:00:00.000000Z,c_gls_LAI300-RT1_201808200000_GLOBE_PROBAV_V1.0.1_nc,Copernicus_LAI,0.0,Failed: 401 Client Error: Unauthorized for url: https://identity.dataspace.copernicus.eu/auth/realms/CDSE/protocol/openid-connect/token
2018-08-21T00:00:00.000000Z,c_gls_LAI300-RT1_201808310000_GLOBE_PROBAV_V1.0.1_nc,Copernicus_LAI,0.0,Failed: 401 Client Error: Unauthorized for url: https://identity.dataspace.copernicus.eu/auth/realms/CDSE/protocol/openid-connect/token
2018-08-11T00:00:00.000000Z,c_gls_LAI300-RT2_201808200000_GLOBE_PROBAV_V1.0.1_nc,Copernicus_LAI,0.0,Failed: 401 Client Error: Unauthorized for url: https://identity.dataspace.copernicus.eu/auth/realms/CDSE/protocol/openid-connect/token
2018-08-21T00:00:00.000000Z,c_gls_LAI300-RT2_201808310000_GLOBE_PROBAV_V1.0.1_nc,Copernicus_LAI,0.0,Failed: 401 Client Error: Unauthorized for url: https://identity.dataspace.copernicus.eu/auth/realms/CDSE/protocol/openid-connect/token
2018-07-01T00:00:00.000000Z,c_gls_LAI300-RT1_201807100000_GLOBE_PROBAV_V1.0.1_nc,Copernicus_LAI,0.0,Failed: 401 Client Error: Unauthorized for url: https://identity.dataspace.copernicus.eu/auth/realms/CDSE/protocol/openid-connect/token
2018-07-01T00:00:00.000000Z,c_gls_LAI300-RT0_201807100000_GLOBE_PROBAV_V1.0.1_nc,Copernicus_LAI,0.0,Failed: 401 Client Error: Unauthorized for url: https://identity.dataspace.copernicus.eu/auth/realms/CDSE/protocol/openid-connect/token
2018-07-21T00:00:00.000000Z,c_gls_LAI300-RT1_201807310000_GLOBE_PROBAV_V1.0.1_nc,Copernicus_LAI,0.0,Failed: 401 Client Error: Unauthorized for url: https://identity.dataspace.copernicus.eu/auth/realms/CDSE/protocol/openid-connect/token
2018-06-01T00:00:00.000000Z,c_gls_LAI300-RT1_201806100000_GLOBE_PROBAV_V1.0.1_nc,Copernicus_LAI,0.0,Failed: 401 Client Error: Unauthorized for url: https://identity.dataspace.copernicus.eu/auth/realms/CDSE/protocol/openid-connect/token
2018-06-01T00:00:00.000000Z,c_gls_LAI300_201806100000_GLOBE_PROBAV_V1.0.1_nc,Copernicus_LAI,0.0,Failed: 401 Client Error: Unauthorized for url: https://identity.dataspace.copernicus.eu/auth/realms/CDSE/protocol/openid-connect/token
2018-06-11T00:00:00.000000Z,c_gls_LAI300_201806200000_GLOBE_PROBAV_V1.0.1_nc,Copernicus_LAI,0.0,Failed: 401 Client Error: Unauthorized for url: https://identity.dataspace.copernicus.eu/auth/realms/CDSE/protocol/openid-connect/token
2018-06-21T00:00:00.000000Z,c_gls_LAI300-RT1_201806300000_GLOBE_PROBAV_V1.0.1_nc,Copernicus_LAI,0.0,Failed: 401 Client Error: Unauthorized for url: https://identity.dataspace.copernicus.eu/auth/realms/CDSE/protocol/openid-connect/token
2018-06-21T00:00:00.000000Z,c_gls_LAI300_201806300000_GLOBE_PROBAV_V1.0.1_nc,Copernicus_LAI,0.0,Failed: 401 Client Error: Unauthorized for url: https://identity.dataspace.copernicus.eu/auth/realms/CDSE/protocol/openid-connect/token
2018-06-01T00:00:00.000000Z,c_gls_LAI300-RT0_201806100000_GLOBE_PROBAV_V1.0.1_nc,Copernicus_LAI,0.0,Failed: 401 Client Error: Unauthorized for url: https://identity.dataspace.copernicus.eu/auth/realms/CDSE/protocol/openid-connect/token
2018-06-11T00:00:00.000000Z,c_gls_LAI300-RT0_201806200000_GLOBE_PROBAV_V1.0.1_nc,Copernicus_LAI,0.0,Failed: 401 Client Error: Unauthorized for url: https://identity.dataspace.copernicus.eu/auth/realms/CDSE/protocol/openid-connect/token
2018-06-11T00:00:00.000000Z,c_gls_LAI300-RT2_201806200000_GLOBE_PROBAV_V1.0.1_nc,Copernicus_LAI,0.0,Failed: 401 Client Error: Unauthorized for url: https://identity.dataspace.copernicus.eu/auth/realms/CDSE/protocol/openid-connect/token
2018-06-01T00:00:00.000000Z,c_gls_LAI300-RT2_201806100000_GLOBE_PROBAV_V1.0.1_nc,Copernicus_LAI,0.0,Failed: 401 Client Error: Unauthorized for url: https://identity.dataspace.copernicus.eu/auth/realms/CDSE/protocol/openid-connect/token
2018-07-21T00:00:00.000000Z,c_gls_LAI300-RT2_201807310000_GLOBE_PROBAV_V1.0.1_nc,Copernicus_LAI,0.0,Failed: 401 Client Error: Unauthorized for url: https://identity.dataspace.copernicus.eu/auth/realms/CDSE/protocol/openid-connect/token
2018-02-21T00:00:00.000000Z,c_gls_LAI300-RT1_201802280000_GLOBE_PROBAV_V1.0.1_nc,Copernicus_LAI,0.0,Failed: 401 Client Error: Unauthorized for url: https://identity.dataspace.copernicus.eu/auth/realms/CDSE/protocol/openid-connect/token
2018-02-11T00:00:00.000000Z,c_gls_LAI300-RT2_201802200000_GLOBE_PROBAV_V1.0.1_nc,Copernicus_LAI,0.0,Failed: 401 Client Error: Unauthorized for url: https://identity.dataspace.copernicus.eu/auth/realms/CDSE/protocol/openid-connect/token
2018-10-21T00:00:00.000000Z,c_gls_LAI300-RT1_201810310000_GLOBE_PROBAV_V1.0.1_nc,Copernicus_LAI,0.0,Failed: 401 Client Error: Unauthorized for url: https://identity.dataspace.copernicus.eu/auth/realms/CDSE/protocol/openid-connect/token
2018-01-21T00:00:00.000000Z,c_gls_LAI300-RT0_201801310000_GLOBE_PROBAV_V1.0.1_nc,Copernicus_LAI,0.0,Failed: 401 Client Error: Unauthorized for url: https://identity.dataspace.copernicus.eu/auth/realms/CDSE/protocol/openid-connect/token
2018-06-21T00:00:00.000000Z,c_gls_LAI300-RT0_201806300000_GLOBE_PROBAV_V1.0.1_nc,Copernicus_LAI,0.0,Failed: 401 Client Error: Unauthorized for url: https://identity.dataspace.copernicus.eu/auth/realms/CDSE/protocol/openid-connect/token
2018-03-21T00:00:00.000000Z,c_gls_LAI300_201803310000_GLOBE_PROBAV_V1.0.1_nc,Copernicus_LAI,0.0,Failed: 401 Client Error: Unauthorized for url: https://identity.dataspace.copernicus.eu/auth/realms/CDSE/protocol/openid-connect/token
2018-06-21T00:00:00.000000Z,c_gls_LAI300-RT2_201806300000_GLOBE_PROBAV_V1.0.1_nc,Copernicus_LAI,0.0,Failed: 401 Client Error: Unauthorized for url: https://identity.dataspace.copernicus.eu/auth/realms/CDSE/protocol/openid-connect/token
2018-07-11T00:00:00.000000Z,c_gls_LAI300-RT2_201807200000_GLOBE_PROBAV_V1.0.1_nc,Copernicus_LAI,0.0,Failed: 401 Client Error: Unauthorized for url: https://identity.dataspace.copernicus.eu/auth/realms/CDSE/protocol/openid-connect/token
2018-01-21T00:00:00.000000Z,c_gls_LAI300-RT1_201801310000_GLOBE_PROBAV_V1.0.1_nc,Copernicus_LAI,0.0,Failed: 401 Client Error: Unauthorized for url: https://identity.dataspace.copernicus.eu/auth/realms/CDSE/protocol/openid-connect/token
2018-06-11T00:00:00.000000Z,c_gls_LAI300-RT1_201806200000_GLOBE_PROBAV_V1.0.1_nc,Copernicus_LAI,0.0,Failed: 401 Client Error: Unauthorized for url: https://identity.dataspace.copernicus.eu/auth/realms/CDSE/protocol/openid-connect/token
2018-01-11T00:00:00.000000Z,c_gls_LAI300-RT1_201801200000_GLOBE_PROBAV_V1.0.1_nc,Copernicus_LAI,0.0,Failed: 401 Client Error: Unauthorized for url: https://identity.dataspace.copernicus.eu/auth/realms/CDSE/protocol/openid-connect/token
2018-05-01T00:00:00.000000Z,c_gls_LAI300-RT0_201805100000_GLOBE_PROBAV_V1.0.1_nc,Copernicus_LAI,0.0,Failed: 401 Client Error: Unauthorized for url: https://identity.dataspace.copernicus.eu/auth/realms/CDSE/protocol/openid-connect/token
2018-02-21T00:00:00.000000Z,c_gls_LAI300_201802280000_GLOBE_PROBAV_V1.0.1_nc,Copernicus_LAI,0.0,Failed: 401 Client Error: Unauthorized for url: https://identity.dataspace.copernicus.eu/auth/realms/CDSE/protocol/openid-connect/token
2018-09-21T00:00:00.000000Z,c_gls_LAI300-RT0_201809300000_GLOBE_PROBAV_V1.0.1_nc,Copernicus_LAI,0.0,Failed: 401 Client Error: Unauthorized for url: https://identity.dataspace.copernicus.eu/auth/realms/CDSE/protocol/openid-connect/token
2018-01-01T00:00:00.000000Z,c_gls_LAI300-RT0_201801100000_GLOBE_PROBAV_V1.0.1_nc,Copernicus_LAI,0.0,Failed: 401 Client Error: Unauthorized for url: https://identity.dataspace.copernicus.eu/auth/realms/CDSE/protocol/openid-connect/token
2018-01-01T00:00:00.000000Z,c_gls_LAI300_201801100000_GLOBE_PROBAV_V1.0.1_nc,Copernicus_LAI,0.0,Failed: 401 Client Error: Unauthorized for url: https://identity.dataspace.copernicus.eu/auth/realms/CDSE/protocol/openid-connect/token
2018-03-11T00:00:00.000000Z,c_gls_LAI300-RT2_201803200000_GLOBE_PROBAV_V1.0.1_nc,Copernicus_LAI,0.0,Failed: 401 Client Error: Unauthorized for url: https://identity.dataspace.copernicus.eu/auth/realms/CDSE/protocol/openid-connect/token
2018-05-01T00:00:00.000000Z,c_gls_LAI300_201805100000_GLOBE_PROBAV_V1.0.1_nc,Copernicus_LAI,0.0,Failed: 401 Client Error: Unauthorized for url: https://identity.dataspace.copernicus.eu/auth/realms/CDSE/protocol/openid-connect/token
2018-02-01T00:00:00.000000Z,c_gls_LAI300-RT1_201802100000_GLOBE_PROBAV_V1.0.1_nc,Copernicus_LAI,0.0,Failed: 401 Client Error: Unauthorized for url: https://identity.dataspace.copernicus.eu/auth/realms/CDSE/protocol/openid-connect/token
2018-05-21T00:00:00.000000Z,c_gls_LAI300-RT2_201805310000_GLOBE_PROBAV_V1.0.1_nc,Copernicus_LAI,0.0,Failed: 401 Client Error: Unauthorized for url: https://identity.dataspace.copernicus.eu/auth/realms/CDSE/protocol/openid-connect/token
2018-02-21T00:00:00.000000Z,c_gls_LAI300-RT2_201802280000_GLOBE_PROBAV_V1.0.1_nc,Copernicus_LAI,0.0,Failed: 401 Client Error: Unauthorized for url: https://identity.dataspace.copernicus.eu/auth/realms/CDSE/protocol/openid-connect/token
2018-03-01T00:00:00.000000Z,c_gls_LAI300-RT2_201803100000_GLOBE_PROBAV_V1.0.1_nc,Copernicus_LAI,0.0,Failed: 401 Client Error: Unauthorized for url: https://identity.dataspace.copernicus.eu/auth/realms/CDSE/protocol/openid-connect/token
2018-01-21T00:00:00.000000Z,c_gls_LAI300_201801310000_GLOBE_PROBAV_V1.0.1_nc,Copernicus_LAI,0.0,Failed: 401 Client Error: Unauthorized for url: https://identity.dataspace.copernicus.eu/auth/realms/CDSE/protocol/openid-connect/token
2018-02-11T00:00:00.000000Z,c_gls_LAI300-RT1_201802200000_GLOBE_PROBAV_V1.0.1_nc,Copernicus_LAI,0.0,Failed: 401 Client Error: Unauthorized for url: https://identity.dataspace.copernicus.eu/auth/realms/CDSE/protocol/openid-connect/token
2018-07-11T00:00:00.000000Z,c_gls_LAI300-RT1_201807200000_GLOBE_PROBAV_V1.0.1_nc,Copernicus_LAI,0.0,Failed: 401 Client Error: Unauthorized for url: https://identity.dataspace.copernicus.eu/auth/realms/CDSE/protocol/openid-connect/token
2018-02-01T00:00:00.000000Z,c_gls_LAI300_201802100000_GLOBE_PROBAV_V1.0.1_nc,Copernicus_LAI,0.0,Failed: 401 Client Error: Unauthorized for url: https://identity.dataspace.copernicus.eu/auth/realms/CDSE/protocol/openid-connect/token
2018-05-01T00:00:00.000000Z,c_gls_LAI300-RT1_201805100000_GLOBE_PROBAV_V1.0.1_nc,Copernicus_LAI,0.0,Failed: 401 Client Error: Unauthorized for url: https://identity.dataspace.copernicus.eu/auth/realms/CDSE/protocol/openid-connect/token
2018-12-11T00:00:00.000000Z,c_gls_LAI300-RT1_201812200000_GLOBE_PROBAV_V1.0.1_nc,Copernicus_LAI,0.0,Failed: 401 Client Error: Unauthorized for url: https://identity.dataspace.copernicus.eu/auth/realms/CDSE/protocol/openid-connect/token
2018-12-01T00:00:00.000000Z,c_gls_LAI300-RT0_201812100000_GLOBE_PROBAV_V1.0.1_nc,Copernicus_LAI,0.0,Failed: 401 Client Error: Unauthorized for url: https://identity.dataspace.copernicus.eu/auth/realms/CDSE/protocol/openid-connect/token
2018-12-11T00:00:00.000000Z,c_gls_LAI300-RT2_201812200000_GLOBE_PROBAV_V1.0.1_nc,Copernicus_LAI,0.0,Failed: 401 Client Error: Unauthorized for url: https://identity.dataspace.copernicus.eu/auth/realms/CDSE/protocol/openid-connect/token
2018-12-01T00:00:00.000000Z,c_gls_LAI300-RT2_201812100000_GLOBE_PROBAV_V1.0.1_nc,Copernicus_LAI,0.0,Failed: 401 Client Error: Unauthorized for url: https://identity.dataspace.copernicus.eu/auth/realms/CDSE/protocol/openid-connect/token
2018-12-11T00:00:00.000000Z,c_gls_LAI300_201812200000_GLOBE_PROBAV_V1.0.1_nc,Copernicus_LAI,0.0,Failed: 401 Client Error: Unauthorized for url: https://identity.dataspace.copernicus.eu/auth/realms/CDSE/protocol/openid-connect/token
2018-12-21T00:00:00.000000Z,c_gls_LAI300-RT0_201812310000_GLOBE_PROBAV_V1.0.1_nc,Copernicus_LAI,0.0,Failed: 401 Client Error: Unauthorized for url: https://identity.dataspace.copernicus.eu/auth/realms/CDSE/protocol/openid-connect/token
2018-04-01T00:00:00.000000Z,c_gls_LAI300_201804100000_GLOBE_PROBAV_V1.0.1_nc,Copernicus_LAI,0.0,Failed: 401 Client Error: Unauthorized for url: https://identity.dataspace.copernicus.eu/auth/realms/CDSE/protocol/openid-connect/token
2018-04-11T00:00:00.000000Z,c_gls_LAI300-RT1_201804200000_GLOBE_PROBAV_V1.0.1_nc,Copernicus_LAI,0.0,Failed: 401 Client Error: Unauthorized for url: https://identity.dataspace.copernicus.eu/auth/realms/CDSE/protocol/openid-connect/token
2018-04-01T00:00:00.000000Z,c_gls_LAI300-RT0_201804100000_GLOBE_PROBAV_V1.0.1_nc,Copernicus_LAI,0.0,Failed: 401 Client Error: Unauthorized for url: https://identity.dataspace.copernicus.eu/auth/realms/CDSE/protocol/openid-connect/token
2018-04-21T00:00:00.000000Z,c_gls_LAI300_201804300000_GLOBE_PROBAV_V1.0.1_nc,Copernicus_LAI,0.0,Failed: 401 Client Error: Unauthorized for url: https://identity.dataspace.copernicus.eu/auth/realms/CDSE/protocol/openid-connect/token
2018-04-11T00:00:00.000000Z,c_gls_LAI300-RT2_201804200000_GLOBE_PROBAV_V1.0.1_nc,Copernicus_LAI,0.0,Failed: 401 Client Error: Unauthorized for url: https://identity.dataspace.copernicus.eu/auth/realms/CDSE/protocol/openid-connect/token
2018-04-11T00:00:00.000000Z,c_gls_LAI300_201804200000_GLOBE_PROBAV_V1.0.1_nc,Copernicus_LAI,0.0,Failed: 401 Client Error: Unauthorized for url: https://identity.dataspace.copernicus.eu/auth/realms/CDSE/protocol/openid-connect/token
2018-04-01T00:00:00.000000Z,c_gls_LAI300-RT1_201804100000_GLOBE_PROBAV_V1.0.1_nc,Copernicus_LAI,0.0,Failed: 401 Client Error: Unauthorized for url: https://identity.dataspace.copernicus.eu/auth/realms/CDSE/protocol/openid-connect/token
2018-04-21T00:00:00.000000Z,c_gls_LAI300-RT2_201804300000_GLOBE_PROBAV_V1.0.1_nc,Copernicus_LAI,0.0,Failed: 401 Client Error: Unauthorized for url: https://identity.dataspace.copernicus.eu/auth/realms/CDSE/protocol/openid-connect/token
2018-03-21T00:00:00.000000Z,c_gls_LAI300-RT0_201803310000_GLOBE_PROBAV_V1.0.1_nc,Copernicus_LAI,0.0,Failed: 401 Client Error: Unauthorized for url: https://identity.dataspace.copernicus.eu/auth/realms/CDSE/protocol/openid-connect/token
2018-03-11T00:00:00.000000Z,c_gls_LAI300_201803200000_GLOBE_PROBAV_V1.0.1_nc,Copernicus_LAI,0.0,Failed: 401 Client Error: Unauthorized for url: https://identity.dataspace.copernicus.eu/auth/realms/CDSE/protocol/openid-connect/token
2018-03-11T00:00:00.000000Z,c_gls_LAI300-RT0_201803200000_GLOBE_PROBAV_V1.0.1_nc,Copernicus_LAI,0.0,Failed: 401 Client Error: Unauthorized for url: https://identity.dataspace.copernicus.eu/auth/realms/CDSE/protocol/openid-connect/token
2018-01-21T00:00:00.000000Z,c_gls_LAI300-RT6_201801310000_GLOBE_PROBAV_V2.0.1_nc,Copernicus_LAI,0.0,Failed: 401 Client Error: Unauthorized for url: https://identity.dataspace.copernicus.eu/auth/realms/CDSE/protocol/openid-connect/token
2018-01-11T00:00:00.000000Z,c_gls_LAI300-RT6_201801200000_GLOBE_PROBAV_V2.0.1_nc,Copernicus_LAI,0.0,Failed: 401 Client Error: Unauthorized for url: https://identity.dataspace.copernicus.eu/auth/realms/CDSE/protocol/openid-connect/token
2018-02-21T00:00:00.000000Z,c_gls_LAI300-RT6_201802280000_GLOBE_PROBAV_V2.0.1_nc,Copernicus_LAI,0.0,Failed: 401 Client Error: Unauthorized for url: https://identity.dataspace.copernicus.eu/auth/realms/CDSE/protocol/openid-connect/token
2018-01-01T00:00:00.000000Z,c_gls_LAI300-RT6_201801100000_GLOBE_PROBAV_V2.0.1_nc,Copernicus_LAI,0.0,Failed: 401 Client Error: Unauthorized for url: https://identity.dataspace.copernicus.eu/auth/realms/CDSE/protocol/openid-connect/token
2018-02-11T00:00:00.000000Z,c_gls_LAI300-RT6_201802200000_GLOBE_PROBAV_V2.0.1_nc,Copernicus_LAI,0.0,Failed: 401 Client Error: Unauthorized for url: https://identity.dataspace.copernicus.eu/auth/realms/CDSE/protocol/openid-connect/token
2018-02-01T00:00:00.000000Z,c_gls_LAI300-RT6_201802100000_GLOBE_PROBAV_V2.0.1_nc,Copernicus_LAI,0.0,Failed: 401 Client Error: Unauthorized for url: https://identity.dataspace.copernicus.eu/auth/realms/CDSE/protocol/openid-connect/token
2018-04-11T00:00:00.000000Z,c_gls_LAI300-RT6_201804200000_GLOBE_PROBAV_V2.0.1_nc,Copernicus_LAI,0.0,Failed: 401 Client Error: Unauthorized for url: https://identity.dataspace.copernicus.eu/auth/realms/CDSE/protocol/openid-connect/token
2018-03-01T00:00:00.000000Z,c_gls_LAI300-RT6_201803100000_GLOBE_PROBAV_V2.0.1_nc,Copernicus_LAI,0.0,Failed: 401 Client Error: Unauthorized for url: https://identity.dataspace.copernicus.eu/auth/realms/CDSE/protocol/openid-connect/token
2018-04-01T00:00:00.000000Z,c_gls_LAI300-RT6_201804100000_GLOBE_PROBAV_V2.0.1_nc,Copernicus_LAI,0.0,Failed: 401 Client Error: Unauthorized for url: https://identity.dataspace.copernicus.eu/auth/realms/CDSE/protocol/openid-connect/token
2018-03-11T00:00:00.000000Z,c_gls_LAI300-RT6_201803200000_GLOBE_PROBAV_V2.0.1_nc,Copernicus_LAI,0.0,Failed: 401 Client Error: Unauthorized for url: https://identity.dataspace.copernicus.eu/auth/realms/CDSE/protocol/openid-connect/token
2018-05-11T00:00:00.000000Z,c_gls_LAI300-RT6_201805200000_GLOBE_PROBAV_V2.0.1_nc,Copernicus_LAI,0.0,Failed: 401 Client Error: Unauthorized for url: https://identity.dataspace.copernicus.eu/auth/realms/CDSE/protocol/openid-connect/token
2018-03-21T00:00:00.000000Z,c_gls_LAI300-RT6_201803310000_GLOBE_PROBAV_V2.0.1_nc,Copernicus_LAI,0.0,Failed: 401 Client Error: Unauthorized for url: https://identity.dataspace.copernicus.eu/auth/realms/CDSE/protocol/openid-connect/token
2018-04-21T00:00:00.000000Z,c_gls_LAI300-RT6_201804300000_GLOBE_PROBAV_V2.0.1_nc,Copernicus_LAI,0.0,Failed: 401 Client Error: Unauthorized for url: https://identity.dataspace.copernicus.eu/auth/realms/CDSE/protocol/openid-connect/token
2018-05-01T00:00:00.000000Z,c_gls_LAI300-RT6_201805100000_GLOBE_PROBAV_V2.0.1_nc,Copernicus_LAI,0.0,Failed: 401 Client Error: Unauthorized for url: https://identity.dataspace.copernicus.eu/auth/realms/CDSE/protocol/openid-connect/token
2018-12-01T00:00:00.000000Z,c_gls_LAI300-RT6_201812100000_GLOBE_PROBAV_V2.0.1_nc,Copernicus_LAI,0.0,Failed: 401 Client Error: Unauthorized for url: https://identity.dataspace.copernicus.eu/auth/realms/CDSE/protocol/openid-connect/token
2018-11-11T00:00:00.000000Z,c_gls_LAI300-RT6_201811200000_GLOBE_PROBAV_V2.0.1_nc,Copernicus_LAI,0.0,Failed: 401 Client Error: Unauthorized for url: https://identity.dataspace.copernicus.eu/auth/realms/CDSE/protocol/openid-connect/token
2018-11-21T00:00:00.000000Z,c_gls_LAI300-RT6_201811300000_GLOBE_PROBAV_V2.0.1_nc,Copernicus_LAI,0.0,Failed: 401 Client Error: Unauthorized for url: https://identity.dataspace.copernicus.eu/auth/realms/CDSE/protocol/openid-connect/token
2018-11-01T00:00:00.000000Z,c_gls_LAI300-RT6_201811100000_GLOBE_PROBAV_V2.0.1_nc,Copernicus_LAI,0.0,Failed: 401 Client Error: Unauthorized for url: https://identity.dataspace.copernicus.eu/auth/realms/CDSE/protocol/openid-connect/token
2018-10-21T00:00:00.000000Z,c_gls_LAI300-RT6_201810310000_GLOBE_PROBAV_V2.0.1_nc,Copernicus_LAI,0.0,Failed: 401 Client Error: Unauthorized for url: https://identity.dataspace.copernicus.eu/auth/realms/CDSE/protocol/openid-connect/token
2018-10-11T00:00:00.000000Z,c_gls_LAI300-RT6_201810200000_GLOBE_PROBAV_V2.0.1_nc,Copernicus_LAI,0.0,Failed: 401 Client Error: Unauthorized for url: https://identity.dataspace.copernicus.eu/auth/realms/CDSE/protocol/openid-connect/token
2018-10-01T00:00:00.000000Z,c_gls_LAI300-RT6_201810100000_GLOBE_PROBAV_V2.0.1_nc,Copernicus_LAI,0.0,Failed: 401 Client Error: Unauthorized for url: https://identity.dataspace.copernicus.eu/auth/realms/CDSE/protocol/openid-connect/token
2018-05-21T00:00:00.000000Z,c_gls_LAI300-RT6_201805310000_GLOBE_PROBAV_V2.0.1_nc,Copernicus_LAI,0.0,Failed: 401 Client Error: Unauthorized for url: https://identity.dataspace.copernicus.eu/auth/realms/CDSE/protocol/openid-connect/token
2018-09-01T00:00:00.000000Z,c_gls_LAI300-RT6_201809100000_GLOBE_PROBAV_V2.0.1_nc,Copernicus_LAI,0.0,Failed: 401 Client Error: Unauthorized for url: https://identity.dataspace.copernicus.eu/auth/realms/CDSE/protocol/openid-connect/token
2018-09-11T00:00:00.000000Z,c_gls_LAI300-RT6_201809200000_GLOBE_PROBAV_V2.0.1_nc,Copernicus_LAI,0.0,Failed: 401 Client Error: Unauthorized for url: https://identity.dataspace.copernicus.eu/auth/realms/CDSE/protocol/openid-connect/token
2018-08-21T00:00:00.000000Z,c_gls_LAI300-RT6_201808310000_GLOBE_PROBAV_V2.0.1_nc,Copernicus_LAI,0.0,Failed: 401 Client Error: Unauthorized for url: https://identity.dataspace.copernicus.eu/auth/realms/CDSE/protocol/openid-connect/token
2018-06-11T00:00:00.000000Z,c_gls_LAI300-RT6_201806200000_GLOBE_PROBAV_V2.0.1_nc,Copernicus_LAI,0.0,Failed: 401 Client Error: Unauthorized for url: https://identity.dataspace.copernicus.eu/auth/realms/CDSE/protocol/openid-connect/token
2018-09-21T00:00:00.000000Z,c_gls_LAI300-RT6_201809300000_GLOBE_PROBAV_V2.0.1_nc,Copernicus_LAI,0.0,Failed: 401 Client Error: Unauthorized for url: https://identity.dataspace.copernicus.eu/auth/realms/CDSE/protocol/openid-connect/token
2018-06-01T00:00:00.000000Z,c_gls_LAI300-RT6_201806100000_GLOBE_PROBAV_V2.0.1_nc,Copernicus_LAI,0.0,Failed: 401 Client Error: Unauthorized for url: https://identity.dataspace.copernicus.eu/auth/realms/CDSE/protocol/openid-connect/token
2018-08-11T00:00:00.000000Z,c_gls_LAI300-RT6_201808200000_GLOBE_PROBAV_V2.0.1_nc,Copernicus_LAI,0.0,Failed: 401 Client Error: Unauthorized for url: https://identity.dataspace.copernicus.eu/auth/realms/CDSE/protocol/openid-connect/token
2018-06-21T00:00:00.000000Z,c_gls_LAI300-RT6_201806300000_GLOBE_PROBAV_V2.0.1_nc,Copernicus_LAI,0.0,Failed: 401 Client Error: Unauthorized for url: https://identity.dataspace.copernicus.eu/auth/realms/CDSE/protocol/openid-connect/token
2018-07-01T00:00:00.000000Z,c_gls_LAI300-RT6_201807100000_GLOBE_PROBAV_V2.0.1_nc,Copernicus_LAI,0.0,Failed: 401 Client Error: Unauthorized for url: https://identity.dataspace.copernicus.eu/auth/realms/CDSE/protocol/openid-connect/token
2018-08-01T00:00:00.000000Z,c_gls_LAI300-RT6_201808100000_GLOBE_PROBAV_V2.0.1_nc,Copernicus_LAI,0.0,Failed: 401 Client Error: Unauthorized for url: https://identity.dataspace.copernicus.eu/auth/realms/CDSE/protocol/openid-connect/token
2018-07-11T00:00:00.000000Z,c_gls_LAI300-RT6_201807200000_GLOBE_PROBAV_V2.0.1_nc,Copernicus_LAI,0.0,Failed: 401 Client Error: Unauthorized for url: https://identity.dataspace.copernicus.eu/auth/realms/CDSE/protocol/openid-connect/token
2018-12-21T00:00:00.000000Z,c_gls_LAI300-RT6_201812310000_GLOBE_PROBAV_V2.0.1_nc,Copernicus_LAI,0.0,Failed: 401 Client Error: Unauthorized for url: https://identity.dataspace.copernicus.eu/auth/realms/CDSE/protocol/openid-connect/token
2018-07-21T00:00:00.000000Z,c_gls_LAI300-RT6_201807310000_GLOBE_PROBAV_V2.0.1_nc,Copernicus_LAI,0.0,Failed: 401 Client Error: Unauthorized for url: https://identity.dataspace.copernicus.eu/auth/realms/CDSE/protocol/openid-connect/token
2018-12-11T00:00:00.000000Z,c_gls_LAI300-RT6_201812200000_GLOBE_PROBAV_V2.0.1_nc,Copernicus_LAI,0.0,Failed: 401 Client Error: Unauthorized for url: https://identity.dataspace.copernicus.eu/auth/realms/CDSE/protocol/openid-connect/token
2018-10-21T00:00:00.000000Z,c_gls_LAI300-RT2_201810310000_GLOBE_PROBAV_V1.0.1_nc,Copernicus_LAI,0.0,Failed: 401 Client Error: Unauthorized for url: https://identity.dataspace.copernicus.eu/auth/realms/CDSE/protocol/openid-connect/token
2018-10-11T00:00:00.000000Z,c_gls_LAI300-RT0_201810200000_GLOBE_PROBAV_V1.0.1_nc,Copernicus_LAI,0.0,Failed: 401 Client Error: Unauthorized for url: https://identity.dataspace.copernicus.eu/auth/realms/CDSE/protocol/openid-connect/token
2018-10-11T00:00:00.000000Z,c_gls_LAI300-RT1_201810200000_GLOBE_PROBAV_V1.0.1_nc,Copernicus_LAI,0.0,Failed: 401 Client Error: Unauthorized for url: https://identity.dataspace.copernicus.eu/auth/realms/CDSE/protocol/openid-connect/token
2018-10-21T00:00:00.000000Z,c_gls_LAI300-RT0_201810310000_GLOBE_PROBAV_V1.0.1_nc,Copernicus_LAI,0.0,Failed: 401 Client Error: Unauthorized for url: https://identity.dataspace.copernicus.eu/auth/realms/CDSE/protocol/openid-connect/token
2018-10-11T00:00:00.000000Z,c_gls_LAI300-RT2_201810200000_GLOBE_PROBAV_V1.0.1_nc,Copernicus_LAI,0.0,Failed: 401 Client Error: Unauthorized for url: https://identity.dataspace.copernicus.eu/auth/realms/CDSE/protocol/openid-connect/token
2018-10-01T00:00:00.000000Z,c_gls_LAI300-RT1_201810100000_GLOBE_PROBAV_V1.0.1_nc,Copernicus_LAI,0.0,Failed: 401 Client Error: Unauthorized for url: https://identity.dataspace.copernicus.eu/auth/realms/CDSE/protocol/openid-connect/token
2018-10-01T00:00:00.000000Z,c_gls_LAI300-RT2_201810100000_GLOBE_PROBAV_V1.0.1_nc,Copernicus_LAI,0.0,Failed: 401 Client Error: Unauthorized for url: https://identity.dataspace.copernicus.eu/auth/realms/CDSE/protocol/openid-connect/token
2018-10-21T00:00:00.000000Z,c_gls_LAI300_201810310000_GLOBE_PROBAV_V1.0.1_nc,Copernicus_LAI,0.0,Failed: 401 Client Error: Unauthorized for url: https://identity.dataspace.copernicus.eu/auth/realms/CDSE/protocol/openid-connect/token
2018-10-01T00:00:00.000000Z,c_gls_LAI300_201810100000_GLOBE_PROBAV_V1.0.1_nc,Copernicus_LAI,0.0,Failed: 401 Client Error: Unauthorized for url: https://identity.dataspace.copernicus.eu/auth/realms/CDSE/protocol/openid-connect/token
2018-12-21T00:00:00.000000Z,c_gls_LAI300-RT1_201812310000_GLOBE_PROBAV_V1.0.1_nc,Copernicus_LAI,0.0,Failed: 401 Client Error: Unauthorized for url: https://identity.dataspace.copernicus.eu/auth/realms/CDSE/protocol/openid-connect/token
2018-12-21T00:00:00.000000Z,c_gls_LAI300_201812310000_GLOBE_PROBAV_V1.0.1_nc,Copernicus_LAI,0.0,Failed: 401 Client Error: Unauthorized for url: https://identity.dataspace.copernicus.eu/auth/realms/CDSE/protocol/openid-connect/token
2018-12-21T00:00:00.000000Z,c_gls_LAI300-RT2_201812310000_GLOBE_PROBAV_V1.0.1_nc,Copernicus_LAI,0.0,Failed: 401 Client Error: Unauthorized for url: https://identity.dataspace.copernicus.eu/auth/realms/CDSE/protocol/openid-connect/token
2018-12-11T00:00:00.000000Z,c_gls_LAI300-RT0_201812200000_GLOBE_PROBAV_V1.0.1_nc,Copernicus_LAI,0.0,Failed: 401 Client Error: Unauthorized for url: https://identity.dataspace.copernicus.eu/auth/realms/CDSE/protocol/openid-connect/token
2018-12-01T00:00:00.000000Z,c_gls_LAI300-RT1_201812100000_GLOBE_PROBAV_V1.0.1_nc,Copernicus_LAI,0.0,Failed: 401 Client Error: Unauthorized for url: https://identity.dataspace.copernicus.eu/auth/realms/CDSE/protocol/openid-connect/token
2018-12-01T00:00:00.000000Z,c_gls_LAI300_201812100000_GLOBE_PROBAV_V1.0.1_nc,Copernicus_LAI,0.0,Failed: 401 Client Error: Unauthorized for url: https://identity.dataspace.copernicus.eu/auth/realms/CDSE/protocol/openid-connect/token
2018-11-01T00:00:00.000000Z,c_gls_LAI300-RT0_201811100000_GLOBE_PROBAV_V1.0.1_nc,Copernicus_LAI,0.0,Failed: 401 Client Error: Unauthorized for url: https://identity.dataspace.copernicus.eu/auth/realms/CDSE/protocol/openid-connect/token
2018-11-21T00:00:00.000000Z,c_gls_LAI300-RT2_201811300000_GLOBE_PROBAV_V1.0.1_nc,Copernicus_LAI,0.0,Failed: 401 Client Error: Unauthorized for url: https://identity.dataspace.copernicus.eu/auth/realms/CDSE/protocol/openid-connect/token
2018-11-01T00:00:00.000000Z,c_gls_LAI300-RT1_201811100000_GLOBE_PROBAV_V1.0.1_nc,Copernicus_LAI,0.0,Failed: 401 Client Error: Unauthorized for url: https://identity.dataspace.copernicus.eu/auth/realms/CDSE/protocol/openid-connect/token
2018-11-21T00:00:00.000000Z,c_gls_LAI300-RT1_201811300000_GLOBE_PROBAV_V1.0.1_nc,Copernicus_LAI,0.0,Failed: 401 Client Error: Unauthorized for url: https://identity.dataspace.copernicus.eu/auth/realms/CDSE/protocol/openid-connect/token
2018-11-01T00:00:00.000000Z,c_gls_LAI300-RT2_201811100000_GLOBE_PROBAV_V1.0.1_nc,Copernicus_LAI,0.0,Failed: 401 Client Error: Unauthorized for url: https://identity.dataspace.copernicus.eu/auth/realms/CDSE/protocol/openid-connect/token
2018-11-11T00:00:00.000000Z,c_gls_LAI300-RT0_201811200000_GLOBE_PROBAV_V1.0.1_nc,Copernicus_LAI,0.0,Failed: 401 Client Error: Unauthorized for url: https://identity.dataspace.copernicus.eu/auth/realms/CDSE/protocol/openid-connect/token
2019-02-01T00:00:00.000000Z,c_gls_LAI300_201902100000_GLOBE_PROBAV_V1.0.1_nc,Copernicus_LAI,0.0,Failed: 401 Client Error: Unauthorized for url: https://identity.dataspace.copernicus.eu/auth/realms/CDSE/protocol/openid-connect/token
2019-01-01T00:00:00.000000Z,c_gls_LAI300_201901100000_GLOBE_PROBAV_V1.0.1_nc,Copernicus_LAI,0.0,Failed: 403 Client Error: Forbidden for url: https://identity.dataspace.copernicus.eu/auth/realms/CDSE/protocol/openid-connect/token
2019-01-11T00:00:00.000000Z,c_gls_LAI300-RT0_201901200000_GLOBE_PROBAV_V1.0.1_nc,Copernicus_LAI,0.0,Failed: 401 Client Error: Unauthorized for url: https://identity.dataspace.copernicus.eu/auth/realms/CDSE/protocol/openid-connect/token
2019-01-21T00:00:00.000000Z,c_gls_LAI300_201901310000_GLOBE_PROBAV_V1.0.1_nc,Copernicus_LAI,0.0,Failed: 401 Client Error: Unauthorized for url: https://identity.dataspace.copernicus.eu/auth/realms/CDSE/protocol/openid-connect/token
2019-02-01T00:00:00.000000Z,c_gls_LAI300-RT0_201902100000_GLOBE_PROBAV_V1.0.1_nc,Copernicus_LAI,0.0,Failed: 401 Client Error: Unauthorized for url: https://identity.dataspace.copernicus.eu/auth/realms/CDSE/protocol/openid-connect/token
2019-01-01T00:00:00.000000Z,c_gls_LAI300-RT1_201901100000_GLOBE_PROBAV_V1.0.1_nc,Copernicus_LAI,0.0,Failed: 401 Client Error: Unauthorized for url: https://identity.dataspace.copernicus.eu/auth/realms/CDSE/protocol/openid-connect/token
2019-02-21T00:00:00.000000Z,c_gls_LAI300-RT0_201902280000_GLOBE_PROBAV_V1.0.1_nc,Copernicus_LAI,0.0,Failed: 401 Client Error: Unauthorized for url: https://identity.dataspace.copernicus.eu/auth/realms/CDSE/protocol/openid-connect/token
2019-02-11T00:00:00.000000Z,c_gls_LAI300-RT2_201902200000_GLOBE_PROBAV_V1.0.1_nc,Copernicus_LAI,0.0,Failed: 401 Client Error: Unauthorized for url: https://identity.dataspace.copernicus.eu/auth/realms/CDSE/protocol/openid-connect/token
2019-02-11T00:00:00.000000Z,c_gls_LAI300-RT0_201902200000_GLOBE_PROBAV_V1.0.1_nc,Copernicus_LAI,0.0,Failed: 401 Client Error: Unauthorized for url: https://identity.dataspace.copernicus.eu/auth/realms/CDSE/protocol/openid-connect/token
2019-02-21T00:00:00.000000Z,c_gls_LAI300-RT1_201902280000_GLOBE_PROBAV_V1.0.1_nc,Copernicus_LAI,0.0,Failed: 401 Client Error: Unauthorized for url: https://identity.dataspace.copernicus.eu/auth/realms/CDSE/protocol/openid-connect/token
2019-02-01T00:00:00.000000Z,c_gls_LAI300-RT1_201902100000_GLOBE_PROBAV_V1.0.1_nc,Copernicus_LAI,0.0,Failed: 401 Client Error: Unauthorized for url: https://identity.dataspace.copernicus.eu/auth/realms/CDSE/protocol/openid-connect/token
2019-02-11T00:00:00.000000Z,c_gls_LAI300-RT1_201902200000_GLOBE_PROBAV_V1.0.1_nc,Copernicus_LAI,0.0,Failed: 401 Client Error: Unauthorized for url: https://identity.dataspace.copernicus.eu/auth/realms/CDSE/protocol/openid-connect/token
2019-02-21T00:00:00.000000Z,c_gls_LAI300-RT2_201902280000_GLOBE_PROBAV_V1.0.1_nc,Copernicus_LAI,0.0,Failed: 401 Client Error: Unauthorized for url: https://identity.dataspace.copernicus.eu/auth/realms/CDSE/protocol/openid-connect/token
2019-02-21T00:00:00.000000Z,c_gls_LAI300_201902280000_GLOBE_PROBAV_V1.0.1_nc,Copernicus_LAI,0.0,Failed: 401 Client Error: Unauthorized for url: https://identity.dataspace.copernicus.eu/auth/realms/CDSE/protocol/openid-connect/token
2019-02-01T00:00:00.000000Z,c_gls_LAI300-RT2_201902100000_GLOBE_PROBAV_V1.0.1_nc,Copernicus_LAI,0.0,Failed: 401 Client Error: Unauthorized for url: https://identity.dataspace.copernicus.eu/auth/realms/CDSE/protocol/openid-connect/token
2019-10-11T00:00:00.000000Z,c_gls_LAI300-RT0_201910200000_GLOBE_PROBAV_V1.0.1_nc,Copernicus_LAI,0.0,Failed: 401 Client Error: Unauthorized for url: https://identity.dataspace.copernicus.eu/auth/realms/CDSE/protocol/openid-connect/token
2019-09-21T00:00:00.000000Z,c_gls_LAI300_201909300000_GLOBE_PROBAV_V1.0.1_nc,Copernicus_LAI,0.0,Failed: 401 Client Error: Unauthorized for url: https://identity.dataspace.copernicus.eu/auth/realms/CDSE/protocol/openid-connect/token
2019-09-21T00:00:00.000000Z,c_gls_LAI300-RT0_201909300000_GLOBE_PROBAV_V1.0.1_nc,Copernicus_LAI,0.0,Failed: 401 Client Error: Unauthorized for url: https://identity.dataspace.copernicus.eu/auth/realms/CDSE/protocol/openid-connect/token
2019-02-11T00:00:00.000000Z,c_gls_LAI300_201902200000_GLOBE_PROBAV_V1.0.1_nc,Copernicus_LAI,0.0,Failed: 401 Client Error: Unauthorized for url: https://identity.dataspace.copernicus.eu/auth/realms/CDSE/protocol/openid-connect/token
2019-01-01T00:00:00.000000Z,c_gls_LAI300-RT6_201901100000_GLOBE_OLCI_V2.0.1_nc,Copernicus_LAI,0.0,Failed: 401 Client Error: Unauthorized for url: https://identity.dataspace.copernicus.eu/auth/realms/CDSE/protocol/openid-connect/token
2019-09-01T00:00:00.000000Z,c_gls_LAI300-RT0_201909100000_GLOBE_PROBAV_V1.0.1_nc,Copernicus_LAI,0.0,Failed: 401 Client Error: Unauthorized for url: https://identity.dataspace.copernicus.eu/auth/realms/CDSE/protocol/openid-connect/token
2019-09-11T00:00:00.000000Z,c_gls_LAI300_201909200000_GLOBE_PROBAV_V1.0.1_nc,Copernicus_LAI,0.0,Failed: 401 Client Error: Unauthorized for url: https://identity.dataspace.copernicus.eu/auth/realms/CDSE/protocol/openid-connect/token
2019-09-01T00:00:00.000000Z,c_gls_LAI300-RT1_201909100000_GLOBE_PROBAV_V1.0.1_nc,Copernicus_LAI,0.0,Failed: 401 Client Error: Unauthorized for url: https://identity.dataspace.copernicus.eu/auth/realms/CDSE/protocol/openid-connect/token
2019-09-11T00:00:00.000000Z,c_gls_LAI300-RT2_201909200000_GLOBE_PROBAV_V1.0.1_nc,Copernicus_LAI,0.0,Failed: 401 Client Error: Unauthorized for url: https://identity.dataspace.copernicus.eu/auth/realms/CDSE/protocol/openid-connect/token
2019-09-01T00:00:00.000000Z,c_gls_LAI300-RT2_201909100000_GLOBE_PROBAV_V1.0.1_nc,Copernicus_LAI,0.0,Failed: 401 Client Error: Unauthorized for url: https://identity.dataspace.copernicus.eu/auth/realms/CDSE/protocol/openid-connect/token
2019-09-21T00:00:00.000000Z,c_gls_LAI300-RT1_201909300000_GLOBE_PROBAV_V1.0.1_nc,Copernicus_LAI,0.0,Failed: 401 Client Error: Unauthorized for url: https://identity.dataspace.copernicus.eu/auth/realms/CDSE/protocol/openid-connect/token
2019-09-11T00:00:00.000000Z,c_gls_LAI300-RT1_201909200000_GLOBE_PROBAV_V1.0.1_nc,Copernicus_LAI,0.0,Failed: 401 Client Error: Unauthorized for url: https://identity.dataspace.copernicus.eu/auth/realms/CDSE/protocol/openid-connect/token
2019-09-01T00:00:00.000000Z,c_gls_LAI300_201909100000_GLOBE_PROBAV_V1.0.1_nc,Copernicus_LAI,0.0,Failed: 401 Client Error: Unauthorized for url: https://identity.dataspace.copernicus.eu/auth/realms/CDSE/protocol/openid-connect/token
2019-09-11T00:00:00.000000Z,c_gls_LAI300-RT0_201909200000_GLOBE_PROBAV_V1.0.1_nc,Copernicus_LAI,0.0,Failed: 401 Client Error: Unauthorized for url: https://identity.dataspace.copernicus.eu/auth/realms/CDSE/protocol/openid-connect/token
2019-09-21T00:00:00.000000Z,c_gls_LAI300-RT2_201909300000_GLOBE_PROBAV_V1.0.1_nc,Copernicus_LAI,0.0,Failed: 401 Client Error: Unauthorized for url: https://identity.dataspace.copernicus.eu/auth/realms/CDSE/protocol/openid-connect/token
2019-07-01T00:00:00.000000Z,c_gls_LAI300-RT2_201907100000_GLOBE_PROBAV_V1.0.1_nc,Copernicus_LAI,0.0,Failed: 401 Client Error: Unauthorized for url: https://identity.dataspace.copernicus.eu/auth/realms/CDSE/protocol/openid-connect/token
2019-04-21T00:00:00.000000Z,c_gls_LAI300-RT1_201904300000_GLOBE_PROBAV_V1.0.1_nc,Copernicus_LAI,0.0,Failed: 401 Client Error: Unauthorized for url: https://identity.dataspace.copernicus.eu/auth/realms/CDSE/protocol/openid-connect/token
2019-07-21T00:00:00.000000Z,c_gls_LAI300-RT2_201907310000_GLOBE_PROBAV_V1.0.1_nc,Copernicus_LAI,0.0,Failed: 401 Client Error: Unauthorized for url: https://identity.dataspace.copernicus.eu/auth/realms/CDSE/protocol/openid-connect/token
2019-04-01T00:00:00.000000Z,c_gls_LAI300-RT1_201904100000_GLOBE_PROBAV_V1.0.1_nc,Copernicus_LAI,0.0,Failed: 401 Client Error: Unauthorized for url: https://identity.dataspace.copernicus.eu/auth/realms/CDSE/protocol/openid-connect/token
2019-04-11T00:00:00.000000Z,c_gls_LAI300_201904200000_GLOBE_PROBAV_V1.0.1_nc,Copernicus_LAI,0.0,Failed: 401 Client Error: Unauthorized for url: https://identity.dataspace.copernicus.eu/auth/realms/CDSE/protocol/openid-connect/token
2019-04-01T00:00:00.000000Z,c_gls_LAI300-RT2_201904100000_GLOBE_PROBAV_V1.0.1_nc,Copernicus_LAI,0.0,Failed: 401 Client Error: Unauthorized for url: https://identity.dataspace.copernicus.eu/auth/realms/CDSE/protocol/openid-connect/token
2019-04-11T00:00:00.000000Z,c_gls_LAI300-RT0_201904200000_GLOBE_PROBAV_V1.0.1_nc,Copernicus_LAI,0.0,Failed: 401 Client Error: Unauthorized for url: https://identity.dataspace.copernicus.eu/auth/realms/CDSE/protocol/openid-connect/token
2019-04-01T00:00:00.000000Z,c_gls_LAI300_201904100000_GLOBE_PROBAV_V1.0.1_nc,Copernicus_LAI,0.0,Failed: 401 Client Error: Unauthorized for url: https://identity.dataspace.copernicus.eu/auth/realms/CDSE/protocol/openid-connect/token
2019-07-01T00:00:00.000000Z,c_gls_LAI300_201907100000_GLOBE_PROBAV_V1.0.1_nc,Copernicus_LAI,0.0,Failed: 401 Client Error: Unauthorized for url: https://identity.dataspace.copernicus.eu/auth/realms/CDSE/protocol/openid-connect/token
2019-07-01T00:00:00.000000Z,c_gls_LAI300-RT1_201907100000_GLOBE_PROBAV_V1.0.1_nc,Copernicus_LAI,0.0,Failed: 401 Client Error: Unauthorized for url: https://identity.dataspace.copernicus.eu/auth/realms/CDSE/protocol/openid-connect/token
2019-07-11T00:00:00.000000Z,c_gls_LAI300-RT1_201907200000_GLOBE_PROBAV_V1.0.1_nc,Copernicus_LAI,0.0,Failed: 401 Client Error: Unauthorized for url: https://identity.dataspace.copernicus.eu/auth/realms/CDSE/protocol/openid-connect/token
2019-07-01T00:00:00.000000Z,c_gls_LAI300-RT0_201907100000_GLOBE_PROBAV_V1.0.1_nc,Copernicus_LAI,0.0,Failed: 401 Client Error: Unauthorized for url: https://identity.dataspace.copernicus.eu/auth/realms/CDSE/protocol/openid-connect/token
2019-08-01T00:00:00.000000Z,c_gls_LAI300_201908100000_GLOBE_PROBAV_V1.0.1_nc,Copernicus_LAI,0.0,Failed: 401 Client Error: Unauthorized for url: https://identity.dataspace.copernicus.eu/auth/realms/CDSE/protocol/openid-connect/token
2019-07-11T00:00:00.000000Z,c_gls_LAI300_201907200000_GLOBE_PROBAV_V1.0.1_nc,Copernicus_LAI,0.0,Failed: 401 Client Error: Unauthorized for url: https://identity.dataspace.copernicus.eu/auth/realms/CDSE/protocol/openid-connect/token
2019-08-01T00:00:00.000000Z,c_gls_LAI300-RT1_201908100000_GLOBE_PROBAV_V1.0.1_nc,Copernicus_LAI,0.0,Failed: 401 Client Error: Unauthorized for url: https://identity.dataspace.copernicus.eu/auth/realms/CDSE/protocol/openid-connect/token
2019-07-21T00:00:00.000000Z,c_gls_LAI300-RT0_201907310000_GLOBE_PROBAV_V1.0.1_nc,Copernicus_LAI,0.0,Failed: 401 Client Error: Unauthorized for url: https://identity.dataspace.copernicus.eu/auth/realms/CDSE/protocol/openid-connect/token
2019-04-11T00:00:00.000000Z,c_gls_LAI300-RT1_201904200000_GLOBE_PROBAV_V1.0.1_nc,Copernicus_LAI,0.0,Failed: 401 Client Error: Unauthorized for url: https://identity.dataspace.copernicus.eu/auth/realms/CDSE/protocol/openid-connect/token
2019-03-21T00:00:00.000000Z,c_gls_LAI300-RT2_201903310000_GLOBE_PROBAV_V1.0.1_nc,Copernicus_LAI,0.0,Failed: 401 Client Error: Unauthorized for url: https://identity.dataspace.copernicus.eu/auth/realms/CDSE/protocol/openid-connect/token
2019-03-01T00:00:00.000000Z,c_gls_LAI300_201903100000_GLOBE_PROBAV_V1.0.1_nc,Copernicus_LAI,0.0,Failed: 401 Client Error: Unauthorized for url: https://identity.dataspace.copernicus.eu/auth/realms/CDSE/protocol/openid-connect/token
2019-03-01T00:00:00.000000Z,c_gls_LAI300-RT1_201903100000_GLOBE_PROBAV_V1.0.1_nc,Copernicus_LAI,0.0,Failed: 401 Client Error: Unauthorized for url: https://identity.dataspace.copernicus.eu/auth/realms/CDSE/protocol/openid-connect/token
2019-05-01T00:00:00.000000Z,c_gls_LAI300-RT0_201905100000_GLOBE_PROBAV_V1.0.1_nc,Copernicus_LAI,0.0,Failed: 401 Client Error: Unauthorized for url: https://identity.dataspace.copernicus.eu/auth/realms/CDSE/protocol/openid-connect/token
2019-05-11T00:00:00.000000Z,c_gls_LAI300-RT0_201905200000_GLOBE_PROBAV_V1.0.1_nc,Copernicus_LAI,0.0,Failed: 401 Client Error: Unauthorized for url: https://identity.dataspace.copernicus.eu/auth/realms/CDSE/protocol/openid-connect/token
2019-05-21T00:00:00.000000Z,c_gls_LAI300-RT0_201905310000_GLOBE_PROBAV_V1.0.1_nc,Copernicus_LAI,0.0,Failed: 401 Client Error: Unauthorized for url: https://identity.dataspace.copernicus.eu/auth/realms/CDSE/protocol/openid-connect/token
2019-05-01T00:00:00.000000Z,c_gls_LAI300-RT2_201905100000_GLOBE_PROBAV_V1.0.1_nc,Copernicus_LAI,0.0,Failed: 401 Client Error: Unauthorized for url: https://identity.dataspace.copernicus.eu/auth/realms/CDSE/protocol/openid-connect/token
2019-05-01T00:00:00.000000Z,c_gls_LAI300-RT1_201905100000_GLOBE_PROBAV_V1.0.1_nc,Copernicus_LAI,0.0,Failed: 401 Client Error: Unauthorized for url: https://identity.dataspace.copernicus.eu/auth/realms/CDSE/protocol/openid-connect/token
2019-05-21T00:00:00.000000Z,c_gls_LAI300-RT2_201905310000_GLOBE_PROBAV_V1.0.1_nc,Copernicus_LAI,0.0,Failed: 401 Client Error: Unauthorized for url: https://identity.dataspace.copernicus.eu/auth/realms/CDSE/protocol/openid-connect/token
2019-05-01T00:00:00.000000Z,c_gls_LAI300_201905100000_GLOBE_PROBAV_V1.0.1_nc,Copernicus_LAI,0.0,Failed: 401 Client Error: Unauthorized for url: https://identity.dataspace.copernicus.eu/auth/realms/CDSE/protocol/openid-connect/token
2019-05-11T00:00:00.000000Z,c_gls_LAI300-RT1_201905200000_GLOBE_PROBAV_V1.0.1_nc,Copernicus_LAI,0.0,Failed: 401 Client Error: Unauthorized for url: https://identity.dataspace.copernicus.eu/auth/realms/CDSE/protocol/openid-connect/token
2019-05-11T00:00:00.000000Z,c_gls_LAI300-RT2_201905200000_GLOBE_PROBAV_V1.0.1_nc,Copernicus_LAI,0.0,Failed: 401 Client Error: Unauthorized for url: https://identity.dataspace.copernicus.eu/auth/realms/CDSE/protocol/openid-connect/token
2019-05-21T00:00:00.000000Z,c_gls_LAI300_201905310000_GLOBE_PROBAV_V1.0.1_nc,Copernicus_LAI,0.0,Failed: 401 Client Error: Unauthorized for url: https://identity.dataspace.copernicus.eu/auth/realms/CDSE/protocol/openid-connect/token
2019-05-11T00:00:00.000000Z,c_gls_LAI300_201905200000_GLOBE_PROBAV_V1.0.1_nc,Copernicus_LAI,0.0,Failed: 401 Client Error: Unauthorized for url: https://identity.dataspace.copernicus.eu/auth/realms/CDSE/protocol/openid-connect/token
2019-05-21T00:00:00.000000Z,c_gls_LAI300-RT1_201905310000_GLOBE_PROBAV_V1.0.1_nc,Copernicus_LAI,0.0,Failed: 401 Client Error: Unauthorized for url: https://identity.dataspace.copernicus.eu/auth/realms/CDSE/protocol/openid-connect/token
2019-01-01T00:00:00.000000Z,c_gls_LAI300-RT2_201901100000_GLOBE_PROBAV_V1.0.1_nc,Copernicus_LAI,0.0,Failed: 401 Client Error: Unauthorized for url: https://identity.dataspace.copernicus.eu/auth/realms/CDSE/protocol/openid-connect/token
2019-06-11T00:00:00.000000Z,c_gls_LAI300-RT2_201906200000_GLOBE_PROBAV_V1.0.1_nc,Copernicus_LAI,0.0,Failed: 401 Client Error: Unauthorized for url: https://identity.dataspace.copernicus.eu/auth/realms/CDSE/protocol/openid-connect/token
2019-06-21T00:00:00.000000Z,c_gls_LAI300_201906300000_GLOBE_PROBAV_V1.0.1_nc,Copernicus_LAI,0.0,Failed: 401 Client Error: Unauthorized for url: https://identity.dataspace.copernicus.eu/auth/realms/CDSE/protocol/openid-connect/token
2019-06-21T00:00:00.000000Z,c_gls_LAI300-RT0_201906300000_GLOBE_PROBAV_V1.0.1_nc,Copernicus_LAI,0.0,Failed: 401 Client Error: Unauthorized for url: https://identity.dataspace.copernicus.eu/auth/realms/CDSE/protocol/openid-connect/token
2019-06-01T00:00:00.000000Z,c_gls_LAI300-RT2_201906100000_GLOBE_PROBAV_V1.0.1_nc,Copernicus_LAI,0.0,Failed: 401 Client Error: Unauthorized for url: https://identity.dataspace.copernicus.eu/auth/realms/CDSE/protocol/openid-connect/token
2019-06-11T00:00:00.000000Z,c_gls_LAI300-RT0_201906200000_GLOBE_PROBAV_V1.0.1_nc,Copernicus_LAI,0.0,Failed: 401 Client Error: Unauthorized for url: https://identity.dataspace.copernicus.eu/auth/realms/CDSE/protocol/openid-connect/token
2019-06-01T00:00:00.000000Z,c_gls_LAI300-RT0_201906100000_GLOBE_PROBAV_V1.0.1_nc,Copernicus_LAI,0.0,Failed: 401 Client Error: Unauthorized for url: https://identity.dataspace.copernicus.eu/auth/realms/CDSE/protocol/openid-connect/token
2019-06-11T00:00:00.000000Z,c_gls_LAI300-RT1_201906200000_GLOBE_PROBAV_V1.0.1_nc,Copernicus_LAI,0.0,Failed: 401 Client Error: Unauthorized for url: https://identity.dataspace.copernicus.eu/auth/realms/CDSE/protocol/openid-connect/token
2019-06-11T00:00:00.000000Z,c_gls_LAI300_201906200000_GLOBE_PROBAV_V1.0.1_nc,Copernicus_LAI,0.0,Failed: 401 Client Error: Unauthorized for url: https://identity.dataspace.copernicus.eu/auth/realms/CDSE/protocol/openid-connect/token
2019-06-21T00:00:00.000000Z,c_gls_LAI300-RT1_201906300000_GLOBE_PROBAV_V1.0.1_nc,Copernicus_LAI,0.0,Failed: 401 Client Error: Unauthorized for url: https://identity.dataspace.copernicus.eu/auth/realms/CDSE/protocol/openid-connect/token
2019-08-11T00:00:00.000000Z,c_gls_LAI300-RT0_201908200000_GLOBE_PROBAV_V1.0.1_nc,Copernicus_LAI,0.0,Failed: 401 Client Error: Unauthorized for url: https://identity.dataspace.copernicus.eu/auth/realms/CDSE/protocol/openid-connect/token
2019-08-11T00:00:00.000000Z,c_gls_LAI300-RT1_201908200000_GLOBE_PROBAV_V1.0.1_nc,Copernicus_LAI,0.0,Failed: 401 Client Error: Unauthorized for url: https://identity.dataspace.copernicus.eu/auth/realms/CDSE/protocol/openid-connect/token
2019-08-21T00:00:00.000000Z,c_gls_LAI300_201908310000_GLOBE_PROBAV_V1.0.1_nc,Copernicus_LAI,0.0,Failed: 401 Client Error: Unauthorized for url: https://identity.dataspace.copernicus.eu/auth/realms/CDSE/protocol/openid-connect/token
2019-01-11T00:00:00.000000Z,c_gls_LAI300_201901200000_GLOBE_PROBAV_V1.0.1_nc,Copernicus_LAI,0.0,Failed: 401 Client Error: Unauthorized for url: https://identity.dataspace.copernicus.eu/auth/realms/CDSE/protocol/openid-connect/token
2019-01-21T00:00:00.000000Z,c_gls_LAI300-RT0_201901310000_GLOBE_PROBAV_V1.0.1_nc,Copernicus_LAI,0.0,Failed: 401 Client Error: Unauthorized for url: https://identity.dataspace.copernicus.eu/auth/realms/CDSE/protocol/openid-connect/token
2019-01-01T00:00:00.000000Z,c_gls_LAI300-RT0_201901100000_GLOBE_PROBAV_V1.0.1_nc,Copernicus_LAI,0.0,Failed: 401 Client Error: Unauthorized for url: https://identity.dataspace.copernicus.eu/auth/realms/CDSE/protocol/openid-connect/token
2019-01-11T00:00:00.000000Z,c_gls_LAI300-RT1_201901200000_GLOBE_PROBAV_V1.0.1_nc,Copernicus_LAI,0.0,Failed: 401 Client Error: Unauthorized for url: https://identity.dataspace.copernicus.eu/auth/realms/CDSE/protocol/openid-connect/token
2019-01-21T00:00:00.000000Z,c_gls_LAI300-RT2_201901310000_GLOBE_PROBAV_V1.0.1_nc,Copernicus_LAI,0.0,Failed: 401 Client Error: Unauthorized for url: https://identity.dataspace.copernicus.eu/auth/realms/CDSE/protocol/openid-connect/token
2019-01-21T00:00:00.000000Z,c_gls_LAI300-RT1_201901310000_GLOBE_PROBAV_V1.0.1_nc,Copernicus_LAI,0.0,Failed: 401 Client Error: Unauthorized for url: https://identity.dataspace.copernicus.eu/auth/realms/CDSE/protocol/openid-connect/token
2019-01-11T00:00:00.000000Z,c_gls_LAI300-RT2_201901200000_GLOBE_PROBAV_V1.0.1_nc,Copernicus_LAI,0.0,Failed: 401 Client Error: Unauthorized for url: https://identity.dataspace.copernicus.eu/auth/realms/CDSE/protocol/openid-connect/token
2019-04-01T00:00:00.000000Z,c_gls_LAI300-RT0_201904100000_GLOBE_PROBAV_V1.0.1_nc,Copernicus_LAI,0.0,Failed: 401 Client Error: Unauthorized for url: https://identity.dataspace.copernicus.eu/auth/realms/CDSE/protocol/openid-connect/token
2019-04-21T00:00:00.000000Z,c_gls_LAI300-RT2_201904300000_GLOBE_PROBAV_V1.0.1_nc,Copernicus_LAI,0.0,Failed: 401 Client Error: Unauthorized for url: https://identity.dataspace.copernicus.eu/auth/realms/CDSE/protocol/openid-connect/token
2019-04-21T00:00:00.000000Z,c_gls_LAI300-RT0_201904300000_GLOBE_PROBAV_V1.0.1_nc,Copernicus_LAI,0.0,Failed: 401 Client Error: Unauthorized for url: https://identity.dataspace.copernicus.eu/auth/realms/CDSE/protocol/openid-connect/token
2019-04-11T00:00:00.000000Z,c_gls_LAI300-RT2_201904200000_GLOBE_PROBAV_V1.0.1_nc,Copernicus_LAI,0.0,Failed: 401 Client Error: Unauthorized for url: https://identity.dataspace.copernicus.eu/auth/realms/CDSE/protocol/openid-connect/token
2019-04-21T00:00:00.000000Z,c_gls_LAI300_201904300000_GLOBE_PROBAV_V1.0.1_nc,Copernicus_LAI,0.0,Failed: 401 Client Error: Unauthorized for url: https://identity.dataspace.copernicus.eu/auth/realms/CDSE/protocol/openid-connect/token
2019-08-11T00:00:00.000000Z,c_gls_LAI300_201908200000_GLOBE_PROBAV_V1.0.1_nc,Copernicus_LAI,0.0,Failed: 401 Client Error: Unauthorized for url: https://identity.dataspace.copernicus.eu/auth/realms/CDSE/protocol/openid-connect/token
2019-08-21T00:00:00.000000Z,c_gls_LAI300-RT2_201908310000_GLOBE_PROBAV_V1.0.1_nc,Copernicus_LAI,0.0,Failed: 401 Client Error: Unauthorized for url: https://identity.dataspace.copernicus.eu/auth/realms/CDSE/protocol/openid-connect/token
2019-08-11T00:00:00.000000Z,c_gls_LAI300-RT2_201908200000_GLOBE_PROBAV_V1.0.1_nc,Copernicus_LAI,0.0,Failed: 401 Client Error: Unauthorized for url: https://identity.dataspace.copernicus.eu/auth/realms/CDSE/protocol/openid-connect/token
2019-08-21T00:00:00.000000Z,c_gls_LAI300-RT1_201908310000_GLOBE_PROBAV_V1.0.1_nc,Copernicus_LAI,0.0,Failed: 401 Client Error: Unauthorized for url: https://identity.dataspace.copernicus.eu/auth/realms/CDSE/protocol/openid-connect/token
2019-08-01T00:00:00.000000Z,c_gls_LAI300-RT0_201908100000_GLOBE_PROBAV_V1.0.1_nc,Copernicus_LAI,0.0,Failed: 401 Client Error: Unauthorized for url: https://identity.dataspace.copernicus.eu/auth/realms/CDSE/protocol/openid-connect/token
2019-08-21T00:00:00.000000Z,c_gls_LAI300-RT0_201908310000_GLOBE_PROBAV_V1.0.1_nc,Copernicus_LAI,0.0,Failed: 401 Client Error: Unauthorized for url: https://identity.dataspace.copernicus.eu/auth/realms/CDSE/protocol/openid-connect/token
2019-08-01T00:00:00.000000Z,c_gls_LAI300-RT2_201908100000_GLOBE_PROBAV_V1.0.1_nc,Copernicus_LAI,0.0,Failed: 401 Client Error: Unauthorized for url: https://identity.dataspace.copernicus.eu/auth/realms/CDSE/protocol/openid-connect/token
2019-03-21T00:00:00.000000Z,c_gls_LAI300-RT0_201903310000_GLOBE_PROBAV_V1.0.1_nc,Copernicus_LAI,0.0,Failed: 401 Client Error: Unauthorized for url: https://identity.dataspace.copernicus.eu/auth/realms/CDSE/protocol/openid-connect/token
2019-03-01T00:00:00.000000Z,c_gls_LAI300-RT2_201903100000_GLOBE_PROBAV_V1.0.1_nc,Copernicus_LAI,0.0,Failed: 401 Client Error: Unauthorized for url: https://identity.dataspace.copernicus.eu/auth/realms/CDSE/protocol/openid-connect/token
2019-03-11T00:00:00.000000Z,c_gls_LAI300-RT2_201903200000_GLOBE_PROBAV_V1.0.1_nc,Copernicus_LAI,0.0,Failed: 401 Client Error: Unauthorized for url: https://identity.dataspace.copernicus.eu/auth/realms/CDSE/protocol/openid-connect/token
2019-03-21T00:00:00.000000Z,c_gls_LAI300-RT1_201903310000_GLOBE_PROBAV_V1.0.1_nc,Copernicus_LAI,0.0,Failed: 401 Client Error: Unauthorized for url: https://identity.dataspace.copernicus.eu/auth/realms/CDSE/protocol/openid-connect/token
2019-03-11T00:00:00.000000Z,c_gls_LAI300_201903200000_GLOBE_PROBAV_V1.0.1_nc,Copernicus_LAI,0.0,Failed: 401 Client Error: Unauthorized for url: https://identity.dataspace.copernicus.eu/auth/realms/CDSE/protocol/openid-connect/token
2019-03-11T00:00:00.000000Z,c_gls_LAI300-RT1_201903200000_GLOBE_PROBAV_V1.0.1_nc,Copernicus_LAI,0.0,Failed: 401 Client Error: Unauthorized for url: https://identity.dataspace.copernicus.eu/auth/realms/CDSE/protocol/openid-connect/token
2019-03-01T00:00:00.000000Z,c_gls_LAI300-RT0_201903100000_GLOBE_PROBAV_V1.0.1_nc,Copernicus_LAI,0.0,Failed: 401 Client Error: Unauthorized for url: https://identity.dataspace.copernicus.eu/auth/realms/CDSE/protocol/openid-connect/token
2019-03-11T00:00:00.000000Z,c_gls_LAI300-RT0_201903200000_GLOBE_PROBAV_V1.0.1_nc,Copernicus_LAI,0.0,Failed: 401 Client Error: Unauthorized for url: https://identity.dataspace.copernicus.eu/auth/realms/CDSE/protocol/openid-connect/token
2019-03-21T00:00:00.000000Z,c_gls_LAI300_201903310000_GLOBE_PROBAV_V1.0.1_nc,Copernicus_LAI,0.0,Failed: 401 Client Error: Unauthorized for url: https://identity.dataspace.copernicus.eu/auth/realms/CDSE/protocol/openid-connect/token
2019-07-21T00:00:00.000000Z,c_gls_LAI300-RT6_201907310000_GLOBE_OLCI_V2.0.1_nc,Copernicus_LAI,0.0,Failed: 401 Client Error: Unauthorized for url: https://identity.dataspace.copernicus.eu/auth/realms/CDSE/protocol/openid-connect/token
2019-01-21T00:00:00.000000Z,c_gls_LAI300-RT6_201901310000_GLOBE_OLCI_V2.0.1_nc,Copernicus_LAI,0.0,Failed: 401 Client Error: Unauthorized for url: https://identity.dataspace.copernicus.eu/auth/realms/CDSE/protocol/openid-connect/token
2019-02-01T00:00:00.000000Z,c_gls_LAI300-RT6_201902100000_GLOBE_OLCI_V2.0.1_nc,Copernicus_LAI,0.0,Failed: 401 Client Error: Unauthorized for url: https://identity.dataspace.copernicus.eu/auth/realms/CDSE/protocol/openid-connect/token
2019-01-11T00:00:00.000000Z,c_gls_LAI300-RT6_201901200000_GLOBE_OLCI_V2.0.1_nc,Copernicus_LAI,0.0,Failed: 401 Client Error: Unauthorized for url: https://identity.dataspace.copernicus.eu/auth/realms/CDSE/protocol/openid-connect/token
2019-02-11T00:00:00.000000Z,c_gls_LAI300-RT6_201902200000_GLOBE_OLCI_V2.0.1_nc,Copernicus_LAI,0.0,Failed: 401 Client Error: Unauthorized for url: https://identity.dataspace.copernicus.eu/auth/realms/CDSE/protocol/openid-connect/token
2019-03-01T00:00:00.000000Z,c_gls_LAI300-RT6_201903100000_GLOBE_OLCI_V2.0.1_nc,Copernicus_LAI,0.0,Failed: 401 Client Error: Unauthorized for url: https://identity.dataspace.copernicus.eu/auth/realms/CDSE/protocol/openid-connect/token
2019-02-21T00:00:00.000000Z,c_gls_LAI300-RT6_201902280000_GLOBE_OLCI_V2.0.1_nc,Copernicus_LAI,0.0,Failed: 401 Client Error: Unauthorized for url: https://identity.dataspace.copernicus.eu/auth/realms/CDSE/protocol/openid-connect/token
2019-03-11T00:00:00.000000Z,c_gls_LAI300-RT6_201903200000_GLOBE_OLCI_V2.0.1_nc,Copernicus_LAI,0.0,Failed: 401 Client Error: Unauthorized for url: https://identity.dataspace.copernicus.eu/auth/realms/CDSE/protocol/openid-connect/token
2019-03-21T00:00:00.000000Z,c_gls_LAI300-RT6_201903310000_GLOBE_OLCI_V2.0.1_nc,Copernicus_LAI,0.0,Failed: 401 Client Error: Unauthorized for url: https://identity.dataspace.copernicus.eu/auth/realms/CDSE/protocol/openid-connect/token
2019-05-01T00:00:00.000000Z,c_gls_LAI300-RT6_201905100000_GLOBE_OLCI_V2.0.1_nc,Copernicus_LAI,0.0,Failed: 401 Client Error: Unauthorized for url: https://identity.dataspace.copernicus.eu/auth/realms/CDSE/protocol/openid-connect/token
2019-04-01T00:00:00.000000Z,c_gls_LAI300-RT6_201904100000_GLOBE_OLCI_V2.0.1_nc,Copernicus_LAI,0.0,Failed: 401 Client Error: Unauthorized for url: https://identity.dataspace.copernicus.eu/auth/realms/CDSE/protocol/openid-connect/token
2019-04-21T00:00:00.000000Z,c_gls_LAI300-RT6_201904300000_GLOBE_OLCI_V2.0.1_nc,Copernicus_LAI,0.0,Failed: 401 Client Error: Unauthorized for url: https://identity.dataspace.copernicus.eu/auth/realms/CDSE/protocol/openid-connect/token
2019-05-21T00:00:00.000000Z,c_gls_LAI300-RT6_201905310000_GLOBE_OLCI_V2.0.1_nc,Copernicus_LAI,0.0,Failed: 401 Client Error: Unauthorized for url: https://identity.dataspace.copernicus.eu/auth/realms/CDSE/protocol/openid-connect/token
2019-06-01T00:00:00.000000Z,c_gls_LAI300-RT6_201906100000_GLOBE_OLCI_V2.0.1_nc,Copernicus_LAI,0.0,Failed: 401 Client Error: Unauthorized for url: https://identity.dataspace.copernicus.eu/auth/realms/CDSE/protocol/openid-connect/token
2019-06-21T00:00:00.000000Z,c_gls_LAI300-RT6_201906300000_GLOBE_OLCI_V2.0.1_nc,Copernicus_LAI,0.0,Failed: 401 Client Error: Unauthorized for url: https://identity.dataspace.copernicus.eu/auth/realms/CDSE/protocol/openid-connect/token
2019-04-11T00:00:00.000000Z,c_gls_LAI300-RT6_201904200000_GLOBE_OLCI_V2.0.1_nc,Copernicus_LAI,0.0,Failed: 401 Client Error: Unauthorized for url: https://identity.dataspace.copernicus.eu/auth/realms/CDSE/protocol/openid-connect/token
2019-05-11T00:00:00.000000Z,c_gls_LAI300-RT6_201905200000_GLOBE_OLCI_V2.0.1_nc,Copernicus_LAI,0.0,Failed: 401 Client Error: Unauthorized for url: https://identity.dataspace.copernicus.eu/auth/realms/CDSE/protocol/openid-connect/token
2019-08-21T00:00:00.000000Z,c_gls_LAI300-RT6_201908310000_GLOBE_OLCI_V2.0.1_nc,Copernicus_LAI,0.0,Failed: 401 Client Error: Unauthorized for url: https://identity.dataspace.copernicus.eu/auth/realms/CDSE/protocol/openid-connect/token
2019-06-11T00:00:00.000000Z,c_gls_LAI300-RT6_201906200000_GLOBE_OLCI_V2.0.1_nc,Copernicus_LAI,0.0,Failed: 401 Client Error: Unauthorized for url: https://identity.dataspace.copernicus.eu/auth/realms/CDSE/protocol/openid-connect/token
2019-07-01T00:00:00.000000Z,c_gls_LAI300-RT6_201907100000_GLOBE_OLCI_V2.0.1_nc,Copernicus_LAI,0.0,Failed: 401 Client Error: Unauthorized for url: https://identity.dataspace.copernicus.eu/auth/realms/CDSE/protocol/openid-connect/token
2019-11-11T00:00:00.000000Z,c_gls_LAI300-RT6_201911200000_GLOBE_OLCI_V2.0.1_nc,Copernicus_LAI,0.0,Failed: 401 Client Error: Unauthorized for url: https://identity.dataspace.copernicus.eu/auth/realms/CDSE/protocol/openid-connect/token
2019-11-21T00:00:00.000000Z,c_gls_LAI300-RT6_201911300000_GLOBE_OLCI_V2.0.1_nc,Copernicus_LAI,0.0,Failed: 401 Client Error: Unauthorized for url: https://identity.dataspace.copernicus.eu/auth/realms/CDSE/protocol/openid-connect/token
2019-07-11T00:00:00.000000Z,c_gls_LAI300-RT6_201907200000_GLOBE_OLCI_V2.0.1_nc,Copernicus_LAI,0.0,Failed: 401 Client Error: Unauthorized for url: https://identity.dataspace.copernicus.eu/auth/realms/CDSE/protocol/openid-connect/token
2019-11-01T00:00:00.000000Z,c_gls_LAI300-RT6_201911100000_GLOBE_OLCI_V2.0.1_nc,Copernicus_LAI,0.0,Failed: 401 Client Error: Unauthorized for url: https://identity.dataspace.copernicus.eu/auth/realms/CDSE/protocol/openid-connect/token
2019-10-21T00:00:00.000000Z,c_gls_LAI300-RT6_201910310000_GLOBE_OLCI_V2.0.1_nc,Copernicus_LAI,0.0,Failed: 401 Client Error: Unauthorized for url: https://identity.dataspace.copernicus.eu/auth/realms/CDSE/protocol/openid-connect/token
2019-09-21T00:00:00.000000Z,c_gls_LAI300-RT6_201909300000_GLOBE_OLCI_V2.0.1_nc,Copernicus_LAI,0.0,Failed: 401 Client Error: Unauthorized for url: https://identity.dataspace.copernicus.eu/auth/realms/CDSE/protocol/openid-connect/token
2019-09-11T00:00:00.000000Z,c_gls_LAI300-RT6_201909200000_GLOBE_OLCI_V2.0.1_nc,Copernicus_LAI,0.0,Failed: 401 Client Error: Unauthorized for url: https://identity.dataspace.copernicus.eu/auth/realms/CDSE/protocol/openid-connect/token
2019-09-01T00:00:00.000000Z,c_gls_LAI300-RT6_201909100000_GLOBE_OLCI_V2.0.1_nc,Copernicus_LAI,0.0,Failed: 401 Client Error: Unauthorized for url: https://identity.dataspace.copernicus.eu/auth/realms/CDSE/protocol/openid-connect/token
2019-08-11T00:00:00.000000Z,c_gls_LAI300-RT6_201908200000_GLOBE_OLCI_V2.0.1_nc,Copernicus_LAI,0.0,Failed: 401 Client Error: Unauthorized for url: https://identity.dataspace.copernicus.eu/auth/realms/CDSE/protocol/openid-connect/token
2019-08-01T00:00:00.000000Z,c_gls_LAI300-RT6_201908100000_GLOBE_OLCI_V2.0.1_nc,Copernicus_LAI,0.0,Failed: 401 Client Error: Unauthorized for url: https://identity.dataspace.copernicus.eu/auth/realms/CDSE/protocol/openid-connect/token
2019-10-11T00:00:00.000000Z,c_gls_LAI300-RT6_201910200000_GLOBE_OLCI_V2.0.1_nc,Copernicus_LAI,0.0,Failed: 401 Client Error: Unauthorized for url: https://identity.dataspace.copernicus.eu/auth/realms/CDSE/protocol/openid-connect/token
2019-10-01T00:00:00.000000Z,c_gls_LAI300-RT6_201910100000_GLOBE_OLCI_V2.0.1_nc,Copernicus_LAI,0.0,Failed: 401 Client Error: Unauthorized for url: https://identity.dataspace.copernicus.eu/auth/realms/CDSE/protocol/openid-connect/token
2019-12-21T00:00:00.000000Z,c_gls_LAI300-RT6_201912310000_GLOBE_OLCI_V2.0.1_nc,Copernicus_LAI,0.0,Failed: 401 Client Error: Unauthorized for url: https://identity.dataspace.copernicus.eu/auth/realms/CDSE/protocol/openid-connect/token
2019-12-11T00:00:00.000000Z,c_gls_LAI300-RT6_201912200000_GLOBE_OLCI_V2.0.1_nc,Copernicus_LAI,0.0,Failed: 401 Client Error: Unauthorized for url: https://identity.dataspace.copernicus.eu/auth/realms/CDSE/protocol/openid-connect/token
2019-12-01T00:00:00.000000Z,c_gls_LAI300-RT6_201912100000_GLOBE_OLCI_V2.0.1_nc,Copernicus_LAI,0.0,Failed: 401 Client Error: Unauthorized for url: https://identity.dataspace.copernicus.eu/auth/realms/CDSE/protocol/openid-connect/token
2019-12-01T00:00:00.000000Z,c_gls_LAI300_201912100000_GLOBE_PROBAV_V1.0.1_nc,Copernicus_LAI,0.0,Failed: 401 Client Error: Unauthorized for url: https://identity.dataspace.copernicus.eu/auth/realms/CDSE/protocol/openid-connect/token
2019-12-11T00:00:00.000000Z,c_gls_LAI300_201912200000_GLOBE_PROBAV_V1.0.1_nc,Copernicus_LAI,0.0,Failed: 401 Client Error: Unauthorized for url: https://identity.dataspace.copernicus.eu/auth/realms/CDSE/protocol/openid-connect/token
2019-12-21T00:00:00.000000Z,c_gls_LAI300-RT0_201912310000_GLOBE_PROBAV_V1.0.1_nc,Copernicus_LAI,0.0,Failed: 401 Client Error: Unauthorized for url: https://identity.dataspace.copernicus.eu/auth/realms/CDSE/protocol/openid-connect/token
2019-12-21T00:00:00.000000Z,c_gls_LAI300_201912310000_GLOBE_PROBAV_V1.0.1_nc,Copernicus_LAI,0.0,Failed: 401 Client Error: Unauthorized for url: https://identity.dataspace.copernicus.eu/auth/realms/CDSE/protocol/openid-connect/token
2019-12-11T00:00:00.000000Z,c_gls_LAI300-RT0_201912200000_GLOBE_PROBAV_V1.0.1_nc,Copernicus_LAI,0.0,Failed: 401 Client Error: Unauthorized for url: https://identity.dataspace.copernicus.eu/auth/realms/CDSE/protocol/openid-connect/token
2019-12-01T00:00:00.000000Z,c_gls_LAI300-RT2_201912100000_GLOBE_PROBAV_V1.0.1_nc,Copernicus_LAI,0.0,Failed: 401 Client Error: Unauthorized for url: https://identity.dataspace.copernicus.eu/auth/realms/CDSE/protocol/openid-connect/token
2019-12-01T00:00:00.000000Z,c_gls_LAI300-RT0_201912100000_GLOBE_PROBAV_V1.0.1_nc,Copernicus_LAI,0.0,Failed: 401 Client Error: Unauthorized for url: https://identity.dataspace.copernicus.eu/auth/realms/CDSE/protocol/openid-connect/token
2019-11-21T00:00:00.000000Z,c_gls_LAI300_201911300000_GLOBE_PROBAV_V1.0.1_nc,Copernicus_LAI,0.0,Failed: 401 Client Error: Unauthorized for url: https://identity.dataspace.copernicus.eu/auth/realms/CDSE/protocol/openid-connect/token
2019-11-11T00:00:00.000000Z,c_gls_LAI300-RT1_201911200000_GLOBE_PROBAV_V1.0.1_nc,Copernicus_LAI,0.0,Failed: 401 Client Error: Unauthorized for url: https://identity.dataspace.copernicus.eu/auth/realms/CDSE/protocol/openid-connect/token
2019-11-11T00:00:00.000000Z,c_gls_LAI300_201911200000_GLOBE_PROBAV_V1.0.1_nc,Copernicus_LAI,0.0,Failed: 401 Client Error: Unauthorized for url: https://identity.dataspace.copernicus.eu/auth/realms/CDSE/protocol/openid-connect/token
2019-11-21T00:00:00.000000Z,c_gls_LAI300-RT2_201911300000_GLOBE_PROBAV_V1.0.1_nc,Copernicus_LAI,0.0,Failed: 401 Client Error: Unauthorized for url: https://identity.dataspace.copernicus.eu/auth/realms/CDSE/protocol/openid-connect/token
2019-11-21T00:00:00.000000Z,c_gls_LAI300-RT1_201911300000_GLOBE_PROBAV_V1.0.1_nc,Copernicus_LAI,0.0,Failed: 401 Client Error: Unauthorized for url: https://identity.dataspace.copernicus.eu/auth/realms/CDSE/protocol/openid-connect/token
2019-11-21T00:00:00.000000Z,c_gls_LAI300-RT0_201911300000_GLOBE_PROBAV_V1.0.1_nc,Copernicus_LAI,0.0,Failed: 401 Client Error: Unauthorized for url: https://identity.dataspace.copernicus.eu/auth/realms/CDSE/protocol/openid-connect/token
2019-11-11T00:00:00.000000Z,c_gls_LAI300-RT2_201911200000_GLOBE_PROBAV_V1.0.1_nc,Copernicus_LAI,0.0,Failed: 401 Client Error: Unauthorized for url: https://identity.dataspace.copernicus.eu/auth/realms/CDSE/protocol/openid-connect/token
2019-07-21T00:00:00.000000Z,c_gls_LAI300-RT1_201907310000_GLOBE_PROBAV_V1.0.1_nc,Copernicus_LAI,0.0,Failed: 401 Client Error: Unauthorized for url: https://identity.dataspace.copernicus.eu/auth/realms/CDSE/protocol/openid-connect/token
2019-07-11T00:00:00.000000Z,c_gls_LAI300-RT2_201907200000_GLOBE_PROBAV_V1.0.1_nc,Copernicus_LAI,0.0,Failed: 401 Client Error: Unauthorized for url: https://identity.dataspace.copernicus.eu/auth/realms/CDSE/protocol/openid-connect/token
2019-07-21T00:00:00.000000Z,c_gls_LAI300_201907310000_GLOBE_PROBAV_V1.0.1_nc,Copernicus_LAI,0.0,Failed: 401 Client Error: Unauthorized for url: https://identity.dataspace.copernicus.eu/auth/realms/CDSE/protocol/openid-connect/token
2019-07-11T00:00:00.000000Z,c_gls_LAI300-RT0_201907200000_GLOBE_PROBAV_V1.0.1_nc,Copernicus_LAI,0.0,Failed: 401 Client Error: Unauthorized for url: https://identity.dataspace.copernicus.eu/auth/realms/CDSE/protocol/openid-connect/token
2019-12-21T00:00:00.000000Z,c_gls_LAI300-RT2_201912310000_GLOBE_PROBAV_V1.0.1_nc,Copernicus_LAI,0.0,Failed: 401 Client Error: Unauthorized for url: https://identity.dataspace.copernicus.eu/auth/realms/CDSE/protocol/openid-connect/token
2019-12-01T00:00:00.000000Z,c_gls_LAI300-RT1_201912100000_GLOBE_PROBAV_V1.0.1_nc,Copernicus_LAI,0.0,Failed: 401 Client Error: Unauthorized for url: https://identity.dataspace.copernicus.eu/auth/realms/CDSE/protocol/openid-connect/token
2019-12-11T00:00:00.000000Z,c_gls_LAI300-RT2_201912200000_GLOBE_PROBAV_V1.0.1_nc,Copernicus_LAI,0.0,Failed: 401 Client Error: Unauthorized for url: https://identity.dataspace.copernicus.eu/auth/realms/CDSE/protocol/openid-connect/token
2019-12-11T00:00:00.000000Z,c_gls_LAI300-RT1_201912200000_GLOBE_PROBAV_V1.0.1_nc,Copernicus_LAI,0.0,Failed: 401 Client Error: Unauthorized for url: https://identity.dataspace.copernicus.eu/auth/realms/CDSE/protocol/openid-connect/token
2019-12-21T00:00:00.000000Z,c_gls_LAI300-RT1_201912310000_GLOBE_PROBAV_V1.0.1_nc,Copernicus_LAI,0.0,Failed: 401 Client Error: Unauthorized for url: https://identity.dataspace.copernicus.eu/auth/realms/CDSE/protocol/openid-connect/token
2019-11-01T00:00:00.000000Z,c_gls_LAI300_201911100000_GLOBE_PROBAV_V1.0.1_nc,Copernicus_LAI,0.0,Failed: 401 Client Error: Unauthorized for url: https://identity.dataspace.copernicus.eu/auth/realms/CDSE/protocol/openid-connect/token
2019-11-11T00:00:00.000000Z,c_gls_LAI300-RT0_201911200000_GLOBE_PROBAV_V1.0.1_nc,Copernicus_LAI,0.0,Failed: 401 Client Error: Unauthorized for url: https://identity.dataspace.copernicus.eu/auth/realms/CDSE/protocol/openid-connect/token
2019-11-01T00:00:00.000000Z,c_gls_LAI300-RT1_201911100000_GLOBE_PROBAV_V1.0.1_nc,Copernicus_LAI,0.0,Failed: 401 Client Error: Unauthorized for url: https://identity.dataspace.copernicus.eu/auth/realms/CDSE/protocol/openid-connect/token
2019-11-01T00:00:00.000000Z,c_gls_LAI300-RT2_201911100000_GLOBE_PROBAV_V1.0.1_nc,Copernicus_LAI,0.0,Failed: 401 Client Error: Unauthorized for url: https://identity.dataspace.copernicus.eu/auth/realms/CDSE/protocol/openid-connect/token
2019-11-01T00:00:00.000000Z,c_gls_LAI300-RT0_201911100000_GLOBE_PROBAV_V1.0.1_nc,Copernicus_LAI,0.0,Failed: 401 Client Error: Unauthorized for url: https://identity.dataspace.copernicus.eu/auth/realms/CDSE/protocol/openid-connect/token
2019-10-21T00:00:00.000000Z,c_gls_LAI300-RT2_201910310000_GLOBE_PROBAV_V1.0.1_nc,Copernicus_LAI,0.0,Failed: 401 Client Error: Unauthorized for url: https://identity.dataspace.copernicus.eu/auth/realms/CDSE/protocol/openid-connect/token
2019-10-11T00:00:00.000000Z,c_gls_LAI300-RT1_201910200000_GLOBE_PROBAV_V1.0.1_nc,Copernicus_LAI,0.0,Failed: 401 Client Error: Unauthorized for url: https://identity.dataspace.copernicus.eu/auth/realms/CDSE/protocol/openid-connect/token
2019-10-11T00:00:00.000000Z,c_gls_LAI300_201910200000_GLOBE_PROBAV_V1.0.1_nc,Copernicus_LAI,0.0,Failed: 401 Client Error: Unauthorized for url: https://identity.dataspace.copernicus.eu/auth/realms/CDSE/protocol/openid-connect/token
2019-10-21T00:00:00.000000Z,c_gls_LAI300-RT0_201910310000_GLOBE_PROBAV_V1.0.1_nc,Copernicus_LAI,0.0,Failed: 401 Client Error: Unauthorized for url: https://identity.dataspace.copernicus.eu/auth/realms/CDSE/protocol/openid-connect/token
2019-10-01T00:00:00.000000Z,c_gls_LAI300_201910100000_GLOBE_PROBAV_V1.0.1_nc,Copernicus_LAI,0.0,Failed: 401 Client Error: Unauthorized for url: https://identity.dataspace.copernicus.eu/auth/realms/CDSE/protocol/openid-connect/token
2019-10-01T00:00:00.000000Z,c_gls_LAI300-RT2_201910100000_GLOBE_PROBAV_V1.0.1_nc,Copernicus_LAI,0.0,Failed: 401 Client Error: Unauthorized for url: https://identity.dataspace.copernicus.eu/auth/realms/CDSE/protocol/openid-connect/token
2019-10-21T00:00:00.000000Z,c_gls_LAI300-RT1_201910310000_GLOBE_PROBAV_V1.0.1_nc,Copernicus_LAI,0.0,Failed: 401 Client Error: Unauthorized for url: https://identity.dataspace.copernicus.eu/auth/realms/CDSE/protocol/openid-connect/token
2019-10-11T00:00:00.000000Z,c_gls_LAI300-RT2_201910200000_GLOBE_PROBAV_V1.0.1_nc,Copernicus_LAI,0.0,Failed: 401 Client Error: Unauthorized for url: https://identity.dataspace.copernicus.eu/auth/realms/CDSE/protocol/openid-connect/token
2019-10-01T00:00:00.000000Z,c_gls_LAI300-RT1_201910100000_GLOBE_PROBAV_V1.0.1_nc,Copernicus_LAI,0.0,Failed: 401 Client Error: Unauthorized for url: https://identity.dataspace.copernicus.eu/auth/realms/CDSE/protocol/openid-connect/token
2019-10-01T00:00:00.000000Z,c_gls_LAI300-RT0_201910100000_GLOBE_PROBAV_V1.0.1_nc,Copernicus_LAI,0.0,Failed: 401 Client Error: Unauthorized for url: https://identity.dataspace.copernicus.eu/auth/realms/CDSE/protocol/openid-connect/token
2019-10-21T00:00:00.000000Z,c_gls_LAI300_201910310000_GLOBE_PROBAV_V1.0.1_nc,Copernicus_LAI,0.0,Failed: 401 Client Error: Unauthorized for url: https://identity.dataspace.copernicus.eu/auth/realms/CDSE/protocol/openid-connect/token
2019-06-01T00:00:00.000000Z,c_gls_LAI300-RT1_201906100000_GLOBE_PROBAV_V1.0.1_nc,Copernicus_LAI,0.0,Failed: 401 Client Error: Unauthorized for url: https://identity.dataspace.copernicus.eu/auth/realms/CDSE/protocol/openid-connect/token
2019-06-21T00:00:00.000000Z,c_gls_LAI300-RT2_201906300000_GLOBE_PROBAV_V1.0.1_nc,Copernicus_LAI,0.0,Failed: 401 Client Error: Unauthorized for url: https://identity.dataspace.copernicus.eu/auth/realms/CDSE/protocol/openid-connect/token
2019-06-01T00:00:00.000000Z,c_gls_LAI300_201906100000_GLOBE_PROBAV_V1.0.1_nc,Copernicus_LAI,0.0,Failed: 401 Client Error: Unauthorized for url: https://identity.dataspace.copernicus.eu/auth/realms/CDSE/protocol/openid-connect/token
2020-04-21T00:00:00.000000Z,c_gls_LAI300-RT2_202004300000_GLOBE_PROBAV_V1.0.1_nc,Copernicus_LAI,0.0,Failed: 401 Client Error: Unauthorized for url: https://identity.dataspace.copernicus.eu/auth/realms/CDSE/protocol/openid-connect/token
2020-03-21T00:00:00.000000Z,c_gls_LAI300-RT2_202003310000_GLOBE_PROBAV_V1.0.1_nc,Copernicus_LAI,0.0,Failed: 401 Client Error: Unauthorized for url: https://identity.dataspace.copernicus.eu/auth/realms/CDSE/protocol/openid-connect/token
2020-03-01T00:00:00.000000Z,c_gls_LAI300-RT0_202003100000_GLOBE_PROBAV_V1.0.1_nc,Copernicus_LAI,0.0,Failed: 401 Client Error: Unauthorized for url: https://identity.dataspace.copernicus.eu/auth/realms/CDSE/protocol/openid-connect/token
2020-10-01T00:00:00.000000Z,c_gls_LAI300-RT1_202010100000_GLOBE_PROBAV_V1.0.1_nc,Copernicus_LAI,0.0,Failed: 401 Client Error: Unauthorized for url: https://identity.dataspace.copernicus.eu/auth/realms/CDSE/protocol/openid-connect/token
2020-04-21T00:00:00.000000Z,c_gls_LAI300-RT1_202004300000_GLOBE_PROBAV_V1.0.1_nc,Copernicus_LAI,0.0,Failed: 401 Client Error: Unauthorized for url: https://identity.dataspace.copernicus.eu/auth/realms/CDSE/protocol/openid-connect/token
2020-04-21T00:00:00.000000Z,c_gls_LAI300-RT0_202004300000_GLOBE_PROBAV_V1.0.1_nc,Copernicus_LAI,0.0,Failed: 401 Client Error: Unauthorized for url: https://identity.dataspace.copernicus.eu/auth/realms/CDSE/protocol/openid-connect/token
2020-10-11T00:00:00.000000Z,c_gls_LAI300-RT2_202010200000_GLOBE_OLCI_V1.1.1_nc,Copernicus_LAI,0.0,Failed: 401 Client Error: Unauthorized for url: https://identity.dataspace.copernicus.eu/auth/realms/CDSE/protocol/openid-connect/token
2020-04-01T00:00:00.000000Z,c_gls_LAI300-RT2_202004100000_GLOBE_PROBAV_V1.0.1_nc,Copernicus_LAI,0.0,Failed: 401 Client Error: Unauthorized for url: https://identity.dataspace.copernicus.eu/auth/realms/CDSE/protocol/openid-connect/token
2020-02-11T00:00:00.000000Z,c_gls_LAI300_202002200000_GLOBE_PROBAV_V1.0.1_nc,Copernicus_LAI,0.0,Failed: 401 Client Error: Unauthorized for url: https://identity.dataspace.copernicus.eu/auth/realms/CDSE/protocol/openid-connect/token
2020-08-21T00:00:00.000000Z,c_gls_LAI300-RT0_202008310000_GLOBE_PROBAV_V1.0.1_nc,Copernicus_LAI,0.0,Failed: 401 Client Error: Unauthorized for url: https://identity.dataspace.copernicus.eu/auth/realms/CDSE/protocol/openid-connect/token
2020-08-11T00:00:00.000000Z,c_gls_LAI300-RT1_202008200000_GLOBE_PROBAV_V1.0.1_nc,Copernicus_LAI,0.0,Failed: 401 Client Error: Unauthorized for url: https://identity.dataspace.copernicus.eu/auth/realms/CDSE/protocol/openid-connect/token
2020-08-11T00:00:00.000000Z,c_gls_LAI300-RT2_202008200000_GLOBE_PROBAV_V1.0.1_nc,Copernicus_LAI,0.0,Failed: 401 Client Error: Unauthorized for url: https://identity.dataspace.copernicus.eu/auth/realms/CDSE/protocol/openid-connect/token
2020-08-01T00:00:00.000000Z,c_gls_LAI300-RT2_202008100000_GLOBE_PROBAV_V1.0.1_nc,Copernicus_LAI,0.0,Failed: 401 Client Error: Unauthorized for url: https://identity.dataspace.copernicus.eu/auth/realms/CDSE/protocol/openid-connect/token
2020-08-01T00:00:00.000000Z,c_gls_LAI300_202008100000_GLOBE_PROBAV_V1.0.1_nc,Copernicus_LAI,0.0,Failed: 401 Client Error: Unauthorized for url: https://identity.dataspace.copernicus.eu/auth/realms/CDSE/protocol/openid-connect/token
2020-08-01T00:00:00.000000Z,c_gls_LAI300-RT6_202008100000_GLOBE_OLCI_V1.1.1_nc,Copernicus_LAI,0.0,Failed: 401 Client Error: Unauthorized for url: https://identity.dataspace.copernicus.eu/auth/realms/CDSE/protocol/openid-connect/token
2020-08-21T00:00:00.000000Z,c_gls_LAI300-RT6_202008310000_GLOBE_OLCI_V1.1.1_nc,Copernicus_LAI,0.0,Failed: 401 Client Error: Unauthorized for url: https://identity.dataspace.copernicus.eu/auth/realms/CDSE/protocol/openid-connect/token
2020-08-21T00:00:00.000000Z,c_gls_LAI300_202008310000_GLOBE_PROBAV_V1.0.1_nc,Copernicus_LAI,0.0,Failed: 401 Client Error: Unauthorized for url: https://identity.dataspace.copernicus.eu/auth/realms/CDSE/protocol/openid-connect/token
2020-05-21T00:00:00.000000Z,c_gls_LAI300-RT1_202005310000_GLOBE_PROBAV_V1.0.1_nc,Copernicus_LAI,0.0,Failed: 401 Client Error: Unauthorized for url: https://identity.dataspace.copernicus.eu/auth/realms/CDSE/protocol/openid-connect/token
2020-05-01T00:00:00.000000Z,c_gls_LAI300-RT0_202005100000_GLOBE_PROBAV_V1.0.1_nc,Copernicus_LAI,0.0,Failed: 401 Client Error: Unauthorized for url: https://identity.dataspace.copernicus.eu/auth/realms/CDSE/protocol/openid-connect/token
2020-09-11T00:00:00.000000Z,c_gls_LAI300-RT1_202009200000_GLOBE_PROBAV_V1.0.1_nc,Copernicus_LAI,0.0,Failed: 401 Client Error: Unauthorized for url: https://identity.dataspace.copernicus.eu/auth/realms/CDSE/protocol/openid-connect/token
2020-09-21T00:00:00.000000Z,c_gls_LAI300-RT2_202009300000_GLOBE_PROBAV_V1.0.1_nc,Copernicus_LAI,0.0,Failed: 401 Client Error: Unauthorized for url: https://identity.dataspace.copernicus.eu/auth/realms/CDSE/protocol/openid-connect/token
2020-09-11T00:00:00.000000Z,c_gls_LAI300-RT2_202009200000_GLOBE_PROBAV_V1.0.1_nc,Copernicus_LAI,0.0,Failed: 401 Client Error: Unauthorized for url: https://identity.dataspace.copernicus.eu/auth/realms/CDSE/protocol/openid-connect/token
2020-09-01T00:00:00.000000Z,c_gls_LAI300-RT0_202009100000_GLOBE_PROBAV_V1.0.1_nc,Copernicus_LAI,0.0,Failed: 401 Client Error: Unauthorized for url: https://identity.dataspace.copernicus.eu/auth/realms/CDSE/protocol/openid-connect/token
2020-09-11T00:00:00.000000Z,c_gls_LAI300-RT0_202009200000_GLOBE_PROBAV_V1.0.1_nc,Copernicus_LAI,0.0,Failed: 401 Client Error: Unauthorized for url: https://identity.dataspace.copernicus.eu/auth/realms/CDSE/protocol/openid-connect/token
2020-09-01T00:00:00.000000Z,c_gls_LAI300-RT1_202009100000_GLOBE_PROBAV_V1.0.1_nc,Copernicus_LAI,0.0,Failed: 401 Client Error: Unauthorized for url: https://identity.dataspace.copernicus.eu/auth/realms/CDSE/protocol/openid-connect/token
2020-03-01T00:00:00.000000Z,c_gls_LAI300-RT2_202003100000_GLOBE_PROBAV_V1.0.1_nc,Copernicus_LAI,0.0,Failed: 401 Client Error: Unauthorized for url: https://identity.dataspace.copernicus.eu/auth/realms/CDSE/protocol/openid-connect/token
2020-03-21T00:00:00.000000Z,c_gls_LAI300-RT1_202003310000_GLOBE_PROBAV_V1.0.1_nc,Copernicus_LAI,0.0,Failed: 401 Client Error: Unauthorized for url: https://identity.dataspace.copernicus.eu/auth/realms/CDSE/protocol/openid-connect/token
2020-03-01T00:00:00.000000Z,c_gls_LAI300-RT1_202003100000_GLOBE_PROBAV_V1.0.1_nc,Copernicus_LAI,0.0,Failed: 401 Client Error: Unauthorized for url: https://identity.dataspace.copernicus.eu/auth/realms/CDSE/protocol/openid-connect/token
2020-03-21T00:00:00.000000Z,c_gls_LAI300-RT0_202003310000_GLOBE_PROBAV_V1.0.1_nc,Copernicus_LAI,0.0,Failed: 401 Client Error: Unauthorized for url: https://identity.dataspace.copernicus.eu/auth/realms/CDSE/protocol/openid-connect/token
2020-03-11T00:00:00.000000Z,c_gls_LAI300-RT2_202003200000_GLOBE_PROBAV_V1.0.1_nc,Copernicus_LAI,0.0,Failed: 401 Client Error: Unauthorized for url: https://identity.dataspace.copernicus.eu/auth/realms/CDSE/protocol/openid-connect/token
2020-05-21T00:00:00.000000Z,c_gls_LAI300-RT2_202005310000_GLOBE_PROBAV_V1.0.1_nc,Copernicus_LAI,0.0,Failed: 401 Client Error: Unauthorized for url: https://identity.dataspace.copernicus.eu/auth/realms/CDSE/protocol/openid-connect/token
2020-05-01T00:00:00.000000Z,c_gls_LAI300-RT1_202005100000_GLOBE_PROBAV_V1.0.1_nc,Copernicus_LAI,0.0,Failed: 401 Client Error: Unauthorized for url: https://identity.dataspace.copernicus.eu/auth/realms/CDSE/protocol/openid-connect/token
2020-05-11T00:00:00.000000Z,c_gls_LAI300-RT0_202005200000_GLOBE_PROBAV_V1.0.1_nc,Copernicus_LAI,0.0,Failed: 401 Client Error: Unauthorized for url: https://identity.dataspace.copernicus.eu/auth/realms/CDSE/protocol/openid-connect/token
2020-05-21T00:00:00.000000Z,c_gls_LAI300-RT0_202005310000_GLOBE_PROBAV_V1.0.1_nc,Copernicus_LAI,0.0,Failed: 401 Client Error: Unauthorized for url: https://identity.dataspace.copernicus.eu/auth/realms/CDSE/protocol/openid-connect/token
2020-05-11T00:00:00.000000Z,c_gls_LAI300-RT2_202005200000_GLOBE_PROBAV_V1.0.1_nc,Copernicus_LAI,0.0,Failed: 401 Client Error: Unauthorized for url: https://identity.dataspace.copernicus.eu/auth/realms/CDSE/protocol/openid-connect/token
2020-05-11T00:00:00.000000Z,c_gls_LAI300_202005200000_GLOBE_PROBAV_V1.0.1_nc,Copernicus_LAI,0.0,Failed: 401 Client Error: Unauthorized for url: https://identity.dataspace.copernicus.eu/auth/realms/CDSE/protocol/openid-connect/token
2020-05-11T00:00:00.000000Z,c_gls_LAI300-RT1_202005200000_GLOBE_PROBAV_V1.0.1_nc,Copernicus_LAI,0.0,Failed: 401 Client Error: Unauthorized for url: https://identity.dataspace.copernicus.eu/auth/realms/CDSE/protocol/openid-connect/token
2020-05-01T00:00:00.000000Z,c_gls_LAI300-RT2_202005100000_GLOBE_PROBAV_V1.0.1_nc,Copernicus_LAI,0.0,Failed: 401 Client Error: Unauthorized for url: https://identity.dataspace.copernicus.eu/auth/realms/CDSE/protocol/openid-connect/token
2020-05-01T00:00:00.000000Z,c_gls_LAI300_202005100000_GLOBE_PROBAV_V1.0.1_nc,Copernicus_LAI,0.0,Failed: 401 Client Error: Unauthorized for url: https://identity.dataspace.copernicus.eu/auth/realms/CDSE/protocol/openid-connect/token
2020-05-21T00:00:00.000000Z,c_gls_LAI300_202005310000_GLOBE_PROBAV_V1.0.1_nc,Copernicus_LAI,0.0,Failed: 401 Client Error: Unauthorized for url: https://identity.dataspace.copernicus.eu/auth/realms/CDSE/protocol/openid-connect/token
2020-04-01T00:00:00.000000Z,c_gls_LAI300-RT6_202004100000_GLOBE_OLCI_V2.0.1_nc,Copernicus_LAI,0.0,Failed: 401 Client Error: Unauthorized for url: https://identity.dataspace.copernicus.eu/auth/realms/CDSE/protocol/openid-connect/token
2020-02-11T00:00:00.000000Z,c_gls_LAI300-RT6_202002200000_GLOBE_OLCI_V2.0.1_nc,Copernicus_LAI,0.0,Failed: 401 Client Error: Unauthorized for url: https://identity.dataspace.copernicus.eu/auth/realms/CDSE/protocol/openid-connect/token
2020-07-21T00:00:00.000000Z,c_gls_LAI300-RT6_202007310000_GLOBE_OLCI_V2.0.1_nc,Copernicus_LAI,0.0,Failed: 401 Client Error: Unauthorized for url: https://identity.dataspace.copernicus.eu/auth/realms/CDSE/protocol/openid-connect/token
2020-01-01T00:00:00.000000Z,c_gls_LAI300-RT6_202001100000_GLOBE_OLCI_V2.0.1_nc,Copernicus_LAI,0.0,Failed: 401 Client Error: Unauthorized for url: https://identity.dataspace.copernicus.eu/auth/realms/CDSE/protocol/openid-connect/token
2020-01-11T00:00:00.000000Z,c_gls_LAI300-RT6_202001200000_GLOBE_OLCI_V2.0.1_nc,Copernicus_LAI,0.0,Failed: 401 Client Error: Unauthorized for url: https://identity.dataspace.copernicus.eu/auth/realms/CDSE/protocol/openid-connect/token
2020-02-21T00:00:00.000000Z,c_gls_LAI300-RT6_202002290000_GLOBE_OLCI_V2.0.1_nc,Copernicus_LAI,0.0,Failed: 401 Client Error: Unauthorized for url: https://identity.dataspace.copernicus.eu/auth/realms/CDSE/protocol/openid-connect/token
2020-01-21T00:00:00.000000Z,c_gls_LAI300-RT6_202001310000_GLOBE_OLCI_V2.0.1_nc,Copernicus_LAI,0.0,Failed: 401 Client Error: Unauthorized for url: https://identity.dataspace.copernicus.eu/auth/realms/CDSE/protocol/openid-connect/token
2020-03-01T00:00:00.000000Z,c_gls_LAI300-RT6_202003100000_GLOBE_OLCI_V2.0.1_nc,Copernicus_LAI,0.0,Failed: 401 Client Error: Unauthorized for url: https://identity.dataspace.copernicus.eu/auth/realms/CDSE/protocol/openid-connect/token
2020-02-01T00:00:00.000000Z,c_gls_LAI300-RT6_202002100000_GLOBE_OLCI_V2.0.1_nc,Copernicus_LAI,1682.6,Success
2020-03-11T00:00:00.000000Z,c_gls_LAI300-RT6_202003200000_GLOBE_OLCI_V2.0.1_nc,Copernicus_LAI,0.0,Failed: 401 Client Error: Unauthorized for url: https://identity.dataspace.copernicus.eu/auth/realms/CDSE/protocol/openid-connect/token
2020-03-21T00:00:00.000000Z,c_gls_LAI300-RT6_202003310000_GLOBE_OLCI_V2.0.1_nc,Copernicus_LAI,0.0,Failed: 401 Client Error: Unauthorized for url: https://identity.dataspace.copernicus.eu/auth/realms/CDSE/protocol/openid-connect/token
2020-04-21T00:00:00.000000Z,c_gls_LAI300-RT6_202004300000_GLOBE_OLCI_V2.0.1_nc,Copernicus_LAI,0.0,Failed: 401 Client Error: Unauthorized for url: https://identity.dataspace.copernicus.eu/auth/realms/CDSE/protocol/openid-connect/token
2020-05-01T00:00:00.000000Z,c_gls_LAI300-RT6_202005100000_GLOBE_OLCI_V2.0.1_nc,Copernicus_LAI,0.0,Failed: 401 Client Error: Unauthorized for url: https://identity.dataspace.copernicus.eu/auth/realms/CDSE/protocol/openid-connect/token
2020-04-11T00:00:00.000000Z,c_gls_LAI300-RT6_202004200000_GLOBE_OLCI_V2.0.1_nc,Copernicus_LAI,0.0,Failed: 401 Client Error: Unauthorized for url: https://identity.dataspace.copernicus.eu/auth/realms/CDSE/protocol/openid-connect/token
2020-05-11T00:00:00.000000Z,c_gls_LAI300-RT6_202005200000_GLOBE_OLCI_V2.0.1_nc,Copernicus_LAI,0.0,Failed: 401 Client Error: Unauthorized for url: https://identity.dataspace.copernicus.eu/auth/realms/CDSE/protocol/openid-connect/token
2020-05-21T00:00:00.000000Z,c_gls_LAI300-RT6_202005310000_GLOBE_OLCI_V2.0.1_nc,Copernicus_LAI,0.0,Failed: 401 Client Error: Unauthorized for url: https://identity.dataspace.copernicus.eu/auth/realms/CDSE/protocol/openid-connect/token
2020-12-21T00:00:00.000000Z,c_gls_LAI300-RT6_202012310000_GLOBE_OLCI_V2.0.1_nc,Copernicus_LAI,0.0,Failed: 401 Client Error: Unauthorized for url: https://identity.dataspace.copernicus.eu/auth/realms/CDSE/protocol/openid-connect/token
2020-06-01T00:00:00.000000Z,c_gls_LAI300-RT6_202006100000_GLOBE_OLCI_V2.0.1_nc,Copernicus_LAI,0.0,Failed: 401 Client Error: Unauthorized for url: https://identity.dataspace.copernicus.eu/auth/realms/CDSE/protocol/openid-connect/token
2020-11-01T00:00:00.000000Z,c_gls_LAI300-RT6_202011100000_GLOBE_OLCI_V2.0.1_nc,Copernicus_LAI,0.0,Failed: 401 Client Error: Unauthorized for url: https://identity.dataspace.copernicus.eu/auth/realms/CDSE/protocol/openid-connect/token
2020-08-21T00:00:00.000000Z,c_gls_LAI300-RT6_202008310000_GLOBE_OLCI_V2.0.1_nc,Copernicus_LAI,0.0,Failed: 401 Client Error: Unauthorized for url: https://identity.dataspace.copernicus.eu/auth/realms/CDSE/protocol/openid-connect/token
2020-09-01T00:00:00.000000Z,c_gls_LAI300-RT6_202009100000_GLOBE_OLCI_V2.0.1_nc,Copernicus_LAI,0.0,Failed: 401 Client Error: Unauthorized for url: https://identity.dataspace.copernicus.eu/auth/realms/CDSE/protocol/openid-connect/token
2020-07-11T00:00:00.000000Z,c_gls_LAI300-RT6_202007200000_GLOBE_OLCI_V2.0.1_nc,Copernicus_LAI,0.0,Failed: 401 Client Error: Unauthorized for url: https://identity.dataspace.copernicus.eu/auth/realms/CDSE/protocol/openid-connect/token
2020-06-21T00:00:00.000000Z,c_gls_LAI300-RT6_202006300000_GLOBE_OLCI_V2.0.1_nc,Copernicus_LAI,0.0,Failed: 401 Client Error: Unauthorized for url: https://identity.dataspace.copernicus.eu/auth/realms/CDSE/protocol/openid-connect/token
2020-07-01T00:00:00.000000Z,c_gls_LAI300-RT6_202007100000_GLOBE_OLCI_V2.0.1_nc,Copernicus_LAI,0.0,Failed: 401 Client Error: Unauthorized for url: https://identity.dataspace.copernicus.eu/auth/realms/CDSE/protocol/openid-connect/token
2020-08-01T00:00:00.000000Z,c_gls_LAI300-RT6_202008100000_GLOBE_OLCI_V2.0.1_nc,Copernicus_LAI,0.0,Failed: 401 Client Error: Unauthorized for url: https://identity.dataspace.copernicus.eu/auth/realms/CDSE/protocol/openid-connect/token
2020-06-11T00:00:00.000000Z,c_gls_LAI300-RT6_202006200000_GLOBE_OLCI_V2.0.1_nc,Copernicus_LAI,0.0,Failed: 401 Client Error: Unauthorized for url: https://identity.dataspace.copernicus.eu/auth/realms/CDSE/protocol/openid-connect/token
2020-08-11T00:00:00.000000Z,c_gls_LAI300-RT6_202008200000_GLOBE_OLCI_V2.0.1_nc,Copernicus_LAI,0.0,Failed: 401 Client Error: Unauthorized for url: https://identity.dataspace.copernicus.eu/auth/realms/CDSE/protocol/openid-connect/token
2020-10-01T00:00:00.000000Z,c_gls_LAI300-RT6_202010100000_GLOBE_OLCI_V2.0.1_nc,Copernicus_LAI,0.0,Failed: 401 Client Error: Unauthorized for url: https://identity.dataspace.copernicus.eu/auth/realms/CDSE/protocol/openid-connect/token
2020-11-21T00:00:00.000000Z,c_gls_LAI300-RT6_202011300000_GLOBE_OLCI_V2.0.1_nc,Copernicus_LAI,0.0,Failed: 401 Client Error: Unauthorized for url: https://identity.dataspace.copernicus.eu/auth/realms/CDSE/protocol/openid-connect/token
2020-09-11T00:00:00.000000Z,c_gls_LAI300-RT6_202009200000_GLOBE_OLCI_V2.0.1_nc,Copernicus_LAI,0.0,Failed: 401 Client Error: Unauthorized for url: https://identity.dataspace.copernicus.eu/auth/realms/CDSE/protocol/openid-connect/token
2020-12-11T00:00:00.000000Z,c_gls_LAI300-RT6_202012200000_GLOBE_OLCI_V2.0.1_nc,Copernicus_LAI,0.0,Failed: 401 Client Error: Unauthorized for url: https://identity.dataspace.copernicus.eu/auth/realms/CDSE/protocol/openid-connect/token
2020-12-01T00:00:00.000000Z,c_gls_LAI300-RT6_202012100000_GLOBE_OLCI_V2.0.1_nc,Copernicus_LAI,0.0,Failed: 401 Client Error: Unauthorized for url: https://identity.dataspace.copernicus.eu/auth/realms/CDSE/protocol/openid-connect/token
2020-11-11T00:00:00.000000Z,c_gls_LAI300-RT6_202011200000_GLOBE_OLCI_V2.0.1_nc,Copernicus_LAI,0.0,Failed: 401 Client Error: Unauthorized for url: https://identity.dataspace.copernicus.eu/auth/realms/CDSE/protocol/openid-connect/token
2020-10-21T00:00:00.000000Z,c_gls_LAI300-RT6_202010310000_GLOBE_OLCI_V2.0.1_nc,Copernicus_LAI,0.0,Failed: 401 Client Error: Unauthorized for url: https://identity.dataspace.copernicus.eu/auth/realms/CDSE/protocol/openid-connect/token
2020-10-11T00:00:00.000000Z,c_gls_LAI300-RT6_202010200000_GLOBE_OLCI_V2.0.1_nc,Copernicus_LAI,0.0,Failed: 401 Client Error: Unauthorized for url: https://identity.dataspace.copernicus.eu/auth/realms/CDSE/protocol/openid-connect/token
2020-09-21T00:00:00.000000Z,c_gls_LAI300-RT6_202009300000_GLOBE_OLCI_V2.0.1_nc,Copernicus_LAI,0.0,Failed: 401 Client Error: Unauthorized for url: https://identity.dataspace.copernicus.eu/auth/realms/CDSE/protocol/openid-connect/token
2020-10-11T00:00:00.000000Z,c_gls_LAI300-RT0_202010200000_GLOBE_PROBAV_V1.0.1_nc,Copernicus_LAI,0.0,Failed: 401 Client Error: Unauthorized for url: https://identity.dataspace.copernicus.eu/auth/realms/CDSE/protocol/openid-connect/token
2020-10-01T00:00:00.000000Z,c_gls_LAI300-RT0_202010100000_GLOBE_PROBAV_V1.0.1_nc,Copernicus_LAI,0.0,Failed: 401 Client Error: Unauthorized for url: https://identity.dataspace.copernicus.eu/auth/realms/CDSE/protocol/openid-connect/token
2020-10-21T00:00:00.000000Z,c_gls_LAI300-RT0_202010310000_GLOBE_OLCI_V1.1.1_nc,Copernicus_LAI,0.0,Failed: 401 Client Error: Unauthorized for url: https://identity.dataspace.copernicus.eu/auth/realms/CDSE/protocol/openid-connect/token
2020-10-21T00:00:00.000000Z,c_gls_LAI300-RT2_202010310000_GLOBE_OLCI_V1.1.1_nc,Copernicus_LAI,0.0,Failed: 401 Client Error: Unauthorized for url: https://identity.dataspace.copernicus.eu/auth/realms/CDSE/protocol/openid-connect/token
2020-10-11T00:00:00.000000Z,c_gls_LAI300-RT0_202010200000_GLOBE_OLCI_V1.1.1_nc,Copernicus_LAI,0.0,Failed: 401 Client Error: Unauthorized for url: https://identity.dataspace.copernicus.eu/auth/realms/CDSE/protocol/openid-connect/token
2020-10-21T00:00:00.000000Z,c_gls_LAI300-RT6_202010310000_GLOBE_OLCI_V1.1.1_nc,Copernicus_LAI,0.0,Failed: 401 Client Error: Unauthorized for url: https://identity.dataspace.copernicus.eu/auth/realms/CDSE/protocol/openid-connect/token
2020-10-11T00:00:00.000000Z,c_gls_LAI300-RT1_202010200000_GLOBE_OLCI_V1.1.1_nc,Copernicus_LAI,0.0,Failed: 401 Client Error: Unauthorized for url: https://identity.dataspace.copernicus.eu/auth/realms/CDSE/protocol/openid-connect/token
2020-10-21T00:00:00.000000Z,c_gls_LAI300-RT1_202010310000_GLOBE_OLCI_V1.1.1_nc,Copernicus_LAI,0.0,Failed: 401 Client Error: Unauthorized for url: https://identity.dataspace.copernicus.eu/auth/realms/CDSE/protocol/openid-connect/token
2020-10-01T00:00:00.000000Z,c_gls_LAI300-RT2_202010100000_GLOBE_OLCI_V1.1.1_nc,Copernicus_LAI,0.0,Failed: 401 Client Error: Unauthorized for url: https://identity.dataspace.copernicus.eu/auth/realms/CDSE/protocol/openid-connect/token
2020-10-11T00:00:00.000000Z,c_gls_LAI300-RT6_202010200000_GLOBE_OLCI_V1.1.1_nc,Copernicus_LAI,0.0,Failed: 401 Client Error: Unauthorized for url: https://identity.dataspace.copernicus.eu/auth/realms/CDSE/protocol/openid-connect/token
2020-10-01T00:00:00.000000Z,c_gls_LAI300-RT6_202010100000_GLOBE_OLCI_V1.1.1_nc,Copernicus_LAI,0.0,Failed: 401 Client Error: Unauthorized for url: https://identity.dataspace.copernicus.eu/auth/realms/CDSE/protocol/openid-connect/token
2020-10-01T00:00:00.000000Z,c_gls_LAI300-RT1_202010100000_GLOBE_OLCI_V1.1.1_nc,Copernicus_LAI,0.0,Failed: 403 Client Error: Forbidden for url: https://identity.dataspace.copernicus.eu/auth/realms/CDSE/protocol/openid-connect/token
2020-02-21T00:00:00.000000Z,c_gls_LAI300-RT2_202002290000_GLOBE_PROBAV_V1.0.1_nc,Copernicus_LAI,0.0,Failed: 401 Client Error: Unauthorized for url: https://identity.dataspace.copernicus.eu/auth/realms/CDSE/protocol/openid-connect/token
2020-02-11T00:00:00.000000Z,c_gls_LAI300-RT1_202002200000_GLOBE_PROBAV_V1.0.1_nc,Copernicus_LAI,0.0,Failed: 401 Client Error: Unauthorized for url: https://identity.dataspace.copernicus.eu/auth/realms/CDSE/protocol/openid-connect/token
2020-02-21T00:00:00.000000Z,c_gls_LAI300_202002290000_GLOBE_PROBAV_V1.0.1_nc,Copernicus_LAI,0.0,Failed: 401 Client Error: Unauthorized for url: https://identity.dataspace.copernicus.eu/auth/realms/CDSE/protocol/openid-connect/token
2020-02-01T00:00:00.000000Z,c_gls_LAI300-RT0_202002100000_GLOBE_PROBAV_V1.0.1_nc,Copernicus_LAI,1372.68,Success
2020-02-21T00:00:00.000000Z,c_gls_LAI300-RT0_202002290000_GLOBE_PROBAV_V1.0.1_nc,Copernicus_LAI,0.0,Failed: 401 Client Error: Unauthorized for url: https://identity.dataspace.copernicus.eu/auth/realms/CDSE/protocol/openid-connect/token
2020-02-01T00:00:00.000000Z,c_gls_LAI300-RT1_202002100000_GLOBE_PROBAV_V1.0.1_nc,Copernicus_LAI,0.0,Failed: 401 Client Error: Unauthorized for url: https://identity.dataspace.copernicus.eu/auth/realms/CDSE/protocol/openid-connect/token
2020-02-21T00:00:00.000000Z,c_gls_LAI300-RT1_202002290000_GLOBE_PROBAV_V1.0.1_nc,Copernicus_LAI,0.0,Failed: 401 Client Error: Unauthorized for url: https://identity.dataspace.copernicus.eu/auth/realms/CDSE/protocol/openid-connect/token
2020-02-11T00:00:00.000000Z,c_gls_LAI300-RT2_202002200000_GLOBE_PROBAV_V1.0.1_nc,Copernicus_LAI,0.0,Failed: 401 Client Error: Unauthorized for url: https://identity.dataspace.copernicus.eu/auth/realms/CDSE/protocol/openid-connect/token
2020-02-11T00:00:00.000000Z,c_gls_LAI300-RT0_202002200000_GLOBE_PROBAV_V1.0.1_nc,Copernicus_LAI,0.0,Failed: 401 Client Error: Unauthorized for url: https://identity.dataspace.copernicus.eu/auth/realms/CDSE/protocol/openid-connect/token
2020-02-01T00:00:00.000000Z,c_gls_LAI300_202002100000_GLOBE_PROBAV_V1.0.1_nc,Copernicus_LAI,1429.13,Success
2020-02-01T00:00:00.000000Z,c_gls_LAI300-RT2_202002100000_GLOBE_PROBAV_V1.0.1_nc,Copernicus_LAI,0.0,Failed: 401 Client Error: Unauthorized for url: https://identity.dataspace.copernicus.eu/auth/realms/CDSE/protocol/openid-connect/token
2020-04-11T00:00:00.000000Z,c_gls_LAI300-RT0_202004200000_GLOBE_PROBAV_V1.0.1_nc,Copernicus_LAI,0.0,Failed: 401 Client Error: Unauthorized for url: https://identity.dataspace.copernicus.eu/auth/realms/CDSE/protocol/openid-connect/token
2020-04-11T00:00:00.000000Z,c_gls_LAI300-RT2_202004200000_GLOBE_PROBAV_V1.0.1_nc,Copernicus_LAI,0.0,Failed: 401 Client Error: Unauthorized for url: https://identity.dataspace.copernicus.eu/auth/realms/CDSE/protocol/openid-connect/token
2020-04-21T00:00:00.000000Z,c_gls_LAI300_202004300000_GLOBE_PROBAV_V1.0.1_nc,Copernicus_LAI,0.0,Failed: 401 Client Error: Unauthorized for url: https://identity.dataspace.copernicus.eu/auth/realms/CDSE/protocol/openid-connect/token
2020-04-01T00:00:00.000000Z,c_gls_LAI300-RT1_202004100000_GLOBE_PROBAV_V1.0.1_nc,Copernicus_LAI,0.0,Failed: 401 Client Error: Unauthorized for url: https://identity.dataspace.copernicus.eu/auth/realms/CDSE/protocol/openid-connect/token
2020-04-01T00:00:00.000000Z,c_gls_LAI300-RT0_202004100000_GLOBE_PROBAV_V1.0.1_nc,Copernicus_LAI,0.0,Failed: 401 Client Error: Unauthorized for url: https://identity.dataspace.copernicus.eu/auth/realms/CDSE/protocol/openid-connect/token
2020-04-11T00:00:00.000000Z,c_gls_LAI300-RT1_202004200000_GLOBE_PROBAV_V1.0.1_nc,Copernicus_LAI,0.0,Failed: 401 Client Error: Unauthorized for url: https://identity.dataspace.copernicus.eu/auth/realms/CDSE/protocol/openid-connect/token
2020-04-01T00:00:00.000000Z,c_gls_LAI300_202004100000_GLOBE_PROBAV_V1.0.1_nc,Copernicus_LAI,0.0,Failed: 401 Client Error: Unauthorized for url: https://identity.dataspace.copernicus.eu/auth/realms/CDSE/protocol/openid-connect/token
2020-04-11T00:00:00.000000Z,c_gls_LAI300_202004200000_GLOBE_PROBAV_V1.0.1_nc,Copernicus_LAI,0.0,Failed: 401 Client Error: Unauthorized for url: https://identity.dataspace.copernicus.eu/auth/realms/CDSE/protocol/openid-connect/token
2020-07-21T00:00:00.000000Z,c_gls_LAI300-RT2_202007310000_GLOBE_PROBAV_V1.0.1_nc,Copernicus_LAI,0.0,Failed: 401 Client Error: Unauthorized for url: https://identity.dataspace.copernicus.eu/auth/realms/CDSE/protocol/openid-connect/token
2020-07-21T00:00:00.000000Z,c_gls_LAI300-RT0_202007310000_GLOBE_PROBAV_V1.0.1_nc,Copernicus_LAI,0.0,Failed: 401 Client Error: Unauthorized for url: https://identity.dataspace.copernicus.eu/auth/realms/CDSE/protocol/openid-connect/token
2020-07-11T00:00:00.000000Z,c_gls_LAI300-RT0_202007200000_GLOBE_PROBAV_V1.0.1_nc,Copernicus_LAI,0.0,Failed: 401 Client Error: Unauthorized for url: https://identity.dataspace.copernicus.eu/auth/realms/CDSE/protocol/openid-connect/token
2020-07-11T00:00:00.000000Z,c_gls_LAI300-RT2_202007200000_GLOBE_PROBAV_V1.0.1_nc,Copernicus_LAI,0.0,Failed: 401 Client Error: Unauthorized for url: https://identity.dataspace.copernicus.eu/auth/realms/CDSE/protocol/openid-connect/token
2020-07-11T00:00:00.000000Z,c_gls_LAI300-RT1_202007200000_GLOBE_PROBAV_V1.0.1_nc,Copernicus_LAI,0.0,Failed: 401 Client Error: Unauthorized for url: https://identity.dataspace.copernicus.eu/auth/realms/CDSE/protocol/openid-connect/token
2020-07-11T00:00:00.000000Z,c_gls_LAI300_202007200000_GLOBE_PROBAV_V1.0.1_nc,Copernicus_LAI,0.0,Failed: 401 Client Error: Unauthorized for url: https://identity.dataspace.copernicus.eu/auth/realms/CDSE/protocol/openid-connect/token
2020-07-21T00:00:00.000000Z,c_gls_LAI300_202007310000_GLOBE_PROBAV_V1.0.1_nc,Copernicus_LAI,0.0,Failed: 401 Client Error: Unauthorized for url: https://identity.dataspace.copernicus.eu/auth/realms/CDSE/protocol/openid-connect/token
2020-07-01T00:00:00.000000Z,c_gls_LAI300-RT2_202007100000_GLOBE_PROBAV_V1.0.1_nc,Copernicus_LAI,0.0,Failed: 401 Client Error: Unauthorized for url: https://identity.dataspace.copernicus.eu/auth/realms/CDSE/protocol/openid-connect/token
2020-07-21T00:00:00.000000Z,c_gls_LAI300-RT1_202007310000_GLOBE_PROBAV_V1.0.1_nc,Copernicus_LAI,0.0,Failed: 401 Client Error: Unauthorized for url: https://identity.dataspace.copernicus.eu/auth/realms/CDSE/protocol/openid-connect/token
2020-07-21T00:00:00.000000Z,c_gls_LAI300-RT6_202007310000_GLOBE_OLCI_V1.1.1_nc,Copernicus_LAI,0.0,Failed: 401 Client Error: Unauthorized for url: https://identity.dataspace.copernicus.eu/auth/realms/CDSE/protocol/openid-connect/token
2020-07-01T00:00:00.000000Z,c_gls_LAI300-RT0_202007100000_GLOBE_PROBAV_V1.0.1_nc,Copernicus_LAI,0.0,Failed: 401 Client Error: Unauthorized for url: https://identity.dataspace.copernicus.eu/auth/realms/CDSE/protocol/openid-connect/token
2020-06-21T00:00:00.000000Z,c_gls_LAI300-RT2_202006300000_GLOBE_PROBAV_V1.0.1_nc,Copernicus_LAI,0.0,Failed: 401 Client Error: Unauthorized for url: https://identity.dataspace.copernicus.eu/auth/realms/CDSE/protocol/openid-connect/token
2020-07-11T00:00:00.000000Z,c_gls_LAI300-RT6_202007200000_GLOBE_OLCI_V1.1.1_nc,Copernicus_LAI,0.0,Failed: 401 Client Error: Unauthorized for url: https://identity.dataspace.copernicus.eu/auth/realms/CDSE/protocol/openid-connect/token
2020-07-01T00:00:00.000000Z,c_gls_LAI300-RT1_202007100000_GLOBE_PROBAV_V1.0.1_nc,Copernicus_LAI,0.0,Failed: 401 Client Error: Unauthorized for url: https://identity.dataspace.copernicus.eu/auth/realms/CDSE/protocol/openid-connect/token
2020-07-01T00:00:00.000000Z,c_gls_LAI300-RT6_202007100000_GLOBE_OLCI_V1.1.1_nc,Copernicus_LAI,0.0,Failed: 401 Client Error: Unauthorized for url: https://identity.dataspace.copernicus.eu/auth/realms/CDSE/protocol/openid-connect/token
2020-07-01T00:00:00.000000Z,c_gls_LAI300_202007100000_GLOBE_PROBAV_V1.0.1_nc,Copernicus_LAI,0.0,Failed: 401 Client Error: Unauthorized for url: https://identity.dataspace.copernicus.eu/auth/realms/CDSE/protocol/openid-connect/token
2020-06-01T00:00:00.000000Z,c_gls_LAI300-RT2_202006100000_GLOBE_PROBAV_V1.0.1_nc,Copernicus_LAI,0.0,Failed: 401 Client Error: Unauthorized for url: https://identity.dataspace.copernicus.eu/auth/realms/CDSE/protocol/openid-connect/token
2020-03-11T00:00:00.000000Z,c_gls_LAI300-RT1_202003200000_GLOBE_PROBAV_V1.0.1_nc,Copernicus_LAI,0.0,Failed: 401 Client Error: Unauthorized for url: https://identity.dataspace.copernicus.eu/auth/realms/CDSE/protocol/openid-connect/token
2020-03-11T00:00:00.000000Z,c_gls_LAI300-RT0_202003200000_GLOBE_PROBAV_V1.0.1_nc,Copernicus_LAI,0.0,Failed: 401 Client Error: Unauthorized for url: https://identity.dataspace.copernicus.eu/auth/realms/CDSE/protocol/openid-connect/token
2020-03-01T00:00:00.000000Z,c_gls_LAI300_202003100000_GLOBE_PROBAV_V1.0.1_nc,Copernicus_LAI,0.0,Failed: 401 Client Error: Unauthorized for url: https://identity.dataspace.copernicus.eu/auth/realms/CDSE/protocol/openid-connect/token
2020-03-21T00:00:00.000000Z,c_gls_LAI300_202003310000_GLOBE_PROBAV_V1.0.1_nc,Copernicus_LAI,0.0,Failed: 401 Client Error: Unauthorized for url: https://identity.dataspace.copernicus.eu/auth/realms/CDSE/protocol/openid-connect/token
2020-03-11T00:00:00.000000Z,c_gls_LAI300_202003200000_GLOBE_PROBAV_V1.0.1_nc,Copernicus_LAI,0.0,Failed: 401 Client Error: Unauthorized for url: https://identity.dataspace.copernicus.eu/auth/realms/CDSE/protocol/openid-connect/token
2020-12-21T00:00:00.000000Z,c_gls_LAI300-RT1_202012310000_GLOBE_OLCI_V1.1.1_nc,Copernicus_LAI,0.0,Failed: 401 Client Error: Unauthorized for url: https://identity.dataspace.copernicus.eu/auth/realms/CDSE/protocol/openid-connect/token
2020-12-01T00:00:00.000000Z,c_gls_LAI300-RT6_202012100000_GLOBE_OLCI_V1.1.1_nc,Copernicus_LAI,0.0,Failed: 401 Client Error: Unauthorized for url: https://identity.dataspace.copernicus.eu/auth/realms/CDSE/protocol/openid-connect/token
2020-12-11T00:00:00.000000Z,c_gls_LAI300-RT6_202012200000_GLOBE_OLCI_V1.1.1_nc,Copernicus_LAI,0.0,Failed: 401 Client Error: Unauthorized for url: https://identity.dataspace.copernicus.eu/auth/realms/CDSE/protocol/openid-connect/token
2020-12-11T00:00:00.000000Z,c_gls_LAI300-RT0_202012200000_GLOBE_OLCI_V1.1.1_nc,Copernicus_LAI,0.0,Failed: 401 Client Error: Unauthorized for url: https://identity.dataspace.copernicus.eu/auth/realms/CDSE/protocol/openid-connect/token
2020-12-21T00:00:00.000000Z,c_gls_LAI300-RT2_202012310000_GLOBE_OLCI_V1.1.1_nc,Copernicus_LAI,0.0,Failed: 401 Client Error: Unauthorized for url: https://identity.dataspace.copernicus.eu/auth/realms/CDSE/protocol/openid-connect/token
2020-12-21T00:00:00.000000Z,c_gls_LAI300-RT0_202012310000_GLOBE_OLCI_V1.1.1_nc,Copernicus_LAI,0.0,Failed: 401 Client Error: Unauthorized for url: https://identity.dataspace.copernicus.eu/auth/realms/CDSE/protocol/openid-connect/token
2020-12-01T00:00:00.000000Z,c_gls_LAI300-RT0_202012100000_GLOBE_OLCI_V1.1.1_nc,Copernicus_LAI,0.0,Failed: 401 Client Error: Unauthorized for url: https://identity.dataspace.copernicus.eu/auth/realms/CDSE/protocol/openid-connect/token
2020-12-21T00:00:00.000000Z,c_gls_LAI300-RT6_202012310000_GLOBE_OLCI_V1.1.1_nc,Copernicus_LAI,0.0,Failed: 401 Client Error: Unauthorized for url: https://identity.dataspace.copernicus.eu/auth/realms/CDSE/protocol/openid-connect/token
2020-12-01T00:00:00.000000Z,c_gls_LAI300-RT1_202012100000_GLOBE_OLCI_V1.1.1_nc,Copernicus_LAI,0.0,Failed: 401 Client Error: Unauthorized for url: https://identity.dataspace.copernicus.eu/auth/realms/CDSE/protocol/openid-connect/token
2020-12-11T00:00:00.000000Z,c_gls_LAI300-RT1_202012200000_GLOBE_OLCI_V1.1.1_nc,Copernicus_LAI,0.0,Failed: 401 Client Error: Unauthorized for url: https://identity.dataspace.copernicus.eu/auth/realms/CDSE/protocol/openid-connect/token
2020-12-01T00:00:00.000000Z,c_gls_LAI300-RT2_202012100000_GLOBE_OLCI_V1.1.1_nc,Copernicus_LAI,0.0,Failed: 401 Client Error: Unauthorized for url: https://identity.dataspace.copernicus.eu/auth/realms/CDSE/protocol/openid-connect/token
2020-12-11T00:00:00.000000Z,c_gls_LAI300-RT2_202012200000_GLOBE_OLCI_V1.1.1_nc,Copernicus_LAI,0.0,Failed: 401 Client Error: Unauthorized for url: https://identity.dataspace.copernicus.eu/auth/realms/CDSE/protocol/openid-connect/token
2020-01-01T00:00:00.000000Z,c_gls_LAI300-RT2_202001100000_GLOBE_PROBAV_V1.0.1_nc,Copernicus_LAI,0.0,Failed: 401 Client Error: Unauthorized for url: https://identity.dataspace.copernicus.eu/auth/realms/CDSE/protocol/openid-connect/token
2020-01-21T00:00:00.000000Z,c_gls_LAI300-RT1_202001310000_GLOBE_PROBAV_V1.0.1_nc,Copernicus_LAI,0.0,Failed: 401 Client Error: Unauthorized for url: https://identity.dataspace.copernicus.eu/auth/realms/CDSE/protocol/openid-connect/token
2020-01-11T00:00:00.000000Z,c_gls_LAI300-RT0_202001200000_GLOBE_PROBAV_V1.0.1_nc,Copernicus_LAI,0.0,Failed: 401 Client Error: Unauthorized for url: https://identity.dataspace.copernicus.eu/auth/realms/CDSE/protocol/openid-connect/token
2020-01-21T00:00:00.000000Z,c_gls_LAI300-RT0_202001310000_GLOBE_PROBAV_V1.0.1_nc,Copernicus_LAI,0.0,Failed: 401 Client Error: Unauthorized for url: https://identity.dataspace.copernicus.eu/auth/realms/CDSE/protocol/openid-connect/token
2020-01-11T00:00:00.000000Z,c_gls_LAI300-RT1_202001200000_GLOBE_PROBAV_V1.0.1_nc,Copernicus_LAI,0.0,Failed: 401 Client Error: Unauthorized for url: https://identity.dataspace.copernicus.eu/auth/realms/CDSE/protocol/openid-connect/token
2020-01-01T00:00:00.000000Z,c_gls_LAI300-RT1_202001100000_GLOBE_PROBAV_V1.0.1_nc,Copernicus_LAI,0.0,Failed: 401 Client Error: Unauthorized for url: https://identity.dataspace.copernicus.eu/auth/realms/CDSE/protocol/openid-connect/token
2020-01-21T00:00:00.000000Z,c_gls_LAI300-RT2_202001310000_GLOBE_PROBAV_V1.0.1_nc,Copernicus_LAI,0.0,Failed: 401 Client Error: Unauthorized for url: https://identity.dataspace.copernicus.eu/auth/realms/CDSE/protocol/openid-connect/token
2020-01-01T00:00:00.000000Z,c_gls_LAI300-RT0_202001100000_GLOBE_PROBAV_V1.0.1_nc,Copernicus_LAI,0.0,Failed: 401 Client Error: Unauthorized for url: https://identity.dataspace.copernicus.eu/auth/realms/CDSE/protocol/openid-connect/token
2020-01-11T00:00:00.000000Z,c_gls_LAI300-RT2_202001200000_GLOBE_PROBAV_V1.0.1_nc,Copernicus_LAI,0.0,Failed: 401 Client Error: Unauthorized for url: https://identity.dataspace.copernicus.eu/auth/realms/CDSE/protocol/openid-connect/token
2020-01-21T00:00:00.000000Z,c_gls_LAI300_202001310000_GLOBE_PROBAV_V1.0.1_nc,Copernicus_LAI,0.0,Failed: 401 Client Error: Unauthorized for url: https://identity.dataspace.copernicus.eu/auth/realms/CDSE/protocol/openid-connect/token
2020-01-11T00:00:00.000000Z,c_gls_LAI300_202001200000_GLOBE_PROBAV_V1.0.1_nc,Copernicus_LAI,0.0,Failed: 401 Client Error: Unauthorized for url: https://identity.dataspace.copernicus.eu/auth/realms/CDSE/protocol/openid-connect/token
2020-01-01T00:00:00.000000Z,c_gls_LAI300_202001100000_GLOBE_PROBAV_V1.0.1_nc,Copernicus_LAI,0.0,Failed: 401 Client Error: Unauthorized for url: https://identity.dataspace.copernicus.eu/auth/realms/CDSE/protocol/openid-connect/token
2020-08-21T00:00:00.000000Z,c_gls_LAI300-RT1_202008310000_GLOBE_PROBAV_V1.0.1_nc,Copernicus_LAI,0.0,Failed: 401 Client Error: Unauthorized for url: https://identity.dataspace.copernicus.eu/auth/realms/CDSE/protocol/openid-connect/token
2020-08-21T00:00:00.000000Z,c_gls_LAI300-RT2_202008310000_GLOBE_PROBAV_V1.0.1_nc,Copernicus_LAI,0.0,Failed: 401 Client Error: Unauthorized for url: https://identity.dataspace.copernicus.eu/auth/realms/CDSE/protocol/openid-connect/token
2020-08-11T00:00:00.000000Z,c_gls_LAI300-RT0_202008200000_GLOBE_PROBAV_V1.0.1_nc,Copernicus_LAI,0.0,Failed: 401 Client Error: Unauthorized for url: https://identity.dataspace.copernicus.eu/auth/realms/CDSE/protocol/openid-connect/token
2020-08-11T00:00:00.000000Z,c_gls_LAI300_202008200000_GLOBE_PROBAV_V1.0.1_nc,Copernicus_LAI,0.0,Failed: 401 Client Error: Unauthorized for url: https://identity.dataspace.copernicus.eu/auth/realms/CDSE/protocol/openid-connect/token
2020-08-01T00:00:00.000000Z,c_gls_LAI300-RT0_202008100000_GLOBE_PROBAV_V1.0.1_nc,Copernicus_LAI,0.0,Failed: 401 Client Error: Unauthorized for url: https://identity.dataspace.copernicus.eu/auth/realms/CDSE/protocol/openid-connect/token
2020-08-01T00:00:00.000000Z,c_gls_LAI300-RT1_202008100000_GLOBE_PROBAV_V1.0.1_nc,Copernicus_LAI,0.0,Failed: 401 Client Error: Unauthorized for url: https://identity.dataspace.copernicus.eu/auth/realms/CDSE/protocol/openid-connect/token
2020-08-11T00:00:00.000000Z,c_gls_LAI300-RT2_202008200000_GLOBE_OLCI_V1.1.1_nc,Copernicus_LAI,0.0,Failed: 401 Client Error: Unauthorized for url: https://identity.dataspace.copernicus.eu/auth/realms/CDSE/protocol/openid-connect/token
2020-08-21T00:00:00.000000Z,c_gls_LAI300-RT2_202008310000_GLOBE_OLCI_V1.1.1_nc,Copernicus_LAI,0.0,Failed: 401 Client Error: Unauthorized for url: https://identity.dataspace.copernicus.eu/auth/realms/CDSE/protocol/openid-connect/token
2020-08-11T00:00:00.000000Z,c_gls_LAI300-RT6_202008200000_GLOBE_OLCI_V1.1.1_nc,Copernicus_LAI,0.0,Failed: 401 Client Error: Unauthorized for url: https://identity.dataspace.copernicus.eu/auth/realms/CDSE/protocol/openid-connect/token
2020-09-11T00:00:00.000000Z,c_gls_LAI300-RT2_202009200000_GLOBE_OLCI_V1.1.1_nc,Copernicus_LAI,0.0,Failed: 401 Client Error: Unauthorized for url: https://identity.dataspace.copernicus.eu/auth/realms/CDSE/protocol/openid-connect/token
2020-09-21T00:00:00.000000Z,c_gls_LAI300-RT0_202009300000_GLOBE_PROBAV_V1.0.1_nc,Copernicus_LAI,0.0,Failed: 401 Client Error: Unauthorized for url: https://identity.dataspace.copernicus.eu/auth/realms/CDSE/protocol/openid-connect/token
2020-09-01T00:00:00.000000Z,c_gls_LAI300-RT2_202009100000_GLOBE_PROBAV_V1.0.1_nc,Copernicus_LAI,0.0,Failed: 401 Client Error: Unauthorized for url: https://identity.dataspace.copernicus.eu/auth/realms/CDSE/protocol/openid-connect/token
2020-09-21T00:00:00.000000Z,c_gls_LAI300-RT1_202009300000_GLOBE_PROBAV_V1.0.1_nc,Copernicus_LAI,0.0,Failed: 401 Client Error: Unauthorized for url: https://identity.dataspace.copernicus.eu/auth/realms/CDSE/protocol/openid-connect/token
2020-09-01T00:00:00.000000Z,c_gls_LAI300-RT6_202009100000_GLOBE_OLCI_V1.1.1_nc,Copernicus_LAI,0.0,Failed: 401 Client Error: Unauthorized for url: https://identity.dataspace.copernicus.eu/auth/realms/CDSE/protocol/openid-connect/token
2020-09-21T00:00:00.000000Z,c_gls_LAI300-RT2_202009300000_GLOBE_OLCI_V1.1.1_nc,Copernicus_LAI,0.0,Failed: 401 Client Error: Unauthorized for url: https://identity.dataspace.copernicus.eu/auth/realms/CDSE/protocol/openid-connect/token
2020-09-21T00:00:00.000000Z,c_gls_LAI300-RT6_202009300000_GLOBE_OLCI_V1.1.1_nc,Copernicus_LAI,0.0,Failed: 401 Client Error: Unauthorized for url: https://identity.dataspace.copernicus.eu/auth/realms/CDSE/protocol/openid-connect/token
2020-09-11T00:00:00.000000Z,c_gls_LAI300-RT6_202009200000_GLOBE_OLCI_V1.1.1_nc,Copernicus_LAI,0.0,Failed: 401 Client Error: Unauthorized for url: https://identity.dataspace.copernicus.eu/auth/realms/CDSE/protocol/openid-connect/token
2020-09-01T00:00:00.000000Z,c_gls_LAI300-RT2_202009100000_GLOBE_OLCI_V1.1.1_nc,Copernicus_LAI,0.0,Failed: 401 Client Error: Unauthorized for url: https://identity.dataspace.copernicus.eu/auth/realms/CDSE/protocol/openid-connect/token
2020-11-01T00:00:00.000000Z,c_gls_LAI300-RT6_202011100000_GLOBE_OLCI_V1.1.1_nc,Copernicus_LAI,0.0,Failed: 401 Client Error: Unauthorized for url: https://identity.dataspace.copernicus.eu/auth/realms/CDSE/protocol/openid-connect/token
2020-11-01T00:00:00.000000Z,c_gls_LAI300-RT2_202011100000_GLOBE_OLCI_V1.1.1_nc,Copernicus_LAI,0.0,Failed: 401 Client Error: Unauthorized for url: https://identity.dataspace.copernicus.eu/auth/realms/CDSE/protocol/openid-connect/token
2020-11-11T00:00:00.000000Z,c_gls_LAI300-RT2_202011200000_GLOBE_OLCI_V1.1.1_nc,Copernicus_LAI,0.0,Failed: 401 Client Error: Unauthorized for url: https://identity.dataspace.copernicus.eu/auth/realms/CDSE/protocol/openid-connect/token
2020-11-21T00:00:00.000000Z,c_gls_LAI300-RT2_202011300000_GLOBE_OLCI_V1.1.1_nc,Copernicus_LAI,0.0,Failed: 401 Client Error: Unauthorized for url: https://identity.dataspace.copernicus.eu/auth/realms/CDSE/protocol/openid-connect/token
2020-11-11T00:00:00.000000Z,c_gls_LAI300-RT1_202011200000_GLOBE_OLCI_V1.1.1_nc,Copernicus_LAI,0.0,Failed: 401 Client Error: Unauthorized for url: https://identity.dataspace.copernicus.eu/auth/realms/CDSE/protocol/openid-connect/token
2020-11-21T00:00:00.000000Z,c_gls_LAI300-RT0_202011300000_GLOBE_OLCI_V1.1.1_nc,Copernicus_LAI,0.0,Failed: 401 Client Error: Unauthorized for url: https://identity.dataspace.copernicus.eu/auth/realms/CDSE/protocol/openid-connect/token
2020-11-11T00:00:00.000000Z,c_gls_LAI300-RT0_202011200000_GLOBE_OLCI_V1.1.1_nc,Copernicus_LAI,0.0,Failed: 401 Client Error: Unauthorized for url: https://identity.dataspace.copernicus.eu/auth/realms/CDSE/protocol/openid-connect/token
2020-11-01T00:00:00.000000Z,c_gls_LAI300-RT0_202011100000_GLOBE_OLCI_V1.1.1_nc,Copernicus_LAI,0.0,Failed: 401 Client Error: Unauthorized for url: https://identity.dataspace.copernicus.eu/auth/realms/CDSE/protocol/openid-connect/token
2020-11-11T00:00:00.000000Z,c_gls_LAI300-RT6_202011200000_GLOBE_OLCI_V1.1.1_nc,Copernicus_LAI,0.0,Failed: 401 Client Error: Unauthorized for url: https://identity.dataspace.copernicus.eu/auth/realms/CDSE/protocol/openid-connect/token
2020-11-21T00:00:00.000000Z,c_gls_LAI300-RT6_202011300000_GLOBE_OLCI_V1.1.1_nc,Copernicus_LAI,0.0,Failed: 401 Client Error: Unauthorized for url: https://identity.dataspace.copernicus.eu/auth/realms/CDSE/protocol/openid-connect/token
2020-11-01T00:00:00.000000Z,c_gls_LAI300-RT1_202011100000_GLOBE_OLCI_V1.1.1_nc,Copernicus_LAI,0.0,Failed: 401 Client Error: Unauthorized for url: https://identity.dataspace.copernicus.eu/auth/realms/CDSE/protocol/openid-connect/token
2020-11-21T00:00:00.000000Z,c_gls_LAI300-RT1_202011300000_GLOBE_OLCI_V1.1.1_nc,Copernicus_LAI,0.0,Failed: 401 Client Error: Unauthorized for url: https://identity.dataspace.copernicus.eu/auth/realms/CDSE/protocol/openid-connect/token
2020-06-01T00:00:00.000000Z,c_gls_LAI300-RT1_202006100000_GLOBE_PROBAV_V1.0.1_nc,Copernicus_LAI,0.0,Failed: 401 Client Error: Unauthorized for url: https://identity.dataspace.copernicus.eu/auth/realms/CDSE/protocol/openid-connect/token
2020-06-01T00:00:00.000000Z,c_gls_LAI300_202006100000_GLOBE_PROBAV_V1.0.1_nc,Copernicus_LAI,0.0,Failed: 401 Client Error: Unauthorized for url: https://identity.dataspace.copernicus.eu/auth/realms/CDSE/protocol/openid-connect/token
2020-06-11T00:00:00.000000Z,c_gls_LAI300-RT0_202006200000_GLOBE_PROBAV_V1.0.1_nc,Copernicus_LAI,0.0,Failed: 401 Client Error: Unauthorized for url: https://identity.dataspace.copernicus.eu/auth/realms/CDSE/protocol/openid-connect/token
2020-06-01T00:00:00.000000Z,c_gls_LAI300-RT0_202006100000_GLOBE_PROBAV_V1.0.1_nc,Copernicus_LAI,0.0,Failed: 401 Client Error: Unauthorized for url: https://identity.dataspace.copernicus.eu/auth/realms/CDSE/protocol/openid-connect/token
2020-06-11T00:00:00.000000Z,c_gls_LAI300-RT1_202006200000_GLOBE_PROBAV_V1.0.1_nc,Copernicus_LAI,0.0,Failed: 401 Client Error: Unauthorized for url: https://identity.dataspace.copernicus.eu/auth/realms/CDSE/protocol/openid-connect/token
2020-06-21T00:00:00.000000Z,c_gls_LAI300_202006300000_GLOBE_PROBAV_V1.0.1_nc,Copernicus_LAI,0.0,Failed: 401 Client Error: Unauthorized for url: https://identity.dataspace.copernicus.eu/auth/realms/CDSE/protocol/openid-connect/token
2020-06-11T00:00:00.000000Z,c_gls_LAI300-RT2_202006200000_GLOBE_PROBAV_V1.0.1_nc,Copernicus_LAI,0.0,Failed: 401 Client Error: Unauthorized for url: https://identity.dataspace.copernicus.eu/auth/realms/CDSE/protocol/openid-connect/token
2020-06-11T00:00:00.000000Z,c_gls_LAI300_202006200000_GLOBE_PROBAV_V1.0.1_nc,Copernicus_LAI,0.0,Failed: 401 Client Error: Unauthorized for url: https://identity.dataspace.copernicus.eu/auth/realms/CDSE/protocol/openid-connect/token
2020-06-21T00:00:00.000000Z,c_gls_LAI300-RT0_202006300000_GLOBE_PROBAV_V1.0.1_nc,Copernicus_LAI,0.0,Failed: 401 Client Error: Unauthorized for url: https://identity.dataspace.copernicus.eu/auth/realms/CDSE/protocol/openid-connect/token
2020-06-21T00:00:00.000000Z,c_gls_LAI300-RT1_202006300000_GLOBE_PROBAV_V1.0.1_nc,Copernicus_LAI,0.0,Failed: 401 Client Error: Unauthorized for url: https://identity.dataspace.copernicus.eu/auth/realms/CDSE/protocol/openid-connect/token
