date,file_name,product,file_size_mb,status
20150101,ESACCI-SOILMOISTURE-L3S-SSMV-COMBINED-20150101000000-fv08.1.nc,ESA_CCI_COMBINED,1.35,Downloaded
20150102,ESACCI-SOILMOISTURE-L3S-SSMV-COMBINED-20150102000000-fv08.1.nc,ESA_CCI_COMBINED,1.35,Downloaded
20150103,ESACCI-SOILMOISTURE-L3S-SSMV-COMBINED-20150103000000-fv08.1.nc,ESA_CCI_COMBINED,1.36,Downloaded
20150104,ESACCI-SOILMOISTURE-L3S-SSMV-COMBINED-20150104000000-fv08.1.nc,ESA_CCI_COMBINED,1.38,Downloaded
20150105,ESACCI-SOILMOISTURE-L3S-SSMV-COMBINED-20150105000000-fv08.1.nc,ESA_CCI_COMBINED,1.38,Downloaded
20150106,ESACCI-SOILMOISTURE-L3S-SSMV-COMBINED-20150106000000-fv08.1.nc,ESA_CCI_COMBINED,1.36,Downloaded
20150107,ESACCI-SOILMOISTURE-L3S-SSMV-COMBINED-20150107000000-fv08.1.nc,ESA_CCI_COMBINED,1.35,Downloaded
20150108,ESACCI-SOILMOISTURE-L3S-SSMV-COMBINED-20150108000000-fv08.1.nc,ESA_CCI_COMBINED,1.34,Downloaded
20150109,ESACCI-SOILMOISTURE-L3S-SSMV-COMBINED-20150109000000-fv08.1.nc,ESA_CCI_COMBINED,1.35,Downloaded
20150110,ESACCI-SOILMOISTURE-L3S-SSMV-COMBINED-20150110000000-fv08.1.nc,ESA_CCI_COMBINED,1.35,Downloaded
20150111,ESACCI-SOILMOISTURE-L3S-SSMV-COMBINED-20150111000000-fv08.1.nc,ESA_CCI_COMBINED,1.36,Downloaded
20150112,ESACCI-SOILMOISTURE-L3S-SSMV-COMBINED-20150112000000-fv08.1.nc,ESA_CCI_COMBINED,1.37,Downloaded
20150113,ESACCI-SOILMOISTURE-L3S-SSMV-COMBINED-20150113000000-fv08.1.nc,ESA_CCI_COMBINED,1.39,Downloaded
20150114,ESACCI-SOILMOISTURE-L3S-SSMV-COMBINED-20150114000000-fv08.1.nc,ESA_CCI_COMBINED,1.36,Downloaded
20150115,ESACCI-SOILMOISTURE-L3S-SSMV-COMBINED-20150115000000-fv08.1.nc,ESA_CCI_COMBINED,1.37,Downloaded
20150116,ESACCI-SOILMOISTURE-L3S-SSMV-COMBINED-20150116000000-fv08.1.nc,ESA_CCI_COMBINED,1.37,Downloaded
20150117,ESACCI-SOILMOISTURE-L3S-SSMV-COMBINED-20150117000000-fv08.1.nc,ESA_CCI_COMBINED,1.39,Downloaded
20150118,ESACCI-SOILMOISTURE-L3S-SSMV-COMBINED-20150118000000-fv08.1.nc,ESA_CCI_COMBINED,1.4,Downloaded
20150119,ESACCI-SOILMOISTURE-L3S-SSMV-COMBINED-20150119000000-fv08.1.nc,ESA_CCI_COMBINED,1.4,Downloaded
20150120,ESACCI-SOILMOISTURE-L3S-SSMV-COMBINED-20150120000000-fv08.1.nc,ESA_CCI_COMBINED,1.4,Downloaded
20150121,ESACCI-SOILMOISTURE-L3S-SSMV-COMBINED-20150121000000-fv08.1.nc,ESA_CCI_COMBINED,1.39,Downloaded
20150122,ESACCI-SOILMOISTURE-L3S-SSMV-COMBINED-20150122000000-fv08.1.nc,ESA_CCI_COMBINED,1.39,Downloaded
20150123,ESACCI-SOILMOISTURE-L3S-SSMV-COMBINED-20150123000000-fv08.1.nc,ESA_CCI_COMBINED,1.39,Downloaded
20150124,ESACCI-SOILMOISTURE-L3S-SSMV-COMBINED-20150124000000-fv08.1.nc,ESA_CCI_COMBINED,1.38,Downloaded
20150125,ESACCI-SOILMOISTURE-L3S-SSMV-COMBINED-20150125000000-fv08.1.nc,ESA_CCI_COMBINED,1.39,Downloaded
20150126,ESACCI-SOILMOISTURE-L3S-SSMV-COMBINED-20150126000000-fv08.1.nc,ESA_CCI_COMBINED,1.38,Downloaded
20150127,ESACCI-SOILMOISTURE-L3S-SSMV-COMBINED-20150127000000-fv08.1.nc,ESA_CCI_COMBINED,1.38,Downloaded
20150128,ESACCI-SOILMOISTURE-L3S-SSMV-COMBINED-20150128000000-fv08.1.nc,ESA_CCI_COMBINED,1.39,Downloaded
20150129,ESACCI-SOILMOISTURE-L3S-SSMV-COMBINED-20150129000000-fv08.1.nc,ESA_CCI_COMBINED,1.4,Downloaded
20150130,ESACCI-SOILMOISTURE-L3S-SSMV-COMBINED-20150130000000-fv08.1.nc,ESA_CCI_COMBINED,1.39,Downloaded
20150131,ESACCI-SOILMOISTURE-L3S-SSMV-COMBINED-20150131000000-fv08.1.nc,ESA_CCI_COMBINED,1.4,Downloaded
20150201,ESACCI-SOILMOISTURE-L3S-SSMV-COMBINED-20150201000000-fv08.1.nc,ESA_CCI_COMBINED,1.4,Downloaded
20150202,ESACCI-SOILMOISTURE-L3S-SSMV-COMBINED-20150202000000-fv08.1.nc,ESA_CCI_COMBINED,1.4,Downloaded
20150203,ESACCI-SOILMOISTURE-L3S-SSMV-COMBINED-20150203000000-fv08.1.nc,ESA_CCI_COMBINED,1.38,Downloaded
20150204,ESACCI-SOILMOISTURE-L3S-SSMV-COMBINED-20150204000000-fv08.1.nc,ESA_CCI_COMBINED,1.39,Downloaded
20150205,ESACCI-SOILMOISTURE-L3S-SSMV-COMBINED-20150205000000-fv08.1.nc,ESA_CCI_COMBINED,1.38,Downloaded
20150206,ESACCI-SOILMOISTURE-L3S-SSMV-COMBINED-20150206000000-fv08.1.nc,ESA_CCI_COMBINED,1.38,Downloaded
20150207,ESACCI-SOILMOISTURE-L3S-SSMV-COMBINED-20150207000000-fv08.1.nc,ESA_CCI_COMBINED,1.39,Downloaded
20150208,ESACCI-SOILMOISTURE-L3S-SSMV-COMBINED-20150208000000-fv08.1.nc,ESA_CCI_COMBINED,1.41,Downloaded
20150209,ESACCI-SOILMOISTURE-L3S-SSMV-COMBINED-20150209000000-fv08.1.nc,ESA_CCI_COMBINED,1.41,Downloaded
20150210,ESACCI-SOILMOISTURE-L3S-SSMV-COMBINED-20150210000000-fv08.1.nc,ESA_CCI_COMBINED,1.43,Downloaded
20150211,ESACCI-SOILMOISTURE-L3S-SSMV-COMBINED-20150211000000-fv08.1.nc,ESA_CCI_COMBINED,1.42,Downloaded
20150212,ESACCI-SOILMOISTURE-L3S-SSMV-COMBINED-20150212000000-fv08.1.nc,ESA_CCI_COMBINED,1.42,Downloaded
20150213,ESACCI-SOILMOISTURE-L3S-SSMV-COMBINED-20150213000000-fv08.1.nc,ESA_CCI_COMBINED,1.42,Downloaded
20150214,ESACCI-SOILMOISTURE-L3S-SSMV-COMBINED-20150214000000-fv08.1.nc,ESA_CCI_COMBINED,1.43,Downloaded
20150215,ESACCI-SOILMOISTURE-L3S-SSMV-COMBINED-20150215000000-fv08.1.nc,ESA_CCI_COMBINED,1.43,Downloaded
20150216,ESACCI-SOILMOISTURE-L3S-SSMV-COMBINED-20150216000000-fv08.1.nc,ESA_CCI_COMBINED,1.42,Downloaded
20150217,ESACCI-SOILMOISTURE-L3S-SSMV-COMBINED-20150217000000-fv08.1.nc,ESA_CCI_COMBINED,1.4,Downloaded
20150218,ESACCI-SOILMOISTURE-L3S-SSMV-COMBINED-20150218000000-fv08.1.nc,ESA_CCI_COMBINED,1.42,Downloaded
20150219,ESACCI-SOILMOISTURE-L3S-SSMV-COMBINED-20150219000000-fv08.1.nc,ESA_CCI_COMBINED,1.4,Downloaded
20150220,ESACCI-SOILMOISTURE-L3S-SSMV-COMBINED-20150220000000-fv08.1.nc,ESA_CCI_COMBINED,1.42,Downloaded
20150221,ESACCI-SOILMOISTURE-L3S-SSMV-COMBINED-20150221000000-fv08.1.nc,ESA_CCI_COMBINED,1.43,Downloaded
20150222,ESACCI-SOILMOISTURE-L3S-SSMV-COMBINED-20150222000000-fv08.1.nc,ESA_CCI_COMBINED,1.44,Downloaded
20150223,ESACCI-SOILMOISTURE-L3S-SSMV-COMBINED-20150223000000-fv08.1.nc,ESA_CCI_COMBINED,1.43,Downloaded
20150224,ESACCI-SOILMOISTURE-L3S-SSMV-COMBINED-20150224000000-fv08.1.nc,ESA_CCI_COMBINED,1.43,Downloaded
20150225,ESACCI-SOILMOISTURE-L3S-SSMV-COMBINED-20150225000000-fv08.1.nc,ESA_CCI_COMBINED,1.43,Downloaded
20150226,ESACCI-SOILMOISTURE-L3S-SSMV-COMBINED-20150226000000-fv08.1.nc,ESA_CCI_COMBINED,1.42,Downloaded
20150227,ESACCI-SOILMOISTURE-L3S-SSMV-COMBINED-20150227000000-fv08.1.nc,ESA_CCI_COMBINED,1.42,Downloaded
20150228,ESACCI-SOILMOISTURE-L3S-SSMV-COMBINED-20150228000000-fv08.1.nc,ESA_CCI_COMBINED,1.42,Downloaded
20150301,ESACCI-SOILMOISTURE-L3S-SSMV-COMBINED-20150301000000-fv08.1.nc,ESA_CCI_COMBINED,1.43,Downloaded
20150302,ESACCI-SOILMOISTURE-L3S-SSMV-COMBINED-20150302000000-fv08.1.nc,ESA_CCI_COMBINED,1.46,Downloaded
20150303,ESACCI-SOILMOISTURE-L3S-SSMV-COMBINED-20150303000000-fv08.1.nc,ESA_CCI_COMBINED,1.44,Downloaded
20150304,ESACCI-SOILMOISTURE-L3S-SSMV-COMBINED-20150304000000-fv08.1.nc,ESA_CCI_COMBINED,1.46,Downloaded
20150305,ESACCI-SOILMOISTURE-L3S-SSMV-COMBINED-20150305000000-fv08.1.nc,ESA_CCI_COMBINED,1.45,Downloaded
20150306,ESACCI-SOILMOISTURE-L3S-SSMV-COMBINED-20150306000000-fv08.1.nc,ESA_CCI_COMBINED,1.45,Downloaded
20150307,ESACCI-SOILMOISTURE-L3S-SSMV-COMBINED-20150307000000-fv08.1.nc,ESA_CCI_COMBINED,1.45,Downloaded
20150308,ESACCI-SOILMOISTURE-L3S-SSMV-COMBINED-20150308000000-fv08.1.nc,ESA_CCI_COMBINED,1.46,Downloaded
20150309,ESACCI-SOILMOISTURE-L3S-SSMV-COMBINED-20150309000000-fv08.1.nc,ESA_CCI_COMBINED,1.47,Downloaded
20150310,ESACCI-SOILMOISTURE-L3S-SSMV-COMBINED-20150310000000-fv08.1.nc,ESA_CCI_COMBINED,1.49,Downloaded
20150311,ESACCI-SOILMOISTURE-L3S-SSMV-COMBINED-20150311000000-fv08.1.nc,ESA_CCI_COMBINED,1.48,Downloaded
20150312,ESACCI-SOILMOISTURE-L3S-SSMV-COMBINED-20150312000000-fv08.1.nc,ESA_CCI_COMBINED,1.49,Downloaded
20150313,ESACCI-SOILMOISTURE-L3S-SSMV-COMBINED-20150313000000-fv08.1.nc,ESA_CCI_COMBINED,1.51,Downloaded
20150314,ESACCI-SOILMOISTURE-L3S-SSMV-COMBINED-20150314000000-fv08.1.nc,ESA_CCI_COMBINED,1.52,Downloaded
20150315,ESACCI-SOILMOISTURE-L3S-SSMV-COMBINED-20150315000000-fv08.1.nc,ESA_CCI_COMBINED,1.52,Downloaded
20150316,ESACCI-SOILMOISTURE-L3S-SSMV-COMBINED-20150316000000-fv08.1.nc,ESA_CCI_COMBINED,1.51,Downloaded
20150317,ESACCI-SOILMOISTURE-L3S-SSMV-COMBINED-20150317000000-fv08.1.nc,ESA_CCI_COMBINED,1.51,Downloaded
20150318,ESACCI-SOILMOISTURE-L3S-SSMV-COMBINED-20150318000000-fv08.1.nc,ESA_CCI_COMBINED,1.52,Downloaded
20150319,ESACCI-SOILMOISTURE-L3S-SSMV-COMBINED-20150319000000-fv08.1.nc,ESA_CCI_COMBINED,1.51,Downloaded
20150320,ESACCI-SOILMOISTURE-L3S-SSMV-COMBINED-20150320000000-fv08.1.nc,ESA_CCI_COMBINED,1.51,Downloaded
20150321,ESACCI-SOILMOISTURE-L3S-SSMV-COMBINED-20150321000000-fv08.1.nc,ESA_CCI_COMBINED,1.51,Downloaded
20150322,ESACCI-SOILMOISTURE-L3S-SSMV-COMBINED-20150322000000-fv08.1.nc,ESA_CCI_COMBINED,1.53,Downloaded
20150323,ESACCI-SOILMOISTURE-L3S-SSMV-COMBINED-20150323000000-fv08.1.nc,ESA_CCI_COMBINED,1.51,Downloaded
20150324,ESACCI-SOILMOISTURE-L3S-SSMV-COMBINED-20150324000000-fv08.1.nc,ESA_CCI_COMBINED,1.51,Downloaded
20150325,ESACCI-SOILMOISTURE-L3S-SSMV-COMBINED-20150325000000-fv08.1.nc,ESA_CCI_COMBINED,1.53,Downloaded
20150326,ESACCI-SOILMOISTURE-L3S-SSMV-COMBINED-20150326000000-fv08.1.nc,ESA_CCI_COMBINED,1.56,Downloaded
20150327,ESACCI-SOILMOISTURE-L3S-SSMV-COMBINED-20150327000000-fv08.1.nc,ESA_CCI_COMBINED,1.57,Downloaded
20150328,ESACCI-SOILMOISTURE-L3S-SSMV-COMBINED-20150328000000-fv08.1.nc,ESA_CCI_COMBINED,1.57,Downloaded
20150329,ESACCI-SOILMOISTURE-L3S-SSMV-COMBINED-20150329000000-fv08.1.nc,ESA_CCI_COMBINED,1.57,Downloaded
20150330,ESACCI-SOILMOISTURE-L3S-SSMV-COMBINED-20150330000000-fv08.1.nc,ESA_CCI_COMBINED,1.58,Downloaded
20150331,ESACCI-SOILMOISTURE-L3S-SSMV-COMBINED-20150331000000-fv08.1.nc,ESA_CCI_COMBINED,1.59,Downloaded
20150401,ESACCI-SOILMOISTURE-L3S-SSMV-COMBINED-20150401000000-fv08.1.nc,ESA_CCI_COMBINED,1.58,Downloaded
20150402,ESACCI-SOILMOISTURE-L3S-SSMV-COMBINED-20150402000000-fv08.1.nc,ESA_CCI_COMBINED,1.59,Downloaded
20150403,ESACCI-SOILMOISTURE-L3S-SSMV-COMBINED-20150403000000-fv08.1.nc,ESA_CCI_COMBINED,1.6,Downloaded
20150404,ESACCI-SOILMOISTURE-L3S-SSMV-COMBINED-20150404000000-fv08.1.nc,ESA_CCI_COMBINED,1.59,Downloaded
20150405,ESACCI-SOILMOISTURE-L3S-SSMV-COMBINED-20150405000000-fv08.1.nc,ESA_CCI_COMBINED,1.58,Downloaded
20150406,ESACCI-SOILMOISTURE-L3S-SSMV-COMBINED-20150406000000-fv08.1.nc,ESA_CCI_COMBINED,1.57,Downloaded
20150407,ESACCI-SOILMOISTURE-L3S-SSMV-COMBINED-20150407000000-fv08.1.nc,ESA_CCI_COMBINED,1.59,Downloaded
20150408,ESACCI-SOILMOISTURE-L3S-SSMV-COMBINED-20150408000000-fv08.1.nc,ESA_CCI_COMBINED,1.59,Downloaded
20150409,ESACCI-SOILMOISTURE-L3S-SSMV-COMBINED-20150409000000-fv08.1.nc,ESA_CCI_COMBINED,1.61,Downloaded
20150410,ESACCI-SOILMOISTURE-L3S-SSMV-COMBINED-20150410000000-fv08.1.nc,ESA_CCI_COMBINED,1.63,Downloaded
20150411,ESACCI-SOILMOISTURE-L3S-SSMV-COMBINED-20150411000000-fv08.1.nc,ESA_CCI_COMBINED,1.66,Downloaded
20150412,ESACCI-SOILMOISTURE-L3S-SSMV-COMBINED-20150412000000-fv08.1.nc,ESA_CCI_COMBINED,1.65,Downloaded
20150413,ESACCI-SOILMOISTURE-L3S-SSMV-COMBINED-20150413000000-fv08.1.nc,ESA_CCI_COMBINED,1.65,Downloaded
20150414,ESACCI-SOILMOISTURE-L3S-SSMV-COMBINED-20150414000000-fv08.1.nc,ESA_CCI_COMBINED,1.66,Downloaded
20150415,ESACCI-SOILMOISTURE-L3S-SSMV-COMBINED-20150415000000-fv08.1.nc,ESA_CCI_COMBINED,1.69,Downloaded
20150416,ESACCI-SOILMOISTURE-L3S-SSMV-COMBINED-20150416000000-fv08.1.nc,ESA_CCI_COMBINED,1.7,Downloaded
20150417,ESACCI-SOILMOISTURE-L3S-SSMV-COMBINED-20150417000000-fv08.1.nc,ESA_CCI_COMBINED,1.71,Downloaded
20150418,ESACCI-SOILMOISTURE-L3S-SSMV-COMBINED-20150418000000-fv08.1.nc,ESA_CCI_COMBINED,1.74,Downloaded
20150419,ESACCI-SOILMOISTURE-L3S-SSMV-COMBINED-20150419000000-fv08.1.nc,ESA_CCI_COMBINED,1.76,Downloaded
20150420,ESACCI-SOILMOISTURE-L3S-SSMV-COMBINED-20150420000000-fv08.1.nc,ESA_CCI_COMBINED,1.74,Downloaded
20150421,ESACCI-SOILMOISTURE-L3S-SSMV-COMBINED-20150421000000-fv08.1.nc,ESA_CCI_COMBINED,1.76,Downloaded
20150422,ESACCI-SOILMOISTURE-L3S-SSMV-COMBINED-20150422000000-fv08.1.nc,ESA_CCI_COMBINED,1.77,Downloaded
20150423,ESACCI-SOILMOISTURE-L3S-SSMV-COMBINED-20150423000000-fv08.1.nc,ESA_CCI_COMBINED,1.79,Downloaded
20150424,ESACCI-SOILMOISTURE-L3S-SSMV-COMBINED-20150424000000-fv08.1.nc,ESA_CCI_COMBINED,1.8,Downloaded
20150425,ESACCI-SOILMOISTURE-L3S-SSMV-COMBINED-20150425000000-fv08.1.nc,ESA_CCI_COMBINED,1.81,Downloaded
20150426,ESACCI-SOILMOISTURE-L3S-SSMV-COMBINED-20150426000000-fv08.1.nc,ESA_CCI_COMBINED,1.8,Downloaded
20150427,ESACCI-SOILMOISTURE-L3S-SSMV-COMBINED-20150427000000-fv08.1.nc,ESA_CCI_COMBINED,1.82,Downloaded
20150428,ESACCI-SOILMOISTURE-L3S-SSMV-COMBINED-20150428000000-fv08.1.nc,ESA_CCI_COMBINED,1.83,Downloaded
20150429,ESACCI-SOILMOISTURE-L3S-SSMV-COMBINED-20150429000000-fv08.1.nc,ESA_CCI_COMBINED,1.86,Downloaded
20150430,ESACCI-SOILMOISTURE-L3S-SSMV-COMBINED-20150430000000-fv08.1.nc,ESA_CCI_COMBINED,1.84,Downloaded
20150501,ESACCI-SOILMOISTURE-L3S-SSMV-COMBINED-20150501000000-fv08.1.nc,ESA_CCI_COMBINED,1.86,Downloaded
20150502,ESACCI-SOILMOISTURE-L3S-SSMV-COMBINED-20150502000000-fv08.1.nc,ESA_CCI_COMBINED,1.85,Downloaded
20150503,ESACCI-SOILMOISTURE-L3S-SSMV-COMBINED-20150503000000-fv08.1.nc,ESA_CCI_COMBINED,1.84,Downloaded
20150504,ESACCI-SOILMOISTURE-L3S-SSMV-COMBINED-20150504000000-fv08.1.nc,ESA_CCI_COMBINED,1.85,Downloaded
20150505,ESACCI-SOILMOISTURE-L3S-SSMV-COMBINED-20150505000000-fv08.1.nc,ESA_CCI_COMBINED,1.88,Downloaded
20150506,ESACCI-SOILMOISTURE-L3S-SSMV-COMBINED-20150506000000-fv08.1.nc,ESA_CCI_COMBINED,1.86,Downloaded
20150507,ESACCI-SOILMOISTURE-L3S-SSMV-COMBINED-20150507000000-fv08.1.nc,ESA_CCI_COMBINED,1.86,Downloaded
20150508,ESACCI-SOILMOISTURE-L3S-SSMV-COMBINED-20150508000000-fv08.1.nc,ESA_CCI_COMBINED,1.88,Downloaded
20150509,ESACCI-SOILMOISTURE-L3S-SSMV-COMBINED-20150509000000-fv08.1.nc,ESA_CCI_COMBINED,1.91,Downloaded
20150510,ESACCI-SOILMOISTURE-L3S-SSMV-COMBINED-20150510000000-fv08.1.nc,ESA_CCI_COMBINED,1.9,Downloaded
20150511,ESACCI-SOILMOISTURE-L3S-SSMV-COMBINED-20150511000000-fv08.1.nc,ESA_CCI_COMBINED,1.93,Downloaded
20150512,ESACCI-SOILMOISTURE-L3S-SSMV-COMBINED-20150512000000-fv08.1.nc,ESA_CCI_COMBINED,1.95,Downloaded
20150513,ESACCI-SOILMOISTURE-L3S-SSMV-COMBINED-20150513000000-fv08.1.nc,ESA_CCI_COMBINED,1.95,Downloaded
20150514,ESACCI-SOILMOISTURE-L3S-SSMV-COMBINED-20150514000000-fv08.1.nc,ESA_CCI_COMBINED,1.94,Downloaded
20150515,ESACCI-SOILMOISTURE-L3S-SSMV-COMBINED-20150515000000-fv08.1.nc,ESA_CCI_COMBINED,1.96,Downloaded
20150516,ESACCI-SOILMOISTURE-L3S-SSMV-COMBINED-20150516000000-fv08.1.nc,ESA_CCI_COMBINED,1.98,Downloaded
20150517,ESACCI-SOILMOISTURE-L3S-SSMV-COMBINED-20150517000000-fv08.1.nc,ESA_CCI_COMBINED,2.01,Downloaded
20150518,ESACCI-SOILMOISTURE-L3S-SSMV-COMBINED-20150518000000-fv08.1.nc,ESA_CCI_COMBINED,2.02,Downloaded
20150519,ESACCI-SOILMOISTURE-L3S-SSMV-COMBINED-20150519000000-fv08.1.nc,ESA_CCI_COMBINED,2.03,Downloaded
20150520,ESACCI-SOILMOISTURE-L3S-SSMV-COMBINED-20150520000000-fv08.1.nc,ESA_CCI_COMBINED,2.07,Downloaded
20150521,ESACCI-SOILMOISTURE-L3S-SSMV-COMBINED-20150521000000-fv08.1.nc,ESA_CCI_COMBINED,2.12,Downloaded
20150522,ESACCI-SOILMOISTURE-L3S-SSMV-COMBINED-20150522000000-fv08.1.nc,ESA_CCI_COMBINED,2.12,Downloaded
20150523,ESACCI-SOILMOISTURE-L3S-SSMV-COMBINED-20150523000000-fv08.1.nc,ESA_CCI_COMBINED,2.13,Downloaded
20150524,ESACCI-SOILMOISTURE-L3S-SSMV-COMBINED-20150524000000-fv08.1.nc,ESA_CCI_COMBINED,2.14,Downloaded
20150525,ESACCI-SOILMOISTURE-L3S-SSMV-COMBINED-20150525000000-fv08.1.nc,ESA_CCI_COMBINED,2.14,Downloaded
20150526,ESACCI-SOILMOISTURE-L3S-SSMV-COMBINED-20150526000000-fv08.1.nc,ESA_CCI_COMBINED,2.15,Downloaded
20150527,ESACCI-SOILMOISTURE-L3S-SSMV-COMBINED-20150527000000-fv08.1.nc,ESA_CCI_COMBINED,2.16,Downloaded
20150528,ESACCI-SOILMOISTURE-L3S-SSMV-COMBINED-20150528000000-fv08.1.nc,ESA_CCI_COMBINED,2.18,Downloaded
20150529,ESACCI-SOILMOISTURE-L3S-SSMV-COMBINED-20150529000000-fv08.1.nc,ESA_CCI_COMBINED,2.19,Downloaded
20150530,ESACCI-SOILMOISTURE-L3S-SSMV-COMBINED-20150530000000-fv08.1.nc,ESA_CCI_COMBINED,2.21,Downloaded
20150531,ESACCI-SOILMOISTURE-L3S-SSMV-COMBINED-20150531000000-fv08.1.nc,ESA_CCI_COMBINED,2.25,Downloaded
20150601,ESACCI-SOILMOISTURE-L3S-SSMV-COMBINED-20150601000000-fv08.1.nc,ESA_CCI_COMBINED,2.28,Downloaded
20150602,ESACCI-SOILMOISTURE-L3S-SSMV-COMBINED-20150602000000-fv08.1.nc,ESA_CCI_COMBINED,2.31,Downloaded
20150603,ESACCI-SOILMOISTURE-L3S-SSMV-COMBINED-20150603000000-fv08.1.nc,ESA_CCI_COMBINED,2.3,Downloaded
20150604,ESACCI-SOILMOISTURE-L3S-SSMV-COMBINED-20150604000000-fv08.1.nc,ESA_CCI_COMBINED,2.32,Downloaded
20150605,ESACCI-SOILMOISTURE-L3S-SSMV-COMBINED-20150605000000-fv08.1.nc,ESA_CCI_COMBINED,2.37,Downloaded
20150606,ESACCI-SOILMOISTURE-L3S-SSMV-COMBINED-20150606000000-fv08.1.nc,ESA_CCI_COMBINED,2.4,Downloaded
20150607,ESACCI-SOILMOISTURE-L3S-SSMV-COMBINED-20150607000000-fv08.1.nc,ESA_CCI_COMBINED,2.4,Downloaded
20150608,ESACCI-SOILMOISTURE-L3S-SSMV-COMBINED-20150608000000-fv08.1.nc,ESA_CCI_COMBINED,2.41,Downloaded
20150609,ESACCI-SOILMOISTURE-L3S-SSMV-COMBINED-20150609000000-fv08.1.nc,ESA_CCI_COMBINED,2.4,Downloaded
20150610,ESACCI-SOILMOISTURE-L3S-SSMV-COMBINED-20150610000000-fv08.1.nc,ESA_CCI_COMBINED,2.42,Downloaded
20150611,ESACCI-SOILMOISTURE-L3S-SSMV-COMBINED-20150611000000-fv08.1.nc,ESA_CCI_COMBINED,2.41,Downloaded
20150612,ESACCI-SOILMOISTURE-L3S-SSMV-COMBINED-20150612000000-fv08.1.nc,ESA_CCI_COMBINED,2.43,Downloaded
20150613,ESACCI-SOILMOISTURE-L3S-SSMV-COMBINED-20150613000000-fv08.1.nc,ESA_CCI_COMBINED,2.43,Downloaded
20150614,ESACCI-SOILMOISTURE-L3S-SSMV-COMBINED-20150614000000-fv08.1.nc,ESA_CCI_COMBINED,2.44,Downloaded
20150615,ESACCI-SOILMOISTURE-L3S-SSMV-COMBINED-20150615000000-fv08.1.nc,ESA_CCI_COMBINED,2.46,Downloaded
20150616,ESACCI-SOILMOISTURE-L3S-SSMV-COMBINED-20150616000000-fv08.1.nc,ESA_CCI_COMBINED,2.46,Downloaded
20150617,ESACCI-SOILMOISTURE-L3S-SSMV-COMBINED-20150617000000-fv08.1.nc,ESA_CCI_COMBINED,2.45,Downloaded
20150618,ESACCI-SOILMOISTURE-L3S-SSMV-COMBINED-20150618000000-fv08.1.nc,ESA_CCI_COMBINED,2.48,Downloaded
20150619,ESACCI-SOILMOISTURE-L3S-SSMV-COMBINED-20150619000000-fv08.1.nc,ESA_CCI_COMBINED,2.48,Downloaded
20150620,ESACCI-SOILMOISTURE-L3S-SSMV-COMBINED-20150620000000-fv08.1.nc,ESA_CCI_COMBINED,2.47,Downloaded
20150621,ESACCI-SOILMOISTURE-L3S-SSMV-COMBINED-20150621000000-fv08.1.nc,ESA_CCI_COMBINED,2.48,Downloaded
20150622,ESACCI-SOILMOISTURE-L3S-SSMV-COMBINED-20150622000000-fv08.1.nc,ESA_CCI_COMBINED,2.51,Downloaded
20150623,ESACCI-SOILMOISTURE-L3S-SSMV-COMBINED-20150623000000-fv08.1.nc,ESA_CCI_COMBINED,2.49,Downloaded
20150624,ESACCI-SOILMOISTURE-L3S-SSMV-COMBINED-20150624000000-fv08.1.nc,ESA_CCI_COMBINED,2.5,Downloaded
20150625,ESACCI-SOILMOISTURE-L3S-SSMV-COMBINED-20150625000000-fv08.1.nc,ESA_CCI_COMBINED,2.49,Downloaded
20150626,ESACCI-SOILMOISTURE-L3S-SSMV-COMBINED-20150626000000-fv08.1.nc,ESA_CCI_COMBINED,2.52,Downloaded
20150627,ESACCI-SOILMOISTURE-L3S-SSMV-COMBINED-20150627000000-fv08.1.nc,ESA_CCI_COMBINED,2.51,Downloaded
20150628,ESACCI-SOILMOISTURE-L3S-SSMV-COMBINED-20150628000000-fv08.1.nc,ESA_CCI_COMBINED,2.5,Downloaded
20150629,ESACCI-SOILMOISTURE-L3S-SSMV-COMBINED-20150629000000-fv08.1.nc,ESA_CCI_COMBINED,2.52,Downloaded
20150630,ESACCI-SOILMOISTURE-L3S-SSMV-COMBINED-20150630000000-fv08.1.nc,ESA_CCI_COMBINED,2.54,Downloaded
20150701,ESACCI-SOILMOISTURE-L3S-SSMV-COMBINED-20150701000000-fv08.1.nc,ESA_CCI_COMBINED,2.53,Downloaded
20150702,ESACCI-SOILMOISTURE-L3S-SSMV-COMBINED-20150702000000-fv08.1.nc,ESA_CCI_COMBINED,2.52,Downloaded
20150703,ESACCI-SOILMOISTURE-L3S-SSMV-COMBINED-20150703000000-fv08.1.nc,ESA_CCI_COMBINED,2.21,Downloaded
20150704,ESACCI-SOILMOISTURE-L3S-SSMV-COMBINED-20150704000000-fv08.1.nc,ESA_CCI_COMBINED,2.57,Downloaded
20150705,ESACCI-SOILMOISTURE-L3S-SSMV-COMBINED-20150705000000-fv08.1.nc,ESA_CCI_COMBINED,2.53,Downloaded
20150706,ESACCI-SOILMOISTURE-L3S-SSMV-COMBINED-20150706000000-fv08.1.nc,ESA_CCI_COMBINED,2.54,Downloaded
20150707,ESACCI-SOILMOISTURE-L3S-SSMV-COMBINED-20150707000000-fv08.1.nc,ESA_CCI_COMBINED,2.55,Downloaded
20150708,ESACCI-SOILMOISTURE-L3S-SSMV-COMBINED-20150708000000-fv08.1.nc,ESA_CCI_COMBINED,2.56,Downloaded
20150709,ESACCI-SOILMOISTURE-L3S-SSMV-COMBINED-20150709000000-fv08.1.nc,ESA_CCI_COMBINED,2.54,Downloaded
20150710,ESACCI-SOILMOISTURE-L3S-SSMV-COMBINED-20150710000000-fv08.1.nc,ESA_CCI_COMBINED,2.53,Downloaded
20150711,ESACCI-SOILMOISTURE-L3S-SSMV-COMBINED-20150711000000-fv08.1.nc,ESA_CCI_COMBINED,2.54,Downloaded
20150712,ESACCI-SOILMOISTURE-L3S-SSMV-COMBINED-20150712000000-fv08.1.nc,ESA_CCI_COMBINED,2.57,Downloaded
20150713,ESACCI-SOILMOISTURE-L3S-SSMV-COMBINED-20150713000000-fv08.1.nc,ESA_CCI_COMBINED,2.53,Downloaded
20150714,ESACCI-SOILMOISTURE-L3S-SSMV-COMBINED-20150714000000-fv08.1.nc,ESA_CCI_COMBINED,2.53,Downloaded
20150715,ESACCI-SOILMOISTURE-L3S-SSMV-COMBINED-20150715000000-fv08.1.nc,ESA_CCI_COMBINED,2.54,Downloaded
20150716,ESACCI-SOILMOISTURE-L3S-SSMV-COMBINED-20150716000000-fv08.1.nc,ESA_CCI_COMBINED,2.56,Downloaded
20150717,ESACCI-SOILMOISTURE-L3S-SSMV-COMBINED-20150717000000-fv08.1.nc,ESA_CCI_COMBINED,2.53,Downloaded
20150718,ESACCI-SOILMOISTURE-L3S-SSMV-COMBINED-20150718000000-fv08.1.nc,ESA_CCI_COMBINED,2.53,Downloaded
20150719,ESACCI-SOILMOISTURE-L3S-SSMV-COMBINED-20150719000000-fv08.1.nc,ESA_CCI_COMBINED,2.54,Downloaded
20150720,ESACCI-SOILMOISTURE-L3S-SSMV-COMBINED-20150720000000-fv08.1.nc,ESA_CCI_COMBINED,2.55,Downloaded
20150721,ESACCI-SOILMOISTURE-L3S-SSMV-COMBINED-20150721000000-fv08.1.nc,ESA_CCI_COMBINED,2.54,Downloaded
20150722,ESACCI-SOILMOISTURE-L3S-SSMV-COMBINED-20150722000000-fv08.1.nc,ESA_CCI_COMBINED,2.53,Downloaded
20150723,ESACCI-SOILMOISTURE-L3S-SSMV-COMBINED-20150723000000-fv08.1.nc,ESA_CCI_COMBINED,2.55,Downloaded
20150724,ESACCI-SOILMOISTURE-L3S-SSMV-COMBINED-20150724000000-fv08.1.nc,ESA_CCI_COMBINED,2.57,Downloaded
20150725,ESACCI-SOILMOISTURE-L3S-SSMV-COMBINED-20150725000000-fv08.1.nc,ESA_CCI_COMBINED,2.54,Downloaded
20150726,ESACCI-SOILMOISTURE-L3S-SSMV-COMBINED-20150726000000-fv08.1.nc,ESA_CCI_COMBINED,2.55,Downloaded
20150727,ESACCI-SOILMOISTURE-L3S-SSMV-COMBINED-20150727000000-fv08.1.nc,ESA_CCI_COMBINED,2.55,Downloaded
20150728,ESACCI-SOILMOISTURE-L3S-SSMV-COMBINED-20150728000000-fv08.1.nc,ESA_CCI_COMBINED,2.57,Downloaded
20150729,ESACCI-SOILMOISTURE-L3S-SSMV-COMBINED-20150729000000-fv08.1.nc,ESA_CCI_COMBINED,2.55,Downloaded
20150730,ESACCI-SOILMOISTURE-L3S-SSMV-COMBINED-20150730000000-fv08.1.nc,ESA_CCI_COMBINED,2.54,Downloaded
20150731,ESACCI-SOILMOISTURE-L3S-SSMV-COMBINED-20150731000000-fv08.1.nc,ESA_CCI_COMBINED,2.54,Downloaded
20150801,ESACCI-SOILMOISTURE-L3S-SSMV-COMBINED-20150801000000-fv08.1.nc,ESA_CCI_COMBINED,2.54,Downloaded
20150802,ESACCI-SOILMOISTURE-L3S-SSMV-COMBINED-20150802000000-fv08.1.nc,ESA_CCI_COMBINED,2.51,Downloaded
20150803,ESACCI-SOILMOISTURE-L3S-SSMV-COMBINED-20150803000000-fv08.1.nc,ESA_CCI_COMBINED,2.5,Downloaded
20150804,ESACCI-SOILMOISTURE-L3S-SSMV-COMBINED-20150804000000-fv08.1.nc,ESA_CCI_COMBINED,2.49,Downloaded
20150805,ESACCI-SOILMOISTURE-L3S-SSMV-COMBINED-20150805000000-fv08.1.nc,ESA_CCI_COMBINED,2.54,Downloaded
20150806,ESACCI-SOILMOISTURE-L3S-SSMV-COMBINED-20150806000000-fv08.1.nc,ESA_CCI_COMBINED,2.51,Downloaded
20150807,ESACCI-SOILMOISTURE-L3S-SSMV-COMBINED-20150807000000-fv08.1.nc,ESA_CCI_COMBINED,2.5,Downloaded
20150808,ESACCI-SOILMOISTURE-L3S-SSMV-COMBINED-20150808000000-fv08.1.nc,ESA_CCI_COMBINED,2.5,Downloaded
20150809,ESACCI-SOILMOISTURE-L3S-SSMV-COMBINED-20150809000000-fv08.1.nc,ESA_CCI_COMBINED,2.52,Downloaded
20150810,ESACCI-SOILMOISTURE-L3S-SSMV-COMBINED-20150810000000-fv08.1.nc,ESA_CCI_COMBINED,2.5,Downloaded
20150811,ESACCI-SOILMOISTURE-L3S-SSMV-COMBINED-20150811000000-fv08.1.nc,ESA_CCI_COMBINED,2.48,Downloaded
20150812,ESACCI-SOILMOISTURE-L3S-SSMV-COMBINED-20150812000000-fv08.1.nc,ESA_CCI_COMBINED,2.46,Downloaded
20150813,ESACCI-SOILMOISTURE-L3S-SSMV-COMBINED-20150813000000-fv08.1.nc,ESA_CCI_COMBINED,2.46,Downloaded
20150814,ESACCI-SOILMOISTURE-L3S-SSMV-COMBINED-20150814000000-fv08.1.nc,ESA_CCI_COMBINED,2.44,Downloaded
20150815,ESACCI-SOILMOISTURE-L3S-SSMV-COMBINED-20150815000000-fv08.1.nc,ESA_CCI_COMBINED,2.45,Downloaded
20150816,ESACCI-SOILMOISTURE-L3S-SSMV-COMBINED-20150816000000-fv08.1.nc,ESA_CCI_COMBINED,2.45,Downloaded
20150817,ESACCI-SOILMOISTURE-L3S-SSMV-COMBINED-20150817000000-fv08.1.nc,ESA_CCI_COMBINED,2.47,Downloaded
20150818,ESACCI-SOILMOISTURE-L3S-SSMV-COMBINED-20150818000000-fv08.1.nc,ESA_CCI_COMBINED,2.44,Downloaded
20150819,ESACCI-SOILMOISTURE-L3S-SSMV-COMBINED-20150819000000-fv08.1.nc,ESA_CCI_COMBINED,2.43,Downloaded
20150820,ESACCI-SOILMOISTURE-L3S-SSMV-COMBINED-20150820000000-fv08.1.nc,ESA_CCI_COMBINED,2.42,Downloaded
20150821,ESACCI-SOILMOISTURE-L3S-SSMV-COMBINED-20150821000000-fv08.1.nc,ESA_CCI_COMBINED,2.45,Downloaded
20150822,ESACCI-SOILMOISTURE-L3S-SSMV-COMBINED-20150822000000-fv08.1.nc,ESA_CCI_COMBINED,2.43,Downloaded
20150823,ESACCI-SOILMOISTURE-L3S-SSMV-COMBINED-20150823000000-fv08.1.nc,ESA_CCI_COMBINED,2.4,Downloaded
20150824,ESACCI-SOILMOISTURE-L3S-SSMV-COMBINED-20150824000000-fv08.1.nc,ESA_CCI_COMBINED,2.41,Downloaded
20150825,ESACCI-SOILMOISTURE-L3S-SSMV-COMBINED-20150825000000-fv08.1.nc,ESA_CCI_COMBINED,2.45,Downloaded
20150826,ESACCI-SOILMOISTURE-L3S-SSMV-COMBINED-20150826000000-fv08.1.nc,ESA_CCI_COMBINED,2.43,Downloaded
20150827,ESACCI-SOILMOISTURE-L3S-SSMV-COMBINED-20150827000000-fv08.1.nc,ESA_CCI_COMBINED,2.43,Downloaded
20150828,ESACCI-SOILMOISTURE-L3S-SSMV-COMBINED-20150828000000-fv08.1.nc,ESA_CCI_COMBINED,2.41,Downloaded
20150829,ESACCI-SOILMOISTURE-L3S-SSMV-COMBINED-20150829000000-fv08.1.nc,ESA_CCI_COMBINED,2.42,Downloaded
20150830,ESACCI-SOILMOISTURE-L3S-SSMV-COMBINED-20150830000000-fv08.1.nc,ESA_CCI_COMBINED,2.41,Downloaded
20150831,ESACCI-SOILMOISTURE-L3S-SSMV-COMBINED-20150831000000-fv08.1.nc,ESA_CCI_COMBINED,2.38,Downloaded
20150901,ESACCI-SOILMOISTURE-L3S-SSMV-COMBINED-20150901000000-fv08.1.nc,ESA_CCI_COMBINED,2.36,Downloaded
20150902,ESACCI-SOILMOISTURE-L3S-SSMV-COMBINED-20150902000000-fv08.1.nc,ESA_CCI_COMBINED,2.37,Downloaded
20150903,ESACCI-SOILMOISTURE-L3S-SSMV-COMBINED-20150903000000-fv08.1.nc,ESA_CCI_COMBINED,2.36,Downloaded
20150904,ESACCI-SOILMOISTURE-L3S-SSMV-COMBINED-20150904000000-fv08.1.nc,ESA_CCI_COMBINED,2.36,Downloaded
20150905,ESACCI-SOILMOISTURE-L3S-SSMV-COMBINED-20150905000000-fv08.1.nc,ESA_CCI_COMBINED,2.36,Downloaded
20150906,ESACCI-SOILMOISTURE-L3S-SSMV-COMBINED-20150906000000-fv08.1.nc,ESA_CCI_COMBINED,2.36,Downloaded
20150907,ESACCI-SOILMOISTURE-L3S-SSMV-COMBINED-20150907000000-fv08.1.nc,ESA_CCI_COMBINED,2.35,Downloaded
20150908,ESACCI-SOILMOISTURE-L3S-SSMV-COMBINED-20150908000000-fv08.1.nc,ESA_CCI_COMBINED,2.32,Downloaded
20150909,ESACCI-SOILMOISTURE-L3S-SSMV-COMBINED-20150909000000-fv08.1.nc,ESA_CCI_COMBINED,2.32,Downloaded
20150910,ESACCI-SOILMOISTURE-L3S-SSMV-COMBINED-20150910000000-fv08.1.nc,ESA_CCI_COMBINED,2.34,Downloaded
20150911,ESACCI-SOILMOISTURE-L3S-SSMV-COMBINED-20150911000000-fv08.1.nc,ESA_CCI_COMBINED,2.31,Downloaded
20150912,ESACCI-SOILMOISTURE-L3S-SSMV-COMBINED-20150912000000-fv08.1.nc,ESA_CCI_COMBINED,2.33,Downloaded
20150913,ESACCI-SOILMOISTURE-L3S-SSMV-COMBINED-20150913000000-fv08.1.nc,ESA_CCI_COMBINED,2.29,Downloaded
20150914,ESACCI-SOILMOISTURE-L3S-SSMV-COMBINED-20150914000000-fv08.1.nc,ESA_CCI_COMBINED,2.27,Downloaded
20150915,ESACCI-SOILMOISTURE-L3S-SSMV-COMBINED-20150915000000-fv08.1.nc,ESA_CCI_COMBINED,2.23,Downloaded
20150916,ESACCI-SOILMOISTURE-L3S-SSMV-COMBINED-20150916000000-fv08.1.nc,ESA_CCI_COMBINED,2.23,Downloaded
20150917,ESACCI-SOILMOISTURE-L3S-SSMV-COMBINED-20150917000000-fv08.1.nc,ESA_CCI_COMBINED,2.28,Downloaded
20150918,ESACCI-SOILMOISTURE-L3S-SSMV-COMBINED-20150918000000-fv08.1.nc,ESA_CCI_COMBINED,2.34,Downloaded
20150919,ESACCI-SOILMOISTURE-L3S-SSMV-COMBINED-20150919000000-fv08.1.nc,ESA_CCI_COMBINED,2.32,Downloaded
20150920,ESACCI-SOILMOISTURE-L3S-SSMV-COMBINED-20150920000000-fv08.1.nc,ESA_CCI_COMBINED,2.29,Downloaded
20150921,ESACCI-SOILMOISTURE-L3S-SSMV-COMBINED-20150921000000-fv08.1.nc,ESA_CCI_COMBINED,2.27,Downloaded
20150922,ESACCI-SOILMOISTURE-L3S-SSMV-COMBINED-20150922000000-fv08.1.nc,ESA_CCI_COMBINED,2.27,Downloaded
20150923,ESACCI-SOILMOISTURE-L3S-SSMV-COMBINED-20150923000000-fv08.1.nc,ESA_CCI_COMBINED,2.22,Downloaded
20150924,ESACCI-SOILMOISTURE-L3S-SSMV-COMBINED-20150924000000-fv08.1.nc,ESA_CCI_COMBINED,2.21,Downloaded
20150925,ESACCI-SOILMOISTURE-L3S-SSMV-COMBINED-20150925000000-fv08.1.nc,ESA_CCI_COMBINED,2.19,Downloaded
20150926,ESACCI-SOILMOISTURE-L3S-SSMV-COMBINED-20150926000000-fv08.1.nc,ESA_CCI_COMBINED,2.2,Downloaded
20150927,ESACCI-SOILMOISTURE-L3S-SSMV-COMBINED-20150927000000-fv08.1.nc,ESA_CCI_COMBINED,2.15,Downloaded
20150928,ESACCI-SOILMOISTURE-L3S-SSMV-COMBINED-20150928000000-fv08.1.nc,ESA_CCI_COMBINED,2.12,Downloaded
20150929,ESACCI-SOILMOISTURE-L3S-SSMV-COMBINED-20150929000000-fv08.1.nc,ESA_CCI_COMBINED,2.1,Downloaded
20150930,ESACCI-SOILMOISTURE-L3S-SSMV-COMBINED-20150930000000-fv08.1.nc,ESA_CCI_COMBINED,2.11,Downloaded
20151001,ESACCI-SOILMOISTURE-L3S-SSMV-COMBINED-20151001000000-fv08.1.nc,ESA_CCI_COMBINED,2.0,Downloaded
20151002,ESACCI-SOILMOISTURE-L3S-SSMV-COMBINED-20151002000000-fv08.1.nc,ESA_CCI_COMBINED,1.95,Downloaded
20151003,ESACCI-SOILMOISTURE-L3S-SSMV-COMBINED-20151003000000-fv08.1.nc,ESA_CCI_COMBINED,1.94,Downloaded
20151004,ESACCI-SOILMOISTURE-L3S-SSMV-COMBINED-20151004000000-fv08.1.nc,ESA_CCI_COMBINED,1.97,Downloaded
20151005,ESACCI-SOILMOISTURE-L3S-SSMV-COMBINED-20151005000000-fv08.1.nc,ESA_CCI_COMBINED,1.96,Downloaded
20151006,ESACCI-SOILMOISTURE-L3S-SSMV-COMBINED-20151006000000-fv08.1.nc,ESA_CCI_COMBINED,1.93,Downloaded
20151007,ESACCI-SOILMOISTURE-L3S-SSMV-COMBINED-20151007000000-fv08.1.nc,ESA_CCI_COMBINED,1.89,Downloaded
20151008,ESACCI-SOILMOISTURE-L3S-SSMV-COMBINED-20151008000000-fv08.1.nc,ESA_CCI_COMBINED,1.88,Downloaded
20151009,ESACCI-SOILMOISTURE-L3S-SSMV-COMBINED-20151009000000-fv08.1.nc,ESA_CCI_COMBINED,1.85,Downloaded
20151010,ESACCI-SOILMOISTURE-L3S-SSMV-COMBINED-20151010000000-fv08.1.nc,ESA_CCI_COMBINED,1.84,Downloaded
20151011,ESACCI-SOILMOISTURE-L3S-SSMV-COMBINED-20151011000000-fv08.1.nc,ESA_CCI_COMBINED,1.84,Downloaded
20151012,ESACCI-SOILMOISTURE-L3S-SSMV-COMBINED-20151012000000-fv08.1.nc,ESA_CCI_COMBINED,1.83,Downloaded
20151013,ESACCI-SOILMOISTURE-L3S-SSMV-COMBINED-20151013000000-fv08.1.nc,ESA_CCI_COMBINED,1.82,Downloaded
20151014,ESACCI-SOILMOISTURE-L3S-SSMV-COMBINED-20151014000000-fv08.1.nc,ESA_CCI_COMBINED,1.84,Downloaded
20151015,ESACCI-SOILMOISTURE-L3S-SSMV-COMBINED-20151015000000-fv08.1.nc,ESA_CCI_COMBINED,1.79,Downloaded
20151016,ESACCI-SOILMOISTURE-L3S-SSMV-COMBINED-20151016000000-fv08.1.nc,ESA_CCI_COMBINED,1.79,Downloaded
20151017,ESACCI-SOILMOISTURE-L3S-SSMV-COMBINED-20151017000000-fv08.1.nc,ESA_CCI_COMBINED,1.76,Downloaded
20151018,ESACCI-SOILMOISTURE-L3S-SSMV-COMBINED-20151018000000-fv08.1.nc,ESA_CCI_COMBINED,1.76,Downloaded
20151019,ESACCI-SOILMOISTURE-L3S-SSMV-COMBINED-20151019000000-fv08.1.nc,ESA_CCI_COMBINED,1.77,Downloaded
20151020,ESACCI-SOILMOISTURE-L3S-SSMV-COMBINED-20151020000000-fv08.1.nc,ESA_CCI_COMBINED,1.77,Downloaded
20151021,ESACCI-SOILMOISTURE-L3S-SSMV-COMBINED-20151021000000-fv08.1.nc,ESA_CCI_COMBINED,1.73,Downloaded
20151022,ESACCI-SOILMOISTURE-L3S-SSMV-COMBINED-20151022000000-fv08.1.nc,ESA_CCI_COMBINED,1.73,Downloaded
20151023,ESACCI-SOILMOISTURE-L3S-SSMV-COMBINED-20151023000000-fv08.1.nc,ESA_CCI_COMBINED,1.72,Downloaded
20151024,ESACCI-SOILMOISTURE-L3S-SSMV-COMBINED-20151024000000-fv08.1.nc,ESA_CCI_COMBINED,1.73,Downloaded
20151025,ESACCI-SOILMOISTURE-L3S-SSMV-COMBINED-20151025000000-fv08.1.nc,ESA_CCI_COMBINED,1.7,Downloaded
20151026,ESACCI-SOILMOISTURE-L3S-SSMV-COMBINED-20151026000000-fv08.1.nc,ESA_CCI_COMBINED,1.71,Downloaded
20151027,ESACCI-SOILMOISTURE-L3S-SSMV-COMBINED-20151027000000-fv08.1.nc,ESA_CCI_COMBINED,1.69,Downloaded
20151028,ESACCI-SOILMOISTURE-L3S-SSMV-COMBINED-20151028000000-fv08.1.nc,ESA_CCI_COMBINED,1.7,Downloaded
20151029,ESACCI-SOILMOISTURE-L3S-SSMV-COMBINED-20151029000000-fv08.1.nc,ESA_CCI_COMBINED,1.67,Downloaded
20151030,ESACCI-SOILMOISTURE-L3S-SSMV-COMBINED-20151030000000-fv08.1.nc,ESA_CCI_COMBINED,1.67,Downloaded
20151031,ESACCI-SOILMOISTURE-L3S-SSMV-COMBINED-20151031000000-fv08.1.nc,ESA_CCI_COMBINED,1.64,Downloaded
20151101,ESACCI-SOILMOISTURE-L3S-SSMV-COMBINED-20151101000000-fv08.1.nc,ESA_CCI_COMBINED,1.66,Downloaded
20151102,ESACCI-SOILMOISTURE-L3S-SSMV-COMBINED-20151102000000-fv08.1.nc,ESA_CCI_COMBINED,1.67,Downloaded
20151103,ESACCI-SOILMOISTURE-L3S-SSMV-COMBINED-20151103000000-fv08.1.nc,ESA_CCI_COMBINED,1.67,Downloaded
20151104,ESACCI-SOILMOISTURE-L3S-SSMV-COMBINED-20151104000000-fv08.1.nc,ESA_CCI_COMBINED,1.66,Downloaded
20151105,ESACCI-SOILMOISTURE-L3S-SSMV-COMBINED-20151105000000-fv08.1.nc,ESA_CCI_COMBINED,1.67,Downloaded
20151106,ESACCI-SOILMOISTURE-L3S-SSMV-COMBINED-20151106000000-fv08.1.nc,ESA_CCI_COMBINED,1.64,Downloaded
20151107,ESACCI-SOILMOISTURE-L3S-SSMV-COMBINED-20151107000000-fv08.1.nc,ESA_CCI_COMBINED,1.63,Downloaded
20151108,ESACCI-SOILMOISTURE-L3S-SSMV-COMBINED-20151108000000-fv08.1.nc,ESA_CCI_COMBINED,1.62,Downloaded
20151109,ESACCI-SOILMOISTURE-L3S-SSMV-COMBINED-20151109000000-fv08.1.nc,ESA_CCI_COMBINED,1.63,Downloaded
20151110,ESACCI-SOILMOISTURE-L3S-SSMV-COMBINED-20151110000000-fv08.1.nc,ESA_CCI_COMBINED,1.61,Downloaded
20151111,ESACCI-SOILMOISTURE-L3S-SSMV-COMBINED-20151111000000-fv08.1.nc,ESA_CCI_COMBINED,1.63,Downloaded
20151112,ESACCI-SOILMOISTURE-L3S-SSMV-COMBINED-20151112000000-fv08.1.nc,ESA_CCI_COMBINED,1.64,Downloaded
20151113,ESACCI-SOILMOISTURE-L3S-SSMV-COMBINED-20151113000000-fv08.1.nc,ESA_CCI_COMBINED,1.63,Downloaded
20151114,ESACCI-SOILMOISTURE-L3S-SSMV-COMBINED-20151114000000-fv08.1.nc,ESA_CCI_COMBINED,1.63,Downloaded
20151115,ESACCI-SOILMOISTURE-L3S-SSMV-COMBINED-20151115000000-fv08.1.nc,ESA_CCI_COMBINED,1.61,Downloaded
20151116,ESACCI-SOILMOISTURE-L3S-SSMV-COMBINED-20151116000000-fv08.1.nc,ESA_CCI_COMBINED,1.61,Downloaded
20151117,ESACCI-SOILMOISTURE-L3S-SSMV-COMBINED-20151117000000-fv08.1.nc,ESA_CCI_COMBINED,1.62,Downloaded
20151118,ESACCI-SOILMOISTURE-L3S-SSMV-COMBINED-20151118000000-fv08.1.nc,ESA_CCI_COMBINED,1.59,Downloaded
20151119,ESACCI-SOILMOISTURE-L3S-SSMV-COMBINED-20151119000000-fv08.1.nc,ESA_CCI_COMBINED,1.59,Downloaded
20151120,ESACCI-SOILMOISTURE-L3S-SSMV-COMBINED-20151120000000-fv08.1.nc,ESA_CCI_COMBINED,1.59,Downloaded
20151121,ESACCI-SOILMOISTURE-L3S-SSMV-COMBINED-20151121000000-fv08.1.nc,ESA_CCI_COMBINED,1.6,Downloaded
20151122,ESACCI-SOILMOISTURE-L3S-SSMV-COMBINED-20151122000000-fv08.1.nc,ESA_CCI_COMBINED,1.55,Downloaded
20151123,ESACCI-SOILMOISTURE-L3S-SSMV-COMBINED-20151123000000-fv08.1.nc,ESA_CCI_COMBINED,1.55,Downloaded
20151124,ESACCI-SOILMOISTURE-L3S-SSMV-COMBINED-20151124000000-fv08.1.nc,ESA_CCI_COMBINED,1.55,Downloaded
20151125,ESACCI-SOILMOISTURE-L3S-SSMV-COMBINED-20151125000000-fv08.1.nc,ESA_CCI_COMBINED,1.54,Downloaded
20151126,ESACCI-SOILMOISTURE-L3S-SSMV-COMBINED-20151126000000-fv08.1.nc,ESA_CCI_COMBINED,1.54,Downloaded
20151127,ESACCI-SOILMOISTURE-L3S-SSMV-COMBINED-20151127000000-fv08.1.nc,ESA_CCI_COMBINED,1.53,Downloaded
20151128,ESACCI-SOILMOISTURE-L3S-SSMV-COMBINED-20151128000000-fv08.1.nc,ESA_CCI_COMBINED,1.51,Downloaded
20151129,ESACCI-SOILMOISTURE-L3S-SSMV-COMBINED-20151129000000-fv08.1.nc,ESA_CCI_COMBINED,1.53,Downloaded
20151130,ESACCI-SOILMOISTURE-L3S-SSMV-COMBINED-20151130000000-fv08.1.nc,ESA_CCI_COMBINED,1.52,Downloaded
20151201,ESACCI-SOILMOISTURE-L3S-SSMV-COMBINED-20151201000000-fv08.1.nc,ESA_CCI_COMBINED,1.54,Downloaded
20151202,ESACCI-SOILMOISTURE-L3S-SSMV-COMBINED-20151202000000-fv08.1.nc,ESA_CCI_COMBINED,1.54,Downloaded
20151203,ESACCI-SOILMOISTURE-L3S-SSMV-COMBINED-20151203000000-fv08.1.nc,ESA_CCI_COMBINED,1.54,Downloaded
20151204,ESACCI-SOILMOISTURE-L3S-SSMV-COMBINED-20151204000000-fv08.1.nc,ESA_CCI_COMBINED,1.51,Downloaded
20151205,ESACCI-SOILMOISTURE-L3S-SSMV-COMBINED-20151205000000-fv08.1.nc,ESA_CCI_COMBINED,1.51,Downloaded
20151206,ESACCI-SOILMOISTURE-L3S-SSMV-COMBINED-20151206000000-fv08.1.nc,ESA_CCI_COMBINED,1.53,Downloaded
20151207,ESACCI-SOILMOISTURE-L3S-SSMV-COMBINED-20151207000000-fv08.1.nc,ESA_CCI_COMBINED,1.53,Downloaded
20151208,ESACCI-SOILMOISTURE-L3S-SSMV-COMBINED-20151208000000-fv08.1.nc,ESA_CCI_COMBINED,1.53,Downloaded
20151209,ESACCI-SOILMOISTURE-L3S-SSMV-COMBINED-20151209000000-fv08.1.nc,ESA_CCI_COMBINED,1.52,Downloaded
20151210,ESACCI-SOILMOISTURE-L3S-SSMV-COMBINED-20151210000000-fv08.1.nc,ESA_CCI_COMBINED,1.51,Downloaded
20151211,ESACCI-SOILMOISTURE-L3S-SSMV-COMBINED-20151211000000-fv08.1.nc,ESA_CCI_COMBINED,1.51,Downloaded
20151212,ESACCI-SOILMOISTURE-L3S-SSMV-COMBINED-20151212000000-fv08.1.nc,ESA_CCI_COMBINED,1.49,Downloaded
20151213,ESACCI-SOILMOISTURE-L3S-SSMV-COMBINED-20151213000000-fv08.1.nc,ESA_CCI_COMBINED,1.48,Downloaded
20151214,ESACCI-SOILMOISTURE-L3S-SSMV-COMBINED-20151214000000-fv08.1.nc,ESA_CCI_COMBINED,1.47,Downloaded
20151215,ESACCI-SOILMOISTURE-L3S-SSMV-COMBINED-20151215000000-fv08.1.nc,ESA_CCI_COMBINED,1.48,Downloaded
20151216,ESACCI-SOILMOISTURE-L3S-SSMV-COMBINED-20151216000000-fv08.1.nc,ESA_CCI_COMBINED,1.44,Downloaded
20151217,ESACCI-SOILMOISTURE-L3S-SSMV-COMBINED-20151217000000-fv08.1.nc,ESA_CCI_COMBINED,1.43,Downloaded
20151218,ESACCI-SOILMOISTURE-L3S-SSMV-COMBINED-20151218000000-fv08.1.nc,ESA_CCI_COMBINED,1.43,Downloaded
20151219,ESACCI-SOILMOISTURE-L3S-SSMV-COMBINED-20151219000000-fv08.1.nc,ESA_CCI_COMBINED,1.45,Downloaded
20151220,ESACCI-SOILMOISTURE-L3S-SSMV-COMBINED-20151220000000-fv08.1.nc,ESA_CCI_COMBINED,1.44,Downloaded
20151221,ESACCI-SOILMOISTURE-L3S-SSMV-COMBINED-20151221000000-fv08.1.nc,ESA_CCI_COMBINED,1.45,Downloaded
20151222,ESACCI-SOILMOISTURE-L3S-SSMV-COMBINED-20151222000000-fv08.1.nc,ESA_CCI_COMBINED,1.44,Downloaded
20151223,ESACCI-SOILMOISTURE-L3S-SSMV-COMBINED-20151223000000-fv08.1.nc,ESA_CCI_COMBINED,1.46,Downloaded
20151224,ESACCI-SOILMOISTURE-L3S-SSMV-COMBINED-20151224000000-fv08.1.nc,ESA_CCI_COMBINED,1.44,Downloaded
20151225,ESACCI-SOILMOISTURE-L3S-SSMV-COMBINED-20151225000000-fv08.1.nc,ESA_CCI_COMBINED,1.45,Downloaded
20151226,ESACCI-SOILMOISTURE-L3S-SSMV-COMBINED-20151226000000-fv08.1.nc,ESA_CCI_COMBINED,1.45,Downloaded
20151227,ESACCI-SOILMOISTURE-L3S-SSMV-COMBINED-20151227000000-fv08.1.nc,ESA_CCI_COMBINED,1.46,Downloaded
20151228,ESACCI-SOILMOISTURE-L3S-SSMV-COMBINED-20151228000000-fv08.1.nc,ESA_CCI_COMBINED,1.45,Downloaded
20151229,ESACCI-SOILMOISTURE-L3S-SSMV-COMBINED-20151229000000-fv08.1.nc,ESA_CCI_COMBINED,1.43,Downloaded
20151230,ESACCI-SOILMOISTURE-L3S-SSMV-COMBINED-20151230000000-fv08.1.nc,ESA_CCI_COMBINED,1.43,Downloaded
20151231,ESACCI-SOILMOISTURE-L3S-SSMV-COMBINED-20151231000000-fv08.1.nc,ESA_CCI_COMBINED,1.43,Downloaded
20160101,ESACCI-SOILMOISTURE-L3S-SSMV-COMBINED-20160101000000-fv08.1.nc,ESA_CCI_COMBINED,1.42,Downloaded
20160102,ESACCI-SOILMOISTURE-L3S-SSMV-COMBINED-20160102000000-fv08.1.nc,ESA_CCI_COMBINED,1.42,Downloaded
20160103,ESACCI-SOILMOISTURE-L3S-SSMV-COMBINED-20160103000000-fv08.1.nc,ESA_CCI_COMBINED,1.41,Downloaded
20160104,ESACCI-SOILMOISTURE-L3S-SSMV-COMBINED-20160104000000-fv08.1.nc,ESA_CCI_COMBINED,1.43,Downloaded
20160105,ESACCI-SOILMOISTURE-L3S-SSMV-COMBINED-20160105000000-fv08.1.nc,ESA_CCI_COMBINED,1.41,Downloaded
20160106,ESACCI-SOILMOISTURE-L3S-SSMV-COMBINED-20160106000000-fv08.1.nc,ESA_CCI_COMBINED,1.4,Downloaded
20160107,ESACCI-SOILMOISTURE-L3S-SSMV-COMBINED-20160107000000-fv08.1.nc,ESA_CCI_COMBINED,1.42,Downloaded
20160108,ESACCI-SOILMOISTURE-L3S-SSMV-COMBINED-20160108000000-fv08.1.nc,ESA_CCI_COMBINED,1.43,Downloaded
20160109,ESACCI-SOILMOISTURE-L3S-SSMV-COMBINED-20160109000000-fv08.1.nc,ESA_CCI_COMBINED,1.43,Downloaded
20160110,ESACCI-SOILMOISTURE-L3S-SSMV-COMBINED-20160110000000-fv08.1.nc,ESA_CCI_COMBINED,1.44,Downloaded
20160111,ESACCI-SOILMOISTURE-L3S-SSMV-COMBINED-20160111000000-fv08.1.nc,ESA_CCI_COMBINED,1.43,Downloaded
20160112,ESACCI-SOILMOISTURE-L3S-SSMV-COMBINED-20160112000000-fv08.1.nc,ESA_CCI_COMBINED,1.44,Downloaded
20160113,ESACCI-SOILMOISTURE-L3S-SSMV-COMBINED-20160113000000-fv08.1.nc,ESA_CCI_COMBINED,1.43,Downloaded
20160114,ESACCI-SOILMOISTURE-L3S-SSMV-COMBINED-20160114000000-fv08.1.nc,ESA_CCI_COMBINED,1.42,Downloaded
20160115,ESACCI-SOILMOISTURE-L3S-SSMV-COMBINED-20160115000000-fv08.1.nc,ESA_CCI_COMBINED,1.42,Downloaded
20160116,ESACCI-SOILMOISTURE-L3S-SSMV-COMBINED-20160116000000-fv08.1.nc,ESA_CCI_COMBINED,1.43,Downloaded
20160117,ESACCI-SOILMOISTURE-L3S-SSMV-COMBINED-20160117000000-fv08.1.nc,ESA_CCI_COMBINED,1.39,Downloaded
20160118,ESACCI-SOILMOISTURE-L3S-SSMV-COMBINED-20160118000000-fv08.1.nc,ESA_CCI_COMBINED,1.36,Downloaded
20160119,ESACCI-SOILMOISTURE-L3S-SSMV-COMBINED-20160119000000-fv08.1.nc,ESA_CCI_COMBINED,1.36,Downloaded
20160120,ESACCI-SOILMOISTURE-L3S-SSMV-COMBINED-20160120000000-fv08.1.nc,ESA_CCI_COMBINED,1.36,Downloaded
20160121,ESACCI-SOILMOISTURE-L3S-SSMV-COMBINED-20160121000000-fv08.1.nc,ESA_CCI_COMBINED,1.36,Downloaded
20160122,ESACCI-SOILMOISTURE-L3S-SSMV-COMBINED-20160122000000-fv08.1.nc,ESA_CCI_COMBINED,1.36,Downloaded
20160123,ESACCI-SOILMOISTURE-L3S-SSMV-COMBINED-20160123000000-fv08.1.nc,ESA_CCI_COMBINED,1.36,Downloaded
20160124,ESACCI-SOILMOISTURE-L3S-SSMV-COMBINED-20160124000000-fv08.1.nc,ESA_CCI_COMBINED,1.37,Downloaded
20160125,ESACCI-SOILMOISTURE-L3S-SSMV-COMBINED-20160125000000-fv08.1.nc,ESA_CCI_COMBINED,1.37,Downloaded
20160126,ESACCI-SOILMOISTURE-L3S-SSMV-COMBINED-20160126000000-fv08.1.nc,ESA_CCI_COMBINED,1.39,Downloaded
20160127,ESACCI-SOILMOISTURE-L3S-SSMV-COMBINED-20160127000000-fv08.1.nc,ESA_CCI_COMBINED,1.41,Downloaded
20160128,ESACCI-SOILMOISTURE-L3S-SSMV-COMBINED-20160128000000-fv08.1.nc,ESA_CCI_COMBINED,1.42,Downloaded
20160129,ESACCI-SOILMOISTURE-L3S-SSMV-COMBINED-20160129000000-fv08.1.nc,ESA_CCI_COMBINED,1.4,Downloaded
20160130,ESACCI-SOILMOISTURE-L3S-SSMV-COMBINED-20160130000000-fv08.1.nc,ESA_CCI_COMBINED,1.41,Downloaded
20160131,ESACCI-SOILMOISTURE-L3S-SSMV-COMBINED-20160131000000-fv08.1.nc,ESA_CCI_COMBINED,1.43,Downloaded
20160201,ESACCI-SOILMOISTURE-L3S-SSMV-COMBINED-20160201000000-fv08.1.nc,ESA_CCI_COMBINED,1.45,Downloaded
20160202,ESACCI-SOILMOISTURE-L3S-SSMV-COMBINED-20160202000000-fv08.1.nc,ESA_CCI_COMBINED,1.43,Downloaded
20160203,ESACCI-SOILMOISTURE-L3S-SSMV-COMBINED-20160203000000-fv08.1.nc,ESA_CCI_COMBINED,1.43,Downloaded
20160204,ESACCI-SOILMOISTURE-L3S-SSMV-COMBINED-20160204000000-fv08.1.nc,ESA_CCI_COMBINED,1.42,Downloaded
20160205,ESACCI-SOILMOISTURE-L3S-SSMV-COMBINED-20160205000000-fv08.1.nc,ESA_CCI_COMBINED,1.41,Downloaded
20160206,ESACCI-SOILMOISTURE-L3S-SSMV-COMBINED-20160206000000-fv08.1.nc,ESA_CCI_COMBINED,1.41,Downloaded
20160207,ESACCI-SOILMOISTURE-L3S-SSMV-COMBINED-20160207000000-fv08.1.nc,ESA_CCI_COMBINED,1.42,Downloaded
20160208,ESACCI-SOILMOISTURE-L3S-SSMV-COMBINED-20160208000000-fv08.1.nc,ESA_CCI_COMBINED,1.44,Downloaded
20160209,ESACCI-SOILMOISTURE-L3S-SSMV-COMBINED-20160209000000-fv08.1.nc,ESA_CCI_COMBINED,1.45,Downloaded
20160210,ESACCI-SOILMOISTURE-L3S-SSMV-COMBINED-20160210000000-fv08.1.nc,ESA_CCI_COMBINED,1.43,Downloaded
20160211,ESACCI-SOILMOISTURE-L3S-SSMV-COMBINED-20160211000000-fv08.1.nc,ESA_CCI_COMBINED,1.43,Downloaded
20160212,ESACCI-SOILMOISTURE-L3S-SSMV-COMBINED-20160212000000-fv08.1.nc,ESA_CCI_COMBINED,1.46,Downloaded
20160213,ESACCI-SOILMOISTURE-L3S-SSMV-COMBINED-20160213000000-fv08.1.nc,ESA_CCI_COMBINED,1.46,Downloaded
20160214,ESACCI-SOILMOISTURE-L3S-SSMV-COMBINED-20160214000000-fv08.1.nc,ESA_CCI_COMBINED,1.46,Downloaded
20160215,ESACCI-SOILMOISTURE-L3S-SSMV-COMBINED-20160215000000-fv08.1.nc,ESA_CCI_COMBINED,1.45,Downloaded
20160216,ESACCI-SOILMOISTURE-L3S-SSMV-COMBINED-20160216000000-fv08.1.nc,ESA_CCI_COMBINED,1.46,Downloaded
20160217,ESACCI-SOILMOISTURE-L3S-SSMV-COMBINED-20160217000000-fv08.1.nc,ESA_CCI_COMBINED,1.48,Downloaded
20160218,ESACCI-SOILMOISTURE-L3S-SSMV-COMBINED-20160218000000-fv08.1.nc,ESA_CCI_COMBINED,1.47,Downloaded
20160219,ESACCI-SOILMOISTURE-L3S-SSMV-COMBINED-20160219000000-fv08.1.nc,ESA_CCI_COMBINED,1.48,Downloaded
20160220,ESACCI-SOILMOISTURE-L3S-SSMV-COMBINED-20160220000000-fv08.1.nc,ESA_CCI_COMBINED,1.48,Downloaded
20160221,ESACCI-SOILMOISTURE-L3S-SSMV-COMBINED-20160221000000-fv08.1.nc,ESA_CCI_COMBINED,1.51,Downloaded
20160222,ESACCI-SOILMOISTURE-L3S-SSMV-COMBINED-20160222000000-fv08.1.nc,ESA_CCI_COMBINED,1.49,Downloaded
20160223,ESACCI-SOILMOISTURE-L3S-SSMV-COMBINED-20160223000000-fv08.1.nc,ESA_CCI_COMBINED,1.5,Downloaded
20160224,ESACCI-SOILMOISTURE-L3S-SSMV-COMBINED-20160224000000-fv08.1.nc,ESA_CCI_COMBINED,1.49,Downloaded
20160225,ESACCI-SOILMOISTURE-L3S-SSMV-COMBINED-20160225000000-fv08.1.nc,ESA_CCI_COMBINED,1.5,Downloaded
20160226,ESACCI-SOILMOISTURE-L3S-SSMV-COMBINED-20160226000000-fv08.1.nc,ESA_CCI_COMBINED,1.49,Downloaded
20160227,ESACCI-SOILMOISTURE-L3S-SSMV-COMBINED-20160227000000-fv08.1.nc,ESA_CCI_COMBINED,1.49,Downloaded
20160228,ESACCI-SOILMOISTURE-L3S-SSMV-COMBINED-20160228000000-fv08.1.nc,ESA_CCI_COMBINED,1.51,Downloaded
20160229,ESACCI-SOILMOISTURE-L3S-SSMV-COMBINED-20160229000000-fv08.1.nc,ESA_CCI_COMBINED,1.53,Downloaded
20160301,ESACCI-SOILMOISTURE-L3S-SSMV-COMBINED-20160301000000-fv08.1.nc,ESA_CCI_COMBINED,1.51,Downloaded
20160302,ESACCI-SOILMOISTURE-L3S-SSMV-COMBINED-20160302000000-fv08.1.nc,ESA_CCI_COMBINED,1.49,Downloaded
20160303,ESACCI-SOILMOISTURE-L3S-SSMV-COMBINED-20160303000000-fv08.1.nc,ESA_CCI_COMBINED,1.51,Downloaded
20160304,ESACCI-SOILMOISTURE-L3S-SSMV-COMBINED-20160304000000-fv08.1.nc,ESA_CCI_COMBINED,1.53,Downloaded
20160305,ESACCI-SOILMOISTURE-L3S-SSMV-COMBINED-20160305000000-fv08.1.nc,ESA_CCI_COMBINED,1.53,Downloaded
20160306,ESACCI-SOILMOISTURE-L3S-SSMV-COMBINED-20160306000000-fv08.1.nc,ESA_CCI_COMBINED,1.54,Downloaded
20160307,ESACCI-SOILMOISTURE-L3S-SSMV-COMBINED-20160307000000-fv08.1.nc,ESA_CCI_COMBINED,1.54,Downloaded
20160308,ESACCI-SOILMOISTURE-L3S-SSMV-COMBINED-20160308000000-fv08.1.nc,ESA_CCI_COMBINED,1.55,Downloaded
20160309,ESACCI-SOILMOISTURE-L3S-SSMV-COMBINED-20160309000000-fv08.1.nc,ESA_CCI_COMBINED,1.53,Downloaded
20160310,ESACCI-SOILMOISTURE-L3S-SSMV-COMBINED-20160310000000-fv08.1.nc,ESA_CCI_COMBINED,1.53,Downloaded
20160311,ESACCI-SOILMOISTURE-L3S-SSMV-COMBINED-20160311000000-fv08.1.nc,ESA_CCI_COMBINED,1.54,Downloaded
20160312,ESACCI-SOILMOISTURE-L3S-SSMV-COMBINED-20160312000000-fv08.1.nc,ESA_CCI_COMBINED,1.56,Downloaded
20160313,ESACCI-SOILMOISTURE-L3S-SSMV-COMBINED-20160313000000-fv08.1.nc,ESA_CCI_COMBINED,1.54,Downloaded
20160314,ESACCI-SOILMOISTURE-L3S-SSMV-COMBINED-20160314000000-fv08.1.nc,ESA_CCI_COMBINED,1.55,Downloaded
20160315,ESACCI-SOILMOISTURE-L3S-SSMV-COMBINED-20160315000000-fv08.1.nc,ESA_CCI_COMBINED,1.56,Downloaded
20160316,ESACCI-SOILMOISTURE-L3S-SSMV-COMBINED-20160316000000-fv08.1.nc,ESA_CCI_COMBINED,1.57,Downloaded
20160317,ESACCI-SOILMOISTURE-L3S-SSMV-COMBINED-20160317000000-fv08.1.nc,ESA_CCI_COMBINED,1.56,Downloaded
20160318,ESACCI-SOILMOISTURE-L3S-SSMV-COMBINED-20160318000000-fv08.1.nc,ESA_CCI_COMBINED,1.55,Downloaded
20160319,ESACCI-SOILMOISTURE-L3S-SSMV-COMBINED-20160319000000-fv08.1.nc,ESA_CCI_COMBINED,1.54,Downloaded
20160320,ESACCI-SOILMOISTURE-L3S-SSMV-COMBINED-20160320000000-fv08.1.nc,ESA_CCI_COMBINED,1.55,Downloaded
20160321,ESACCI-SOILMOISTURE-L3S-SSMV-COMBINED-20160321000000-fv08.1.nc,ESA_CCI_COMBINED,1.55,Downloaded
20160322,ESACCI-SOILMOISTURE-L3S-SSMV-COMBINED-20160322000000-fv08.1.nc,ESA_CCI_COMBINED,1.56,Downloaded
20160323,ESACCI-SOILMOISTURE-L3S-SSMV-COMBINED-20160323000000-fv08.1.nc,ESA_CCI_COMBINED,1.57,Downloaded
20160324,ESACCI-SOILMOISTURE-L3S-SSMV-COMBINED-20160324000000-fv08.1.nc,ESA_CCI_COMBINED,1.58,Downloaded
20160325,ESACCI-SOILMOISTURE-L3S-SSMV-COMBINED-20160325000000-fv08.1.nc,ESA_CCI_COMBINED,1.57,Downloaded
20160326,ESACCI-SOILMOISTURE-L3S-SSMV-COMBINED-20160326000000-fv08.1.nc,ESA_CCI_COMBINED,1.59,Downloaded
20160327,ESACCI-SOILMOISTURE-L3S-SSMV-COMBINED-20160327000000-fv08.1.nc,ESA_CCI_COMBINED,1.6,Downloaded
20160328,ESACCI-SOILMOISTURE-L3S-SSMV-COMBINED-20160328000000-fv08.1.nc,ESA_CCI_COMBINED,1.62,Downloaded
20160329,ESACCI-SOILMOISTURE-L3S-SSMV-COMBINED-20160329000000-fv08.1.nc,ESA_CCI_COMBINED,1.62,Downloaded
20160330,ESACCI-SOILMOISTURE-L3S-SSMV-COMBINED-20160330000000-fv08.1.nc,ESA_CCI_COMBINED,1.64,Downloaded
20160331,ESACCI-SOILMOISTURE-L3S-SSMV-COMBINED-20160331000000-fv08.1.nc,ESA_CCI_COMBINED,1.64,Downloaded
20160401,ESACCI-SOILMOISTURE-L3S-SSMV-COMBINED-20160401000000-fv08.1.nc,ESA_CCI_COMBINED,1.65,Downloaded
20160402,ESACCI-SOILMOISTURE-L3S-SSMV-COMBINED-20160402000000-fv08.1.nc,ESA_CCI_COMBINED,1.64,Downloaded
20160403,ESACCI-SOILMOISTURE-L3S-SSMV-COMBINED-20160403000000-fv08.1.nc,ESA_CCI_COMBINED,1.66,Downloaded
20160404,ESACCI-SOILMOISTURE-L3S-SSMV-COMBINED-20160404000000-fv08.1.nc,ESA_CCI_COMBINED,1.66,Downloaded
20160405,ESACCI-SOILMOISTURE-L3S-SSMV-COMBINED-20160405000000-fv08.1.nc,ESA_CCI_COMBINED,1.68,Downloaded
20160406,ESACCI-SOILMOISTURE-L3S-SSMV-COMBINED-20160406000000-fv08.1.nc,ESA_CCI_COMBINED,1.68,Downloaded
20160407,ESACCI-SOILMOISTURE-L3S-SSMV-COMBINED-20160407000000-fv08.1.nc,ESA_CCI_COMBINED,1.68,Downloaded
20160408,ESACCI-SOILMOISTURE-L3S-SSMV-COMBINED-20160408000000-fv08.1.nc,ESA_CCI_COMBINED,1.68,Downloaded
20160409,ESACCI-SOILMOISTURE-L3S-SSMV-COMBINED-20160409000000-fv08.1.nc,ESA_CCI_COMBINED,1.68,Downloaded
20160410,ESACCI-SOILMOISTURE-L3S-SSMV-COMBINED-20160410000000-fv08.1.nc,ESA_CCI_COMBINED,1.68,Downloaded
20160411,ESACCI-SOILMOISTURE-L3S-SSMV-COMBINED-20160411000000-fv08.1.nc,ESA_CCI_COMBINED,1.69,Downloaded
20160412,ESACCI-SOILMOISTURE-L3S-SSMV-COMBINED-20160412000000-fv08.1.nc,ESA_CCI_COMBINED,1.72,Downloaded
20160413,ESACCI-SOILMOISTURE-L3S-SSMV-COMBINED-20160413000000-fv08.1.nc,ESA_CCI_COMBINED,1.74,Downloaded
20160414,ESACCI-SOILMOISTURE-L3S-SSMV-COMBINED-20160414000000-fv08.1.nc,ESA_CCI_COMBINED,1.73,Downloaded
20160415,ESACCI-SOILMOISTURE-L3S-SSMV-COMBINED-20160415000000-fv08.1.nc,ESA_CCI_COMBINED,1.75,Downloaded
20160416,ESACCI-SOILMOISTURE-L3S-SSMV-COMBINED-20160416000000-fv08.1.nc,ESA_CCI_COMBINED,1.74,Downloaded
20160417,ESACCI-SOILMOISTURE-L3S-SSMV-COMBINED-20160417000000-fv08.1.nc,ESA_CCI_COMBINED,1.77,Downloaded
20160418,ESACCI-SOILMOISTURE-L3S-SSMV-COMBINED-20160418000000-fv08.1.nc,ESA_CCI_COMBINED,1.77,Downloaded
20160419,ESACCI-SOILMOISTURE-L3S-SSMV-COMBINED-20160419000000-fv08.1.nc,ESA_CCI_COMBINED,1.78,Downloaded
20160420,ESACCI-SOILMOISTURE-L3S-SSMV-COMBINED-20160420000000-fv08.1.nc,ESA_CCI_COMBINED,1.8,Downloaded
20160421,ESACCI-SOILMOISTURE-L3S-SSMV-COMBINED-20160421000000-fv08.1.nc,ESA_CCI_COMBINED,1.81,Downloaded
20160422,ESACCI-SOILMOISTURE-L3S-SSMV-COMBINED-20160422000000-fv08.1.nc,ESA_CCI_COMBINED,1.79,Downloaded
20160423,ESACCI-SOILMOISTURE-L3S-SSMV-COMBINED-20160423000000-fv08.1.nc,ESA_CCI_COMBINED,1.8,Downloaded
20160424,ESACCI-SOILMOISTURE-L3S-SSMV-COMBINED-20160424000000-fv08.1.nc,ESA_CCI_COMBINED,1.8,Downloaded
20160425,ESACCI-SOILMOISTURE-L3S-SSMV-COMBINED-20160425000000-fv08.1.nc,ESA_CCI_COMBINED,1.82,Downloaded
20160426,ESACCI-SOILMOISTURE-L3S-SSMV-COMBINED-20160426000000-fv08.1.nc,ESA_CCI_COMBINED,1.8,Downloaded
20160427,ESACCI-SOILMOISTURE-L3S-SSMV-COMBINED-20160427000000-fv08.1.nc,ESA_CCI_COMBINED,1.81,Downloaded
20160428,ESACCI-SOILMOISTURE-L3S-SSMV-COMBINED-20160428000000-fv08.1.nc,ESA_CCI_COMBINED,1.81,Downloaded
20160429,ESACCI-SOILMOISTURE-L3S-SSMV-COMBINED-20160429000000-fv08.1.nc,ESA_CCI_COMBINED,1.84,Downloaded
20160430,ESACCI-SOILMOISTURE-L3S-SSMV-COMBINED-20160430000000-fv08.1.nc,ESA_CCI_COMBINED,1.83,Downloaded
20160501,ESACCI-SOILMOISTURE-L3S-SSMV-COMBINED-20160501000000-fv08.1.nc,ESA_CCI_COMBINED,1.79,Downloaded
20160502,ESACCI-SOILMOISTURE-L3S-SSMV-COMBINED-20160502000000-fv08.1.nc,ESA_CCI_COMBINED,1.84,Downloaded
20160503,ESACCI-SOILMOISTURE-L3S-SSMV-COMBINED-20160503000000-fv08.1.nc,ESA_CCI_COMBINED,1.87,Downloaded
20160504,ESACCI-SOILMOISTURE-L3S-SSMV-COMBINED-20160504000000-fv08.1.nc,ESA_CCI_COMBINED,1.87,Downloaded
20160505,ESACCI-SOILMOISTURE-L3S-SSMV-COMBINED-20160505000000-fv08.1.nc,ESA_CCI_COMBINED,1.87,Downloaded
20160506,ESACCI-SOILMOISTURE-L3S-SSMV-COMBINED-20160506000000-fv08.1.nc,ESA_CCI_COMBINED,1.87,Downloaded
20160507,ESACCI-SOILMOISTURE-L3S-SSMV-COMBINED-20160507000000-fv08.1.nc,ESA_CCI_COMBINED,1.91,Downloaded
20160508,ESACCI-SOILMOISTURE-L3S-SSMV-COMBINED-20160508000000-fv08.1.nc,ESA_CCI_COMBINED,1.93,Downloaded
20160509,ESACCI-SOILMOISTURE-L3S-SSMV-COMBINED-20160509000000-fv08.1.nc,ESA_CCI_COMBINED,1.93,Downloaded
20160510,ESACCI-SOILMOISTURE-L3S-SSMV-COMBINED-20160510000000-fv08.1.nc,ESA_CCI_COMBINED,1.93,Downloaded
20160511,ESACCI-SOILMOISTURE-L3S-SSMV-COMBINED-20160511000000-fv08.1.nc,ESA_CCI_COMBINED,1.94,Downloaded
20160512,ESACCI-SOILMOISTURE-L3S-SSMV-COMBINED-20160512000000-fv08.1.nc,ESA_CCI_COMBINED,1.92,Downloaded
20160513,ESACCI-SOILMOISTURE-L3S-SSMV-COMBINED-20160513000000-fv08.1.nc,ESA_CCI_COMBINED,1.95,Downloaded
20160514,ESACCI-SOILMOISTURE-L3S-SSMV-COMBINED-20160514000000-fv08.1.nc,ESA_CCI_COMBINED,1.95,Downloaded
20160515,ESACCI-SOILMOISTURE-L3S-SSMV-COMBINED-20160515000000-fv08.1.nc,ESA_CCI_COMBINED,1.97,Downloaded
20160516,ESACCI-SOILMOISTURE-L3S-SSMV-COMBINED-20160516000000-fv08.1.nc,ESA_CCI_COMBINED,1.97,Downloaded
20160517,ESACCI-SOILMOISTURE-L3S-SSMV-COMBINED-20160517000000-fv08.1.nc,ESA_CCI_COMBINED,2.0,Downloaded
20160518,ESACCI-SOILMOISTURE-L3S-SSMV-COMBINED-20160518000000-fv08.1.nc,ESA_CCI_COMBINED,2.03,Downloaded
20160519,ESACCI-SOILMOISTURE-L3S-SSMV-COMBINED-20160519000000-fv08.1.nc,ESA_CCI_COMBINED,2.07,Downloaded
20160520,ESACCI-SOILMOISTURE-L3S-SSMV-COMBINED-20160520000000-fv08.1.nc,ESA_CCI_COMBINED,2.07,Downloaded
20160521,ESACCI-SOILMOISTURE-L3S-SSMV-COMBINED-20160521000000-fv08.1.nc,ESA_CCI_COMBINED,2.1,Downloaded
20160522,ESACCI-SOILMOISTURE-L3S-SSMV-COMBINED-20160522000000-fv08.1.nc,ESA_CCI_COMBINED,2.11,Downloaded
20160523,ESACCI-SOILMOISTURE-L3S-SSMV-COMBINED-20160523000000-fv08.1.nc,ESA_CCI_COMBINED,2.13,Downloaded
20160524,ESACCI-SOILMOISTURE-L3S-SSMV-COMBINED-20160524000000-fv08.1.nc,ESA_CCI_COMBINED,2.13,Downloaded
20160525,ESACCI-SOILMOISTURE-L3S-SSMV-COMBINED-20160525000000-fv08.1.nc,ESA_CCI_COMBINED,2.12,Downloaded
20160526,ESACCI-SOILMOISTURE-L3S-SSMV-COMBINED-20160526000000-fv08.1.nc,ESA_CCI_COMBINED,2.13,Downloaded
20160527,ESACCI-SOILMOISTURE-L3S-SSMV-COMBINED-20160527000000-fv08.1.nc,ESA_CCI_COMBINED,2.19,Downloaded
20160528,ESACCI-SOILMOISTURE-L3S-SSMV-COMBINED-20160528000000-fv08.1.nc,ESA_CCI_COMBINED,2.2,Downloaded
20160529,ESACCI-SOILMOISTURE-L3S-SSMV-COMBINED-20160529000000-fv08.1.nc,ESA_CCI_COMBINED,2.2,Downloaded
20160530,ESACCI-SOILMOISTURE-L3S-SSMV-COMBINED-20160530000000-fv08.1.nc,ESA_CCI_COMBINED,2.24,Downloaded
20160531,ESACCI-SOILMOISTURE-L3S-SSMV-COMBINED-20160531000000-fv08.1.nc,ESA_CCI_COMBINED,2.26,Downloaded
20160601,ESACCI-SOILMOISTURE-L3S-SSMV-COMBINED-20160601000000-fv08.1.nc,ESA_CCI_COMBINED,2.27,Downloaded
20160602,ESACCI-SOILMOISTURE-L3S-SSMV-COMBINED-20160602000000-fv08.1.nc,ESA_CCI_COMBINED,2.29,Downloaded
20160603,ESACCI-SOILMOISTURE-L3S-SSMV-COMBINED-20160603000000-fv08.1.nc,ESA_CCI_COMBINED,2.31,Downloaded
20160604,ESACCI-SOILMOISTURE-L3S-SSMV-COMBINED-20160604000000-fv08.1.nc,ESA_CCI_COMBINED,2.35,Downloaded
20160605,ESACCI-SOILMOISTURE-L3S-SSMV-COMBINED-20160605000000-fv08.1.nc,ESA_CCI_COMBINED,2.35,Downloaded
20160606,ESACCI-SOILMOISTURE-L3S-SSMV-COMBINED-20160606000000-fv08.1.nc,ESA_CCI_COMBINED,2.36,Downloaded
20160607,ESACCI-SOILMOISTURE-L3S-SSMV-COMBINED-20160607000000-fv08.1.nc,ESA_CCI_COMBINED,2.37,Downloaded
20160608,ESACCI-SOILMOISTURE-L3S-SSMV-COMBINED-20160608000000-fv08.1.nc,ESA_CCI_COMBINED,2.4,Downloaded
20160609,ESACCI-SOILMOISTURE-L3S-SSMV-COMBINED-20160609000000-fv08.1.nc,ESA_CCI_COMBINED,2.39,Downloaded
20160610,ESACCI-SOILMOISTURE-L3S-SSMV-COMBINED-20160610000000-fv08.1.nc,ESA_CCI_COMBINED,2.42,Downloaded
20160611,ESACCI-SOILMOISTURE-L3S-SSMV-COMBINED-20160611000000-fv08.1.nc,ESA_CCI_COMBINED,2.42,Downloaded
20160612,ESACCI-SOILMOISTURE-L3S-SSMV-COMBINED-20160612000000-fv08.1.nc,ESA_CCI_COMBINED,2.43,Downloaded
20160613,ESACCI-SOILMOISTURE-L3S-SSMV-COMBINED-20160613000000-fv08.1.nc,ESA_CCI_COMBINED,2.43,Downloaded
20160614,ESACCI-SOILMOISTURE-L3S-SSMV-COMBINED-20160614000000-fv08.1.nc,ESA_CCI_COMBINED,2.44,Downloaded
20160615,ESACCI-SOILMOISTURE-L3S-SSMV-COMBINED-20160615000000-fv08.1.nc,ESA_CCI_COMBINED,2.44,Downloaded
20160616,ESACCI-SOILMOISTURE-L3S-SSMV-COMBINED-20160616000000-fv08.1.nc,ESA_CCI_COMBINED,2.46,Downloaded
20160617,ESACCI-SOILMOISTURE-L3S-SSMV-COMBINED-20160617000000-fv08.1.nc,ESA_CCI_COMBINED,2.46,Downloaded
20160618,ESACCI-SOILMOISTURE-L3S-SSMV-COMBINED-20160618000000-fv08.1.nc,ESA_CCI_COMBINED,2.45,Downloaded
20160619,ESACCI-SOILMOISTURE-L3S-SSMV-COMBINED-20160619000000-fv08.1.nc,ESA_CCI_COMBINED,2.46,Downloaded
20160620,ESACCI-SOILMOISTURE-L3S-SSMV-COMBINED-20160620000000-fv08.1.nc,ESA_CCI_COMBINED,2.5,Downloaded
20160621,ESACCI-SOILMOISTURE-L3S-SSMV-COMBINED-20160621000000-fv08.1.nc,ESA_CCI_COMBINED,2.48,Downloaded
20160622,ESACCI-SOILMOISTURE-L3S-SSMV-COMBINED-20160622000000-fv08.1.nc,ESA_CCI_COMBINED,2.47,Downloaded
20160623,ESACCI-SOILMOISTURE-L3S-SSMV-COMBINED-20160623000000-fv08.1.nc,ESA_CCI_COMBINED,2.47,Downloaded
20160624,ESACCI-SOILMOISTURE-L3S-SSMV-COMBINED-20160624000000-fv08.1.nc,ESA_CCI_COMBINED,2.51,Downloaded
20160625,ESACCI-SOILMOISTURE-L3S-SSMV-COMBINED-20160625000000-fv08.1.nc,ESA_CCI_COMBINED,2.5,Downloaded
20160626,ESACCI-SOILMOISTURE-L3S-SSMV-COMBINED-20160626000000-fv08.1.nc,ESA_CCI_COMBINED,2.51,Downloaded
20160627,ESACCI-SOILMOISTURE-L3S-SSMV-COMBINED-20160627000000-fv08.1.nc,ESA_CCI_COMBINED,2.51,Downloaded
20160628,ESACCI-SOILMOISTURE-L3S-SSMV-COMBINED-20160628000000-fv08.1.nc,ESA_CCI_COMBINED,2.53,Downloaded
20160629,ESACCI-SOILMOISTURE-L3S-SSMV-COMBINED-20160629000000-fv08.1.nc,ESA_CCI_COMBINED,2.52,Downloaded
20160630,ESACCI-SOILMOISTURE-L3S-SSMV-COMBINED-20160630000000-fv08.1.nc,ESA_CCI_COMBINED,2.53,Downloaded
20160701,ESACCI-SOILMOISTURE-L3S-SSMV-COMBINED-20160701000000-fv08.1.nc,ESA_CCI_COMBINED,2.52,Downloaded
20160702,ESACCI-SOILMOISTURE-L3S-SSMV-COMBINED-20160702000000-fv08.1.nc,ESA_CCI_COMBINED,2.55,Downloaded
20160703,ESACCI-SOILMOISTURE-L3S-SSMV-COMBINED-20160703000000-fv08.1.nc,ESA_CCI_COMBINED,2.51,Downloaded
20160704,ESACCI-SOILMOISTURE-L3S-SSMV-COMBINED-20160704000000-fv08.1.nc,ESA_CCI_COMBINED,2.52,Downloaded
20160705,ESACCI-SOILMOISTURE-L3S-SSMV-COMBINED-20160705000000-fv08.1.nc,ESA_CCI_COMBINED,2.53,Downloaded
20160706,ESACCI-SOILMOISTURE-L3S-SSMV-COMBINED-20160706000000-fv08.1.nc,ESA_CCI_COMBINED,2.55,Downloaded
20160707,ESACCI-SOILMOISTURE-L3S-SSMV-COMBINED-20160707000000-fv08.1.nc,ESA_CCI_COMBINED,2.54,Downloaded
20160708,ESACCI-SOILMOISTURE-L3S-SSMV-COMBINED-20160708000000-fv08.1.nc,ESA_CCI_COMBINED,2.52,Downloaded
20160709,ESACCI-SOILMOISTURE-L3S-SSMV-COMBINED-20160709000000-fv08.1.nc,ESA_CCI_COMBINED,2.52,Downloaded
20160710,ESACCI-SOILMOISTURE-L3S-SSMV-COMBINED-20160710000000-fv08.1.nc,ESA_CCI_COMBINED,2.55,Downloaded
20160711,ESACCI-SOILMOISTURE-L3S-SSMV-COMBINED-20160711000000-fv08.1.nc,ESA_CCI_COMBINED,2.51,Downloaded
20160712,ESACCI-SOILMOISTURE-L3S-SSMV-COMBINED-20160712000000-fv08.1.nc,ESA_CCI_COMBINED,2.52,Downloaded
20160713,ESACCI-SOILMOISTURE-L3S-SSMV-COMBINED-20160713000000-fv08.1.nc,ESA_CCI_COMBINED,2.52,Downloaded
20160714,ESACCI-SOILMOISTURE-L3S-SSMV-COMBINED-20160714000000-fv08.1.nc,ESA_CCI_COMBINED,2.54,Downloaded
20160715,ESACCI-SOILMOISTURE-L3S-SSMV-COMBINED-20160715000000-fv08.1.nc,ESA_CCI_COMBINED,2.52,Downloaded
20160716,ESACCI-SOILMOISTURE-L3S-SSMV-COMBINED-20160716000000-fv08.1.nc,ESA_CCI_COMBINED,2.51,Downloaded
20160717,ESACCI-SOILMOISTURE-L3S-SSMV-COMBINED-20160717000000-fv08.1.nc,ESA_CCI_COMBINED,2.53,Downloaded
20160718,ESACCI-SOILMOISTURE-L3S-SSMV-COMBINED-20160718000000-fv08.1.nc,ESA_CCI_COMBINED,2.55,Downloaded
20160719,ESACCI-SOILMOISTURE-L3S-SSMV-COMBINED-20160719000000-fv08.1.nc,ESA_CCI_COMBINED,2.54,Downloaded
20160720,ESACCI-SOILMOISTURE-L3S-SSMV-COMBINED-20160720000000-fv08.1.nc,ESA_CCI_COMBINED,2.51,Downloaded
20160721,ESACCI-SOILMOISTURE-L3S-SSMV-COMBINED-20160721000000-fv08.1.nc,ESA_CCI_COMBINED,2.53,Downloaded
20160722,ESACCI-SOILMOISTURE-L3S-SSMV-COMBINED-20160722000000-fv08.1.nc,ESA_CCI_COMBINED,2.54,Downloaded
20160723,ESACCI-SOILMOISTURE-L3S-SSMV-COMBINED-20160723000000-fv08.1.nc,ESA_CCI_COMBINED,2.51,Downloaded
20160724,ESACCI-SOILMOISTURE-L3S-SSMV-COMBINED-20160724000000-fv08.1.nc,ESA_CCI_COMBINED,2.51,Downloaded
20160725,ESACCI-SOILMOISTURE-L3S-SSMV-COMBINED-20160725000000-fv08.1.nc,ESA_CCI_COMBINED,2.52,Downloaded
20160726,ESACCI-SOILMOISTURE-L3S-SSMV-COMBINED-20160726000000-fv08.1.nc,ESA_CCI_COMBINED,2.55,Downloaded
20160727,ESACCI-SOILMOISTURE-L3S-SSMV-COMBINED-20160727000000-fv08.1.nc,ESA_CCI_COMBINED,2.53,Downloaded
20160728,ESACCI-SOILMOISTURE-L3S-SSMV-COMBINED-20160728000000-fv08.1.nc,ESA_CCI_COMBINED,2.53,Downloaded
20160729,ESACCI-SOILMOISTURE-L3S-SSMV-COMBINED-20160729000000-fv08.1.nc,ESA_CCI_COMBINED,2.52,Downloaded
20160730,ESACCI-SOILMOISTURE-L3S-SSMV-COMBINED-20160730000000-fv08.1.nc,ESA_CCI_COMBINED,2.54,Downloaded
20160731,ESACCI-SOILMOISTURE-L3S-SSMV-COMBINED-20160731000000-fv08.1.nc,ESA_CCI_COMBINED,2.53,Downloaded
20160801,ESACCI-SOILMOISTURE-L3S-SSMV-COMBINED-20160801000000-fv08.1.nc,ESA_CCI_COMBINED,2.51,Downloaded
20160802,ESACCI-SOILMOISTURE-L3S-SSMV-COMBINED-20160802000000-fv08.1.nc,ESA_CCI_COMBINED,2.51,Downloaded
20160803,ESACCI-SOILMOISTURE-L3S-SSMV-COMBINED-20160803000000-fv08.1.nc,ESA_CCI_COMBINED,2.53,Downloaded
20160804,ESACCI-SOILMOISTURE-L3S-SSMV-COMBINED-20160804000000-fv08.1.nc,ESA_CCI_COMBINED,2.51,Downloaded
20160805,ESACCI-SOILMOISTURE-L3S-SSMV-COMBINED-20160805000000-fv08.1.nc,ESA_CCI_COMBINED,2.51,Downloaded
20160806,ESACCI-SOILMOISTURE-L3S-SSMV-COMBINED-20160806000000-fv08.1.nc,ESA_CCI_COMBINED,2.51,Downloaded
20160807,ESACCI-SOILMOISTURE-L3S-SSMV-COMBINED-20160807000000-fv08.1.nc,ESA_CCI_COMBINED,2.53,Downloaded
20160808,ESACCI-SOILMOISTURE-L3S-SSMV-COMBINED-20160808000000-fv08.1.nc,ESA_CCI_COMBINED,2.51,Downloaded
20160809,ESACCI-SOILMOISTURE-L3S-SSMV-COMBINED-20160809000000-fv08.1.nc,ESA_CCI_COMBINED,2.5,Downloaded
20160810,ESACCI-SOILMOISTURE-L3S-SSMV-COMBINED-20160810000000-fv08.1.nc,ESA_CCI_COMBINED,2.51,Downloaded
20160811,ESACCI-SOILMOISTURE-L3S-SSMV-COMBINED-20160811000000-fv08.1.nc,ESA_CCI_COMBINED,2.53,Downloaded
20160812,ESACCI-SOILMOISTURE-L3S-SSMV-COMBINED-20160812000000-fv08.1.nc,ESA_CCI_COMBINED,2.52,Downloaded
20160813,ESACCI-SOILMOISTURE-L3S-SSMV-COMBINED-20160813000000-fv08.1.nc,ESA_CCI_COMBINED,2.53,Downloaded
20160814,ESACCI-SOILMOISTURE-L3S-SSMV-COMBINED-20160814000000-fv08.1.nc,ESA_CCI_COMBINED,2.51,Downloaded
20160815,ESACCI-SOILMOISTURE-L3S-SSMV-COMBINED-20160815000000-fv08.1.nc,ESA_CCI_COMBINED,2.54,Downloaded
20160816,ESACCI-SOILMOISTURE-L3S-SSMV-COMBINED-20160816000000-fv08.1.nc,ESA_CCI_COMBINED,2.51,Downloaded
20160817,ESACCI-SOILMOISTURE-L3S-SSMV-COMBINED-20160817000000-fv08.1.nc,ESA_CCI_COMBINED,2.51,Downloaded
20160818,ESACCI-SOILMOISTURE-L3S-SSMV-COMBINED-20160818000000-fv08.1.nc,ESA_CCI_COMBINED,2.51,Downloaded
20160819,ESACCI-SOILMOISTURE-L3S-SSMV-COMBINED-20160819000000-fv08.1.nc,ESA_CCI_COMBINED,2.52,Downloaded
20160820,ESACCI-SOILMOISTURE-L3S-SSMV-COMBINED-20160820000000-fv08.1.nc,ESA_CCI_COMBINED,2.49,Downloaded
20160821,ESACCI-SOILMOISTURE-L3S-SSMV-COMBINED-20160821000000-fv08.1.nc,ESA_CCI_COMBINED,2.46,Downloaded
20160822,ESACCI-SOILMOISTURE-L3S-SSMV-COMBINED-20160822000000-fv08.1.nc,ESA_CCI_COMBINED,2.48,Downloaded
20160823,ESACCI-SOILMOISTURE-L3S-SSMV-COMBINED-20160823000000-fv08.1.nc,ESA_CCI_COMBINED,2.49,Downloaded
20160824,ESACCI-SOILMOISTURE-L3S-SSMV-COMBINED-20160824000000-fv08.1.nc,ESA_CCI_COMBINED,2.47,Downloaded
20160825,ESACCI-SOILMOISTURE-L3S-SSMV-COMBINED-20160825000000-fv08.1.nc,ESA_CCI_COMBINED,2.47,Downloaded
20160826,ESACCI-SOILMOISTURE-L3S-SSMV-COMBINED-20160826000000-fv08.1.nc,ESA_CCI_COMBINED,2.46,Downloaded
20160827,ESACCI-SOILMOISTURE-L3S-SSMV-COMBINED-20160827000000-fv08.1.nc,ESA_CCI_COMBINED,2.47,Downloaded
20160828,ESACCI-SOILMOISTURE-L3S-SSMV-COMBINED-20160828000000-fv08.1.nc,ESA_CCI_COMBINED,2.43,Downloaded
20160829,ESACCI-SOILMOISTURE-L3S-SSMV-COMBINED-20160829000000-fv08.1.nc,ESA_CCI_COMBINED,2.46,Downloaded
20160830,ESACCI-SOILMOISTURE-L3S-SSMV-COMBINED-20160830000000-fv08.1.nc,ESA_CCI_COMBINED,2.47,Downloaded
20160831,ESACCI-SOILMOISTURE-L3S-SSMV-COMBINED-20160831000000-fv08.1.nc,ESA_CCI_COMBINED,2.49,Downloaded
20160901,ESACCI-SOILMOISTURE-L3S-SSMV-COMBINED-20160901000000-fv08.1.nc,ESA_CCI_COMBINED,2.47,Downloaded
20160902,ESACCI-SOILMOISTURE-L3S-SSMV-COMBINED-20160902000000-fv08.1.nc,ESA_CCI_COMBINED,2.45,Downloaded
20160903,ESACCI-SOILMOISTURE-L3S-SSMV-COMBINED-20160903000000-fv08.1.nc,ESA_CCI_COMBINED,2.45,Downloaded
20160904,ESACCI-SOILMOISTURE-L3S-SSMV-COMBINED-20160904000000-fv08.1.nc,ESA_CCI_COMBINED,2.47,Downloaded
20160905,ESACCI-SOILMOISTURE-L3S-SSMV-COMBINED-20160905000000-fv08.1.nc,ESA_CCI_COMBINED,2.44,Downloaded
20160906,ESACCI-SOILMOISTURE-L3S-SSMV-COMBINED-20160906000000-fv08.1.nc,ESA_CCI_COMBINED,2.43,Downloaded
20160907,ESACCI-SOILMOISTURE-L3S-SSMV-COMBINED-20160907000000-fv08.1.nc,ESA_CCI_COMBINED,2.41,Downloaded
20160908,ESACCI-SOILMOISTURE-L3S-SSMV-COMBINED-20160908000000-fv08.1.nc,ESA_CCI_COMBINED,2.42,Downloaded
20160909,ESACCI-SOILMOISTURE-L3S-SSMV-COMBINED-20160909000000-fv08.1.nc,ESA_CCI_COMBINED,2.4,Downloaded
20160910,ESACCI-SOILMOISTURE-L3S-SSMV-COMBINED-20160910000000-fv08.1.nc,ESA_CCI_COMBINED,2.4,Downloaded
20160911,ESACCI-SOILMOISTURE-L3S-SSMV-COMBINED-20160911000000-fv08.1.nc,ESA_CCI_COMBINED,2.39,Downloaded
20160912,ESACCI-SOILMOISTURE-L3S-SSMV-COMBINED-20160912000000-fv08.1.nc,ESA_CCI_COMBINED,2.41,Downloaded
20160913,ESACCI-SOILMOISTURE-L3S-SSMV-COMBINED-20160913000000-fv08.1.nc,ESA_CCI_COMBINED,2.38,Downloaded
20160914,ESACCI-SOILMOISTURE-L3S-SSMV-COMBINED-20160914000000-fv08.1.nc,ESA_CCI_COMBINED,2.35,Downloaded
20160915,ESACCI-SOILMOISTURE-L3S-SSMV-COMBINED-20160915000000-fv08.1.nc,ESA_CCI_COMBINED,2.35,Downloaded
20160916,ESACCI-SOILMOISTURE-L3S-SSMV-COMBINED-20160916000000-fv08.1.nc,ESA_CCI_COMBINED,2.35,Downloaded
20160917,ESACCI-SOILMOISTURE-L3S-SSMV-COMBINED-20160917000000-fv08.1.nc,ESA_CCI_COMBINED,2.36,Downloaded
20160918,ESACCI-SOILMOISTURE-L3S-SSMV-COMBINED-20160918000000-fv08.1.nc,ESA_CCI_COMBINED,2.34,Downloaded
20160919,ESACCI-SOILMOISTURE-L3S-SSMV-COMBINED-20160919000000-fv08.1.nc,ESA_CCI_COMBINED,2.32,Downloaded
20160920,ESACCI-SOILMOISTURE-L3S-SSMV-COMBINED-20160920000000-fv08.1.nc,ESA_CCI_COMBINED,2.31,Downloaded
20160921,ESACCI-SOILMOISTURE-L3S-SSMV-COMBINED-20160921000000-fv08.1.nc,ESA_CCI_COMBINED,2.28,Downloaded
20160922,ESACCI-SOILMOISTURE-L3S-SSMV-COMBINED-20160922000000-fv08.1.nc,ESA_CCI_COMBINED,2.26,Downloaded
20160923,ESACCI-SOILMOISTURE-L3S-SSMV-COMBINED-20160923000000-fv08.1.nc,ESA_CCI_COMBINED,2.22,Downloaded
20160924,ESACCI-SOILMOISTURE-L3S-SSMV-COMBINED-20160924000000-fv08.1.nc,ESA_CCI_COMBINED,2.2,Downloaded
20160925,ESACCI-SOILMOISTURE-L3S-SSMV-COMBINED-20160925000000-fv08.1.nc,ESA_CCI_COMBINED,2.2,Downloaded
20160926,ESACCI-SOILMOISTURE-L3S-SSMV-COMBINED-20160926000000-fv08.1.nc,ESA_CCI_COMBINED,2.16,Downloaded
20160927,ESACCI-SOILMOISTURE-L3S-SSMV-COMBINED-20160927000000-fv08.1.nc,ESA_CCI_COMBINED,2.12,Downloaded
20160928,ESACCI-SOILMOISTURE-L3S-SSMV-COMBINED-20160928000000-fv08.1.nc,ESA_CCI_COMBINED,2.1,Downloaded
20160929,ESACCI-SOILMOISTURE-L3S-SSMV-COMBINED-20160929000000-fv08.1.nc,ESA_CCI_COMBINED,2.07,Downloaded
20160930,ESACCI-SOILMOISTURE-L3S-SSMV-COMBINED-20160930000000-fv08.1.nc,ESA_CCI_COMBINED,2.06,Downloaded
20161001,ESACCI-SOILMOISTURE-L3S-SSMV-COMBINED-20161001000000-fv08.1.nc,ESA_CCI_COMBINED,2.04,Downloaded
20161002,ESACCI-SOILMOISTURE-L3S-SSMV-COMBINED-20161002000000-fv08.1.nc,ESA_CCI_COMBINED,2.04,Downloaded
20161003,ESACCI-SOILMOISTURE-L3S-SSMV-COMBINED-20161003000000-fv08.1.nc,ESA_CCI_COMBINED,2.0,Downloaded
20161004,ESACCI-SOILMOISTURE-L3S-SSMV-COMBINED-20161004000000-fv08.1.nc,ESA_CCI_COMBINED,1.96,Downloaded
20161005,ESACCI-SOILMOISTURE-L3S-SSMV-COMBINED-20161005000000-fv08.1.nc,ESA_CCI_COMBINED,1.95,Downloaded
20161006,ESACCI-SOILMOISTURE-L3S-SSMV-COMBINED-20161006000000-fv08.1.nc,ESA_CCI_COMBINED,1.93,Downloaded
20161007,ESACCI-SOILMOISTURE-L3S-SSMV-COMBINED-20161007000000-fv08.1.nc,ESA_CCI_COMBINED,1.92,Downloaded
20161008,ESACCI-SOILMOISTURE-L3S-SSMV-COMBINED-20161008000000-fv08.1.nc,ESA_CCI_COMBINED,1.91,Downloaded
20161009,ESACCI-SOILMOISTURE-L3S-SSMV-COMBINED-20161009000000-fv08.1.nc,ESA_CCI_COMBINED,1.93,Downloaded
20161010,ESACCI-SOILMOISTURE-L3S-SSMV-COMBINED-20161010000000-fv08.1.nc,ESA_CCI_COMBINED,1.95,Downloaded
20161011,ESACCI-SOILMOISTURE-L3S-SSMV-COMBINED-20161011000000-fv08.1.nc,ESA_CCI_COMBINED,1.89,Downloaded
20161012,ESACCI-SOILMOISTURE-L3S-SSMV-COMBINED-20161012000000-fv08.1.nc,ESA_CCI_COMBINED,1.87,Downloaded
20161013,ESACCI-SOILMOISTURE-L3S-SSMV-COMBINED-20161013000000-fv08.1.nc,ESA_CCI_COMBINED,1.82,Downloaded
20161014,ESACCI-SOILMOISTURE-L3S-SSMV-COMBINED-20161014000000-fv08.1.nc,ESA_CCI_COMBINED,1.85,Downloaded
20161015,ESACCI-SOILMOISTURE-L3S-SSMV-COMBINED-20161015000000-fv08.1.nc,ESA_CCI_COMBINED,1.8,Downloaded
20161016,ESACCI-SOILMOISTURE-L3S-SSMV-COMBINED-20161016000000-fv08.1.nc,ESA_CCI_COMBINED,1.82,Downloaded
20161017,ESACCI-SOILMOISTURE-L3S-SSMV-COMBINED-20161017000000-fv08.1.nc,ESA_CCI_COMBINED,1.81,Downloaded
20161018,ESACCI-SOILMOISTURE-L3S-SSMV-COMBINED-20161018000000-fv08.1.nc,ESA_CCI_COMBINED,1.82,Downloaded
20161019,ESACCI-SOILMOISTURE-L3S-SSMV-COMBINED-20161019000000-fv08.1.nc,ESA_CCI_COMBINED,1.8,Downloaded
20161020,ESACCI-SOILMOISTURE-L3S-SSMV-COMBINED-20161020000000-fv08.1.nc,ESA_CCI_COMBINED,1.76,Downloaded
20161021,ESACCI-SOILMOISTURE-L3S-SSMV-COMBINED-20161021000000-fv08.1.nc,ESA_CCI_COMBINED,1.75,Downloaded
20161022,ESACCI-SOILMOISTURE-L3S-SSMV-COMBINED-20161022000000-fv08.1.nc,ESA_CCI_COMBINED,1.76,Downloaded
20161023,ESACCI-SOILMOISTURE-L3S-SSMV-COMBINED-20161023000000-fv08.1.nc,ESA_CCI_COMBINED,1.74,Downloaded
20161024,ESACCI-SOILMOISTURE-L3S-SSMV-COMBINED-20161024000000-fv08.1.nc,ESA_CCI_COMBINED,1.74,Downloaded
20161025,ESACCI-SOILMOISTURE-L3S-SSMV-COMBINED-20161025000000-fv08.1.nc,ESA_CCI_COMBINED,1.71,Downloaded
20161026,ESACCI-SOILMOISTURE-L3S-SSMV-COMBINED-20161026000000-fv08.1.nc,ESA_CCI_COMBINED,1.71,Downloaded
20161027,ESACCI-SOILMOISTURE-L3S-SSMV-COMBINED-20161027000000-fv08.1.nc,ESA_CCI_COMBINED,1.7,Downloaded
20161028,ESACCI-SOILMOISTURE-L3S-SSMV-COMBINED-20161028000000-fv08.1.nc,ESA_CCI_COMBINED,1.71,Downloaded
20161029,ESACCI-SOILMOISTURE-L3S-SSMV-COMBINED-20161029000000-fv08.1.nc,ESA_CCI_COMBINED,1.71,Downloaded
20161030,ESACCI-SOILMOISTURE-L3S-SSMV-COMBINED-20161030000000-fv08.1.nc,ESA_CCI_COMBINED,1.72,Downloaded
20161031,ESACCI-SOILMOISTURE-L3S-SSMV-COMBINED-20161031000000-fv08.1.nc,ESA_CCI_COMBINED,1.7,Downloaded
20161101,ESACCI-SOILMOISTURE-L3S-SSMV-COMBINED-20161101000000-fv08.1.nc,ESA_CCI_COMBINED,1.69,Downloaded
20161102,ESACCI-SOILMOISTURE-L3S-SSMV-COMBINED-20161102000000-fv08.1.nc,ESA_CCI_COMBINED,1.66,Downloaded
20161103,ESACCI-SOILMOISTURE-L3S-SSMV-COMBINED-20161103000000-fv08.1.nc,ESA_CCI_COMBINED,1.67,Downloaded
20161104,ESACCI-SOILMOISTURE-L3S-SSMV-COMBINED-20161104000000-fv08.1.nc,ESA_CCI_COMBINED,1.64,Downloaded
20161105,ESACCI-SOILMOISTURE-L3S-SSMV-COMBINED-20161105000000-fv08.1.nc,ESA_CCI_COMBINED,1.65,Downloaded
20161106,ESACCI-SOILMOISTURE-L3S-SSMV-COMBINED-20161106000000-fv08.1.nc,ESA_CCI_COMBINED,1.64,Downloaded
20161107,ESACCI-SOILMOISTURE-L3S-SSMV-COMBINED-20161107000000-fv08.1.nc,ESA_CCI_COMBINED,1.64,Downloaded
20161108,ESACCI-SOILMOISTURE-L3S-SSMV-COMBINED-20161108000000-fv08.1.nc,ESA_CCI_COMBINED,1.61,Downloaded
20161109,ESACCI-SOILMOISTURE-L3S-SSMV-COMBINED-20161109000000-fv08.1.nc,ESA_CCI_COMBINED,1.6,Downloaded
20161110,ESACCI-SOILMOISTURE-L3S-SSMV-COMBINED-20161110000000-fv08.1.nc,ESA_CCI_COMBINED,1.6,Downloaded
20161111,ESACCI-SOILMOISTURE-L3S-SSMV-COMBINED-20161111000000-fv08.1.nc,ESA_CCI_COMBINED,1.6,Downloaded
20161112,ESACCI-SOILMOISTURE-L3S-SSMV-COMBINED-20161112000000-fv08.1.nc,ESA_CCI_COMBINED,1.59,Downloaded
20161113,ESACCI-SOILMOISTURE-L3S-SSMV-COMBINED-20161113000000-fv08.1.nc,ESA_CCI_COMBINED,1.57,Downloaded
20161114,ESACCI-SOILMOISTURE-L3S-SSMV-COMBINED-20161114000000-fv08.1.nc,ESA_CCI_COMBINED,1.56,Downloaded
20161115,ESACCI-SOILMOISTURE-L3S-SSMV-COMBINED-20161115000000-fv08.1.nc,ESA_CCI_COMBINED,1.56,Downloaded
20161116,ESACCI-SOILMOISTURE-L3S-SSMV-COMBINED-20161116000000-fv08.1.nc,ESA_CCI_COMBINED,1.54,Downloaded
20161117,ESACCI-SOILMOISTURE-L3S-SSMV-COMBINED-20161117000000-fv08.1.nc,ESA_CCI_COMBINED,1.54,Downloaded
20161118,ESACCI-SOILMOISTURE-L3S-SSMV-COMBINED-20161118000000-fv08.1.nc,ESA_CCI_COMBINED,1.55,Downloaded
20161119,ESACCI-SOILMOISTURE-L3S-SSMV-COMBINED-20161119000000-fv08.1.nc,ESA_CCI_COMBINED,1.55,Downloaded
20161120,ESACCI-SOILMOISTURE-L3S-SSMV-COMBINED-20161120000000-fv08.1.nc,ESA_CCI_COMBINED,1.52,Downloaded
20161121,ESACCI-SOILMOISTURE-L3S-SSMV-COMBINED-20161121000000-fv08.1.nc,ESA_CCI_COMBINED,1.51,Downloaded
20161122,ESACCI-SOILMOISTURE-L3S-SSMV-COMBINED-20161122000000-fv08.1.nc,ESA_CCI_COMBINED,1.5,Downloaded
20161123,ESACCI-SOILMOISTURE-L3S-SSMV-COMBINED-20161123000000-fv08.1.nc,ESA_CCI_COMBINED,1.51,Downloaded
20161124,ESACCI-SOILMOISTURE-L3S-SSMV-COMBINED-20161124000000-fv08.1.nc,ESA_CCI_COMBINED,1.5,Downloaded
20161125,ESACCI-SOILMOISTURE-L3S-SSMV-COMBINED-20161125000000-fv08.1.nc,ESA_CCI_COMBINED,1.49,Downloaded
20161126,ESACCI-SOILMOISTURE-L3S-SSMV-COMBINED-20161126000000-fv08.1.nc,ESA_CCI_COMBINED,1.49,Downloaded
20161127,ESACCI-SOILMOISTURE-L3S-SSMV-COMBINED-20161127000000-fv08.1.nc,ESA_CCI_COMBINED,1.49,Downloaded
20161128,ESACCI-SOILMOISTURE-L3S-SSMV-COMBINED-20161128000000-fv08.1.nc,ESA_CCI_COMBINED,1.49,Downloaded
20161129,ESACCI-SOILMOISTURE-L3S-SSMV-COMBINED-20161129000000-fv08.1.nc,ESA_CCI_COMBINED,1.48,Downloaded
20161130,ESACCI-SOILMOISTURE-L3S-SSMV-COMBINED-20161130000000-fv08.1.nc,ESA_CCI_COMBINED,1.48,Downloaded
20161201,ESACCI-SOILMOISTURE-L3S-SSMV-COMBINED-20161201000000-fv08.1.nc,ESA_CCI_COMBINED,1.49,Downloaded
20161202,ESACCI-SOILMOISTURE-L3S-SSMV-COMBINED-20161202000000-fv08.1.nc,ESA_CCI_COMBINED,1.49,Downloaded
20161203,ESACCI-SOILMOISTURE-L3S-SSMV-COMBINED-20161203000000-fv08.1.nc,ESA_CCI_COMBINED,1.49,Downloaded
20161204,ESACCI-SOILMOISTURE-L3S-SSMV-COMBINED-20161204000000-fv08.1.nc,ESA_CCI_COMBINED,1.47,Downloaded
20161205,ESACCI-SOILMOISTURE-L3S-SSMV-COMBINED-20161205000000-fv08.1.nc,ESA_CCI_COMBINED,1.47,Downloaded
20161206,ESACCI-SOILMOISTURE-L3S-SSMV-COMBINED-20161206000000-fv08.1.nc,ESA_CCI_COMBINED,1.46,Downloaded
20161207,ESACCI-SOILMOISTURE-L3S-SSMV-COMBINED-20161207000000-fv08.1.nc,ESA_CCI_COMBINED,1.45,Downloaded
20161208,ESACCI-SOILMOISTURE-L3S-SSMV-COMBINED-20161208000000-fv08.1.nc,ESA_CCI_COMBINED,1.45,Downloaded
20161209,ESACCI-SOILMOISTURE-L3S-SSMV-COMBINED-20161209000000-fv08.1.nc,ESA_CCI_COMBINED,1.45,Downloaded
20161210,ESACCI-SOILMOISTURE-L3S-SSMV-COMBINED-20161210000000-fv08.1.nc,ESA_CCI_COMBINED,1.44,Downloaded
20161211,ESACCI-SOILMOISTURE-L3S-SSMV-COMBINED-20161211000000-fv08.1.nc,ESA_CCI_COMBINED,1.44,Downloaded
20161212,ESACCI-SOILMOISTURE-L3S-SSMV-COMBINED-20161212000000-fv08.1.nc,ESA_CCI_COMBINED,1.44,Downloaded
20161213,ESACCI-SOILMOISTURE-L3S-SSMV-COMBINED-20161213000000-fv08.1.nc,ESA_CCI_COMBINED,1.44,Downloaded
20161214,ESACCI-SOILMOISTURE-L3S-SSMV-COMBINED-20161214000000-fv08.1.nc,ESA_CCI_COMBINED,1.42,Downloaded
20161215,ESACCI-SOILMOISTURE-L3S-SSMV-COMBINED-20161215000000-fv08.1.nc,ESA_CCI_COMBINED,1.41,Downloaded
20161216,ESACCI-SOILMOISTURE-L3S-SSMV-COMBINED-20161216000000-fv08.1.nc,ESA_CCI_COMBINED,1.41,Downloaded
20161217,ESACCI-SOILMOISTURE-L3S-SSMV-COMBINED-20161217000000-fv08.1.nc,ESA_CCI_COMBINED,1.42,Downloaded
20161218,ESACCI-SOILMOISTURE-L3S-SSMV-COMBINED-20161218000000-fv08.1.nc,ESA_CCI_COMBINED,1.4,Downloaded
20161219,ESACCI-SOILMOISTURE-L3S-SSMV-COMBINED-20161219000000-fv08.1.nc,ESA_CCI_COMBINED,1.4,Downloaded
20161220,ESACCI-SOILMOISTURE-L3S-SSMV-COMBINED-20161220000000-fv08.1.nc,ESA_CCI_COMBINED,1.39,Downloaded
20161221,ESACCI-SOILMOISTURE-L3S-SSMV-COMBINED-20161221000000-fv08.1.nc,ESA_CCI_COMBINED,1.41,Downloaded
20161222,ESACCI-SOILMOISTURE-L3S-SSMV-COMBINED-20161222000000-fv08.1.nc,ESA_CCI_COMBINED,1.4,Downloaded
20161223,ESACCI-SOILMOISTURE-L3S-SSMV-COMBINED-20161223000000-fv08.1.nc,ESA_CCI_COMBINED,1.41,Downloaded
20161224,ESACCI-SOILMOISTURE-L3S-SSMV-COMBINED-20161224000000-fv08.1.nc,ESA_CCI_COMBINED,1.42,Downloaded
20161225,ESACCI-SOILMOISTURE-L3S-SSMV-COMBINED-20161225000000-fv08.1.nc,ESA_CCI_COMBINED,1.43,Downloaded
20161226,ESACCI-SOILMOISTURE-L3S-SSMV-COMBINED-20161226000000-fv08.1.nc,ESA_CCI_COMBINED,1.43,Downloaded
20161227,ESACCI-SOILMOISTURE-L3S-SSMV-COMBINED-20161227000000-fv08.1.nc,ESA_CCI_COMBINED,1.43,Downloaded
20161228,ESACCI-SOILMOISTURE-L3S-SSMV-COMBINED-20161228000000-fv08.1.nc,ESA_CCI_COMBINED,1.42,Downloaded
20161229,ESACCI-SOILMOISTURE-L3S-SSMV-COMBINED-20161229000000-fv08.1.nc,ESA_CCI_COMBINED,1.43,Downloaded
20161230,ESACCI-SOILMOISTURE-L3S-SSMV-COMBINED-20161230000000-fv08.1.nc,ESA_CCI_COMBINED,1.39,Downloaded
20161231,ESACCI-SOILMOISTURE-L3S-SSMV-COMBINED-20161231000000-fv08.1.nc,ESA_CCI_COMBINED,1.39,Downloaded
20170101,ESACCI-SOILMOISTURE-L3S-SSMV-COMBINED-20170101000000-fv08.1.nc,ESA_CCI_COMBINED,1.4,Downloaded
20170102,ESACCI-SOILMOISTURE-L3S-SSMV-COMBINED-20170102000000-fv08.1.nc,ESA_CCI_COMBINED,1.41,Downloaded
20170103,ESACCI-SOILMOISTURE-L3S-SSMV-COMBINED-20170103000000-fv08.1.nc,ESA_CCI_COMBINED,1.4,Downloaded
20170104,ESACCI-SOILMOISTURE-L3S-SSMV-COMBINED-20170104000000-fv08.1.nc,ESA_CCI_COMBINED,1.4,Downloaded
20170105,ESACCI-SOILMOISTURE-L3S-SSMV-COMBINED-20170105000000-fv08.1.nc,ESA_CCI_COMBINED,1.38,Downloaded
20170106,ESACCI-SOILMOISTURE-L3S-SSMV-COMBINED-20170106000000-fv08.1.nc,ESA_CCI_COMBINED,1.38,Downloaded
20170107,ESACCI-SOILMOISTURE-L3S-SSMV-COMBINED-20170107000000-fv08.1.nc,ESA_CCI_COMBINED,1.36,Downloaded
20170108,ESACCI-SOILMOISTURE-L3S-SSMV-COMBINED-20170108000000-fv08.1.nc,ESA_CCI_COMBINED,1.34,Downloaded
20170109,ESACCI-SOILMOISTURE-L3S-SSMV-COMBINED-20170109000000-fv08.1.nc,ESA_CCI_COMBINED,1.35,Downloaded
20170110,ESACCI-SOILMOISTURE-L3S-SSMV-COMBINED-20170110000000-fv08.1.nc,ESA_CCI_COMBINED,1.38,Downloaded
20170111,ESACCI-SOILMOISTURE-L3S-SSMV-COMBINED-20170111000000-fv08.1.nc,ESA_CCI_COMBINED,1.39,Downloaded
20170112,ESACCI-SOILMOISTURE-L3S-SSMV-COMBINED-20170112000000-fv08.1.nc,ESA_CCI_COMBINED,1.4,Downloaded
20170113,ESACCI-SOILMOISTURE-L3S-SSMV-COMBINED-20170113000000-fv08.1.nc,ESA_CCI_COMBINED,1.37,Downloaded
20170114,ESACCI-SOILMOISTURE-L3S-SSMV-COMBINED-20170114000000-fv08.1.nc,ESA_CCI_COMBINED,1.38,Downloaded
20170115,ESACCI-SOILMOISTURE-L3S-SSMV-COMBINED-20170115000000-fv08.1.nc,ESA_CCI_COMBINED,1.37,Downloaded
20170116,ESACCI-SOILMOISTURE-L3S-SSMV-COMBINED-20170116000000-fv08.1.nc,ESA_CCI_COMBINED,1.38,Downloaded
20170117,ESACCI-SOILMOISTURE-L3S-SSMV-COMBINED-20170117000000-fv08.1.nc,ESA_CCI_COMBINED,1.38,Downloaded
20170118,ESACCI-SOILMOISTURE-L3S-SSMV-COMBINED-20170118000000-fv08.1.nc,ESA_CCI_COMBINED,1.39,Downloaded
20170119,ESACCI-SOILMOISTURE-L3S-SSMV-COMBINED-20170119000000-fv08.1.nc,ESA_CCI_COMBINED,1.39,Downloaded
20170120,ESACCI-SOILMOISTURE-L3S-SSMV-COMBINED-20170120000000-fv08.1.nc,ESA_CCI_COMBINED,1.4,Downloaded
20170121,ESACCI-SOILMOISTURE-L3S-SSMV-COMBINED-20170121000000-fv08.1.nc,ESA_CCI_COMBINED,1.4,Downloaded
20170122,ESACCI-SOILMOISTURE-L3S-SSMV-COMBINED-20170122000000-fv08.1.nc,ESA_CCI_COMBINED,1.41,Downloaded
20170123,ESACCI-SOILMOISTURE-L3S-SSMV-COMBINED-20170123000000-fv08.1.nc,ESA_CCI_COMBINED,1.39,Downloaded
20170124,ESACCI-SOILMOISTURE-L3S-SSMV-COMBINED-20170124000000-fv08.1.nc,ESA_CCI_COMBINED,1.38,Downloaded
20170125,ESACCI-SOILMOISTURE-L3S-SSMV-COMBINED-20170125000000-fv08.1.nc,ESA_CCI_COMBINED,1.39,Downloaded
20170126,ESACCI-SOILMOISTURE-L3S-SSMV-COMBINED-20170126000000-fv08.1.nc,ESA_CCI_COMBINED,1.39,Downloaded
20170127,ESACCI-SOILMOISTURE-L3S-SSMV-COMBINED-20170127000000-fv08.1.nc,ESA_CCI_COMBINED,1.38,Downloaded
20170128,ESACCI-SOILMOISTURE-L3S-SSMV-COMBINED-20170128000000-fv08.1.nc,ESA_CCI_COMBINED,1.39,Downloaded
20170129,ESACCI-SOILMOISTURE-L3S-SSMV-COMBINED-20170129000000-fv08.1.nc,ESA_CCI_COMBINED,1.39,Downloaded
20170130,ESACCI-SOILMOISTURE-L3S-SSMV-COMBINED-20170130000000-fv08.1.nc,ESA_CCI_COMBINED,1.4,Downloaded
20170131,ESACCI-SOILMOISTURE-L3S-SSMV-COMBINED-20170131000000-fv08.1.nc,ESA_CCI_COMBINED,1.38,Downloaded
20170201,ESACCI-SOILMOISTURE-L3S-SSMV-COMBINED-20170201000000-fv08.1.nc,ESA_CCI_COMBINED,1.41,Downloaded
20170202,ESACCI-SOILMOISTURE-L3S-SSMV-COMBINED-20170202000000-fv08.1.nc,ESA_CCI_COMBINED,1.4,Downloaded
20170203,ESACCI-SOILMOISTURE-L3S-SSMV-COMBINED-20170203000000-fv08.1.nc,ESA_CCI_COMBINED,1.4,Downloaded
20170204,ESACCI-SOILMOISTURE-L3S-SSMV-COMBINED-20170204000000-fv08.1.nc,ESA_CCI_COMBINED,1.38,Downloaded
20170205,ESACCI-SOILMOISTURE-L3S-SSMV-COMBINED-20170205000000-fv08.1.nc,ESA_CCI_COMBINED,1.39,Downloaded
20170206,ESACCI-SOILMOISTURE-L3S-SSMV-COMBINED-20170206000000-fv08.1.nc,ESA_CCI_COMBINED,1.41,Downloaded
20170207,ESACCI-SOILMOISTURE-L3S-SSMV-COMBINED-20170207000000-fv08.1.nc,ESA_CCI_COMBINED,1.42,Downloaded
20170208,ESACCI-SOILMOISTURE-L3S-SSMV-COMBINED-20170208000000-fv08.1.nc,ESA_CCI_COMBINED,1.41,Downloaded
20170209,ESACCI-SOILMOISTURE-L3S-SSMV-COMBINED-20170209000000-fv08.1.nc,ESA_CCI_COMBINED,1.4,Downloaded
20170210,ESACCI-SOILMOISTURE-L3S-SSMV-COMBINED-20170210000000-fv08.1.nc,ESA_CCI_COMBINED,1.39,Downloaded
20170211,ESACCI-SOILMOISTURE-L3S-SSMV-COMBINED-20170211000000-fv08.1.nc,ESA_CCI_COMBINED,1.42,Downloaded
20170212,ESACCI-SOILMOISTURE-L3S-SSMV-COMBINED-20170212000000-fv08.1.nc,ESA_CCI_COMBINED,1.41,Downloaded
20170213,ESACCI-SOILMOISTURE-L3S-SSMV-COMBINED-20170213000000-fv08.1.nc,ESA_CCI_COMBINED,1.42,Downloaded
20170214,ESACCI-SOILMOISTURE-L3S-SSMV-COMBINED-20170214000000-fv08.1.nc,ESA_CCI_COMBINED,1.43,Downloaded
20170215,ESACCI-SOILMOISTURE-L3S-SSMV-COMBINED-20170215000000-fv08.1.nc,ESA_CCI_COMBINED,1.44,Downloaded
20170216,ESACCI-SOILMOISTURE-L3S-SSMV-COMBINED-20170216000000-fv08.1.nc,ESA_CCI_COMBINED,1.43,Downloaded
20170217,ESACCI-SOILMOISTURE-L3S-SSMV-COMBINED-20170217000000-fv08.1.nc,ESA_CCI_COMBINED,1.44,Downloaded
20170218,ESACCI-SOILMOISTURE-L3S-SSMV-COMBINED-20170218000000-fv08.1.nc,ESA_CCI_COMBINED,1.43,Downloaded
20170219,ESACCI-SOILMOISTURE-L3S-SSMV-COMBINED-20170219000000-fv08.1.nc,ESA_CCI_COMBINED,1.45,Downloaded
20170220,ESACCI-SOILMOISTURE-L3S-SSMV-COMBINED-20170220000000-fv08.1.nc,ESA_CCI_COMBINED,1.46,Downloaded
20170221,ESACCI-SOILMOISTURE-L3S-SSMV-COMBINED-20170221000000-fv08.1.nc,ESA_CCI_COMBINED,1.46,Downloaded
20170222,ESACCI-SOILMOISTURE-L3S-SSMV-COMBINED-20170222000000-fv08.1.nc,ESA_CCI_COMBINED,1.48,Downloaded
20170223,ESACCI-SOILMOISTURE-L3S-SSMV-COMBINED-20170223000000-fv08.1.nc,ESA_CCI_COMBINED,1.49,Downloaded
20170224,ESACCI-SOILMOISTURE-L3S-SSMV-COMBINED-20170224000000-fv08.1.nc,ESA_CCI_COMBINED,1.48,Downloaded
20170225,ESACCI-SOILMOISTURE-L3S-SSMV-COMBINED-20170225000000-fv08.1.nc,ESA_CCI_COMBINED,1.48,Downloaded
20170226,ESACCI-SOILMOISTURE-L3S-SSMV-COMBINED-20170226000000-fv08.1.nc,ESA_CCI_COMBINED,1.46,Downloaded
20170227,ESACCI-SOILMOISTURE-L3S-SSMV-COMBINED-20170227000000-fv08.1.nc,ESA_CCI_COMBINED,1.48,Downloaded
20170228,ESACCI-SOILMOISTURE-L3S-SSMV-COMBINED-20170228000000-fv08.1.nc,ESA_CCI_COMBINED,1.49,Downloaded
20170301,ESACCI-SOILMOISTURE-L3S-SSMV-COMBINED-20170301000000-fv08.1.nc,ESA_CCI_COMBINED,1.49,Downloaded
20170302,ESACCI-SOILMOISTURE-L3S-SSMV-COMBINED-20170302000000-fv08.1.nc,ESA_CCI_COMBINED,1.5,Downloaded
20170303,ESACCI-SOILMOISTURE-L3S-SSMV-COMBINED-20170303000000-fv08.1.nc,ESA_CCI_COMBINED,1.5,Downloaded
20170304,ESACCI-SOILMOISTURE-L3S-SSMV-COMBINED-20170304000000-fv08.1.nc,ESA_CCI_COMBINED,1.49,Downloaded
20170305,ESACCI-SOILMOISTURE-L3S-SSMV-COMBINED-20170305000000-fv08.1.nc,ESA_CCI_COMBINED,1.5,Downloaded
20170306,ESACCI-SOILMOISTURE-L3S-SSMV-COMBINED-20170306000000-fv08.1.nc,ESA_CCI_COMBINED,1.5,Downloaded
20170307,ESACCI-SOILMOISTURE-L3S-SSMV-COMBINED-20170307000000-fv08.1.nc,ESA_CCI_COMBINED,1.52,Downloaded
20170308,ESACCI-SOILMOISTURE-L3S-SSMV-COMBINED-20170308000000-fv08.1.nc,ESA_CCI_COMBINED,1.5,Downloaded
20170309,ESACCI-SOILMOISTURE-L3S-SSMV-COMBINED-20170309000000-fv08.1.nc,ESA_CCI_COMBINED,1.51,Downloaded
20170310,ESACCI-SOILMOISTURE-L3S-SSMV-COMBINED-20170310000000-fv08.1.nc,ESA_CCI_COMBINED,1.49,Downloaded
20170311,ESACCI-SOILMOISTURE-L3S-SSMV-COMBINED-20170311000000-fv08.1.nc,ESA_CCI_COMBINED,1.5,Downloaded
20170312,ESACCI-SOILMOISTURE-L3S-SSMV-COMBINED-20170312000000-fv08.1.nc,ESA_CCI_COMBINED,1.49,Downloaded
20170313,ESACCI-SOILMOISTURE-L3S-SSMV-COMBINED-20170313000000-fv08.1.nc,ESA_CCI_COMBINED,1.49,Downloaded
20170314,ESACCI-SOILMOISTURE-L3S-SSMV-COMBINED-20170314000000-fv08.1.nc,ESA_CCI_COMBINED,1.5,Downloaded
20170315,ESACCI-SOILMOISTURE-L3S-SSMV-COMBINED-20170315000000-fv08.1.nc,ESA_CCI_COMBINED,1.52,Downloaded
20170316,ESACCI-SOILMOISTURE-L3S-SSMV-COMBINED-20170316000000-fv08.1.nc,ESA_CCI_COMBINED,1.53,Downloaded
20170317,ESACCI-SOILMOISTURE-L3S-SSMV-COMBINED-20170317000000-fv08.1.nc,ESA_CCI_COMBINED,1.53,Downloaded
20170318,ESACCI-SOILMOISTURE-L3S-SSMV-COMBINED-20170318000000-fv08.1.nc,ESA_CCI_COMBINED,1.55,Downloaded
20170319,ESACCI-SOILMOISTURE-L3S-SSMV-COMBINED-20170319000000-fv08.1.nc,ESA_CCI_COMBINED,1.58,Downloaded
20170320,ESACCI-SOILMOISTURE-L3S-SSMV-COMBINED-20170320000000-fv08.1.nc,ESA_CCI_COMBINED,1.57,Downloaded
20170321,ESACCI-SOILMOISTURE-L3S-SSMV-COMBINED-20170321000000-fv08.1.nc,ESA_CCI_COMBINED,1.57,Downloaded
20170322,ESACCI-SOILMOISTURE-L3S-SSMV-COMBINED-20170322000000-fv08.1.nc,ESA_CCI_COMBINED,1.58,Downloaded
20170323,ESACCI-SOILMOISTURE-L3S-SSMV-COMBINED-20170323000000-fv08.1.nc,ESA_CCI_COMBINED,1.6,Downloaded
20170324,ESACCI-SOILMOISTURE-L3S-SSMV-COMBINED-20170324000000-fv08.1.nc,ESA_CCI_COMBINED,1.59,Downloaded
20170325,ESACCI-SOILMOISTURE-L3S-SSMV-COMBINED-20170325000000-fv08.1.nc,ESA_CCI_COMBINED,1.59,Downloaded
20170326,ESACCI-SOILMOISTURE-L3S-SSMV-COMBINED-20170326000000-fv08.1.nc,ESA_CCI_COMBINED,1.61,Downloaded
20170327,ESACCI-SOILMOISTURE-L3S-SSMV-COMBINED-20170327000000-fv08.1.nc,ESA_CCI_COMBINED,1.63,Downloaded
20170328,ESACCI-SOILMOISTURE-L3S-SSMV-COMBINED-20170328000000-fv08.1.nc,ESA_CCI_COMBINED,1.62,Downloaded
20170329,ESACCI-SOILMOISTURE-L3S-SSMV-COMBINED-20170329000000-fv08.1.nc,ESA_CCI_COMBINED,1.61,Downloaded
20170330,ESACCI-SOILMOISTURE-L3S-SSMV-COMBINED-20170330000000-fv08.1.nc,ESA_CCI_COMBINED,1.62,Downloaded
20170331,ESACCI-SOILMOISTURE-L3S-SSMV-COMBINED-20170331000000-fv08.1.nc,ESA_CCI_COMBINED,1.64,Downloaded
20170401,ESACCI-SOILMOISTURE-L3S-SSMV-COMBINED-20170401000000-fv08.1.nc,ESA_CCI_COMBINED,1.61,Downloaded
20170402,ESACCI-SOILMOISTURE-L3S-SSMV-COMBINED-20170402000000-fv08.1.nc,ESA_CCI_COMBINED,1.63,Downloaded
20170403,ESACCI-SOILMOISTURE-L3S-SSMV-COMBINED-20170403000000-fv08.1.nc,ESA_CCI_COMBINED,1.64,Downloaded
20170404,ESACCI-SOILMOISTURE-L3S-SSMV-COMBINED-20170404000000-fv08.1.nc,ESA_CCI_COMBINED,1.66,Downloaded
20170405,ESACCI-SOILMOISTURE-L3S-SSMV-COMBINED-20170405000000-fv08.1.nc,ESA_CCI_COMBINED,1.66,Downloaded
20170406,ESACCI-SOILMOISTURE-L3S-SSMV-COMBINED-20170406000000-fv08.1.nc,ESA_CCI_COMBINED,1.66,Downloaded
20170407,ESACCI-SOILMOISTURE-L3S-SSMV-COMBINED-20170407000000-fv08.1.nc,ESA_CCI_COMBINED,1.65,Downloaded
20170408,ESACCI-SOILMOISTURE-L3S-SSMV-COMBINED-20170408000000-fv08.1.nc,ESA_CCI_COMBINED,1.69,Downloaded
20170409,ESACCI-SOILMOISTURE-L3S-SSMV-COMBINED-20170409000000-fv08.1.nc,ESA_CCI_COMBINED,1.67,Downloaded
20170410,ESACCI-SOILMOISTURE-L3S-SSMV-COMBINED-20170410000000-fv08.1.nc,ESA_CCI_COMBINED,1.68,Downloaded
20170411,ESACCI-SOILMOISTURE-L3S-SSMV-COMBINED-20170411000000-fv08.1.nc,ESA_CCI_COMBINED,1.67,Downloaded
20170412,ESACCI-SOILMOISTURE-L3S-SSMV-COMBINED-20170412000000-fv08.1.nc,ESA_CCI_COMBINED,1.69,Downloaded
20170413,ESACCI-SOILMOISTURE-L3S-SSMV-COMBINED-20170413000000-fv08.1.nc,ESA_CCI_COMBINED,1.7,Downloaded
20170414,ESACCI-SOILMOISTURE-L3S-SSMV-COMBINED-20170414000000-fv08.1.nc,ESA_CCI_COMBINED,1.72,Downloaded
20170415,ESACCI-SOILMOISTURE-L3S-SSMV-COMBINED-20170415000000-fv08.1.nc,ESA_CCI_COMBINED,1.73,Downloaded
20170416,ESACCI-SOILMOISTURE-L3S-SSMV-COMBINED-20170416000000-fv08.1.nc,ESA_CCI_COMBINED,1.72,Downloaded
20170417,ESACCI-SOILMOISTURE-L3S-SSMV-COMBINED-20170417000000-fv08.1.nc,ESA_CCI_COMBINED,1.72,Downloaded
20170418,ESACCI-SOILMOISTURE-L3S-SSMV-COMBINED-20170418000000-fv08.1.nc,ESA_CCI_COMBINED,1.72,Downloaded
20170419,ESACCI-SOILMOISTURE-L3S-SSMV-COMBINED-20170419000000-fv08.1.nc,ESA_CCI_COMBINED,1.74,Downloaded
20170420,ESACCI-SOILMOISTURE-L3S-SSMV-COMBINED-20170420000000-fv08.1.nc,ESA_CCI_COMBINED,1.74,Downloaded
20170421,ESACCI-SOILMOISTURE-L3S-SSMV-COMBINED-20170421000000-fv08.1.nc,ESA_CCI_COMBINED,1.74,Downloaded
20170422,ESACCI-SOILMOISTURE-L3S-SSMV-COMBINED-20170422000000-fv08.1.nc,ESA_CCI_COMBINED,1.73,Downloaded
20170423,ESACCI-SOILMOISTURE-L3S-SSMV-COMBINED-20170423000000-fv08.1.nc,ESA_CCI_COMBINED,1.75,Downloaded
20170424,ESACCI-SOILMOISTURE-L3S-SSMV-COMBINED-20170424000000-fv08.1.nc,ESA_CCI_COMBINED,1.77,Downloaded
20170425,ESACCI-SOILMOISTURE-L3S-SSMV-COMBINED-20170425000000-fv08.1.nc,ESA_CCI_COMBINED,1.76,Downloaded
20170426,ESACCI-SOILMOISTURE-L3S-SSMV-COMBINED-20170426000000-fv08.1.nc,ESA_CCI_COMBINED,1.76,Downloaded
20170427,ESACCI-SOILMOISTURE-L3S-SSMV-COMBINED-20170427000000-fv08.1.nc,ESA_CCI_COMBINED,1.78,Downloaded
20170428,ESACCI-SOILMOISTURE-L3S-SSMV-COMBINED-20170428000000-fv08.1.nc,ESA_CCI_COMBINED,1.81,Downloaded
20170429,ESACCI-SOILMOISTURE-L3S-SSMV-COMBINED-20170429000000-fv08.1.nc,ESA_CCI_COMBINED,1.8,Downloaded
20170430,ESACCI-SOILMOISTURE-L3S-SSMV-COMBINED-20170430000000-fv08.1.nc,ESA_CCI_COMBINED,1.81,Downloaded
20170501,ESACCI-SOILMOISTURE-L3S-SSMV-COMBINED-20170501000000-fv08.1.nc,ESA_CCI_COMBINED,1.82,Downloaded
20170502,ESACCI-SOILMOISTURE-L3S-SSMV-COMBINED-20170502000000-fv08.1.nc,ESA_CCI_COMBINED,1.84,Downloaded
20170503,ESACCI-SOILMOISTURE-L3S-SSMV-COMBINED-20170503000000-fv08.1.nc,ESA_CCI_COMBINED,1.83,Downloaded
20170504,ESACCI-SOILMOISTURE-L3S-SSMV-COMBINED-20170504000000-fv08.1.nc,ESA_CCI_COMBINED,1.83,Downloaded
20170505,ESACCI-SOILMOISTURE-L3S-SSMV-COMBINED-20170505000000-fv08.1.nc,ESA_CCI_COMBINED,1.84,Downloaded
20170506,ESACCI-SOILMOISTURE-L3S-SSMV-COMBINED-20170506000000-fv08.1.nc,ESA_CCI_COMBINED,1.86,Downloaded
20170507,ESACCI-SOILMOISTURE-L3S-SSMV-COMBINED-20170507000000-fv08.1.nc,ESA_CCI_COMBINED,1.88,Downloaded
20170508,ESACCI-SOILMOISTURE-L3S-SSMV-COMBINED-20170508000000-fv08.1.nc,ESA_CCI_COMBINED,1.89,Downloaded
20170509,ESACCI-SOILMOISTURE-L3S-SSMV-COMBINED-20170509000000-fv08.1.nc,ESA_CCI_COMBINED,1.89,Downloaded
20170510,ESACCI-SOILMOISTURE-L3S-SSMV-COMBINED-20170510000000-fv08.1.nc,ESA_CCI_COMBINED,1.9,Downloaded
20170511,ESACCI-SOILMOISTURE-L3S-SSMV-COMBINED-20170511000000-fv08.1.nc,ESA_CCI_COMBINED,1.89,Downloaded
20170512,ESACCI-SOILMOISTURE-L3S-SSMV-COMBINED-20170512000000-fv08.1.nc,ESA_CCI_COMBINED,1.92,Downloaded
20170513,ESACCI-SOILMOISTURE-L3S-SSMV-COMBINED-20170513000000-fv08.1.nc,ESA_CCI_COMBINED,1.93,Downloaded
20170514,ESACCI-SOILMOISTURE-L3S-SSMV-COMBINED-20170514000000-fv08.1.nc,ESA_CCI_COMBINED,1.96,Downloaded
20170515,ESACCI-SOILMOISTURE-L3S-SSMV-COMBINED-20170515000000-fv08.1.nc,ESA_CCI_COMBINED,1.96,Downloaded
20170516,ESACCI-SOILMOISTURE-L3S-SSMV-COMBINED-20170516000000-fv08.1.nc,ESA_CCI_COMBINED,1.97,Downloaded
20170517,ESACCI-SOILMOISTURE-L3S-SSMV-COMBINED-20170517000000-fv08.1.nc,ESA_CCI_COMBINED,1.96,Downloaded
20170518,ESACCI-SOILMOISTURE-L3S-SSMV-COMBINED-20170518000000-fv08.1.nc,ESA_CCI_COMBINED,2.0,Downloaded
20170519,ESACCI-SOILMOISTURE-L3S-SSMV-COMBINED-20170519000000-fv08.1.nc,ESA_CCI_COMBINED,1.94,Downloaded
20170520,ESACCI-SOILMOISTURE-L3S-SSMV-COMBINED-20170520000000-fv08.1.nc,ESA_CCI_COMBINED,1.97,Downloaded
20170521,ESACCI-SOILMOISTURE-L3S-SSMV-COMBINED-20170521000000-fv08.1.nc,ESA_CCI_COMBINED,2.02,Downloaded
20170522,ESACCI-SOILMOISTURE-L3S-SSMV-COMBINED-20170522000000-fv08.1.nc,ESA_CCI_COMBINED,2.08,Downloaded
20170523,ESACCI-SOILMOISTURE-L3S-SSMV-COMBINED-20170523000000-fv08.1.nc,ESA_CCI_COMBINED,2.09,Downloaded
20170524,ESACCI-SOILMOISTURE-L3S-SSMV-COMBINED-20170524000000-fv08.1.nc,ESA_CCI_COMBINED,2.09,Downloaded
20170525,ESACCI-SOILMOISTURE-L3S-SSMV-COMBINED-20170525000000-fv08.1.nc,ESA_CCI_COMBINED,2.1,Downloaded
20170526,ESACCI-SOILMOISTURE-L3S-SSMV-COMBINED-20170526000000-fv08.1.nc,ESA_CCI_COMBINED,2.12,Downloaded
20170527,ESACCI-SOILMOISTURE-L3S-SSMV-COMBINED-20170527000000-fv08.1.nc,ESA_CCI_COMBINED,2.12,Downloaded
20170528,ESACCI-SOILMOISTURE-L3S-SSMV-COMBINED-20170528000000-fv08.1.nc,ESA_CCI_COMBINED,2.13,Downloaded
20170529,ESACCI-SOILMOISTURE-L3S-SSMV-COMBINED-20170529000000-fv08.1.nc,ESA_CCI_COMBINED,2.14,Downloaded
20170530,ESACCI-SOILMOISTURE-L3S-SSMV-COMBINED-20170530000000-fv08.1.nc,ESA_CCI_COMBINED,2.18,Downloaded
20170531,ESACCI-SOILMOISTURE-L3S-SSMV-COMBINED-20170531000000-fv08.1.nc,ESA_CCI_COMBINED,2.2,Downloaded
20170601,ESACCI-SOILMOISTURE-L3S-SSMV-COMBINED-20170601000000-fv08.1.nc,ESA_CCI_COMBINED,2.2,Downloaded
20170602,ESACCI-SOILMOISTURE-L3S-SSMV-COMBINED-20170602000000-fv08.1.nc,ESA_CCI_COMBINED,2.22,Downloaded
20170603,ESACCI-SOILMOISTURE-L3S-SSMV-COMBINED-20170603000000-fv08.1.nc,ESA_CCI_COMBINED,2.24,Downloaded
20170604,ESACCI-SOILMOISTURE-L3S-SSMV-COMBINED-20170604000000-fv08.1.nc,ESA_CCI_COMBINED,2.24,Downloaded
20170605,ESACCI-SOILMOISTURE-L3S-SSMV-COMBINED-20170605000000-fv08.1.nc,ESA_CCI_COMBINED,2.25,Downloaded
20170606,ESACCI-SOILMOISTURE-L3S-SSMV-COMBINED-20170606000000-fv08.1.nc,ESA_CCI_COMBINED,2.28,Downloaded
20170607,ESACCI-SOILMOISTURE-L3S-SSMV-COMBINED-20170607000000-fv08.1.nc,ESA_CCI_COMBINED,2.32,Downloaded
20170608,ESACCI-SOILMOISTURE-L3S-SSMV-COMBINED-20170608000000-fv08.1.nc,ESA_CCI_COMBINED,2.32,Downloaded
20170609,ESACCI-SOILMOISTURE-L3S-SSMV-COMBINED-20170609000000-fv08.1.nc,ESA_CCI_COMBINED,2.32,Downloaded
20170610,ESACCI-SOILMOISTURE-L3S-SSMV-COMBINED-20170610000000-fv08.1.nc,ESA_CCI_COMBINED,2.33,Downloaded
20170611,ESACCI-SOILMOISTURE-L3S-SSMV-COMBINED-20170611000000-fv08.1.nc,ESA_CCI_COMBINED,2.37,Downloaded
20170612,ESACCI-SOILMOISTURE-L3S-SSMV-COMBINED-20170612000000-fv08.1.nc,ESA_CCI_COMBINED,2.36,Downloaded
20170613,ESACCI-SOILMOISTURE-L3S-SSMV-COMBINED-20170613000000-fv08.1.nc,ESA_CCI_COMBINED,2.36,Downloaded
20170614,ESACCI-SOILMOISTURE-L3S-SSMV-COMBINED-20170614000000-fv08.1.nc,ESA_CCI_COMBINED,2.39,Downloaded
20170615,ESACCI-SOILMOISTURE-L3S-SSMV-COMBINED-20170615000000-fv08.1.nc,ESA_CCI_COMBINED,2.43,Downloaded
20170616,ESACCI-SOILMOISTURE-L3S-SSMV-COMBINED-20170616000000-fv08.1.nc,ESA_CCI_COMBINED,2.42,Downloaded
20170617,ESACCI-SOILMOISTURE-L3S-SSMV-COMBINED-20170617000000-fv08.1.nc,ESA_CCI_COMBINED,2.44,Downloaded
20170618,ESACCI-SOILMOISTURE-L3S-SSMV-COMBINED-20170618000000-fv08.1.nc,ESA_CCI_COMBINED,2.45,Downloaded
20170619,ESACCI-SOILMOISTURE-L3S-SSMV-COMBINED-20170619000000-fv08.1.nc,ESA_CCI_COMBINED,2.47,Downloaded
20170620,ESACCI-SOILMOISTURE-L3S-SSMV-COMBINED-20170620000000-fv08.1.nc,ESA_CCI_COMBINED,2.45,Downloaded
20170621,ESACCI-SOILMOISTURE-L3S-SSMV-COMBINED-20170621000000-fv08.1.nc,ESA_CCI_COMBINED,2.44,Downloaded
20170622,ESACCI-SOILMOISTURE-L3S-SSMV-COMBINED-20170622000000-fv08.1.nc,ESA_CCI_COMBINED,2.46,Downloaded
20170623,ESACCI-SOILMOISTURE-L3S-SSMV-COMBINED-20170623000000-fv08.1.nc,ESA_CCI_COMBINED,2.48,Downloaded
20170624,ESACCI-SOILMOISTURE-L3S-SSMV-COMBINED-20170624000000-fv08.1.nc,ESA_CCI_COMBINED,2.47,Downloaded
20170625,ESACCI-SOILMOISTURE-L3S-SSMV-COMBINED-20170625000000-fv08.1.nc,ESA_CCI_COMBINED,2.46,Downloaded
20170626,ESACCI-SOILMOISTURE-L3S-SSMV-COMBINED-20170626000000-fv08.1.nc,ESA_CCI_COMBINED,2.48,Downloaded
20170627,ESACCI-SOILMOISTURE-L3S-SSMV-COMBINED-20170627000000-fv08.1.nc,ESA_CCI_COMBINED,2.51,Downloaded
20170628,ESACCI-SOILMOISTURE-L3S-SSMV-COMBINED-20170628000000-fv08.1.nc,ESA_CCI_COMBINED,2.48,Downloaded
20170629,ESACCI-SOILMOISTURE-L3S-SSMV-COMBINED-20170629000000-fv08.1.nc,ESA_CCI_COMBINED,2.48,Downloaded
20170630,ESACCI-SOILMOISTURE-L3S-SSMV-COMBINED-20170630000000-fv08.1.nc,ESA_CCI_COMBINED,2.48,Downloaded
20170701,ESACCI-SOILMOISTURE-L3S-SSMV-COMBINED-20170701000000-fv08.1.nc,ESA_CCI_COMBINED,2.52,Downloaded
20170702,ESACCI-SOILMOISTURE-L3S-SSMV-COMBINED-20170702000000-fv08.1.nc,ESA_CCI_COMBINED,2.5,Downloaded
20170703,ESACCI-SOILMOISTURE-L3S-SSMV-COMBINED-20170703000000-fv08.1.nc,ESA_CCI_COMBINED,2.48,Downloaded
20170704,ESACCI-SOILMOISTURE-L3S-SSMV-COMBINED-20170704000000-fv08.1.nc,ESA_CCI_COMBINED,2.5,Downloaded
20170705,ESACCI-SOILMOISTURE-L3S-SSMV-COMBINED-20170705000000-fv08.1.nc,ESA_CCI_COMBINED,2.51,Downloaded
20170706,ESACCI-SOILMOISTURE-L3S-SSMV-COMBINED-20170706000000-fv08.1.nc,ESA_CCI_COMBINED,2.5,Downloaded
20170707,ESACCI-SOILMOISTURE-L3S-SSMV-COMBINED-20170707000000-fv08.1.nc,ESA_CCI_COMBINED,2.49,Downloaded
20170708,ESACCI-SOILMOISTURE-L3S-SSMV-COMBINED-20170708000000-fv08.1.nc,ESA_CCI_COMBINED,2.51,Downloaded
20170709,ESACCI-SOILMOISTURE-L3S-SSMV-COMBINED-20170709000000-fv08.1.nc,ESA_CCI_COMBINED,2.54,Downloaded
20170710,ESACCI-SOILMOISTURE-L3S-SSMV-COMBINED-20170710000000-fv08.1.nc,ESA_CCI_COMBINED,2.51,Downloaded
20170711,ESACCI-SOILMOISTURE-L3S-SSMV-COMBINED-20170711000000-fv08.1.nc,ESA_CCI_COMBINED,2.51,Downloaded
20170712,ESACCI-SOILMOISTURE-L3S-SSMV-COMBINED-20170712000000-fv08.1.nc,ESA_CCI_COMBINED,2.51,Downloaded
20170713,ESACCI-SOILMOISTURE-L3S-SSMV-COMBINED-20170713000000-fv08.1.nc,ESA_CCI_COMBINED,2.54,Downloaded
20170714,ESACCI-SOILMOISTURE-L3S-SSMV-COMBINED-20170714000000-fv08.1.nc,ESA_CCI_COMBINED,2.51,Downloaded
20170715,ESACCI-SOILMOISTURE-L3S-SSMV-COMBINED-20170715000000-fv08.1.nc,ESA_CCI_COMBINED,2.51,Downloaded
20170716,ESACCI-SOILMOISTURE-L3S-SSMV-COMBINED-20170716000000-fv08.1.nc,ESA_CCI_COMBINED,2.51,Downloaded
20170717,ESACCI-SOILMOISTURE-L3S-SSMV-COMBINED-20170717000000-fv08.1.nc,ESA_CCI_COMBINED,2.52,Downloaded
20170718,ESACCI-SOILMOISTURE-L3S-SSMV-COMBINED-20170718000000-fv08.1.nc,ESA_CCI_COMBINED,2.5,Downloaded
20170719,ESACCI-SOILMOISTURE-L3S-SSMV-COMBINED-20170719000000-fv08.1.nc,ESA_CCI_COMBINED,2.5,Downloaded
20170720,ESACCI-SOILMOISTURE-L3S-SSMV-COMBINED-20170720000000-fv08.1.nc,ESA_CCI_COMBINED,2.51,Downloaded
20170721,ESACCI-SOILMOISTURE-L3S-SSMV-COMBINED-20170721000000-fv08.1.nc,ESA_CCI_COMBINED,2.53,Downloaded
20170722,ESACCI-SOILMOISTURE-L3S-SSMV-COMBINED-20170722000000-fv08.1.nc,ESA_CCI_COMBINED,2.52,Downloaded
20170723,ESACCI-SOILMOISTURE-L3S-SSMV-COMBINED-20170723000000-fv08.1.nc,ESA_CCI_COMBINED,2.52,Downloaded
20170724,ESACCI-SOILMOISTURE-L3S-SSMV-COMBINED-20170724000000-fv08.1.nc,ESA_CCI_COMBINED,2.53,Downloaded
20170725,ESACCI-SOILMOISTURE-L3S-SSMV-COMBINED-20170725000000-fv08.1.nc,ESA_CCI_COMBINED,2.54,Downloaded
20170726,ESACCI-SOILMOISTURE-L3S-SSMV-COMBINED-20170726000000-fv08.1.nc,ESA_CCI_COMBINED,2.53,Downloaded
20170727,ESACCI-SOILMOISTURE-L3S-SSMV-COMBINED-20170727000000-fv08.1.nc,ESA_CCI_COMBINED,2.52,Downloaded
20170728,ESACCI-SOILMOISTURE-L3S-SSMV-COMBINED-20170728000000-fv08.1.nc,ESA_CCI_COMBINED,2.52,Downloaded
20170729,ESACCI-SOILMOISTURE-L3S-SSMV-COMBINED-20170729000000-fv08.1.nc,ESA_CCI_COMBINED,2.54,Downloaded
20170730,ESACCI-SOILMOISTURE-L3S-SSMV-COMBINED-20170730000000-fv08.1.nc,ESA_CCI_COMBINED,2.52,Downloaded
20170731,ESACCI-SOILMOISTURE-L3S-SSMV-COMBINED-20170731000000-fv08.1.nc,ESA_CCI_COMBINED,2.52,Downloaded
20170801,ESACCI-SOILMOISTURE-L3S-SSMV-COMBINED-20170801000000-fv08.1.nc,ESA_CCI_COMBINED,2.52,Downloaded
20170802,ESACCI-SOILMOISTURE-L3S-SSMV-COMBINED-20170802000000-fv08.1.nc,ESA_CCI_COMBINED,2.53,Downloaded
20170803,ESACCI-SOILMOISTURE-L3S-SSMV-COMBINED-20170803000000-fv08.1.nc,ESA_CCI_COMBINED,2.51,Downloaded
20170804,ESACCI-SOILMOISTURE-L3S-SSMV-COMBINED-20170804000000-fv08.1.nc,ESA_CCI_COMBINED,2.52,Downloaded
20170805,ESACCI-SOILMOISTURE-L3S-SSMV-COMBINED-20170805000000-fv08.1.nc,ESA_CCI_COMBINED,2.52,Downloaded
20170806,ESACCI-SOILMOISTURE-L3S-SSMV-COMBINED-20170806000000-fv08.1.nc,ESA_CCI_COMBINED,2.55,Downloaded
20170807,ESACCI-SOILMOISTURE-L3S-SSMV-COMBINED-20170807000000-fv08.1.nc,ESA_CCI_COMBINED,2.52,Downloaded
20170808,ESACCI-SOILMOISTURE-L3S-SSMV-COMBINED-20170808000000-fv08.1.nc,ESA_CCI_COMBINED,2.52,Downloaded
20170809,ESACCI-SOILMOISTURE-L3S-SSMV-COMBINED-20170809000000-fv08.1.nc,ESA_CCI_COMBINED,2.53,Downloaded
20170810,ESACCI-SOILMOISTURE-L3S-SSMV-COMBINED-20170810000000-fv08.1.nc,ESA_CCI_COMBINED,2.55,Downloaded
20170811,ESACCI-SOILMOISTURE-L3S-SSMV-COMBINED-20170811000000-fv08.1.nc,ESA_CCI_COMBINED,2.52,Downloaded
20170812,ESACCI-SOILMOISTURE-L3S-SSMV-COMBINED-20170812000000-fv08.1.nc,ESA_CCI_COMBINED,2.5,Downloaded
20170813,ESACCI-SOILMOISTURE-L3S-SSMV-COMBINED-20170813000000-fv08.1.nc,ESA_CCI_COMBINED,2.5,Downloaded
20170814,ESACCI-SOILMOISTURE-L3S-SSMV-COMBINED-20170814000000-fv08.1.nc,ESA_CCI_COMBINED,2.53,Downloaded
20170815,ESACCI-SOILMOISTURE-L3S-SSMV-COMBINED-20170815000000-fv08.1.nc,ESA_CCI_COMBINED,2.5,Downloaded
20170816,ESACCI-SOILMOISTURE-L3S-SSMV-COMBINED-20170816000000-fv08.1.nc,ESA_CCI_COMBINED,2.49,Downloaded
20170817,ESACCI-SOILMOISTURE-L3S-SSMV-COMBINED-20170817000000-fv08.1.nc,ESA_CCI_COMBINED,2.5,Downloaded
20170818,ESACCI-SOILMOISTURE-L3S-SSMV-COMBINED-20170818000000-fv08.1.nc,ESA_CCI_COMBINED,2.5,Downloaded
20170819,ESACCI-SOILMOISTURE-L3S-SSMV-COMBINED-20170819000000-fv08.1.nc,ESA_CCI_COMBINED,2.47,Downloaded
20170820,ESACCI-SOILMOISTURE-L3S-SSMV-COMBINED-20170820000000-fv08.1.nc,ESA_CCI_COMBINED,2.47,Downloaded
20170821,ESACCI-SOILMOISTURE-L3S-SSMV-COMBINED-20170821000000-fv08.1.nc,ESA_CCI_COMBINED,2.46,Downloaded
20170822,ESACCI-SOILMOISTURE-L3S-SSMV-COMBINED-20170822000000-fv08.1.nc,ESA_CCI_COMBINED,2.48,Downloaded
20170823,ESACCI-SOILMOISTURE-L3S-SSMV-COMBINED-20170823000000-fv08.1.nc,ESA_CCI_COMBINED,2.47,Downloaded
20170824,ESACCI-SOILMOISTURE-L3S-SSMV-COMBINED-20170824000000-fv08.1.nc,ESA_CCI_COMBINED,2.46,Downloaded
20170825,ESACCI-SOILMOISTURE-L3S-SSMV-COMBINED-20170825000000-fv08.1.nc,ESA_CCI_COMBINED,2.45,Downloaded
20170826,ESACCI-SOILMOISTURE-L3S-SSMV-COMBINED-20170826000000-fv08.1.nc,ESA_CCI_COMBINED,2.45,Downloaded
20170827,ESACCI-SOILMOISTURE-L3S-SSMV-COMBINED-20170827000000-fv08.1.nc,ESA_CCI_COMBINED,2.41,Downloaded
20170828,ESACCI-SOILMOISTURE-L3S-SSMV-COMBINED-20170828000000-fv08.1.nc,ESA_CCI_COMBINED,2.4,Downloaded
20170829,ESACCI-SOILMOISTURE-L3S-SSMV-COMBINED-20170829000000-fv08.1.nc,ESA_CCI_COMBINED,2.43,Downloaded
20170830,ESACCI-SOILMOISTURE-L3S-SSMV-COMBINED-20170830000000-fv08.1.nc,ESA_CCI_COMBINED,2.47,Downloaded
20170831,ESACCI-SOILMOISTURE-L3S-SSMV-COMBINED-20170831000000-fv08.1.nc,ESA_CCI_COMBINED,2.45,Downloaded
20170901,ESACCI-SOILMOISTURE-L3S-SSMV-COMBINED-20170901000000-fv08.1.nc,ESA_CCI_COMBINED,2.45,Downloaded
20170902,ESACCI-SOILMOISTURE-L3S-SSMV-COMBINED-20170902000000-fv08.1.nc,ESA_CCI_COMBINED,2.44,Downloaded
20170903,ESACCI-SOILMOISTURE-L3S-SSMV-COMBINED-20170903000000-fv08.1.nc,ESA_CCI_COMBINED,2.45,Downloaded
20170904,ESACCI-SOILMOISTURE-L3S-SSMV-COMBINED-20170904000000-fv08.1.nc,ESA_CCI_COMBINED,2.41,Downloaded
20170905,ESACCI-SOILMOISTURE-L3S-SSMV-COMBINED-20170905000000-fv08.1.nc,ESA_CCI_COMBINED,2.42,Downloaded
20170906,ESACCI-SOILMOISTURE-L3S-SSMV-COMBINED-20170906000000-fv08.1.nc,ESA_CCI_COMBINED,2.4,Downloaded
20170907,ESACCI-SOILMOISTURE-L3S-SSMV-COMBINED-20170907000000-fv08.1.nc,ESA_CCI_COMBINED,2.38,Downloaded
20170908,ESACCI-SOILMOISTURE-L3S-SSMV-COMBINED-20170908000000-fv08.1.nc,ESA_CCI_COMBINED,2.36,Downloaded
20170909,ESACCI-SOILMOISTURE-L3S-SSMV-COMBINED-20170909000000-fv08.1.nc,ESA_CCI_COMBINED,2.34,Downloaded
20170910,ESACCI-SOILMOISTURE-L3S-SSMV-COMBINED-20170910000000-fv08.1.nc,ESA_CCI_COMBINED,2.31,Downloaded
20170911,ESACCI-SOILMOISTURE-L3S-SSMV-COMBINED-20170911000000-fv08.1.nc,ESA_CCI_COMBINED,2.31,Downloaded
20170912,ESACCI-SOILMOISTURE-L3S-SSMV-COMBINED-20170912000000-fv08.1.nc,ESA_CCI_COMBINED,2.33,Downloaded
20170913,ESACCI-SOILMOISTURE-L3S-SSMV-COMBINED-20170913000000-fv08.1.nc,ESA_CCI_COMBINED,2.33,Downloaded
20170914,ESACCI-SOILMOISTURE-L3S-SSMV-COMBINED-20170914000000-fv08.1.nc,ESA_CCI_COMBINED,2.33,Downloaded
20170915,ESACCI-SOILMOISTURE-L3S-SSMV-COMBINED-20170915000000-fv08.1.nc,ESA_CCI_COMBINED,2.34,Downloaded
20170916,ESACCI-SOILMOISTURE-L3S-SSMV-COMBINED-20170916000000-fv08.1.nc,ESA_CCI_COMBINED,2.29,Downloaded
20170917,ESACCI-SOILMOISTURE-L3S-SSMV-COMBINED-20170917000000-fv08.1.nc,ESA_CCI_COMBINED,2.31,Downloaded
20170918,ESACCI-SOILMOISTURE-L3S-SSMV-COMBINED-20170918000000-fv08.1.nc,ESA_CCI_COMBINED,2.3,Downloaded
20170919,ESACCI-SOILMOISTURE-L3S-SSMV-COMBINED-20170919000000-fv08.1.nc,ESA_CCI_COMBINED,2.29,Downloaded
20170920,ESACCI-SOILMOISTURE-L3S-SSMV-COMBINED-20170920000000-fv08.1.nc,ESA_CCI_COMBINED,2.25,Downloaded
20170921,ESACCI-SOILMOISTURE-L3S-SSMV-COMBINED-20170921000000-fv08.1.nc,ESA_CCI_COMBINED,2.23,Downloaded
20170922,ESACCI-SOILMOISTURE-L3S-SSMV-COMBINED-20170922000000-fv08.1.nc,ESA_CCI_COMBINED,2.21,Downloaded
20170923,ESACCI-SOILMOISTURE-L3S-SSMV-COMBINED-20170923000000-fv08.1.nc,ESA_CCI_COMBINED,2.2,Downloaded
20170924,ESACCI-SOILMOISTURE-L3S-SSMV-COMBINED-20170924000000-fv08.1.nc,ESA_CCI_COMBINED,2.18,Downloaded
20170925,ESACCI-SOILMOISTURE-L3S-SSMV-COMBINED-20170925000000-fv08.1.nc,ESA_CCI_COMBINED,2.16,Downloaded
20170926,ESACCI-SOILMOISTURE-L3S-SSMV-COMBINED-20170926000000-fv08.1.nc,ESA_CCI_COMBINED,2.14,Downloaded
20170927,ESACCI-SOILMOISTURE-L3S-SSMV-COMBINED-20170927000000-fv08.1.nc,ESA_CCI_COMBINED,2.13,Downloaded
20170928,ESACCI-SOILMOISTURE-L3S-SSMV-COMBINED-20170928000000-fv08.1.nc,ESA_CCI_COMBINED,2.05,Downloaded
20170929,ESACCI-SOILMOISTURE-L3S-SSMV-COMBINED-20170929000000-fv08.1.nc,ESA_CCI_COMBINED,2.04,Downloaded
20170930,ESACCI-SOILMOISTURE-L3S-SSMV-COMBINED-20170930000000-fv08.1.nc,ESA_CCI_COMBINED,2.03,Downloaded
20171001,ESACCI-SOILMOISTURE-L3S-SSMV-COMBINED-20171001000000-fv08.1.nc,ESA_CCI_COMBINED,2.02,Downloaded
20171002,ESACCI-SOILMOISTURE-L3S-SSMV-COMBINED-20171002000000-fv08.1.nc,ESA_CCI_COMBINED,1.96,Downloaded
20171003,ESACCI-SOILMOISTURE-L3S-SSMV-COMBINED-20171003000000-fv08.1.nc,ESA_CCI_COMBINED,1.92,Downloaded
20171004,ESACCI-SOILMOISTURE-L3S-SSMV-COMBINED-20171004000000-fv08.1.nc,ESA_CCI_COMBINED,1.94,Downloaded
20171005,ESACCI-SOILMOISTURE-L3S-SSMV-COMBINED-20171005000000-fv08.1.nc,ESA_CCI_COMBINED,1.95,Downloaded
20171006,ESACCI-SOILMOISTURE-L3S-SSMV-COMBINED-20171006000000-fv08.1.nc,ESA_CCI_COMBINED,1.92,Downloaded
20171007,ESACCI-SOILMOISTURE-L3S-SSMV-COMBINED-20171007000000-fv08.1.nc,ESA_CCI_COMBINED,1.91,Downloaded
20171008,ESACCI-SOILMOISTURE-L3S-SSMV-COMBINED-20171008000000-fv08.1.nc,ESA_CCI_COMBINED,1.92,Downloaded
20171009,ESACCI-SOILMOISTURE-L3S-SSMV-COMBINED-20171009000000-fv08.1.nc,ESA_CCI_COMBINED,1.93,Downloaded
20171010,ESACCI-SOILMOISTURE-L3S-SSMV-COMBINED-20171010000000-fv08.1.nc,ESA_CCI_COMBINED,1.92,Downloaded
20171011,ESACCI-SOILMOISTURE-L3S-SSMV-COMBINED-20171011000000-fv08.1.nc,ESA_CCI_COMBINED,1.9,Downloaded
20171012,ESACCI-SOILMOISTURE-L3S-SSMV-COMBINED-20171012000000-fv08.1.nc,ESA_CCI_COMBINED,1.87,Downloaded
20171013,ESACCI-SOILMOISTURE-L3S-SSMV-COMBINED-20171013000000-fv08.1.nc,ESA_CCI_COMBINED,1.86,Downloaded
20171014,ESACCI-SOILMOISTURE-L3S-SSMV-COMBINED-20171014000000-fv08.1.nc,ESA_CCI_COMBINED,1.85,Downloaded
20171015,ESACCI-SOILMOISTURE-L3S-SSMV-COMBINED-20171015000000-fv08.1.nc,ESA_CCI_COMBINED,1.83,Downloaded
20171016,ESACCI-SOILMOISTURE-L3S-SSMV-COMBINED-20171016000000-fv08.1.nc,ESA_CCI_COMBINED,1.83,Downloaded
20171017,ESACCI-SOILMOISTURE-L3S-SSMV-COMBINED-20171017000000-fv08.1.nc,ESA_CCI_COMBINED,1.84,Downloaded
20171018,ESACCI-SOILMOISTURE-L3S-SSMV-COMBINED-20171018000000-fv08.1.nc,ESA_CCI_COMBINED,1.82,Downloaded
20171019,ESACCI-SOILMOISTURE-L3S-SSMV-COMBINED-20171019000000-fv08.1.nc,ESA_CCI_COMBINED,1.83,Downloaded
20171020,ESACCI-SOILMOISTURE-L3S-SSMV-COMBINED-20171020000000-fv08.1.nc,ESA_CCI_COMBINED,1.84,Downloaded
20171021,ESACCI-SOILMOISTURE-L3S-SSMV-COMBINED-20171021000000-fv08.1.nc,ESA_CCI_COMBINED,1.82,Downloaded
20171022,ESACCI-SOILMOISTURE-L3S-SSMV-COMBINED-20171022000000-fv08.1.nc,ESA_CCI_COMBINED,1.75,Downloaded
20171023,ESACCI-SOILMOISTURE-L3S-SSMV-COMBINED-20171023000000-fv08.1.nc,ESA_CCI_COMBINED,1.75,Downloaded
20171024,ESACCI-SOILMOISTURE-L3S-SSMV-COMBINED-20171024000000-fv08.1.nc,ESA_CCI_COMBINED,1.74,Downloaded
20171025,ESACCI-SOILMOISTURE-L3S-SSMV-COMBINED-20171025000000-fv08.1.nc,ESA_CCI_COMBINED,1.74,Downloaded
20171026,ESACCI-SOILMOISTURE-L3S-SSMV-COMBINED-20171026000000-fv08.1.nc,ESA_CCI_COMBINED,1.72,Downloaded
20171027,ESACCI-SOILMOISTURE-L3S-SSMV-COMBINED-20171027000000-fv08.1.nc,ESA_CCI_COMBINED,1.71,Downloaded
20171028,ESACCI-SOILMOISTURE-L3S-SSMV-COMBINED-20171028000000-fv08.1.nc,ESA_CCI_COMBINED,1.73,Downloaded
20171029,ESACCI-SOILMOISTURE-L3S-SSMV-COMBINED-20171029000000-fv08.1.nc,ESA_CCI_COMBINED,1.73,Downloaded
20171030,ESACCI-SOILMOISTURE-L3S-SSMV-COMBINED-20171030000000-fv08.1.nc,ESA_CCI_COMBINED,1.71,Downloaded
20171031,ESACCI-SOILMOISTURE-L3S-SSMV-COMBINED-20171031000000-fv08.1.nc,ESA_CCI_COMBINED,1.72,Downloaded
20171101,ESACCI-SOILMOISTURE-L3S-SSMV-COMBINED-20171101000000-fv08.1.nc,ESA_CCI_COMBINED,1.71,Downloaded
20171102,ESACCI-SOILMOISTURE-L3S-SSMV-COMBINED-20171102000000-fv08.1.nc,ESA_CCI_COMBINED,1.7,Downloaded
20171103,ESACCI-SOILMOISTURE-L3S-SSMV-COMBINED-20171103000000-fv08.1.nc,ESA_CCI_COMBINED,1.65,Downloaded
20171104,ESACCI-SOILMOISTURE-L3S-SSMV-COMBINED-20171104000000-fv08.1.nc,ESA_CCI_COMBINED,1.65,Downloaded
20171105,ESACCI-SOILMOISTURE-L3S-SSMV-COMBINED-20171105000000-fv08.1.nc,ESA_CCI_COMBINED,1.68,Downloaded
20171106,ESACCI-SOILMOISTURE-L3S-SSMV-COMBINED-20171106000000-fv08.1.nc,ESA_CCI_COMBINED,1.69,Downloaded
20171107,ESACCI-SOILMOISTURE-L3S-SSMV-COMBINED-20171107000000-fv08.1.nc,ESA_CCI_COMBINED,1.68,Downloaded
20171108,ESACCI-SOILMOISTURE-L3S-SSMV-COMBINED-20171108000000-fv08.1.nc,ESA_CCI_COMBINED,1.63,Downloaded
20171109,ESACCI-SOILMOISTURE-L3S-SSMV-COMBINED-20171109000000-fv08.1.nc,ESA_CCI_COMBINED,1.61,Downloaded
20171110,ESACCI-SOILMOISTURE-L3S-SSMV-COMBINED-20171110000000-fv08.1.nc,ESA_CCI_COMBINED,1.61,Downloaded
20171111,ESACCI-SOILMOISTURE-L3S-SSMV-COMBINED-20171111000000-fv08.1.nc,ESA_CCI_COMBINED,1.58,Downloaded
20171112,ESACCI-SOILMOISTURE-L3S-SSMV-COMBINED-20171112000000-fv08.1.nc,ESA_CCI_COMBINED,1.58,Downloaded
20171113,ESACCI-SOILMOISTURE-L3S-SSMV-COMBINED-20171113000000-fv08.1.nc,ESA_CCI_COMBINED,1.58,Downloaded
20171114,ESACCI-SOILMOISTURE-L3S-SSMV-COMBINED-20171114000000-fv08.1.nc,ESA_CCI_COMBINED,1.59,Downloaded
20171115,ESACCI-SOILMOISTURE-L3S-SSMV-COMBINED-20171115000000-fv08.1.nc,ESA_CCI_COMBINED,1.58,Downloaded
20171116,ESACCI-SOILMOISTURE-L3S-SSMV-COMBINED-20171116000000-fv08.1.nc,ESA_CCI_COMBINED,1.56,Downloaded
20171117,ESACCI-SOILMOISTURE-L3S-SSMV-COMBINED-20171117000000-fv08.1.nc,ESA_CCI_COMBINED,1.56,Downloaded
20171118,ESACCI-SOILMOISTURE-L3S-SSMV-COMBINED-20171118000000-fv08.1.nc,ESA_CCI_COMBINED,1.56,Downloaded
20171119,ESACCI-SOILMOISTURE-L3S-SSMV-COMBINED-20171119000000-fv08.1.nc,ESA_CCI_COMBINED,1.52,Downloaded
20171120,ESACCI-SOILMOISTURE-L3S-SSMV-COMBINED-20171120000000-fv08.1.nc,ESA_CCI_COMBINED,1.52,Downloaded
20171121,ESACCI-SOILMOISTURE-L3S-SSMV-COMBINED-20171121000000-fv08.1.nc,ESA_CCI_COMBINED,1.53,Downloaded
20171122,ESACCI-SOILMOISTURE-L3S-SSMV-COMBINED-20171122000000-fv08.1.nc,ESA_CCI_COMBINED,1.55,Downloaded
20171123,ESACCI-SOILMOISTURE-L3S-SSMV-COMBINED-20171123000000-fv08.1.nc,ESA_CCI_COMBINED,1.52,Downloaded
20171124,ESACCI-SOILMOISTURE-L3S-SSMV-COMBINED-20171124000000-fv08.1.nc,ESA_CCI_COMBINED,1.52,Downloaded
20171125,ESACCI-SOILMOISTURE-L3S-SSMV-COMBINED-20171125000000-fv08.1.nc,ESA_CCI_COMBINED,1.52,Downloaded
20171126,ESACCI-SOILMOISTURE-L3S-SSMV-COMBINED-20171126000000-fv08.1.nc,ESA_CCI_COMBINED,1.52,Downloaded
20171127,ESACCI-SOILMOISTURE-L3S-SSMV-COMBINED-20171127000000-fv08.1.nc,ESA_CCI_COMBINED,1.51,Downloaded
20171128,ESACCI-SOILMOISTURE-L3S-SSMV-COMBINED-20171128000000-fv08.1.nc,ESA_CCI_COMBINED,1.51,Downloaded
20171129,ESACCI-SOILMOISTURE-L3S-SSMV-COMBINED-20171129000000-fv08.1.nc,ESA_CCI_COMBINED,1.51,Downloaded
20171130,ESACCI-SOILMOISTURE-L3S-SSMV-COMBINED-20171130000000-fv08.1.nc,ESA_CCI_COMBINED,1.5,Downloaded
20171201,ESACCI-SOILMOISTURE-L3S-SSMV-COMBINED-20171201000000-fv08.1.nc,ESA_CCI_COMBINED,1.5,Downloaded
20171202,ESACCI-SOILMOISTURE-L3S-SSMV-COMBINED-20171202000000-fv08.1.nc,ESA_CCI_COMBINED,1.49,Downloaded
20171203,ESACCI-SOILMOISTURE-L3S-SSMV-COMBINED-20171203000000-fv08.1.nc,ESA_CCI_COMBINED,1.47,Downloaded
20171204,ESACCI-SOILMOISTURE-L3S-SSMV-COMBINED-20171204000000-fv08.1.nc,ESA_CCI_COMBINED,1.48,Downloaded
20171205,ESACCI-SOILMOISTURE-L3S-SSMV-COMBINED-20171205000000-fv08.1.nc,ESA_CCI_COMBINED,1.46,Downloaded
20171206,ESACCI-SOILMOISTURE-L3S-SSMV-COMBINED-20171206000000-fv08.1.nc,ESA_CCI_COMBINED,1.45,Downloaded
20171207,ESACCI-SOILMOISTURE-L3S-SSMV-COMBINED-20171207000000-fv08.1.nc,ESA_CCI_COMBINED,1.44,Downloaded
20171208,ESACCI-SOILMOISTURE-L3S-SSMV-COMBINED-20171208000000-fv08.1.nc,ESA_CCI_COMBINED,1.43,Downloaded
20171209,ESACCI-SOILMOISTURE-L3S-SSMV-COMBINED-20171209000000-fv08.1.nc,ESA_CCI_COMBINED,1.43,Downloaded
20171210,ESACCI-SOILMOISTURE-L3S-SSMV-COMBINED-20171210000000-fv08.1.nc,ESA_CCI_COMBINED,1.42,Downloaded
20171211,ESACCI-SOILMOISTURE-L3S-SSMV-COMBINED-20171211000000-fv08.1.nc,ESA_CCI_COMBINED,1.42,Downloaded
20171212,ESACCI-SOILMOISTURE-L3S-SSMV-COMBINED-20171212000000-fv08.1.nc,ESA_CCI_COMBINED,1.44,Downloaded
20171213,ESACCI-SOILMOISTURE-L3S-SSMV-COMBINED-20171213000000-fv08.1.nc,ESA_CCI_COMBINED,1.44,Downloaded
20171214,ESACCI-SOILMOISTURE-L3S-SSMV-COMBINED-20171214000000-fv08.1.nc,ESA_CCI_COMBINED,1.44,Downloaded
20171215,ESACCI-SOILMOISTURE-L3S-SSMV-COMBINED-20171215000000-fv08.1.nc,ESA_CCI_COMBINED,1.43,Downloaded
20171216,ESACCI-SOILMOISTURE-L3S-SSMV-COMBINED-20171216000000-fv08.1.nc,ESA_CCI_COMBINED,1.44,Downloaded
20171217,ESACCI-SOILMOISTURE-L3S-SSMV-COMBINED-20171217000000-fv08.1.nc,ESA_CCI_COMBINED,1.41,Downloaded
20171218,ESACCI-SOILMOISTURE-L3S-SSMV-COMBINED-20171218000000-fv08.1.nc,ESA_CCI_COMBINED,1.41,Downloaded
20171219,ESACCI-SOILMOISTURE-L3S-SSMV-COMBINED-20171219000000-fv08.1.nc,ESA_CCI_COMBINED,1.43,Downloaded
20171220,ESACCI-SOILMOISTURE-L3S-SSMV-COMBINED-20171220000000-fv08.1.nc,ESA_CCI_COMBINED,1.44,Downloaded
20171221,ESACCI-SOILMOISTURE-L3S-SSMV-COMBINED-20171221000000-fv08.1.nc,ESA_CCI_COMBINED,1.41,Downloaded
20171222,ESACCI-SOILMOISTURE-L3S-SSMV-COMBINED-20171222000000-fv08.1.nc,ESA_CCI_COMBINED,1.41,Downloaded
20171223,ESACCI-SOILMOISTURE-L3S-SSMV-COMBINED-20171223000000-fv08.1.nc,ESA_CCI_COMBINED,1.41,Downloaded
20171224,ESACCI-SOILMOISTURE-L3S-SSMV-COMBINED-20171224000000-fv08.1.nc,ESA_CCI_COMBINED,1.43,Downloaded
20171225,ESACCI-SOILMOISTURE-L3S-SSMV-COMBINED-20171225000000-fv08.1.nc,ESA_CCI_COMBINED,1.42,Downloaded
20171226,ESACCI-SOILMOISTURE-L3S-SSMV-COMBINED-20171226000000-fv08.1.nc,ESA_CCI_COMBINED,1.42,Downloaded
20171227,ESACCI-SOILMOISTURE-L3S-SSMV-COMBINED-20171227000000-fv08.1.nc,ESA_CCI_COMBINED,1.42,Downloaded
20171228,ESACCI-SOILMOISTURE-L3S-SSMV-COMBINED-20171228000000-fv08.1.nc,ESA_CCI_COMBINED,1.44,Downloaded
20171229,ESACCI-SOILMOISTURE-L3S-SSMV-COMBINED-20171229000000-fv08.1.nc,ESA_CCI_COMBINED,1.44,Downloaded
20171230,ESACCI-SOILMOISTURE-L3S-SSMV-COMBINED-20171230000000-fv08.1.nc,ESA_CCI_COMBINED,1.44,Downloaded
20171231,ESACCI-SOILMOISTURE-L3S-SSMV-COMBINED-20171231000000-fv08.1.nc,ESA_CCI_COMBINED,1.43,Downloaded
20180101,ESACCI-SOILMOISTURE-L3S-SSMV-COMBINED-20180101000000-fv08.1.nc,ESA_CCI_COMBINED,1.41,Downloaded
20180102,ESACCI-SOILMOISTURE-L3S-SSMV-COMBINED-20180102000000-fv08.1.nc,ESA_CCI_COMBINED,1.41,Downloaded
20180103,ESACCI-SOILMOISTURE-L3S-SSMV-COMBINED-20180103000000-fv08.1.nc,ESA_CCI_COMBINED,1.4,Downloaded
20180104,ESACCI-SOILMOISTURE-L3S-SSMV-COMBINED-20180104000000-fv08.1.nc,ESA_CCI_COMBINED,1.39,Downloaded
20180105,ESACCI-SOILMOISTURE-L3S-SSMV-COMBINED-20180105000000-fv08.1.nc,ESA_CCI_COMBINED,1.41,Downloaded
20180106,ESACCI-SOILMOISTURE-L3S-SSMV-COMBINED-20180106000000-fv08.1.nc,ESA_CCI_COMBINED,1.4,Downloaded
20180107,ESACCI-SOILMOISTURE-L3S-SSMV-COMBINED-20180107000000-fv08.1.nc,ESA_CCI_COMBINED,1.42,Downloaded
20180108,ESACCI-SOILMOISTURE-L3S-SSMV-COMBINED-20180108000000-fv08.1.nc,ESA_CCI_COMBINED,1.4,Downloaded
20180109,ESACCI-SOILMOISTURE-L3S-SSMV-COMBINED-20180109000000-fv08.1.nc,ESA_CCI_COMBINED,1.4,Downloaded
20180110,ESACCI-SOILMOISTURE-L3S-SSMV-COMBINED-20180110000000-fv08.1.nc,ESA_CCI_COMBINED,1.39,Downloaded
20180111,ESACCI-SOILMOISTURE-L3S-SSMV-COMBINED-20180111000000-fv08.1.nc,ESA_CCI_COMBINED,1.38,Downloaded
20180112,ESACCI-SOILMOISTURE-L3S-SSMV-COMBINED-20180112000000-fv08.1.nc,ESA_CCI_COMBINED,1.39,Downloaded
20180113,ESACCI-SOILMOISTURE-L3S-SSMV-COMBINED-20180113000000-fv08.1.nc,ESA_CCI_COMBINED,1.38,Downloaded
20180114,ESACCI-SOILMOISTURE-L3S-SSMV-COMBINED-20180114000000-fv08.1.nc,ESA_CCI_COMBINED,1.36,Downloaded
20180115,ESACCI-SOILMOISTURE-L3S-SSMV-COMBINED-20180115000000-fv08.1.nc,ESA_CCI_COMBINED,1.34,Downloaded
20180116,ESACCI-SOILMOISTURE-L3S-SSMV-COMBINED-20180116000000-fv08.1.nc,ESA_CCI_COMBINED,1.37,Downloaded
20180117,ESACCI-SOILMOISTURE-L3S-SSMV-COMBINED-20180117000000-fv08.1.nc,ESA_CCI_COMBINED,1.37,Downloaded
20180118,ESACCI-SOILMOISTURE-L3S-SSMV-COMBINED-20180118000000-fv08.1.nc,ESA_CCI_COMBINED,1.36,Downloaded
20180119,ESACCI-SOILMOISTURE-L3S-SSMV-COMBINED-20180119000000-fv08.1.nc,ESA_CCI_COMBINED,1.36,Downloaded
20180120,ESACCI-SOILMOISTURE-L3S-SSMV-COMBINED-20180120000000-fv08.1.nc,ESA_CCI_COMBINED,1.37,Downloaded
20180121,ESACCI-SOILMOISTURE-L3S-SSMV-COMBINED-20180121000000-fv08.1.nc,ESA_CCI_COMBINED,1.4,Downloaded
20180122,ESACCI-SOILMOISTURE-L3S-SSMV-COMBINED-20180122000000-fv08.1.nc,ESA_CCI_COMBINED,1.38,Downloaded
20180123,ESACCI-SOILMOISTURE-L3S-SSMV-COMBINED-20180123000000-fv08.1.nc,ESA_CCI_COMBINED,1.38,Downloaded
20180124,ESACCI-SOILMOISTURE-L3S-SSMV-COMBINED-20180124000000-fv08.1.nc,ESA_CCI_COMBINED,1.39,Downloaded
20180125,ESACCI-SOILMOISTURE-L3S-SSMV-COMBINED-20180125000000-fv08.1.nc,ESA_CCI_COMBINED,1.38,Downloaded
20180126,ESACCI-SOILMOISTURE-L3S-SSMV-COMBINED-20180126000000-fv08.1.nc,ESA_CCI_COMBINED,1.37,Downloaded
20180127,ESACCI-SOILMOISTURE-L3S-SSMV-COMBINED-20180127000000-fv08.1.nc,ESA_CCI_COMBINED,1.38,Downloaded
20180128,ESACCI-SOILMOISTURE-L3S-SSMV-COMBINED-20180128000000-fv08.1.nc,ESA_CCI_COMBINED,1.37,Downloaded
20180129,ESACCI-SOILMOISTURE-L3S-SSMV-COMBINED-20180129000000-fv08.1.nc,ESA_CCI_COMBINED,1.39,Downloaded
20180130,ESACCI-SOILMOISTURE-L3S-SSMV-COMBINED-20180130000000-fv08.1.nc,ESA_CCI_COMBINED,1.37,Downloaded
20180131,ESACCI-SOILMOISTURE-L3S-SSMV-COMBINED-20180131000000-fv08.1.nc,ESA_CCI_COMBINED,1.36,Downloaded
20180201,ESACCI-SOILMOISTURE-L3S-SSMV-COMBINED-20180201000000-fv08.1.nc,ESA_CCI_COMBINED,1.37,Downloaded
20180202,ESACCI-SOILMOISTURE-L3S-SSMV-COMBINED-20180202000000-fv08.1.nc,ESA_CCI_COMBINED,1.39,Downloaded
20180203,ESACCI-SOILMOISTURE-L3S-SSMV-COMBINED-20180203000000-fv08.1.nc,ESA_CCI_COMBINED,1.37,Downloaded
20180204,ESACCI-SOILMOISTURE-L3S-SSMV-COMBINED-20180204000000-fv08.1.nc,ESA_CCI_COMBINED,1.38,Downloaded
20180205,ESACCI-SOILMOISTURE-L3S-SSMV-COMBINED-20180205000000-fv08.1.nc,ESA_CCI_COMBINED,1.37,Downloaded
20180206,ESACCI-SOILMOISTURE-L3S-SSMV-COMBINED-20180206000000-fv08.1.nc,ESA_CCI_COMBINED,1.37,Downloaded
20180207,ESACCI-SOILMOISTURE-L3S-SSMV-COMBINED-20180207000000-fv08.1.nc,ESA_CCI_COMBINED,1.36,Downloaded
20180208,ESACCI-SOILMOISTURE-L3S-SSMV-COMBINED-20180208000000-fv08.1.nc,ESA_CCI_COMBINED,1.37,Downloaded
20180209,ESACCI-SOILMOISTURE-L3S-SSMV-COMBINED-20180209000000-fv08.1.nc,ESA_CCI_COMBINED,1.38,Downloaded
20180210,ESACCI-SOILMOISTURE-L3S-SSMV-COMBINED-20180210000000-fv08.1.nc,ESA_CCI_COMBINED,1.39,Downloaded
20180211,ESACCI-SOILMOISTURE-L3S-SSMV-COMBINED-20180211000000-fv08.1.nc,ESA_CCI_COMBINED,1.38,Downloaded
20180212,ESACCI-SOILMOISTURE-L3S-SSMV-COMBINED-20180212000000-fv08.1.nc,ESA_CCI_COMBINED,1.38,Downloaded
20180213,ESACCI-SOILMOISTURE-L3S-SSMV-COMBINED-20180213000000-fv08.1.nc,ESA_CCI_COMBINED,1.38,Downloaded
20180214,ESACCI-SOILMOISTURE-L3S-SSMV-COMBINED-20180214000000-fv08.1.nc,ESA_CCI_COMBINED,1.41,Downloaded
20180215,ESACCI-SOILMOISTURE-L3S-SSMV-COMBINED-20180215000000-fv08.1.nc,ESA_CCI_COMBINED,1.42,Downloaded
20180216,ESACCI-SOILMOISTURE-L3S-SSMV-COMBINED-20180216000000-fv08.1.nc,ESA_CCI_COMBINED,1.42,Downloaded
20180217,ESACCI-SOILMOISTURE-L3S-SSMV-COMBINED-20180217000000-fv08.1.nc,ESA_CCI_COMBINED,1.42,Downloaded
20180218,ESACCI-SOILMOISTURE-L3S-SSMV-COMBINED-20180218000000-fv08.1.nc,ESA_CCI_COMBINED,1.43,Downloaded
20180219,ESACCI-SOILMOISTURE-L3S-SSMV-COMBINED-20180219000000-fv08.1.nc,ESA_CCI_COMBINED,1.44,Downloaded
20180220,ESACCI-SOILMOISTURE-L3S-SSMV-COMBINED-20180220000000-fv08.1.nc,ESA_CCI_COMBINED,1.43,Downloaded
20180221,ESACCI-SOILMOISTURE-L3S-SSMV-COMBINED-20180221000000-fv08.1.nc,ESA_CCI_COMBINED,1.42,Downloaded
20180222,ESACCI-SOILMOISTURE-L3S-SSMV-COMBINED-20180222000000-fv08.1.nc,ESA_CCI_COMBINED,1.43,Downloaded
20180223,ESACCI-SOILMOISTURE-L3S-SSMV-COMBINED-20180223000000-fv08.1.nc,ESA_CCI_COMBINED,1.42,Downloaded
20180224,ESACCI-SOILMOISTURE-L3S-SSMV-COMBINED-20180224000000-fv08.1.nc,ESA_CCI_COMBINED,1.43,Downloaded
20180225,ESACCI-SOILMOISTURE-L3S-SSMV-COMBINED-20180225000000-fv08.1.nc,ESA_CCI_COMBINED,1.42,Downloaded
20180226,ESACCI-SOILMOISTURE-L3S-SSMV-COMBINED-20180226000000-fv08.1.nc,ESA_CCI_COMBINED,1.44,Downloaded
20180227,ESACCI-SOILMOISTURE-L3S-SSMV-COMBINED-20180227000000-fv08.1.nc,ESA_CCI_COMBINED,1.45,Downloaded
20180228,ESACCI-SOILMOISTURE-L3S-SSMV-COMBINED-20180228000000-fv08.1.nc,ESA_CCI_COMBINED,1.44,Downloaded
20180301,ESACCI-SOILMOISTURE-L3S-SSMV-COMBINED-20180301000000-fv08.1.nc,ESA_CCI_COMBINED,1.45,Downloaded
20180302,ESACCI-SOILMOISTURE-L3S-SSMV-COMBINED-20180302000000-fv08.1.nc,ESA_CCI_COMBINED,1.46,Downloaded
20180303,ESACCI-SOILMOISTURE-L3S-SSMV-COMBINED-20180303000000-fv08.1.nc,ESA_CCI_COMBINED,1.46,Downloaded
20180304,ESACCI-SOILMOISTURE-L3S-SSMV-COMBINED-20180304000000-fv08.1.nc,ESA_CCI_COMBINED,1.47,Downloaded
20180305,ESACCI-SOILMOISTURE-L3S-SSMV-COMBINED-20180305000000-fv08.1.nc,ESA_CCI_COMBINED,1.46,Downloaded
20180306,ESACCI-SOILMOISTURE-L3S-SSMV-COMBINED-20180306000000-fv08.1.nc,ESA_CCI_COMBINED,1.48,Downloaded
20180307,ESACCI-SOILMOISTURE-L3S-SSMV-COMBINED-20180307000000-fv08.1.nc,ESA_CCI_COMBINED,1.47,Downloaded
20180308,ESACCI-SOILMOISTURE-L3S-SSMV-COMBINED-20180308000000-fv08.1.nc,ESA_CCI_COMBINED,1.48,Downloaded
20180309,ESACCI-SOILMOISTURE-L3S-SSMV-COMBINED-20180309000000-fv08.1.nc,ESA_CCI_COMBINED,1.48,Downloaded
20180310,ESACCI-SOILMOISTURE-L3S-SSMV-COMBINED-20180310000000-fv08.1.nc,ESA_CCI_COMBINED,1.5,Downloaded
20180311,ESACCI-SOILMOISTURE-L3S-SSMV-COMBINED-20180311000000-fv08.1.nc,ESA_CCI_COMBINED,1.5,Downloaded
20180312,ESACCI-SOILMOISTURE-L3S-SSMV-COMBINED-20180312000000-fv08.1.nc,ESA_CCI_COMBINED,1.5,Downloaded
20180313,ESACCI-SOILMOISTURE-L3S-SSMV-COMBINED-20180313000000-fv08.1.nc,ESA_CCI_COMBINED,1.51,Downloaded
20180314,ESACCI-SOILMOISTURE-L3S-SSMV-COMBINED-20180314000000-fv08.1.nc,ESA_CCI_COMBINED,1.53,Downloaded
20180315,ESACCI-SOILMOISTURE-L3S-SSMV-COMBINED-20180315000000-fv08.1.nc,ESA_CCI_COMBINED,1.5,Downloaded
20180316,ESACCI-SOILMOISTURE-L3S-SSMV-COMBINED-20180316000000-fv08.1.nc,ESA_CCI_COMBINED,1.51,Downloaded
20180317,ESACCI-SOILMOISTURE-L3S-SSMV-COMBINED-20180317000000-fv08.1.nc,ESA_CCI_COMBINED,1.5,Downloaded
20180318,ESACCI-SOILMOISTURE-L3S-SSMV-COMBINED-20180318000000-fv08.1.nc,ESA_CCI_COMBINED,1.51,Downloaded
20180319,ESACCI-SOILMOISTURE-L3S-SSMV-COMBINED-20180319000000-fv08.1.nc,ESA_CCI_COMBINED,1.49,Downloaded
20180320,ESACCI-SOILMOISTURE-L3S-SSMV-COMBINED-20180320000000-fv08.1.nc,ESA_CCI_COMBINED,1.48,Downloaded
20180321,ESACCI-SOILMOISTURE-L3S-SSMV-COMBINED-20180321000000-fv08.1.nc,ESA_CCI_COMBINED,1.49,Downloaded
20180322,ESACCI-SOILMOISTURE-L3S-SSMV-COMBINED-20180322000000-fv08.1.nc,ESA_CCI_COMBINED,1.52,Downloaded
20180323,ESACCI-SOILMOISTURE-L3S-SSMV-COMBINED-20180323000000-fv08.1.nc,ESA_CCI_COMBINED,1.52,Downloaded
20180324,ESACCI-SOILMOISTURE-L3S-SSMV-COMBINED-20180324000000-fv08.1.nc,ESA_CCI_COMBINED,1.51,Downloaded
20180325,ESACCI-SOILMOISTURE-L3S-SSMV-COMBINED-20180325000000-fv08.1.nc,ESA_CCI_COMBINED,1.53,Downloaded
20180326,ESACCI-SOILMOISTURE-L3S-SSMV-COMBINED-20180326000000-fv08.1.nc,ESA_CCI_COMBINED,1.58,Downloaded
20180327,ESACCI-SOILMOISTURE-L3S-SSMV-COMBINED-20180327000000-fv08.1.nc,ESA_CCI_COMBINED,1.57,Downloaded
20180328,ESACCI-SOILMOISTURE-L3S-SSMV-COMBINED-20180328000000-fv08.1.nc,ESA_CCI_COMBINED,1.58,Downloaded
20180329,ESACCI-SOILMOISTURE-L3S-SSMV-COMBINED-20180329000000-fv08.1.nc,ESA_CCI_COMBINED,1.58,Downloaded
20180330,ESACCI-SOILMOISTURE-L3S-SSMV-COMBINED-20180330000000-fv08.1.nc,ESA_CCI_COMBINED,1.6,Downloaded
20180331,ESACCI-SOILMOISTURE-L3S-SSMV-COMBINED-20180331000000-fv08.1.nc,ESA_CCI_COMBINED,1.6,Downloaded
20180401,ESACCI-SOILMOISTURE-L3S-SSMV-COMBINED-20180401000000-fv08.1.nc,ESA_CCI_COMBINED,1.58,Downloaded
20180402,ESACCI-SOILMOISTURE-L3S-SSMV-COMBINED-20180402000000-fv08.1.nc,ESA_CCI_COMBINED,1.57,Downloaded
20180403,ESACCI-SOILMOISTURE-L3S-SSMV-COMBINED-20180403000000-fv08.1.nc,ESA_CCI_COMBINED,1.59,Downloaded
20180404,ESACCI-SOILMOISTURE-L3S-SSMV-COMBINED-20180404000000-fv08.1.nc,ESA_CCI_COMBINED,1.57,Downloaded
20180405,ESACCI-SOILMOISTURE-L3S-SSMV-COMBINED-20180405000000-fv08.1.nc,ESA_CCI_COMBINED,1.56,Downloaded
20180406,ESACCI-SOILMOISTURE-L3S-SSMV-COMBINED-20180406000000-fv08.1.nc,ESA_CCI_COMBINED,1.56,Downloaded
20180407,ESACCI-SOILMOISTURE-L3S-SSMV-COMBINED-20180407000000-fv08.1.nc,ESA_CCI_COMBINED,1.57,Downloaded
20180408,ESACCI-SOILMOISTURE-L3S-SSMV-COMBINED-20180408000000-fv08.1.nc,ESA_CCI_COMBINED,1.58,Downloaded
20180409,ESACCI-SOILMOISTURE-L3S-SSMV-COMBINED-20180409000000-fv08.1.nc,ESA_CCI_COMBINED,1.6,Downloaded
20180410,ESACCI-SOILMOISTURE-L3S-SSMV-COMBINED-20180410000000-fv08.1.nc,ESA_CCI_COMBINED,1.6,Downloaded
20180411,ESACCI-SOILMOISTURE-L3S-SSMV-COMBINED-20180411000000-fv08.1.nc,ESA_CCI_COMBINED,1.63,Downloaded
20180412,ESACCI-SOILMOISTURE-L3S-SSMV-COMBINED-20180412000000-fv08.1.nc,ESA_CCI_COMBINED,1.63,Downloaded
20180413,ESACCI-SOILMOISTURE-L3S-SSMV-COMBINED-20180413000000-fv08.1.nc,ESA_CCI_COMBINED,1.63,Downloaded
20180414,ESACCI-SOILMOISTURE-L3S-SSMV-COMBINED-20180414000000-fv08.1.nc,ESA_CCI_COMBINED,1.62,Downloaded
20180415,ESACCI-SOILMOISTURE-L3S-SSMV-COMBINED-20180415000000-fv08.1.nc,ESA_CCI_COMBINED,1.64,Downloaded
20180416,ESACCI-SOILMOISTURE-L3S-SSMV-COMBINED-20180416000000-fv08.1.nc,ESA_CCI_COMBINED,1.65,Downloaded
20180417,ESACCI-SOILMOISTURE-L3S-SSMV-COMBINED-20180417000000-fv08.1.nc,ESA_CCI_COMBINED,1.67,Downloaded
20180418,ESACCI-SOILMOISTURE-L3S-SSMV-COMBINED-20180418000000-fv08.1.nc,ESA_CCI_COMBINED,1.68,Downloaded
20180419,ESACCI-SOILMOISTURE-L3S-SSMV-COMBINED-20180419000000-fv08.1.nc,ESA_CCI_COMBINED,1.7,Downloaded
20180420,ESACCI-SOILMOISTURE-L3S-SSMV-COMBINED-20180420000000-fv08.1.nc,ESA_CCI_COMBINED,1.69,Downloaded
20180421,ESACCI-SOILMOISTURE-L3S-SSMV-COMBINED-20180421000000-fv08.1.nc,ESA_CCI_COMBINED,1.71,Downloaded
20180422,ESACCI-SOILMOISTURE-L3S-SSMV-COMBINED-20180422000000-fv08.1.nc,ESA_CCI_COMBINED,1.69,Downloaded
20180423,ESACCI-SOILMOISTURE-L3S-SSMV-COMBINED-20180423000000-fv08.1.nc,ESA_CCI_COMBINED,1.73,Downloaded
20180424,ESACCI-SOILMOISTURE-L3S-SSMV-COMBINED-20180424000000-fv08.1.nc,ESA_CCI_COMBINED,1.74,Downloaded
20180425,ESACCI-SOILMOISTURE-L3S-SSMV-COMBINED-20180425000000-fv08.1.nc,ESA_CCI_COMBINED,1.75,Downloaded
20180426,ESACCI-SOILMOISTURE-L3S-SSMV-COMBINED-20180426000000-fv08.1.nc,ESA_CCI_COMBINED,1.76,Downloaded
20180427,ESACCI-SOILMOISTURE-L3S-SSMV-COMBINED-20180427000000-fv08.1.nc,ESA_CCI_COMBINED,1.78,Downloaded
20180428,ESACCI-SOILMOISTURE-L3S-SSMV-COMBINED-20180428000000-fv08.1.nc,ESA_CCI_COMBINED,1.78,Downloaded
20180429,ESACCI-SOILMOISTURE-L3S-SSMV-COMBINED-20180429000000-fv08.1.nc,ESA_CCI_COMBINED,1.78,Downloaded
20180430,ESACCI-SOILMOISTURE-L3S-SSMV-COMBINED-20180430000000-fv08.1.nc,ESA_CCI_COMBINED,1.77,Downloaded
20180501,ESACCI-SOILMOISTURE-L3S-SSMV-COMBINED-20180501000000-fv08.1.nc,ESA_CCI_COMBINED,1.77,Downloaded
20180502,ESACCI-SOILMOISTURE-L3S-SSMV-COMBINED-20180502000000-fv08.1.nc,ESA_CCI_COMBINED,1.76,Downloaded
20180503,ESACCI-SOILMOISTURE-L3S-SSMV-COMBINED-20180503000000-fv08.1.nc,ESA_CCI_COMBINED,1.8,Downloaded
20180504,ESACCI-SOILMOISTURE-L3S-SSMV-COMBINED-20180504000000-fv08.1.nc,ESA_CCI_COMBINED,1.81,Downloaded
20180505,ESACCI-SOILMOISTURE-L3S-SSMV-COMBINED-20180505000000-fv08.1.nc,ESA_CCI_COMBINED,1.84,Downloaded
20180506,ESACCI-SOILMOISTURE-L3S-SSMV-COMBINED-20180506000000-fv08.1.nc,ESA_CCI_COMBINED,1.83,Downloaded
20180507,ESACCI-SOILMOISTURE-L3S-SSMV-COMBINED-20180507000000-fv08.1.nc,ESA_CCI_COMBINED,1.86,Downloaded
20180508,ESACCI-SOILMOISTURE-L3S-SSMV-COMBINED-20180508000000-fv08.1.nc,ESA_CCI_COMBINED,1.87,Downloaded
20180509,ESACCI-SOILMOISTURE-L3S-SSMV-COMBINED-20180509000000-fv08.1.nc,ESA_CCI_COMBINED,1.88,Downloaded
20180510,ESACCI-SOILMOISTURE-L3S-SSMV-COMBINED-20180510000000-fv08.1.nc,ESA_CCI_COMBINED,1.87,Downloaded
20180511,ESACCI-SOILMOISTURE-L3S-SSMV-COMBINED-20180511000000-fv08.1.nc,ESA_CCI_COMBINED,1.86,Downloaded
20180512,ESACCI-SOILMOISTURE-L3S-SSMV-COMBINED-20180512000000-fv08.1.nc,ESA_CCI_COMBINED,1.87,Downloaded
20180513,ESACCI-SOILMOISTURE-L3S-SSMV-COMBINED-20180513000000-fv08.1.nc,ESA_CCI_COMBINED,1.91,Downloaded
20180514,ESACCI-SOILMOISTURE-L3S-SSMV-COMBINED-20180514000000-fv08.1.nc,ESA_CCI_COMBINED,1.9,Downloaded
20180515,ESACCI-SOILMOISTURE-L3S-SSMV-COMBINED-20180515000000-fv08.1.nc,ESA_CCI_COMBINED,1.9,Downloaded
20180516,ESACCI-SOILMOISTURE-L3S-SSMV-COMBINED-20180516000000-fv08.1.nc,ESA_CCI_COMBINED,1.9,Downloaded
20180517,ESACCI-SOILMOISTURE-L3S-SSMV-COMBINED-20180517000000-fv08.1.nc,ESA_CCI_COMBINED,1.93,Downloaded
20180518,ESACCI-SOILMOISTURE-L3S-SSMV-COMBINED-20180518000000-fv08.1.nc,ESA_CCI_COMBINED,1.93,Downloaded
20180519,ESACCI-SOILMOISTURE-L3S-SSMV-COMBINED-20180519000000-fv08.1.nc,ESA_CCI_COMBINED,1.95,Downloaded
20180520,ESACCI-SOILMOISTURE-L3S-SSMV-COMBINED-20180520000000-fv08.1.nc,ESA_CCI_COMBINED,1.96,Downloaded
20180521,ESACCI-SOILMOISTURE-L3S-SSMV-COMBINED-20180521000000-fv08.1.nc,ESA_CCI_COMBINED,2.0,Downloaded
20180522,ESACCI-SOILMOISTURE-L3S-SSMV-COMBINED-20180522000000-fv08.1.nc,ESA_CCI_COMBINED,1.98,Downloaded
20180523,ESACCI-SOILMOISTURE-L3S-SSMV-COMBINED-20180523000000-fv08.1.nc,ESA_CCI_COMBINED,2.0,Downloaded
20180524,ESACCI-SOILMOISTURE-L3S-SSMV-COMBINED-20180524000000-fv08.1.nc,ESA_CCI_COMBINED,2.02,Downloaded
20180525,ESACCI-SOILMOISTURE-L3S-SSMV-COMBINED-20180525000000-fv08.1.nc,ESA_CCI_COMBINED,2.05,Downloaded
20180526,ESACCI-SOILMOISTURE-L3S-SSMV-COMBINED-20180526000000-fv08.1.nc,ESA_CCI_COMBINED,2.03,Downloaded
20180527,ESACCI-SOILMOISTURE-L3S-SSMV-COMBINED-20180527000000-fv08.1.nc,ESA_CCI_COMBINED,2.07,Downloaded
20180528,ESACCI-SOILMOISTURE-L3S-SSMV-COMBINED-20180528000000-fv08.1.nc,ESA_CCI_COMBINED,2.07,Downloaded
20180529,ESACCI-SOILMOISTURE-L3S-SSMV-COMBINED-20180529000000-fv08.1.nc,ESA_CCI_COMBINED,2.09,Downloaded
20180530,ESACCI-SOILMOISTURE-L3S-SSMV-COMBINED-20180530000000-fv08.1.nc,ESA_CCI_COMBINED,2.09,Downloaded
20180531,ESACCI-SOILMOISTURE-L3S-SSMV-COMBINED-20180531000000-fv08.1.nc,ESA_CCI_COMBINED,2.09,Downloaded
20180601,ESACCI-SOILMOISTURE-L3S-SSMV-COMBINED-20180601000000-fv08.1.nc,ESA_CCI_COMBINED,2.08,Downloaded
20180602,ESACCI-SOILMOISTURE-L3S-SSMV-COMBINED-20180602000000-fv08.1.nc,ESA_CCI_COMBINED,2.12,Downloaded
20180603,ESACCI-SOILMOISTURE-L3S-SSMV-COMBINED-20180603000000-fv08.1.nc,ESA_CCI_COMBINED,2.15,Downloaded
20180604,ESACCI-SOILMOISTURE-L3S-SSMV-COMBINED-20180604000000-fv08.1.nc,ESA_CCI_COMBINED,2.18,Downloaded
20180605,ESACCI-SOILMOISTURE-L3S-SSMV-COMBINED-20180605000000-fv08.1.nc,ESA_CCI_COMBINED,2.19,Downloaded
20180606,ESACCI-SOILMOISTURE-L3S-SSMV-COMBINED-20180606000000-fv08.1.nc,ESA_CCI_COMBINED,2.22,Downloaded
20180607,ESACCI-SOILMOISTURE-L3S-SSMV-COMBINED-20180607000000-fv08.1.nc,ESA_CCI_COMBINED,2.24,Downloaded
20180608,ESACCI-SOILMOISTURE-L3S-SSMV-COMBINED-20180608000000-fv08.1.nc,ESA_CCI_COMBINED,2.25,Downloaded
20180609,ESACCI-SOILMOISTURE-L3S-SSMV-COMBINED-20180609000000-fv08.1.nc,ESA_CCI_COMBINED,2.26,Downloaded
20180610,ESACCI-SOILMOISTURE-L3S-SSMV-COMBINED-20180610000000-fv08.1.nc,ESA_CCI_COMBINED,2.3,Downloaded
20180611,ESACCI-SOILMOISTURE-L3S-SSMV-COMBINED-20180611000000-fv08.1.nc,ESA_CCI_COMBINED,2.27,Downloaded
20180612,ESACCI-SOILMOISTURE-L3S-SSMV-COMBINED-20180612000000-fv08.1.nc,ESA_CCI_COMBINED,2.31,Downloaded
20180613,ESACCI-SOILMOISTURE-L3S-SSMV-COMBINED-20180613000000-fv08.1.nc,ESA_CCI_COMBINED,2.33,Downloaded
20180614,ESACCI-SOILMOISTURE-L3S-SSMV-COMBINED-20180614000000-fv08.1.nc,ESA_CCI_COMBINED,2.36,Downloaded
20180615,ESACCI-SOILMOISTURE-L3S-SSMV-COMBINED-20180615000000-fv08.1.nc,ESA_CCI_COMBINED,2.35,Downloaded
20180616,ESACCI-SOILMOISTURE-L3S-SSMV-COMBINED-20180616000000-fv08.1.nc,ESA_CCI_COMBINED,2.37,Downloaded
20180617,ESACCI-SOILMOISTURE-L3S-SSMV-COMBINED-20180617000000-fv08.1.nc,ESA_CCI_COMBINED,2.39,Downloaded
20180618,ESACCI-SOILMOISTURE-L3S-SSMV-COMBINED-20180618000000-fv08.1.nc,ESA_CCI_COMBINED,2.43,Downloaded
20180619,ESACCI-SOILMOISTURE-L3S-SSMV-COMBINED-20180619000000-fv08.1.nc,ESA_CCI_COMBINED,2.42,Downloaded
20180620,ESACCI-SOILMOISTURE-L3S-SSMV-COMBINED-20180620000000-fv08.1.nc,ESA_CCI_COMBINED,2.43,Downloaded
20180621,ESACCI-SOILMOISTURE-L3S-SSMV-COMBINED-20180621000000-fv08.1.nc,ESA_CCI_COMBINED,2.44,Downloaded
20180622,ESACCI-SOILMOISTURE-L3S-SSMV-COMBINED-20180622000000-fv08.1.nc,ESA_CCI_COMBINED,2.47,Downloaded
20180623,ESACCI-SOILMOISTURE-L3S-SSMV-COMBINED-20180623000000-fv08.1.nc,ESA_CCI_COMBINED,2.45,Downloaded
20180624,ESACCI-SOILMOISTURE-L3S-SSMV-COMBINED-20180624000000-fv08.1.nc,ESA_CCI_COMBINED,2.45,Downloaded
20180625,ESACCI-SOILMOISTURE-L3S-SSMV-COMBINED-20180625000000-fv08.1.nc,ESA_CCI_COMBINED,2.45,Downloaded
20180626,ESACCI-SOILMOISTURE-L3S-SSMV-COMBINED-20180626000000-fv08.1.nc,ESA_CCI_COMBINED,2.45,Downloaded
20180627,ESACCI-SOILMOISTURE-L3S-SSMV-COMBINED-20180627000000-fv08.1.nc,ESA_CCI_COMBINED,2.42,Downloaded
20180628,ESACCI-SOILMOISTURE-L3S-SSMV-COMBINED-20180628000000-fv08.1.nc,ESA_CCI_COMBINED,2.45,Downloaded
20180629,ESACCI-SOILMOISTURE-L3S-SSMV-COMBINED-20180629000000-fv08.1.nc,ESA_CCI_COMBINED,2.46,Downloaded
20180630,ESACCI-SOILMOISTURE-L3S-SSMV-COMBINED-20180630000000-fv08.1.nc,ESA_CCI_COMBINED,2.48,Downloaded
20180701,ESACCI-SOILMOISTURE-L3S-SSMV-COMBINED-20180701000000-fv08.1.nc,ESA_CCI_COMBINED,2.47,Downloaded
20180702,ESACCI-SOILMOISTURE-L3S-SSMV-COMBINED-20180702000000-fv08.1.nc,ESA_CCI_COMBINED,2.46,Downloaded
20180703,ESACCI-SOILMOISTURE-L3S-SSMV-COMBINED-20180703000000-fv08.1.nc,ESA_CCI_COMBINED,2.46,Downloaded
20180704,ESACCI-SOILMOISTURE-L3S-SSMV-COMBINED-20180704000000-fv08.1.nc,ESA_CCI_COMBINED,2.48,Downloaded
20180705,ESACCI-SOILMOISTURE-L3S-SSMV-COMBINED-20180705000000-fv08.1.nc,ESA_CCI_COMBINED,2.48,Downloaded
20180706,ESACCI-SOILMOISTURE-L3S-SSMV-COMBINED-20180706000000-fv08.1.nc,ESA_CCI_COMBINED,2.49,Downloaded
20180707,ESACCI-SOILMOISTURE-L3S-SSMV-COMBINED-20180707000000-fv08.1.nc,ESA_CCI_COMBINED,2.49,Downloaded
20180708,ESACCI-SOILMOISTURE-L3S-SSMV-COMBINED-20180708000000-fv08.1.nc,ESA_CCI_COMBINED,2.5,Downloaded
20180709,ESACCI-SOILMOISTURE-L3S-SSMV-COMBINED-20180709000000-fv08.1.nc,ESA_CCI_COMBINED,2.5,Downloaded
20180710,ESACCI-SOILMOISTURE-L3S-SSMV-COMBINED-20180710000000-fv08.1.nc,ESA_CCI_COMBINED,2.47,Downloaded
20180711,ESACCI-SOILMOISTURE-L3S-SSMV-COMBINED-20180711000000-fv08.1.nc,ESA_CCI_COMBINED,2.47,Downloaded
20180712,ESACCI-SOILMOISTURE-L3S-SSMV-COMBINED-20180712000000-fv08.1.nc,ESA_CCI_COMBINED,2.5,Downloaded
20180713,ESACCI-SOILMOISTURE-L3S-SSMV-COMBINED-20180713000000-fv08.1.nc,ESA_CCI_COMBINED,2.48,Downloaded
20180714,ESACCI-SOILMOISTURE-L3S-SSMV-COMBINED-20180714000000-fv08.1.nc,ESA_CCI_COMBINED,2.48,Downloaded
20180715,ESACCI-SOILMOISTURE-L3S-SSMV-COMBINED-20180715000000-fv08.1.nc,ESA_CCI_COMBINED,2.48,Downloaded
20180716,ESACCI-SOILMOISTURE-L3S-SSMV-COMBINED-20180716000000-fv08.1.nc,ESA_CCI_COMBINED,2.5,Downloaded
20180717,ESACCI-SOILMOISTURE-L3S-SSMV-COMBINED-20180717000000-fv08.1.nc,ESA_CCI_COMBINED,2.48,Downloaded
20180718,ESACCI-SOILMOISTURE-L3S-SSMV-COMBINED-20180718000000-fv08.1.nc,ESA_CCI_COMBINED,2.47,Downloaded
20180719,ESACCI-SOILMOISTURE-L3S-SSMV-COMBINED-20180719000000-fv08.1.nc,ESA_CCI_COMBINED,2.47,Downloaded
20180720,ESACCI-SOILMOISTURE-L3S-SSMV-COMBINED-20180720000000-fv08.1.nc,ESA_CCI_COMBINED,2.48,Downloaded
20180721,ESACCI-SOILMOISTURE-L3S-SSMV-COMBINED-20180721000000-fv08.1.nc,ESA_CCI_COMBINED,2.46,Downloaded
20180722,ESACCI-SOILMOISTURE-L3S-SSMV-COMBINED-20180722000000-fv08.1.nc,ESA_CCI_COMBINED,2.5,Downloaded
20180723,ESACCI-SOILMOISTURE-L3S-SSMV-COMBINED-20180723000000-fv08.1.nc,ESA_CCI_COMBINED,2.49,Downloaded
20180724,ESACCI-SOILMOISTURE-L3S-SSMV-COMBINED-20180724000000-fv08.1.nc,ESA_CCI_COMBINED,2.5,Downloaded
20180725,ESACCI-SOILMOISTURE-L3S-SSMV-COMBINED-20180725000000-fv08.1.nc,ESA_CCI_COMBINED,2.49,Downloaded
20180726,ESACCI-SOILMOISTURE-L3S-SSMV-COMBINED-20180726000000-fv08.1.nc,ESA_CCI_COMBINED,2.5,Downloaded
20180727,ESACCI-SOILMOISTURE-L3S-SSMV-COMBINED-20180727000000-fv08.1.nc,ESA_CCI_COMBINED,2.5,Downloaded
20180728,ESACCI-SOILMOISTURE-L3S-SSMV-COMBINED-20180728000000-fv08.1.nc,ESA_CCI_COMBINED,2.52,Downloaded
20180729,ESACCI-SOILMOISTURE-L3S-SSMV-COMBINED-20180729000000-fv08.1.nc,ESA_CCI_COMBINED,2.49,Downloaded
20180730,ESACCI-SOILMOISTURE-L3S-SSMV-COMBINED-20180730000000-fv08.1.nc,ESA_CCI_COMBINED,2.47,Downloaded
20180731,ESACCI-SOILMOISTURE-L3S-SSMV-COMBINED-20180731000000-fv08.1.nc,ESA_CCI_COMBINED,2.47,Downloaded
20180801,ESACCI-SOILMOISTURE-L3S-SSMV-COMBINED-20180801000000-fv08.1.nc,ESA_CCI_COMBINED,2.49,Downloaded
20180802,ESACCI-SOILMOISTURE-L3S-SSMV-COMBINED-20180802000000-fv08.1.nc,ESA_CCI_COMBINED,2.47,Downloaded
20180803,ESACCI-SOILMOISTURE-L3S-SSMV-COMBINED-20180803000000-fv08.1.nc,ESA_CCI_COMBINED,2.46,Downloaded
20180804,ESACCI-SOILMOISTURE-L3S-SSMV-COMBINED-20180804000000-fv08.1.nc,ESA_CCI_COMBINED,2.44,Downloaded
20180805,ESACCI-SOILMOISTURE-L3S-SSMV-COMBINED-20180805000000-fv08.1.nc,ESA_CCI_COMBINED,2.48,Downloaded
20180806,ESACCI-SOILMOISTURE-L3S-SSMV-COMBINED-20180806000000-fv08.1.nc,ESA_CCI_COMBINED,2.46,Downloaded
20180807,ESACCI-SOILMOISTURE-L3S-SSMV-COMBINED-20180807000000-fv08.1.nc,ESA_CCI_COMBINED,2.47,Downloaded
20180808,ESACCI-SOILMOISTURE-L3S-SSMV-COMBINED-20180808000000-fv08.1.nc,ESA_CCI_COMBINED,2.48,Downloaded
20180809,ESACCI-SOILMOISTURE-L3S-SSMV-COMBINED-20180809000000-fv08.1.nc,ESA_CCI_COMBINED,2.48,Downloaded
20180810,ESACCI-SOILMOISTURE-L3S-SSMV-COMBINED-20180810000000-fv08.1.nc,ESA_CCI_COMBINED,2.44,Downloaded
20180811,ESACCI-SOILMOISTURE-L3S-SSMV-COMBINED-20180811000000-fv08.1.nc,ESA_CCI_COMBINED,2.42,Downloaded
20180812,ESACCI-SOILMOISTURE-L3S-SSMV-COMBINED-20180812000000-fv08.1.nc,ESA_CCI_COMBINED,2.43,Downloaded
20180813,ESACCI-SOILMOISTURE-L3S-SSMV-COMBINED-20180813000000-fv08.1.nc,ESA_CCI_COMBINED,2.44,Downloaded
20180814,ESACCI-SOILMOISTURE-L3S-SSMV-COMBINED-20180814000000-fv08.1.nc,ESA_CCI_COMBINED,2.43,Downloaded
20180815,ESACCI-SOILMOISTURE-L3S-SSMV-COMBINED-20180815000000-fv08.1.nc,ESA_CCI_COMBINED,2.42,Downloaded
20180816,ESACCI-SOILMOISTURE-L3S-SSMV-COMBINED-20180816000000-fv08.1.nc,ESA_CCI_COMBINED,2.45,Downloaded
20180817,ESACCI-SOILMOISTURE-L3S-SSMV-COMBINED-20180817000000-fv08.1.nc,ESA_CCI_COMBINED,2.47,Downloaded
20180818,ESACCI-SOILMOISTURE-L3S-SSMV-COMBINED-20180818000000-fv08.1.nc,ESA_CCI_COMBINED,2.43,Downloaded
20180819,ESACCI-SOILMOISTURE-L3S-SSMV-COMBINED-20180819000000-fv08.1.nc,ESA_CCI_COMBINED,2.42,Downloaded
20180820,ESACCI-SOILMOISTURE-L3S-SSMV-COMBINED-20180820000000-fv08.1.nc,ESA_CCI_COMBINED,2.38,Downloaded
20180821,ESACCI-SOILMOISTURE-L3S-SSMV-COMBINED-20180821000000-fv08.1.nc,ESA_CCI_COMBINED,2.42,Downloaded
20180822,ESACCI-SOILMOISTURE-L3S-SSMV-COMBINED-20180822000000-fv08.1.nc,ESA_CCI_COMBINED,2.38,Downloaded
20180823,ESACCI-SOILMOISTURE-L3S-SSMV-COMBINED-20180823000000-fv08.1.nc,ESA_CCI_COMBINED,2.37,Downloaded
20180824,ESACCI-SOILMOISTURE-L3S-SSMV-COMBINED-20180824000000-fv08.1.nc,ESA_CCI_COMBINED,2.38,Downloaded
20180825,ESACCI-SOILMOISTURE-L3S-SSMV-COMBINED-20180825000000-fv08.1.nc,ESA_CCI_COMBINED,2.38,Downloaded
20180826,ESACCI-SOILMOISTURE-L3S-SSMV-COMBINED-20180826000000-fv08.1.nc,ESA_CCI_COMBINED,2.35,Downloaded
20180827,ESACCI-SOILMOISTURE-L3S-SSMV-COMBINED-20180827000000-fv08.1.nc,ESA_CCI_COMBINED,2.37,Downloaded
20180828,ESACCI-SOILMOISTURE-L3S-SSMV-COMBINED-20180828000000-fv08.1.nc,ESA_CCI_COMBINED,2.38,Downloaded
20180829,ESACCI-SOILMOISTURE-L3S-SSMV-COMBINED-20180829000000-fv08.1.nc,ESA_CCI_COMBINED,2.4,Downloaded
20180830,ESACCI-SOILMOISTURE-L3S-SSMV-COMBINED-20180830000000-fv08.1.nc,ESA_CCI_COMBINED,2.37,Downloaded
20180831,ESACCI-SOILMOISTURE-L3S-SSMV-COMBINED-20180831000000-fv08.1.nc,ESA_CCI_COMBINED,2.32,Downloaded
20180901,ESACCI-SOILMOISTURE-L3S-SSMV-COMBINED-20180901000000-fv08.1.nc,ESA_CCI_COMBINED,2.28,Downloaded
20180902,ESACCI-SOILMOISTURE-L3S-SSMV-COMBINED-20180902000000-fv08.1.nc,ESA_CCI_COMBINED,2.27,Downloaded
20180903,ESACCI-SOILMOISTURE-L3S-SSMV-COMBINED-20180903000000-fv08.1.nc,ESA_CCI_COMBINED,2.25,Downloaded
20180904,ESACCI-SOILMOISTURE-L3S-SSMV-COMBINED-20180904000000-fv08.1.nc,ESA_CCI_COMBINED,2.25,Downloaded
20180905,ESACCI-SOILMOISTURE-L3S-SSMV-COMBINED-20180905000000-fv08.1.nc,ESA_CCI_COMBINED,2.25,Downloaded
20180906,ESACCI-SOILMOISTURE-L3S-SSMV-COMBINED-20180906000000-fv08.1.nc,ESA_CCI_COMBINED,2.25,Downloaded
20180907,ESACCI-SOILMOISTURE-L3S-SSMV-COMBINED-20180907000000-fv08.1.nc,ESA_CCI_COMBINED,2.23,Downloaded
20180908,ESACCI-SOILMOISTURE-L3S-SSMV-COMBINED-20180908000000-fv08.1.nc,ESA_CCI_COMBINED,2.22,Downloaded
20180909,ESACCI-SOILMOISTURE-L3S-SSMV-COMBINED-20180909000000-fv08.1.nc,ESA_CCI_COMBINED,2.19,Downloaded
20180910,ESACCI-SOILMOISTURE-L3S-SSMV-COMBINED-20180910000000-fv08.1.nc,ESA_CCI_COMBINED,2.17,Downloaded
20180911,ESACCI-SOILMOISTURE-L3S-SSMV-COMBINED-20180911000000-fv08.1.nc,ESA_CCI_COMBINED,2.15,Downloaded
20180912,ESACCI-SOILMOISTURE-L3S-SSMV-COMBINED-20180912000000-fv08.1.nc,ESA_CCI_COMBINED,2.16,Downloaded
20180913,ESACCI-SOILMOISTURE-L3S-SSMV-COMBINED-20180913000000-fv08.1.nc,ESA_CCI_COMBINED,2.13,Downloaded
20180914,ESACCI-SOILMOISTURE-L3S-SSMV-COMBINED-20180914000000-fv08.1.nc,ESA_CCI_COMBINED,2.14,Downloaded
20180915,ESACCI-SOILMOISTURE-L3S-SSMV-COMBINED-20180915000000-fv08.1.nc,ESA_CCI_COMBINED,2.13,Downloaded
20180916,ESACCI-SOILMOISTURE-L3S-SSMV-COMBINED-20180916000000-fv08.1.nc,ESA_CCI_COMBINED,2.12,Downloaded
20180917,ESACCI-SOILMOISTURE-L3S-SSMV-COMBINED-20180917000000-fv08.1.nc,ESA_CCI_COMBINED,2.11,Downloaded
20180918,ESACCI-SOILMOISTURE-L3S-SSMV-COMBINED-20180918000000-fv08.1.nc,ESA_CCI_COMBINED,2.13,Downloaded
20180919,ESACCI-SOILMOISTURE-L3S-SSMV-COMBINED-20180919000000-fv08.1.nc,ESA_CCI_COMBINED,2.09,Downloaded
20180920,ESACCI-SOILMOISTURE-L3S-SSMV-COMBINED-20180920000000-fv08.1.nc,ESA_CCI_COMBINED,2.06,Downloaded
20180921,ESACCI-SOILMOISTURE-L3S-SSMV-COMBINED-20180921000000-fv08.1.nc,ESA_CCI_COMBINED,2.04,Downloaded
20180922,ESACCI-SOILMOISTURE-L3S-SSMV-COMBINED-20180922000000-fv08.1.nc,ESA_CCI_COMBINED,2.06,Downloaded
20180923,ESACCI-SOILMOISTURE-L3S-SSMV-COMBINED-20180923000000-fv08.1.nc,ESA_CCI_COMBINED,2.05,Downloaded
20180924,ESACCI-SOILMOISTURE-L3S-SSMV-COMBINED-20180924000000-fv08.1.nc,ESA_CCI_COMBINED,2.03,Downloaded
20180925,ESACCI-SOILMOISTURE-L3S-SSMV-COMBINED-20180925000000-fv08.1.nc,ESA_CCI_COMBINED,2.03,Downloaded
20180926,ESACCI-SOILMOISTURE-L3S-SSMV-COMBINED-20180926000000-fv08.1.nc,ESA_CCI_COMBINED,2.03,Downloaded
20180927,ESACCI-SOILMOISTURE-L3S-SSMV-COMBINED-20180927000000-fv08.1.nc,ESA_CCI_COMBINED,1.98,Downloaded
20180928,ESACCI-SOILMOISTURE-L3S-SSMV-COMBINED-20180928000000-fv08.1.nc,ESA_CCI_COMBINED,1.97,Downloaded
20180929,ESACCI-SOILMOISTURE-L3S-SSMV-COMBINED-20180929000000-fv08.1.nc,ESA_CCI_COMBINED,1.96,Downloaded
20180930,ESACCI-SOILMOISTURE-L3S-SSMV-COMBINED-20180930000000-fv08.1.nc,ESA_CCI_COMBINED,1.96,Downloaded
20181001,ESACCI-SOILMOISTURE-L3S-SSMV-COMBINED-20181001000000-fv08.1.nc,ESA_CCI_COMBINED,1.88,Downloaded
20181002,ESACCI-SOILMOISTURE-L3S-SSMV-COMBINED-20181002000000-fv08.1.nc,ESA_CCI_COMBINED,1.88,Downloaded
20181003,ESACCI-SOILMOISTURE-L3S-SSMV-COMBINED-20181003000000-fv08.1.nc,ESA_CCI_COMBINED,1.88,Downloaded
20181004,ESACCI-SOILMOISTURE-L3S-SSMV-COMBINED-20181004000000-fv08.1.nc,ESA_CCI_COMBINED,1.9,Downloaded
20181005,ESACCI-SOILMOISTURE-L3S-SSMV-COMBINED-20181005000000-fv08.1.nc,ESA_CCI_COMBINED,1.84,Downloaded
20181006,ESACCI-SOILMOISTURE-L3S-SSMV-COMBINED-20181006000000-fv08.1.nc,ESA_CCI_COMBINED,1.82,Downloaded
20181007,ESACCI-SOILMOISTURE-L3S-SSMV-COMBINED-20181007000000-fv08.1.nc,ESA_CCI_COMBINED,1.8,Downloaded
20181008,ESACCI-SOILMOISTURE-L3S-SSMV-COMBINED-20181008000000-fv08.1.nc,ESA_CCI_COMBINED,1.81,Downloaded
20181009,ESACCI-SOILMOISTURE-L3S-SSMV-COMBINED-20181009000000-fv08.1.nc,ESA_CCI_COMBINED,1.79,Downloaded
20181010,ESACCI-SOILMOISTURE-L3S-SSMV-COMBINED-20181010000000-fv08.1.nc,ESA_CCI_COMBINED,1.79,Downloaded
20181011,ESACCI-SOILMOISTURE-L3S-SSMV-COMBINED-20181011000000-fv08.1.nc,ESA_CCI_COMBINED,1.78,Downloaded
20181012,ESACCI-SOILMOISTURE-L3S-SSMV-COMBINED-20181012000000-fv08.1.nc,ESA_CCI_COMBINED,1.79,Downloaded
20181013,ESACCI-SOILMOISTURE-L3S-SSMV-COMBINED-20181013000000-fv08.1.nc,ESA_CCI_COMBINED,1.75,Downloaded
20181014,ESACCI-SOILMOISTURE-L3S-SSMV-COMBINED-20181014000000-fv08.1.nc,ESA_CCI_COMBINED,1.74,Downloaded
20181015,ESACCI-SOILMOISTURE-L3S-SSMV-COMBINED-20181015000000-fv08.1.nc,ESA_CCI_COMBINED,1.73,Downloaded
20181016,ESACCI-SOILMOISTURE-L3S-SSMV-COMBINED-20181016000000-fv08.1.nc,ESA_CCI_COMBINED,1.73,Downloaded
20181017,ESACCI-SOILMOISTURE-L3S-SSMV-COMBINED-20181017000000-fv08.1.nc,ESA_CCI_COMBINED,1.7,Downloaded
20181018,ESACCI-SOILMOISTURE-L3S-SSMV-COMBINED-20181018000000-fv08.1.nc,ESA_CCI_COMBINED,1.71,Downloaded
20181019,ESACCI-SOILMOISTURE-L3S-SSMV-COMBINED-20181019000000-fv08.1.nc,ESA_CCI_COMBINED,1.74,Downloaded
20181020,ESACCI-SOILMOISTURE-L3S-SSMV-COMBINED-20181020000000-fv08.1.nc,ESA_CCI_COMBINED,1.72,Downloaded
20181021,ESACCI-SOILMOISTURE-L3S-SSMV-COMBINED-20181021000000-fv08.1.nc,ESA_CCI_COMBINED,1.68,Downloaded
20181022,ESACCI-SOILMOISTURE-L3S-SSMV-COMBINED-20181022000000-fv08.1.nc,ESA_CCI_COMBINED,1.66,Downloaded
20181023,ESACCI-SOILMOISTURE-L3S-SSMV-COMBINED-20181023000000-fv08.1.nc,ESA_CCI_COMBINED,1.66,Downloaded
20181024,ESACCI-SOILMOISTURE-L3S-SSMV-COMBINED-20181024000000-fv08.1.nc,ESA_CCI_COMBINED,1.68,Downloaded
20181025,ESACCI-SOILMOISTURE-L3S-SSMV-COMBINED-20181025000000-fv08.1.nc,ESA_CCI_COMBINED,1.69,Downloaded
20181026,ESACCI-SOILMOISTURE-L3S-SSMV-COMBINED-20181026000000-fv08.1.nc,ESA_CCI_COMBINED,1.66,Downloaded
20181027,ESACCI-SOILMOISTURE-L3S-SSMV-COMBINED-20181027000000-fv08.1.nc,ESA_CCI_COMBINED,1.66,Downloaded
20181028,ESACCI-SOILMOISTURE-L3S-SSMV-COMBINED-20181028000000-fv08.1.nc,ESA_CCI_COMBINED,1.67,Downloaded
20181029,ESACCI-SOILMOISTURE-L3S-SSMV-COMBINED-20181029000000-fv08.1.nc,ESA_CCI_COMBINED,1.64,Downloaded
20181030,ESACCI-SOILMOISTURE-L3S-SSMV-COMBINED-20181030000000-fv08.1.nc,ESA_CCI_COMBINED,1.62,Downloaded
20181031,ESACCI-SOILMOISTURE-L3S-SSMV-COMBINED-20181031000000-fv08.1.nc,ESA_CCI_COMBINED,1.61,Downloaded
20181101,ESACCI-SOILMOISTURE-L3S-SSMV-COMBINED-20181101000000-fv08.1.nc,ESA_CCI_COMBINED,1.61,Downloaded
20181102,ESACCI-SOILMOISTURE-L3S-SSMV-COMBINED-20181102000000-fv08.1.nc,ESA_CCI_COMBINED,1.6,Downloaded
20181103,ESACCI-SOILMOISTURE-L3S-SSMV-COMBINED-20181103000000-fv08.1.nc,ESA_CCI_COMBINED,1.6,Downloaded
20181104,ESACCI-SOILMOISTURE-L3S-SSMV-COMBINED-20181104000000-fv08.1.nc,ESA_CCI_COMBINED,1.59,Downloaded
20181105,ESACCI-SOILMOISTURE-L3S-SSMV-COMBINED-20181105000000-fv08.1.nc,ESA_CCI_COMBINED,1.61,Downloaded
20181106,ESACCI-SOILMOISTURE-L3S-SSMV-COMBINED-20181106000000-fv08.1.nc,ESA_CCI_COMBINED,1.57,Downloaded
20181107,ESACCI-SOILMOISTURE-L3S-SSMV-COMBINED-20181107000000-fv08.1.nc,ESA_CCI_COMBINED,1.58,Downloaded
20181108,ESACCI-SOILMOISTURE-L3S-SSMV-COMBINED-20181108000000-fv08.1.nc,ESA_CCI_COMBINED,1.56,Downloaded
20181109,ESACCI-SOILMOISTURE-L3S-SSMV-COMBINED-20181109000000-fv08.1.nc,ESA_CCI_COMBINED,1.55,Downloaded
20181110,ESACCI-SOILMOISTURE-L3S-SSMV-COMBINED-20181110000000-fv08.1.nc,ESA_CCI_COMBINED,1.53,Downloaded
20181111,ESACCI-SOILMOISTURE-L3S-SSMV-COMBINED-20181111000000-fv08.1.nc,ESA_CCI_COMBINED,1.5,Downloaded
20181112,ESACCI-SOILMOISTURE-L3S-SSMV-COMBINED-20181112000000-fv08.1.nc,ESA_CCI_COMBINED,1.51,Downloaded
20181113,ESACCI-SOILMOISTURE-L3S-SSMV-COMBINED-20181113000000-fv08.1.nc,ESA_CCI_COMBINED,1.5,Downloaded
20181114,ESACCI-SOILMOISTURE-L3S-SSMV-COMBINED-20181114000000-fv08.1.nc,ESA_CCI_COMBINED,1.47,Downloaded
20181115,ESACCI-SOILMOISTURE-L3S-SSMV-COMBINED-20181115000000-fv08.1.nc,ESA_CCI_COMBINED,1.46,Downloaded
20181116,ESACCI-SOILMOISTURE-L3S-SSMV-COMBINED-20181116000000-fv08.1.nc,ESA_CCI_COMBINED,1.47,Downloaded
20181117,ESACCI-SOILMOISTURE-L3S-SSMV-COMBINED-20181117000000-fv08.1.nc,ESA_CCI_COMBINED,1.5,Downloaded
20181118,ESACCI-SOILMOISTURE-L3S-SSMV-COMBINED-20181118000000-fv08.1.nc,ESA_CCI_COMBINED,1.46,Downloaded
20181119,ESACCI-SOILMOISTURE-L3S-SSMV-COMBINED-20181119000000-fv08.1.nc,ESA_CCI_COMBINED,1.45,Downloaded
20181120,ESACCI-SOILMOISTURE-L3S-SSMV-COMBINED-20181120000000-fv08.1.nc,ESA_CCI_COMBINED,1.45,Downloaded
20181121,ESACCI-SOILMOISTURE-L3S-SSMV-COMBINED-20181121000000-fv08.1.nc,ESA_CCI_COMBINED,1.45,Downloaded
20181122,ESACCI-SOILMOISTURE-L3S-SSMV-COMBINED-20181122000000-fv08.1.nc,ESA_CCI_COMBINED,1.43,Downloaded
20181123,ESACCI-SOILMOISTURE-L3S-SSMV-COMBINED-20181123000000-fv08.1.nc,ESA_CCI_COMBINED,1.43,Downloaded
20181124,ESACCI-SOILMOISTURE-L3S-SSMV-COMBINED-20181124000000-fv08.1.nc,ESA_CCI_COMBINED,1.47,Downloaded
20181125,ESACCI-SOILMOISTURE-L3S-SSMV-COMBINED-20181125000000-fv08.1.nc,ESA_CCI_COMBINED,1.48,Downloaded
20181126,ESACCI-SOILMOISTURE-L3S-SSMV-COMBINED-20181126000000-fv08.1.nc,ESA_CCI_COMBINED,1.46,Downloaded
20181127,ESACCI-SOILMOISTURE-L3S-SSMV-COMBINED-20181127000000-fv08.1.nc,ESA_CCI_COMBINED,1.45,Downloaded
20181128,ESACCI-SOILMOISTURE-L3S-SSMV-COMBINED-20181128000000-fv08.1.nc,ESA_CCI_COMBINED,1.43,Downloaded
20181129,ESACCI-SOILMOISTURE-L3S-SSMV-COMBINED-20181129000000-fv08.1.nc,ESA_CCI_COMBINED,1.46,Downloaded
20181130,ESACCI-SOILMOISTURE-L3S-SSMV-COMBINED-20181130000000-fv08.1.nc,ESA_CCI_COMBINED,1.45,Downloaded
20181201,ESACCI-SOILMOISTURE-L3S-SSMV-COMBINED-20181201000000-fv08.1.nc,ESA_CCI_COMBINED,1.44,Downloaded
20181202,ESACCI-SOILMOISTURE-L3S-SSMV-COMBINED-20181202000000-fv08.1.nc,ESA_CCI_COMBINED,1.45,Downloaded
20181203,ESACCI-SOILMOISTURE-L3S-SSMV-COMBINED-20181203000000-fv08.1.nc,ESA_CCI_COMBINED,1.46,Downloaded
20181204,ESACCI-SOILMOISTURE-L3S-SSMV-COMBINED-20181204000000-fv08.1.nc,ESA_CCI_COMBINED,1.45,Downloaded
20181205,ESACCI-SOILMOISTURE-L3S-SSMV-COMBINED-20181205000000-fv08.1.nc,ESA_CCI_COMBINED,1.44,Downloaded
20181206,ESACCI-SOILMOISTURE-L3S-SSMV-COMBINED-20181206000000-fv08.1.nc,ESA_CCI_COMBINED,1.42,Downloaded
20181207,ESACCI-SOILMOISTURE-L3S-SSMV-COMBINED-20181207000000-fv08.1.nc,ESA_CCI_COMBINED,1.43,Downloaded
20181208,ESACCI-SOILMOISTURE-L3S-SSMV-COMBINED-20181208000000-fv08.1.nc,ESA_CCI_COMBINED,1.41,Downloaded
20181209,ESACCI-SOILMOISTURE-L3S-SSMV-COMBINED-20181209000000-fv08.1.nc,ESA_CCI_COMBINED,1.43,Downloaded
20181210,ESACCI-SOILMOISTURE-L3S-SSMV-COMBINED-20181210000000-fv08.1.nc,ESA_CCI_COMBINED,1.42,Downloaded
20181211,ESACCI-SOILMOISTURE-L3S-SSMV-COMBINED-20181211000000-fv08.1.nc,ESA_CCI_COMBINED,1.42,Downloaded
20181212,ESACCI-SOILMOISTURE-L3S-SSMV-COMBINED-20181212000000-fv08.1.nc,ESA_CCI_COMBINED,1.4,Downloaded
20181213,ESACCI-SOILMOISTURE-L3S-SSMV-COMBINED-20181213000000-fv08.1.nc,ESA_CCI_COMBINED,1.4,Downloaded
20181214,ESACCI-SOILMOISTURE-L3S-SSMV-COMBINED-20181214000000-fv08.1.nc,ESA_CCI_COMBINED,1.39,Downloaded
20181215,ESACCI-SOILMOISTURE-L3S-SSMV-COMBINED-20181215000000-fv08.1.nc,ESA_CCI_COMBINED,1.4,Downloaded
20181216,ESACCI-SOILMOISTURE-L3S-SSMV-COMBINED-20181216000000-fv08.1.nc,ESA_CCI_COMBINED,1.37,Downloaded
20181217,ESACCI-SOILMOISTURE-L3S-SSMV-COMBINED-20181217000000-fv08.1.nc,ESA_CCI_COMBINED,1.37,Downloaded
20181218,ESACCI-SOILMOISTURE-L3S-SSMV-COMBINED-20181218000000-fv08.1.nc,ESA_CCI_COMBINED,1.38,Downloaded
20181219,ESACCI-SOILMOISTURE-L3S-SSMV-COMBINED-20181219000000-fv08.1.nc,ESA_CCI_COMBINED,1.4,Downloaded
20181220,ESACCI-SOILMOISTURE-L3S-SSMV-COMBINED-20181220000000-fv08.1.nc,ESA_CCI_COMBINED,1.38,Downloaded
20181221,ESACCI-SOILMOISTURE-L3S-SSMV-COMBINED-20181221000000-fv08.1.nc,ESA_CCI_COMBINED,1.39,Downloaded
20181222,ESACCI-SOILMOISTURE-L3S-SSMV-COMBINED-20181222000000-fv08.1.nc,ESA_CCI_COMBINED,1.37,Downloaded
20181223,ESACCI-SOILMOISTURE-L3S-SSMV-COMBINED-20181223000000-fv08.1.nc,ESA_CCI_COMBINED,1.39,Downloaded
20181224,ESACCI-SOILMOISTURE-L3S-SSMV-COMBINED-20181224000000-fv08.1.nc,ESA_CCI_COMBINED,1.36,Downloaded
20181225,ESACCI-SOILMOISTURE-L3S-SSMV-COMBINED-20181225000000-fv08.1.nc,ESA_CCI_COMBINED,1.37,Downloaded
20181226,ESACCI-SOILMOISTURE-L3S-SSMV-COMBINED-20181226000000-fv08.1.nc,ESA_CCI_COMBINED,1.38,Downloaded
20181227,ESACCI-SOILMOISTURE-L3S-SSMV-COMBINED-20181227000000-fv08.1.nc,ESA_CCI_COMBINED,1.38,Downloaded
20181228,ESACCI-SOILMOISTURE-L3S-SSMV-COMBINED-20181228000000-fv08.1.nc,ESA_CCI_COMBINED,1.37,Downloaded
20181229,ESACCI-SOILMOISTURE-L3S-SSMV-COMBINED-20181229000000-fv08.1.nc,ESA_CCI_COMBINED,1.37,Downloaded
20181230,ESACCI-SOILMOISTURE-L3S-SSMV-COMBINED-20181230000000-fv08.1.nc,ESA_CCI_COMBINED,1.36,Downloaded
20181231,ESACCI-SOILMOISTURE-L3S-SSMV-COMBINED-20181231000000-fv08.1.nc,ESA_CCI_COMBINED,1.37,Downloaded
20190101,ESACCI-SOILMOISTURE-L3S-SSMV-COMBINED-20190101000000-fv08.1.nc,ESA_CCI_COMBINED,1.38,Downloaded
20190102,ESACCI-SOILMOISTURE-L3S-SSMV-COMBINED-20190102000000-fv08.1.nc,ESA_CCI_COMBINED,1.39,Downloaded
20190103,ESACCI-SOILMOISTURE-L3S-SSMV-COMBINED-20190103000000-fv08.1.nc,ESA_CCI_COMBINED,1.37,Downloaded
20190104,ESACCI-SOILMOISTURE-L3S-SSMV-COMBINED-20190104000000-fv08.1.nc,ESA_CCI_COMBINED,1.38,Downloaded
20190105,ESACCI-SOILMOISTURE-L3S-SSMV-COMBINED-20190105000000-fv08.1.nc,ESA_CCI_COMBINED,1.37,Downloaded
20190106,ESACCI-SOILMOISTURE-L3S-SSMV-COMBINED-20190106000000-fv08.1.nc,ESA_CCI_COMBINED,1.38,Downloaded
20190107,ESACCI-SOILMOISTURE-L3S-SSMV-COMBINED-20190107000000-fv08.1.nc,ESA_CCI_COMBINED,1.38,Downloaded
20190108,ESACCI-SOILMOISTURE-L3S-SSMV-COMBINED-20190108000000-fv08.1.nc,ESA_CCI_COMBINED,1.39,Downloaded
20190109,ESACCI-SOILMOISTURE-L3S-SSMV-COMBINED-20190109000000-fv08.1.nc,ESA_CCI_COMBINED,1.37,Downloaded
20190110,ESACCI-SOILMOISTURE-L3S-SSMV-COMBINED-20190110000000-fv08.1.nc,ESA_CCI_COMBINED,1.35,Downloaded
20190111,ESACCI-SOILMOISTURE-L3S-SSMV-COMBINED-20190111000000-fv08.1.nc,ESA_CCI_COMBINED,1.36,Downloaded
20190112,ESACCI-SOILMOISTURE-L3S-SSMV-COMBINED-20190112000000-fv08.1.nc,ESA_CCI_COMBINED,1.37,Downloaded
20190113,ESACCI-SOILMOISTURE-L3S-SSMV-COMBINED-20190113000000-fv08.1.nc,ESA_CCI_COMBINED,1.36,Downloaded
20190114,ESACCI-SOILMOISTURE-L3S-SSMV-COMBINED-20190114000000-fv08.1.nc,ESA_CCI_COMBINED,1.37,Downloaded
20190115,ESACCI-SOILMOISTURE-L3S-SSMV-COMBINED-20190115000000-fv08.1.nc,ESA_CCI_COMBINED,1.36,Downloaded
20190116,ESACCI-SOILMOISTURE-L3S-SSMV-COMBINED-20190116000000-fv08.1.nc,ESA_CCI_COMBINED,1.37,Downloaded
20190117,ESACCI-SOILMOISTURE-L3S-SSMV-COMBINED-20190117000000-fv08.1.nc,ESA_CCI_COMBINED,1.36,Downloaded
20190118,ESACCI-SOILMOISTURE-L3S-SSMV-COMBINED-20190118000000-fv08.1.nc,ESA_CCI_COMBINED,1.36,Downloaded
20190119,ESACCI-SOILMOISTURE-L3S-SSMV-COMBINED-20190119000000-fv08.1.nc,ESA_CCI_COMBINED,1.37,Downloaded
20190120,ESACCI-SOILMOISTURE-L3S-SSMV-COMBINED-20190120000000-fv08.1.nc,ESA_CCI_COMBINED,1.37,Downloaded
20190121,ESACCI-SOILMOISTURE-L3S-SSMV-COMBINED-20190121000000-fv08.1.nc,ESA_CCI_COMBINED,1.36,Downloaded
20190122,ESACCI-SOILMOISTURE-L3S-SSMV-COMBINED-20190122000000-fv08.1.nc,ESA_CCI_COMBINED,1.35,Downloaded
20190123,ESACCI-SOILMOISTURE-L3S-SSMV-COMBINED-20190123000000-fv08.1.nc,ESA_CCI_COMBINED,1.35,Downloaded
20190124,ESACCI-SOILMOISTURE-L3S-SSMV-COMBINED-20190124000000-fv08.1.nc,ESA_CCI_COMBINED,1.36,Downloaded
20190125,ESACCI-SOILMOISTURE-L3S-SSMV-COMBINED-20190125000000-fv08.1.nc,ESA_CCI_COMBINED,1.36,Downloaded
20190126,ESACCI-SOILMOISTURE-L3S-SSMV-COMBINED-20190126000000-fv08.1.nc,ESA_CCI_COMBINED,1.35,Downloaded
20190127,ESACCI-SOILMOISTURE-L3S-SSMV-COMBINED-20190127000000-fv08.1.nc,ESA_CCI_COMBINED,1.36,Downloaded
20190128,ESACCI-SOILMOISTURE-L3S-SSMV-COMBINED-20190128000000-fv08.1.nc,ESA_CCI_COMBINED,1.39,Downloaded
20190129,ESACCI-SOILMOISTURE-L3S-SSMV-COMBINED-20190129000000-fv08.1.nc,ESA_CCI_COMBINED,1.38,Downloaded
20190130,ESACCI-SOILMOISTURE-L3S-SSMV-COMBINED-20190130000000-fv08.1.nc,ESA_CCI_COMBINED,1.37,Downloaded
20190131,ESACCI-SOILMOISTURE-L3S-SSMV-COMBINED-20190131000000-fv08.1.nc,ESA_CCI_COMBINED,1.37,Downloaded
20190201,ESACCI-SOILMOISTURE-L3S-SSMV-COMBINED-20190201000000-fv08.1.nc,ESA_CCI_COMBINED,1.39,Downloaded
20190202,ESACCI-SOILMOISTURE-L3S-SSMV-COMBINED-20190202000000-fv08.1.nc,ESA_CCI_COMBINED,1.4,Downloaded
20190203,ESACCI-SOILMOISTURE-L3S-SSMV-COMBINED-20190203000000-fv08.1.nc,ESA_CCI_COMBINED,1.41,Downloaded
20190204,ESACCI-SOILMOISTURE-L3S-SSMV-COMBINED-20190204000000-fv08.1.nc,ESA_CCI_COMBINED,1.41,Downloaded
20190205,ESACCI-SOILMOISTURE-L3S-SSMV-COMBINED-20190205000000-fv08.1.nc,ESA_CCI_COMBINED,1.41,Downloaded
20190206,ESACCI-SOILMOISTURE-L3S-SSMV-COMBINED-20190206000000-fv08.1.nc,ESA_CCI_COMBINED,1.39,Downloaded
20190207,ESACCI-SOILMOISTURE-L3S-SSMV-COMBINED-20190207000000-fv08.1.nc,ESA_CCI_COMBINED,1.39,Downloaded
20190208,ESACCI-SOILMOISTURE-L3S-SSMV-COMBINED-20190208000000-fv08.1.nc,ESA_CCI_COMBINED,1.39,Downloaded
20190209,ESACCI-SOILMOISTURE-L3S-SSMV-COMBINED-20190209000000-fv08.1.nc,ESA_CCI_COMBINED,1.39,Downloaded
20190210,ESACCI-SOILMOISTURE-L3S-SSMV-COMBINED-20190210000000-fv08.1.nc,ESA_CCI_COMBINED,1.38,Downloaded
20190211,ESACCI-SOILMOISTURE-L3S-SSMV-COMBINED-20190211000000-fv08.1.nc,ESA_CCI_COMBINED,1.39,Downloaded
20190212,ESACCI-SOILMOISTURE-L3S-SSMV-COMBINED-20190212000000-fv08.1.nc,ESA_CCI_COMBINED,1.4,Downloaded
20190213,ESACCI-SOILMOISTURE-L3S-SSMV-COMBINED-20190213000000-fv08.1.nc,ESA_CCI_COMBINED,1.41,Downloaded
20190214,ESACCI-SOILMOISTURE-L3S-SSMV-COMBINED-20190214000000-fv08.1.nc,ESA_CCI_COMBINED,1.4,Downloaded
20190215,ESACCI-SOILMOISTURE-L3S-SSMV-COMBINED-20190215000000-fv08.1.nc,ESA_CCI_COMBINED,1.43,Downloaded
20190216,ESACCI-SOILMOISTURE-L3S-SSMV-COMBINED-20190216000000-fv08.1.nc,ESA_CCI_COMBINED,1.41,Downloaded
20190217,ESACCI-SOILMOISTURE-L3S-SSMV-COMBINED-20190217000000-fv08.1.nc,ESA_CCI_COMBINED,1.43,Downloaded
20190218,ESACCI-SOILMOISTURE-L3S-SSMV-COMBINED-20190218000000-fv08.1.nc,ESA_CCI_COMBINED,1.4,Downloaded
20190219,ESACCI-SOILMOISTURE-L3S-SSMV-COMBINED-20190219000000-fv08.1.nc,ESA_CCI_COMBINED,1.4,Downloaded
20190220,ESACCI-SOILMOISTURE-L3S-SSMV-COMBINED-20190220000000-fv08.1.nc,ESA_CCI_COMBINED,1.39,Downloaded
20190221,ESACCI-SOILMOISTURE-L3S-SSMV-COMBINED-20190221000000-fv08.1.nc,ESA_CCI_COMBINED,1.4,Downloaded
20190222,ESACCI-SOILMOISTURE-L3S-SSMV-COMBINED-20190222000000-fv08.1.nc,ESA_CCI_COMBINED,1.39,Downloaded
20190223,ESACCI-SOILMOISTURE-L3S-SSMV-COMBINED-20190223000000-fv08.1.nc,ESA_CCI_COMBINED,1.39,Downloaded
20190224,ESACCI-SOILMOISTURE-L3S-SSMV-COMBINED-20190224000000-fv08.1.nc,ESA_CCI_COMBINED,1.38,Downloaded
20190225,ESACCI-SOILMOISTURE-L3S-SSMV-COMBINED-20190225000000-fv08.1.nc,ESA_CCI_COMBINED,1.4,Downloaded
20190226,ESACCI-SOILMOISTURE-L3S-SSMV-COMBINED-20190226000000-fv08.1.nc,ESA_CCI_COMBINED,1.4,Downloaded
20190227,ESACCI-SOILMOISTURE-L3S-SSMV-COMBINED-20190227000000-fv08.1.nc,ESA_CCI_COMBINED,1.42,Downloaded
20190228,ESACCI-SOILMOISTURE-L3S-SSMV-COMBINED-20190228000000-fv08.1.nc,ESA_CCI_COMBINED,1.42,Downloaded
20190301,ESACCI-SOILMOISTURE-L3S-SSMV-COMBINED-20190301000000-fv08.1.nc,ESA_CCI_COMBINED,1.43,Downloaded
20190302,ESACCI-SOILMOISTURE-L3S-SSMV-COMBINED-20190302000000-fv08.1.nc,ESA_CCI_COMBINED,1.44,Downloaded
20190303,ESACCI-SOILMOISTURE-L3S-SSMV-COMBINED-20190303000000-fv08.1.nc,ESA_CCI_COMBINED,1.43,Downloaded
20190304,ESACCI-SOILMOISTURE-L3S-SSMV-COMBINED-20190304000000-fv08.1.nc,ESA_CCI_COMBINED,1.43,Downloaded
20190305,ESACCI-SOILMOISTURE-L3S-SSMV-COMBINED-20190305000000-fv08.1.nc,ESA_CCI_COMBINED,1.43,Downloaded
20190306,ESACCI-SOILMOISTURE-L3S-SSMV-COMBINED-20190306000000-fv08.1.nc,ESA_CCI_COMBINED,1.43,Downloaded
20190307,ESACCI-SOILMOISTURE-L3S-SSMV-COMBINED-20190307000000-fv08.1.nc,ESA_CCI_COMBINED,1.43,Downloaded
20190308,ESACCI-SOILMOISTURE-L3S-SSMV-COMBINED-20190308000000-fv08.1.nc,ESA_CCI_COMBINED,1.45,Downloaded
20190309,ESACCI-SOILMOISTURE-L3S-SSMV-COMBINED-20190309000000-fv08.1.nc,ESA_CCI_COMBINED,1.46,Downloaded
20190310,ESACCI-SOILMOISTURE-L3S-SSMV-COMBINED-20190310000000-fv08.1.nc,ESA_CCI_COMBINED,1.45,Downloaded
20190311,ESACCI-SOILMOISTURE-L3S-SSMV-COMBINED-20190311000000-fv08.1.nc,ESA_CCI_COMBINED,1.45,Downloaded
20190312,ESACCI-SOILMOISTURE-L3S-SSMV-COMBINED-20190312000000-fv08.1.nc,ESA_CCI_COMBINED,1.46,Downloaded
20190313,ESACCI-SOILMOISTURE-L3S-SSMV-COMBINED-20190313000000-fv08.1.nc,ESA_CCI_COMBINED,1.47,Downloaded
20190314,ESACCI-SOILMOISTURE-L3S-SSMV-COMBINED-20190314000000-fv08.1.nc,ESA_CCI_COMBINED,1.46,Downloaded
20190315,ESACCI-SOILMOISTURE-L3S-SSMV-COMBINED-20190315000000-fv08.1.nc,ESA_CCI_COMBINED,1.47,Downloaded
20190316,ESACCI-SOILMOISTURE-L3S-SSMV-COMBINED-20190316000000-fv08.1.nc,ESA_CCI_COMBINED,1.49,Downloaded
20190317,ESACCI-SOILMOISTURE-L3S-SSMV-COMBINED-20190317000000-fv08.1.nc,ESA_CCI_COMBINED,1.51,Downloaded
20190318,ESACCI-SOILMOISTURE-L3S-SSMV-COMBINED-20190318000000-fv08.1.nc,ESA_CCI_COMBINED,1.5,Downloaded
20190319,ESACCI-SOILMOISTURE-L3S-SSMV-COMBINED-20190319000000-fv08.1.nc,ESA_CCI_COMBINED,1.49,Downloaded
20190320,ESACCI-SOILMOISTURE-L3S-SSMV-COMBINED-20190320000000-fv08.1.nc,ESA_CCI_COMBINED,1.49,Downloaded
20190321,ESACCI-SOILMOISTURE-L3S-SSMV-COMBINED-20190321000000-fv08.1.nc,ESA_CCI_COMBINED,1.5,Downloaded
20190322,ESACCI-SOILMOISTURE-L3S-SSMV-COMBINED-20190322000000-fv08.1.nc,ESA_CCI_COMBINED,1.5,Downloaded
20190323,ESACCI-SOILMOISTURE-L3S-SSMV-COMBINED-20190323000000-fv08.1.nc,ESA_CCI_COMBINED,1.51,Downloaded
20190324,ESACCI-SOILMOISTURE-L3S-SSMV-COMBINED-20190324000000-fv08.1.nc,ESA_CCI_COMBINED,1.5,Downloaded
20190325,ESACCI-SOILMOISTURE-L3S-SSMV-COMBINED-20190325000000-fv08.1.nc,ESA_CCI_COMBINED,1.53,Downloaded
20190326,ESACCI-SOILMOISTURE-L3S-SSMV-COMBINED-20190326000000-fv08.1.nc,ESA_CCI_COMBINED,1.52,Downloaded
20190327,ESACCI-SOILMOISTURE-L3S-SSMV-COMBINED-20190327000000-fv08.1.nc,ESA_CCI_COMBINED,1.52,Downloaded
20190328,ESACCI-SOILMOISTURE-L3S-SSMV-COMBINED-20190328000000-fv08.1.nc,ESA_CCI_COMBINED,1.53,Downloaded
20190329,ESACCI-SOILMOISTURE-L3S-SSMV-COMBINED-20190329000000-fv08.1.nc,ESA_CCI_COMBINED,1.55,Downloaded
20190330,ESACCI-SOILMOISTURE-L3S-SSMV-COMBINED-20190330000000-fv08.1.nc,ESA_CCI_COMBINED,1.54,Downloaded
20190331,ESACCI-SOILMOISTURE-L3S-SSMV-COMBINED-20190331000000-fv08.1.nc,ESA_CCI_COMBINED,1.53,Downloaded
20190401,ESACCI-SOILMOISTURE-L3S-SSMV-COMBINED-20190401000000-fv08.1.nc,ESA_CCI_COMBINED,1.54,Downloaded
20190402,ESACCI-SOILMOISTURE-L3S-SSMV-COMBINED-20190402000000-fv08.1.nc,ESA_CCI_COMBINED,1.56,Downloaded
20190403,ESACCI-SOILMOISTURE-L3S-SSMV-COMBINED-20190403000000-fv08.1.nc,ESA_CCI_COMBINED,1.58,Downloaded
20190404,ESACCI-SOILMOISTURE-L3S-SSMV-COMBINED-20190404000000-fv08.1.nc,ESA_CCI_COMBINED,1.6,Downloaded
20190405,ESACCI-SOILMOISTURE-L3S-SSMV-COMBINED-20190405000000-fv08.1.nc,ESA_CCI_COMBINED,1.6,Downloaded
20190406,ESACCI-SOILMOISTURE-L3S-SSMV-COMBINED-20190406000000-fv08.1.nc,ESA_CCI_COMBINED,1.62,Downloaded
20190407,ESACCI-SOILMOISTURE-L3S-SSMV-COMBINED-20190407000000-fv08.1.nc,ESA_CCI_COMBINED,1.61,Downloaded
20190408,ESACCI-SOILMOISTURE-L3S-SSMV-COMBINED-20190408000000-fv08.1.nc,ESA_CCI_COMBINED,1.63,Downloaded
20190409,ESACCI-SOILMOISTURE-L3S-SSMV-COMBINED-20190409000000-fv08.1.nc,ESA_CCI_COMBINED,1.63,Downloaded
20190410,ESACCI-SOILMOISTURE-L3S-SSMV-COMBINED-20190410000000-fv08.1.nc,ESA_CCI_COMBINED,1.64,Downloaded
20190411,ESACCI-SOILMOISTURE-L3S-SSMV-COMBINED-20190411000000-fv08.1.nc,ESA_CCI_COMBINED,1.62,Downloaded
20190412,ESACCI-SOILMOISTURE-L3S-SSMV-COMBINED-20190412000000-fv08.1.nc,ESA_CCI_COMBINED,1.62,Downloaded
20190413,ESACCI-SOILMOISTURE-L3S-SSMV-COMBINED-20190413000000-fv08.1.nc,ESA_CCI_COMBINED,1.62,Downloaded
20190414,ESACCI-SOILMOISTURE-L3S-SSMV-COMBINED-20190414000000-fv08.1.nc,ESA_CCI_COMBINED,1.63,Downloaded
20190415,ESACCI-SOILMOISTURE-L3S-SSMV-COMBINED-20190415000000-fv08.1.nc,ESA_CCI_COMBINED,1.64,Downloaded
20190416,ESACCI-SOILMOISTURE-L3S-SSMV-COMBINED-20190416000000-fv08.1.nc,ESA_CCI_COMBINED,1.66,Downloaded
20190417,ESACCI-SOILMOISTURE-L3S-SSMV-COMBINED-20190417000000-fv08.1.nc,ESA_CCI_COMBINED,1.67,Downloaded
20190418,ESACCI-SOILMOISTURE-L3S-SSMV-COMBINED-20190418000000-fv08.1.nc,ESA_CCI_COMBINED,1.67,Downloaded
20190419,ESACCI-SOILMOISTURE-L3S-SSMV-COMBINED-20190419000000-fv08.1.nc,ESA_CCI_COMBINED,1.66,Downloaded
20190420,ESACCI-SOILMOISTURE-L3S-SSMV-COMBINED-20190420000000-fv08.1.nc,ESA_CCI_COMBINED,1.67,Downloaded
20190421,ESACCI-SOILMOISTURE-L3S-SSMV-COMBINED-20190421000000-fv08.1.nc,ESA_CCI_COMBINED,1.67,Downloaded
20190422,ESACCI-SOILMOISTURE-L3S-SSMV-COMBINED-20190422000000-fv08.1.nc,ESA_CCI_COMBINED,1.7,Downloaded
20190423,ESACCI-SOILMOISTURE-L3S-SSMV-COMBINED-20190423000000-fv08.1.nc,ESA_CCI_COMBINED,1.7,Downloaded
20190424,ESACCI-SOILMOISTURE-L3S-SSMV-COMBINED-20190424000000-fv08.1.nc,ESA_CCI_COMBINED,1.72,Downloaded
20190425,ESACCI-SOILMOISTURE-L3S-SSMV-COMBINED-20190425000000-fv08.1.nc,ESA_CCI_COMBINED,1.74,Downloaded
20190426,ESACCI-SOILMOISTURE-L3S-SSMV-COMBINED-20190426000000-fv08.1.nc,ESA_CCI_COMBINED,1.75,Downloaded
20190427,ESACCI-SOILMOISTURE-L3S-SSMV-COMBINED-20190427000000-fv08.1.nc,ESA_CCI_COMBINED,1.73,Downloaded
20190428,ESACCI-SOILMOISTURE-L3S-SSMV-COMBINED-20190428000000-fv08.1.nc,ESA_CCI_COMBINED,1.74,Downloaded
20190429,ESACCI-SOILMOISTURE-L3S-SSMV-COMBINED-20190429000000-fv08.1.nc,ESA_CCI_COMBINED,1.71,Downloaded
20190430,ESACCI-SOILMOISTURE-L3S-SSMV-COMBINED-20190430000000-fv08.1.nc,ESA_CCI_COMBINED,1.71,Downloaded
20190501,ESACCI-SOILMOISTURE-L3S-SSMV-COMBINED-20190501000000-fv08.1.nc,ESA_CCI_COMBINED,1.72,Downloaded
20190502,ESACCI-SOILMOISTURE-L3S-SSMV-COMBINED-20190502000000-fv08.1.nc,ESA_CCI_COMBINED,1.75,Downloaded
20190503,ESACCI-SOILMOISTURE-L3S-SSMV-COMBINED-20190503000000-fv08.1.nc,ESA_CCI_COMBINED,1.74,Downloaded
20190504,ESACCI-SOILMOISTURE-L3S-SSMV-COMBINED-20190504000000-fv08.1.nc,ESA_CCI_COMBINED,1.76,Downloaded
20190505,ESACCI-SOILMOISTURE-L3S-SSMV-COMBINED-20190505000000-fv08.1.nc,ESA_CCI_COMBINED,1.76,Downloaded
20190506,ESACCI-SOILMOISTURE-L3S-SSMV-COMBINED-20190506000000-fv08.1.nc,ESA_CCI_COMBINED,1.79,Downloaded
20190507,ESACCI-SOILMOISTURE-L3S-SSMV-COMBINED-20190507000000-fv08.1.nc,ESA_CCI_COMBINED,1.82,Downloaded
20190508,ESACCI-SOILMOISTURE-L3S-SSMV-COMBINED-20190508000000-fv08.1.nc,ESA_CCI_COMBINED,1.85,Downloaded
20190509,ESACCI-SOILMOISTURE-L3S-SSMV-COMBINED-20190509000000-fv08.1.nc,ESA_CCI_COMBINED,1.81,Downloaded
20190510,ESACCI-SOILMOISTURE-L3S-SSMV-COMBINED-20190510000000-fv08.1.nc,ESA_CCI_COMBINED,1.83,Downloaded
20190511,ESACCI-SOILMOISTURE-L3S-SSMV-COMBINED-20190511000000-fv08.1.nc,ESA_CCI_COMBINED,1.84,Downloaded
20190512,ESACCI-SOILMOISTURE-L3S-SSMV-COMBINED-20190512000000-fv08.1.nc,ESA_CCI_COMBINED,1.88,Downloaded
20190513,ESACCI-SOILMOISTURE-L3S-SSMV-COMBINED-20190513000000-fv08.1.nc,ESA_CCI_COMBINED,1.88,Downloaded
20190514,ESACCI-SOILMOISTURE-L3S-SSMV-COMBINED-20190514000000-fv08.1.nc,ESA_CCI_COMBINED,1.88,Downloaded
20190515,ESACCI-SOILMOISTURE-L3S-SSMV-COMBINED-20190515000000-fv08.1.nc,ESA_CCI_COMBINED,1.87,Downloaded
20190516,ESACCI-SOILMOISTURE-L3S-SSMV-COMBINED-20190516000000-fv08.1.nc,ESA_CCI_COMBINED,1.9,Downloaded
20190517,ESACCI-SOILMOISTURE-L3S-SSMV-COMBINED-20190517000000-fv08.1.nc,ESA_CCI_COMBINED,1.88,Downloaded
20190518,ESACCI-SOILMOISTURE-L3S-SSMV-COMBINED-20190518000000-fv08.1.nc,ESA_CCI_COMBINED,1.88,Downloaded
20190519,ESACCI-SOILMOISTURE-L3S-SSMV-COMBINED-20190519000000-fv08.1.nc,ESA_CCI_COMBINED,1.9,Downloaded
20190520,ESACCI-SOILMOISTURE-L3S-SSMV-COMBINED-20190520000000-fv08.1.nc,ESA_CCI_COMBINED,1.94,Downloaded
20190521,ESACCI-SOILMOISTURE-L3S-SSMV-COMBINED-20190521000000-fv08.1.nc,ESA_CCI_COMBINED,1.98,Downloaded
20190522,ESACCI-SOILMOISTURE-L3S-SSMV-COMBINED-20190522000000-fv08.1.nc,ESA_CCI_COMBINED,1.99,Downloaded
20190523,ESACCI-SOILMOISTURE-L3S-SSMV-COMBINED-20190523000000-fv08.1.nc,ESA_CCI_COMBINED,2.03,Downloaded
20190524,ESACCI-SOILMOISTURE-L3S-SSMV-COMBINED-20190524000000-fv08.1.nc,ESA_CCI_COMBINED,2.03,Downloaded
20190525,ESACCI-SOILMOISTURE-L3S-SSMV-COMBINED-20190525000000-fv08.1.nc,ESA_CCI_COMBINED,2.01,Downloaded
20190526,ESACCI-SOILMOISTURE-L3S-SSMV-COMBINED-20190526000000-fv08.1.nc,ESA_CCI_COMBINED,2.03,Downloaded
20190527,ESACCI-SOILMOISTURE-L3S-SSMV-COMBINED-20190527000000-fv08.1.nc,ESA_CCI_COMBINED,2.08,Downloaded
20190528,ESACCI-SOILMOISTURE-L3S-SSMV-COMBINED-20190528000000-fv08.1.nc,ESA_CCI_COMBINED,2.13,Downloaded
20190529,ESACCI-SOILMOISTURE-L3S-SSMV-COMBINED-20190529000000-fv08.1.nc,ESA_CCI_COMBINED,2.14,Downloaded
20190530,ESACCI-SOILMOISTURE-L3S-SSMV-COMBINED-20190530000000-fv08.1.nc,ESA_CCI_COMBINED,2.17,Downloaded
20190531,ESACCI-SOILMOISTURE-L3S-SSMV-COMBINED-20190531000000-fv08.1.nc,ESA_CCI_COMBINED,2.19,Downloaded
20190601,ESACCI-SOILMOISTURE-L3S-SSMV-COMBINED-20190601000000-fv08.1.nc,ESA_CCI_COMBINED,2.23,Downloaded
20190602,ESACCI-SOILMOISTURE-L3S-SSMV-COMBINED-20190602000000-fv08.1.nc,ESA_CCI_COMBINED,2.23,Downloaded
20190603,ESACCI-SOILMOISTURE-L3S-SSMV-COMBINED-20190603000000-fv08.1.nc,ESA_CCI_COMBINED,2.25,Downloaded
20190604,ESACCI-SOILMOISTURE-L3S-SSMV-COMBINED-20190604000000-fv08.1.nc,ESA_CCI_COMBINED,2.25,Downloaded
20190605,ESACCI-SOILMOISTURE-L3S-SSMV-COMBINED-20190605000000-fv08.1.nc,ESA_CCI_COMBINED,2.27,Downloaded
20190606,ESACCI-SOILMOISTURE-L3S-SSMV-COMBINED-20190606000000-fv08.1.nc,ESA_CCI_COMBINED,2.29,Downloaded
20190607,ESACCI-SOILMOISTURE-L3S-SSMV-COMBINED-20190607000000-fv08.1.nc,ESA_CCI_COMBINED,2.28,Downloaded
20190608,ESACCI-SOILMOISTURE-L3S-SSMV-COMBINED-20190608000000-fv08.1.nc,ESA_CCI_COMBINED,2.3,Downloaded
20190609,ESACCI-SOILMOISTURE-L3S-SSMV-COMBINED-20190609000000-fv08.1.nc,ESA_CCI_COMBINED,2.34,Downloaded
20190610,ESACCI-SOILMOISTURE-L3S-SSMV-COMBINED-20190610000000-fv08.1.nc,ESA_CCI_COMBINED,2.35,Downloaded
20190611,ESACCI-SOILMOISTURE-L3S-SSMV-COMBINED-20190611000000-fv08.1.nc,ESA_CCI_COMBINED,2.36,Downloaded
20190612,ESACCI-SOILMOISTURE-L3S-SSMV-COMBINED-20190612000000-fv08.1.nc,ESA_CCI_COMBINED,2.34,Downloaded
20190613,ESACCI-SOILMOISTURE-L3S-SSMV-COMBINED-20190613000000-fv08.1.nc,ESA_CCI_COMBINED,2.34,Downloaded
20190614,ESACCI-SOILMOISTURE-L3S-SSMV-COMBINED-20190614000000-fv08.1.nc,ESA_CCI_COMBINED,2.36,Downloaded
20190615,ESACCI-SOILMOISTURE-L3S-SSMV-COMBINED-20190615000000-fv08.1.nc,ESA_CCI_COMBINED,2.38,Downloaded
20190616,ESACCI-SOILMOISTURE-L3S-SSMV-COMBINED-20190616000000-fv08.1.nc,ESA_CCI_COMBINED,2.4,Downloaded
20190617,ESACCI-SOILMOISTURE-L3S-SSMV-COMBINED-20190617000000-fv08.1.nc,ESA_CCI_COMBINED,2.43,Downloaded
20190618,ESACCI-SOILMOISTURE-L3S-SSMV-COMBINED-20190618000000-fv08.1.nc,ESA_CCI_COMBINED,2.44,Downloaded
20190619,ESACCI-SOILMOISTURE-L3S-SSMV-COMBINED-20190619000000-fv08.1.nc,ESA_CCI_COMBINED,2.44,Downloaded
20190620,ESACCI-SOILMOISTURE-L3S-SSMV-COMBINED-20190620000000-fv08.1.nc,ESA_CCI_COMBINED,2.43,Downloaded
20190621,ESACCI-SOILMOISTURE-L3S-SSMV-COMBINED-20190621000000-fv08.1.nc,ESA_CCI_COMBINED,2.44,Downloaded
20190622,ESACCI-SOILMOISTURE-L3S-SSMV-COMBINED-20190622000000-fv08.1.nc,ESA_CCI_COMBINED,2.42,Downloaded
20190623,ESACCI-SOILMOISTURE-L3S-SSMV-COMBINED-20190623000000-fv08.1.nc,ESA_CCI_COMBINED,2.42,Downloaded
20190624,ESACCI-SOILMOISTURE-L3S-SSMV-COMBINED-20190624000000-fv08.1.nc,ESA_CCI_COMBINED,2.43,Downloaded
20190625,ESACCI-SOILMOISTURE-L3S-SSMV-COMBINED-20190625000000-fv08.1.nc,ESA_CCI_COMBINED,2.45,Downloaded
20190626,ESACCI-SOILMOISTURE-L3S-SSMV-COMBINED-20190626000000-fv08.1.nc,ESA_CCI_COMBINED,2.44,Downloaded
20190627,ESACCI-SOILMOISTURE-L3S-SSMV-COMBINED-20190627000000-fv08.1.nc,ESA_CCI_COMBINED,2.44,Downloaded
20190628,ESACCI-SOILMOISTURE-L3S-SSMV-COMBINED-20190628000000-fv08.1.nc,ESA_CCI_COMBINED,2.45,Downloaded
20190629,ESACCI-SOILMOISTURE-L3S-SSMV-COMBINED-20190629000000-fv08.1.nc,ESA_CCI_COMBINED,2.47,Downloaded
20190630,ESACCI-SOILMOISTURE-L3S-SSMV-COMBINED-20190630000000-fv08.1.nc,ESA_CCI_COMBINED,2.46,Downloaded
20190701,ESACCI-SOILMOISTURE-L3S-SSMV-COMBINED-20190701000000-fv08.1.nc,ESA_CCI_COMBINED,2.45,Downloaded
20190702,ESACCI-SOILMOISTURE-L3S-SSMV-COMBINED-20190702000000-fv08.1.nc,ESA_CCI_COMBINED,2.45,Downloaded
20190703,ESACCI-SOILMOISTURE-L3S-SSMV-COMBINED-20190703000000-fv08.1.nc,ESA_CCI_COMBINED,2.46,Downloaded
20190704,ESACCI-SOILMOISTURE-L3S-SSMV-COMBINED-20190704000000-fv08.1.nc,ESA_CCI_COMBINED,2.45,Downloaded
20190705,ESACCI-SOILMOISTURE-L3S-SSMV-COMBINED-20190705000000-fv08.1.nc,ESA_CCI_COMBINED,2.46,Downloaded
20190706,ESACCI-SOILMOISTURE-L3S-SSMV-COMBINED-20190706000000-fv08.1.nc,ESA_CCI_COMBINED,2.46,Downloaded
20190707,ESACCI-SOILMOISTURE-L3S-SSMV-COMBINED-20190707000000-fv08.1.nc,ESA_CCI_COMBINED,2.49,Downloaded
20190708,ESACCI-SOILMOISTURE-L3S-SSMV-COMBINED-20190708000000-fv08.1.nc,ESA_CCI_COMBINED,2.48,Downloaded
20190709,ESACCI-SOILMOISTURE-L3S-SSMV-COMBINED-20190709000000-fv08.1.nc,ESA_CCI_COMBINED,2.48,Downloaded
20190710,ESACCI-SOILMOISTURE-L3S-SSMV-COMBINED-20190710000000-fv08.1.nc,ESA_CCI_COMBINED,2.5,Downloaded
20190711,ESACCI-SOILMOISTURE-L3S-SSMV-COMBINED-20190711000000-fv08.1.nc,ESA_CCI_COMBINED,2.52,Downloaded
20190712,ESACCI-SOILMOISTURE-L3S-SSMV-COMBINED-20190712000000-fv08.1.nc,ESA_CCI_COMBINED,2.49,Downloaded
20190713,ESACCI-SOILMOISTURE-L3S-SSMV-COMBINED-20190713000000-fv08.1.nc,ESA_CCI_COMBINED,2.49,Downloaded
20190714,ESACCI-SOILMOISTURE-L3S-SSMV-COMBINED-20190714000000-fv08.1.nc,ESA_CCI_COMBINED,2.49,Downloaded
20190715,ESACCI-SOILMOISTURE-L3S-SSMV-COMBINED-20190715000000-fv08.1.nc,ESA_CCI_COMBINED,2.51,Downloaded
20190716,ESACCI-SOILMOISTURE-L3S-SSMV-COMBINED-20190716000000-fv08.1.nc,ESA_CCI_COMBINED,2.48,Downloaded
20190717,ESACCI-SOILMOISTURE-L3S-SSMV-COMBINED-20190717000000-fv08.1.nc,ESA_CCI_COMBINED,2.47,Downloaded
20190718,ESACCI-SOILMOISTURE-L3S-SSMV-COMBINED-20190718000000-fv08.1.nc,ESA_CCI_COMBINED,2.46,Downloaded
20190719,ESACCI-SOILMOISTURE-L3S-SSMV-COMBINED-20190719000000-fv08.1.nc,ESA_CCI_COMBINED,2.48,Downloaded
20190720,ESACCI-SOILMOISTURE-L3S-SSMV-COMBINED-20190720000000-fv08.1.nc,ESA_CCI_COMBINED,2.46,Downloaded
20190721,ESACCI-SOILMOISTURE-L3S-SSMV-COMBINED-20190721000000-fv08.1.nc,ESA_CCI_COMBINED,2.46,Downloaded
20190722,ESACCI-SOILMOISTURE-L3S-SSMV-COMBINED-20190722000000-fv08.1.nc,ESA_CCI_COMBINED,2.46,Downloaded
20190723,ESACCI-SOILMOISTURE-L3S-SSMV-COMBINED-20190723000000-fv08.1.nc,ESA_CCI_COMBINED,2.48,Downloaded
20190724,ESACCI-SOILMOISTURE-L3S-SSMV-COMBINED-20190724000000-fv08.1.nc,ESA_CCI_COMBINED,2.48,Downloaded
20190725,ESACCI-SOILMOISTURE-L3S-SSMV-COMBINED-20190725000000-fv08.1.nc,ESA_CCI_COMBINED,2.46,Downloaded
20190726,ESACCI-SOILMOISTURE-L3S-SSMV-COMBINED-20190726000000-fv08.1.nc,ESA_CCI_COMBINED,2.45,Downloaded
20190727,ESACCI-SOILMOISTURE-L3S-SSMV-COMBINED-20190727000000-fv08.1.nc,ESA_CCI_COMBINED,2.48,Downloaded
20190728,ESACCI-SOILMOISTURE-L3S-SSMV-COMBINED-20190728000000-fv08.1.nc,ESA_CCI_COMBINED,2.45,Downloaded
20190729,ESACCI-SOILMOISTURE-L3S-SSMV-COMBINED-20190729000000-fv08.1.nc,ESA_CCI_COMBINED,2.44,Downloaded
20190730,ESACCI-SOILMOISTURE-L3S-SSMV-COMBINED-20190730000000-fv08.1.nc,ESA_CCI_COMBINED,2.44,Downloaded
20190731,ESACCI-SOILMOISTURE-L3S-SSMV-COMBINED-20190731000000-fv08.1.nc,ESA_CCI_COMBINED,2.47,Downloaded
20190801,ESACCI-SOILMOISTURE-L3S-SSMV-COMBINED-20190801000000-fv08.1.nc,ESA_CCI_COMBINED,2.45,Downloaded
20190802,ESACCI-SOILMOISTURE-L3S-SSMV-COMBINED-20190802000000-fv08.1.nc,ESA_CCI_COMBINED,2.43,Downloaded
20190803,ESACCI-SOILMOISTURE-L3S-SSMV-COMBINED-20190803000000-fv08.1.nc,ESA_CCI_COMBINED,2.44,Downloaded
20190804,ESACCI-SOILMOISTURE-L3S-SSMV-COMBINED-20190804000000-fv08.1.nc,ESA_CCI_COMBINED,2.46,Downloaded
20190805,ESACCI-SOILMOISTURE-L3S-SSMV-COMBINED-20190805000000-fv08.1.nc,ESA_CCI_COMBINED,2.44,Downloaded
20190806,ESACCI-SOILMOISTURE-L3S-SSMV-COMBINED-20190806000000-fv08.1.nc,ESA_CCI_COMBINED,2.47,Downloaded
20190807,ESACCI-SOILMOISTURE-L3S-SSMV-COMBINED-20190807000000-fv08.1.nc,ESA_CCI_COMBINED,2.48,Downloaded
20190808,ESACCI-SOILMOISTURE-L3S-SSMV-COMBINED-20190808000000-fv08.1.nc,ESA_CCI_COMBINED,2.49,Downloaded
20190809,ESACCI-SOILMOISTURE-L3S-SSMV-COMBINED-20190809000000-fv08.1.nc,ESA_CCI_COMBINED,2.45,Downloaded
20190810,ESACCI-SOILMOISTURE-L3S-SSMV-COMBINED-20190810000000-fv08.1.nc,ESA_CCI_COMBINED,2.45,Downloaded
20190811,ESACCI-SOILMOISTURE-L3S-SSMV-COMBINED-20190811000000-fv08.1.nc,ESA_CCI_COMBINED,2.45,Downloaded
20190812,ESACCI-SOILMOISTURE-L3S-SSMV-COMBINED-20190812000000-fv08.1.nc,ESA_CCI_COMBINED,2.46,Downloaded
20190813,ESACCI-SOILMOISTURE-L3S-SSMV-COMBINED-20190813000000-fv08.1.nc,ESA_CCI_COMBINED,2.44,Downloaded
20190814,ESACCI-SOILMOISTURE-L3S-SSMV-COMBINED-20190814000000-fv08.1.nc,ESA_CCI_COMBINED,2.43,Downloaded
20190815,ESACCI-SOILMOISTURE-L3S-SSMV-COMBINED-20190815000000-fv08.1.nc,ESA_CCI_COMBINED,2.44,Downloaded
20190816,ESACCI-SOILMOISTURE-L3S-SSMV-COMBINED-20190816000000-fv08.1.nc,ESA_CCI_COMBINED,2.47,Downloaded
20190817,ESACCI-SOILMOISTURE-L3S-SSMV-COMBINED-20190817000000-fv08.1.nc,ESA_CCI_COMBINED,2.43,Downloaded
20190818,ESACCI-SOILMOISTURE-L3S-SSMV-COMBINED-20190818000000-fv08.1.nc,ESA_CCI_COMBINED,2.42,Downloaded
20190819,ESACCI-SOILMOISTURE-L3S-SSMV-COMBINED-20190819000000-fv08.1.nc,ESA_CCI_COMBINED,2.41,Downloaded
20190820,ESACCI-SOILMOISTURE-L3S-SSMV-COMBINED-20190820000000-fv08.1.nc,ESA_CCI_COMBINED,2.42,Downloaded
20190821,ESACCI-SOILMOISTURE-L3S-SSMV-COMBINED-20190821000000-fv08.1.nc,ESA_CCI_COMBINED,2.41,Downloaded
20190822,ESACCI-SOILMOISTURE-L3S-SSMV-COMBINED-20190822000000-fv08.1.nc,ESA_CCI_COMBINED,2.42,Downloaded
20190823,ESACCI-SOILMOISTURE-L3S-SSMV-COMBINED-20190823000000-fv08.1.nc,ESA_CCI_COMBINED,2.42,Downloaded
20190824,ESACCI-SOILMOISTURE-L3S-SSMV-COMBINED-20190824000000-fv08.1.nc,ESA_CCI_COMBINED,2.45,Downloaded
20190825,ESACCI-SOILMOISTURE-L3S-SSMV-COMBINED-20190825000000-fv08.1.nc,ESA_CCI_COMBINED,2.42,Downloaded
20190826,ESACCI-SOILMOISTURE-L3S-SSMV-COMBINED-20190826000000-fv08.1.nc,ESA_CCI_COMBINED,2.39,Downloaded
20190827,ESACCI-SOILMOISTURE-L3S-SSMV-COMBINED-20190827000000-fv08.1.nc,ESA_CCI_COMBINED,2.38,Downloaded
20190828,ESACCI-SOILMOISTURE-L3S-SSMV-COMBINED-20190828000000-fv08.1.nc,ESA_CCI_COMBINED,2.39,Downloaded
20190829,ESACCI-SOILMOISTURE-L3S-SSMV-COMBINED-20190829000000-fv08.1.nc,ESA_CCI_COMBINED,2.36,Downloaded
20190830,ESACCI-SOILMOISTURE-L3S-SSMV-COMBINED-20190830000000-fv08.1.nc,ESA_CCI_COMBINED,2.33,Downloaded
20190831,ESACCI-SOILMOISTURE-L3S-SSMV-COMBINED-20190831000000-fv08.1.nc,ESA_CCI_COMBINED,2.33,Downloaded
20190901,ESACCI-SOILMOISTURE-L3S-SSMV-COMBINED-20190901000000-fv08.1.nc,ESA_CCI_COMBINED,2.33,Downloaded
20190902,ESACCI-SOILMOISTURE-L3S-SSMV-COMBINED-20190902000000-fv08.1.nc,ESA_CCI_COMBINED,2.33,Downloaded
20190903,ESACCI-SOILMOISTURE-L3S-SSMV-COMBINED-20190903000000-fv08.1.nc,ESA_CCI_COMBINED,2.31,Downloaded
20190904,ESACCI-SOILMOISTURE-L3S-SSMV-COMBINED-20190904000000-fv08.1.nc,ESA_CCI_COMBINED,2.32,Downloaded
20190905,ESACCI-SOILMOISTURE-L3S-SSMV-COMBINED-20190905000000-fv08.1.nc,ESA_CCI_COMBINED,2.32,Downloaded
20190906,ESACCI-SOILMOISTURE-L3S-SSMV-COMBINED-20190906000000-fv08.1.nc,ESA_CCI_COMBINED,2.29,Downloaded
20190907,ESACCI-SOILMOISTURE-L3S-SSMV-COMBINED-20190907000000-fv08.1.nc,ESA_CCI_COMBINED,2.3,Downloaded
20190908,ESACCI-SOILMOISTURE-L3S-SSMV-COMBINED-20190908000000-fv08.1.nc,ESA_CCI_COMBINED,2.27,Downloaded
20190909,ESACCI-SOILMOISTURE-L3S-SSMV-COMBINED-20190909000000-fv08.1.nc,ESA_CCI_COMBINED,2.3,Downloaded
20190910,ESACCI-SOILMOISTURE-L3S-SSMV-COMBINED-20190910000000-fv08.1.nc,ESA_CCI_COMBINED,2.26,Downloaded
20190911,ESACCI-SOILMOISTURE-L3S-SSMV-COMBINED-20190911000000-fv08.1.nc,ESA_CCI_COMBINED,2.26,Downloaded
20190912,ESACCI-SOILMOISTURE-L3S-SSMV-COMBINED-20190912000000-fv08.1.nc,ESA_CCI_COMBINED,2.25,Downloaded
20190913,ESACCI-SOILMOISTURE-L3S-SSMV-COMBINED-20190913000000-fv08.1.nc,ESA_CCI_COMBINED,2.25,Downloaded
20190914,ESACCI-SOILMOISTURE-L3S-SSMV-COMBINED-20190914000000-fv08.1.nc,ESA_CCI_COMBINED,2.23,Downloaded
20190915,ESACCI-SOILMOISTURE-L3S-SSMV-COMBINED-20190915000000-fv08.1.nc,ESA_CCI_COMBINED,2.2,Downloaded
20190916,ESACCI-SOILMOISTURE-L3S-SSMV-COMBINED-20190916000000-fv08.1.nc,ESA_CCI_COMBINED,2.17,Downloaded
20190917,ESACCI-SOILMOISTURE-L3S-SSMV-COMBINED-20190917000000-fv08.1.nc,ESA_CCI_COMBINED,2.16,Downloaded
20190918,ESACCI-SOILMOISTURE-L3S-SSMV-COMBINED-20190918000000-fv08.1.nc,ESA_CCI_COMBINED,2.15,Downloaded
20190919,ESACCI-SOILMOISTURE-L3S-SSMV-COMBINED-20190919000000-fv08.1.nc,ESA_CCI_COMBINED,2.13,Downloaded
20190920,ESACCI-SOILMOISTURE-L3S-SSMV-COMBINED-20190920000000-fv08.1.nc,ESA_CCI_COMBINED,2.11,Downloaded
20190921,ESACCI-SOILMOISTURE-L3S-SSMV-COMBINED-20190921000000-fv08.1.nc,ESA_CCI_COMBINED,2.12,Downloaded
20190922,ESACCI-SOILMOISTURE-L3S-SSMV-COMBINED-20190922000000-fv08.1.nc,ESA_CCI_COMBINED,2.12,Downloaded
20190923,ESACCI-SOILMOISTURE-L3S-SSMV-COMBINED-20190923000000-fv08.1.nc,ESA_CCI_COMBINED,2.12,Downloaded
20190924,ESACCI-SOILMOISTURE-L3S-SSMV-COMBINED-20190924000000-fv08.1.nc,ESA_CCI_COMBINED,2.1,Downloaded
20190925,ESACCI-SOILMOISTURE-L3S-SSMV-COMBINED-20190925000000-fv08.1.nc,ESA_CCI_COMBINED,2.11,Downloaded
20190926,ESACCI-SOILMOISTURE-L3S-SSMV-COMBINED-20190926000000-fv08.1.nc,ESA_CCI_COMBINED,2.06,Downloaded
20190927,ESACCI-SOILMOISTURE-L3S-SSMV-COMBINED-20190927000000-fv08.1.nc,ESA_CCI_COMBINED,2.04,Downloaded
20190928,ESACCI-SOILMOISTURE-L3S-SSMV-COMBINED-20190928000000-fv08.1.nc,ESA_CCI_COMBINED,2.02,Downloaded
20190929,ESACCI-SOILMOISTURE-L3S-SSMV-COMBINED-20190929000000-fv08.1.nc,ESA_CCI_COMBINED,1.99,Downloaded
20190930,ESACCI-SOILMOISTURE-L3S-SSMV-COMBINED-20190930000000-fv08.1.nc,ESA_CCI_COMBINED,1.98,Downloaded
20191001,ESACCI-SOILMOISTURE-L3S-SSMV-COMBINED-20191001000000-fv08.1.nc,ESA_CCI_COMBINED,1.96,Downloaded
20191002,ESACCI-SOILMOISTURE-L3S-SSMV-COMBINED-20191002000000-fv08.1.nc,ESA_CCI_COMBINED,1.95,Downloaded
20191003,ESACCI-SOILMOISTURE-L3S-SSMV-COMBINED-20191003000000-fv08.1.nc,ESA_CCI_COMBINED,1.93,Downloaded
20191004,ESACCI-SOILMOISTURE-L3S-SSMV-COMBINED-20191004000000-fv08.1.nc,ESA_CCI_COMBINED,1.9,Downloaded
20191005,ESACCI-SOILMOISTURE-L3S-SSMV-COMBINED-20191005000000-fv08.1.nc,ESA_CCI_COMBINED,1.87,Downloaded
20191006,ESACCI-SOILMOISTURE-L3S-SSMV-COMBINED-20191006000000-fv08.1.nc,ESA_CCI_COMBINED,1.87,Downloaded
20191007,ESACCI-SOILMOISTURE-L3S-SSMV-COMBINED-20191007000000-fv08.1.nc,ESA_CCI_COMBINED,1.88,Downloaded
20191008,ESACCI-SOILMOISTURE-L3S-SSMV-COMBINED-20191008000000-fv08.1.nc,ESA_CCI_COMBINED,1.86,Downloaded
20191009,ESACCI-SOILMOISTURE-L3S-SSMV-COMBINED-20191009000000-fv08.1.nc,ESA_CCI_COMBINED,1.87,Downloaded
20191010,ESACCI-SOILMOISTURE-L3S-SSMV-COMBINED-20191010000000-fv08.1.nc,ESA_CCI_COMBINED,1.87,Downloaded
20191011,ESACCI-SOILMOISTURE-L3S-SSMV-COMBINED-20191011000000-fv08.1.nc,ESA_CCI_COMBINED,1.83,Downloaded
20191012,ESACCI-SOILMOISTURE-L3S-SSMV-COMBINED-20191012000000-fv08.1.nc,ESA_CCI_COMBINED,1.82,Downloaded
20191013,ESACCI-SOILMOISTURE-L3S-SSMV-COMBINED-20191013000000-fv08.1.nc,ESA_CCI_COMBINED,1.81,Downloaded
20191014,ESACCI-SOILMOISTURE-L3S-SSMV-COMBINED-20191014000000-fv08.1.nc,ESA_CCI_COMBINED,1.81,Downloaded
20191015,ESACCI-SOILMOISTURE-L3S-SSMV-COMBINED-20191015000000-fv08.1.nc,ESA_CCI_COMBINED,1.82,Downloaded
20191016,ESACCI-SOILMOISTURE-L3S-SSMV-COMBINED-20191016000000-fv08.1.nc,ESA_CCI_COMBINED,1.81,Downloaded
20191017,ESACCI-SOILMOISTURE-L3S-SSMV-COMBINED-20191017000000-fv08.1.nc,ESA_CCI_COMBINED,1.79,Downloaded
20191018,ESACCI-SOILMOISTURE-L3S-SSMV-COMBINED-20191018000000-fv08.1.nc,ESA_CCI_COMBINED,1.78,Downloaded
20191019,ESACCI-SOILMOISTURE-L3S-SSMV-COMBINED-20191019000000-fv08.1.nc,ESA_CCI_COMBINED,1.79,Downloaded
20191020,ESACCI-SOILMOISTURE-L3S-SSMV-COMBINED-20191020000000-fv08.1.nc,ESA_CCI_COMBINED,1.75,Downloaded
20191021,ESACCI-SOILMOISTURE-L3S-SSMV-COMBINED-20191021000000-fv08.1.nc,ESA_CCI_COMBINED,1.72,Downloaded
20191022,ESACCI-SOILMOISTURE-L3S-SSMV-COMBINED-20191022000000-fv08.1.nc,ESA_CCI_COMBINED,1.71,Downloaded
20191023,ESACCI-SOILMOISTURE-L3S-SSMV-COMBINED-20191023000000-fv08.1.nc,ESA_CCI_COMBINED,1.74,Downloaded
20191024,ESACCI-SOILMOISTURE-L3S-SSMV-COMBINED-20191024000000-fv08.1.nc,ESA_CCI_COMBINED,1.72,Downloaded
20191025,ESACCI-SOILMOISTURE-L3S-SSMV-COMBINED-20191025000000-fv08.1.nc,ESA_CCI_COMBINED,1.71,Downloaded
20191026,ESACCI-SOILMOISTURE-L3S-SSMV-COMBINED-20191026000000-fv08.1.nc,ESA_CCI_COMBINED,1.7,Downloaded
20191027,ESACCI-SOILMOISTURE-L3S-SSMV-COMBINED-20191027000000-fv08.1.nc,ESA_CCI_COMBINED,1.69,Downloaded
20191028,ESACCI-SOILMOISTURE-L3S-SSMV-COMBINED-20191028000000-fv08.1.nc,ESA_CCI_COMBINED,1.67,Downloaded
20191029,ESACCI-SOILMOISTURE-L3S-SSMV-COMBINED-20191029000000-fv08.1.nc,ESA_CCI_COMBINED,1.64,Downloaded
20191030,ESACCI-SOILMOISTURE-L3S-SSMV-COMBINED-20191030000000-fv08.1.nc,ESA_CCI_COMBINED,1.62,Downloaded
20191031,ESACCI-SOILMOISTURE-L3S-SSMV-COMBINED-20191031000000-fv08.1.nc,ESA_CCI_COMBINED,1.64,Downloaded
20191101,ESACCI-SOILMOISTURE-L3S-SSMV-COMBINED-20191101000000-fv08.1.nc,ESA_CCI_COMBINED,1.6,Downloaded
20191102,ESACCI-SOILMOISTURE-L3S-SSMV-COMBINED-20191102000000-fv08.1.nc,ESA_CCI_COMBINED,1.58,Downloaded
20191103,ESACCI-SOILMOISTURE-L3S-SSMV-COMBINED-20191103000000-fv08.1.nc,ESA_CCI_COMBINED,1.57,Downloaded
20191104,ESACCI-SOILMOISTURE-L3S-SSMV-COMBINED-20191104000000-fv08.1.nc,ESA_CCI_COMBINED,1.59,Downloaded
20191105,ESACCI-SOILMOISTURE-L3S-SSMV-COMBINED-20191105000000-fv08.1.nc,ESA_CCI_COMBINED,1.57,Downloaded
20191106,ESACCI-SOILMOISTURE-L3S-SSMV-COMBINED-20191106000000-fv08.1.nc,ESA_CCI_COMBINED,1.58,Downloaded
20191107,ESACCI-SOILMOISTURE-L3S-SSMV-COMBINED-20191107000000-fv08.1.nc,ESA_CCI_COMBINED,1.56,Downloaded
20191108,ESACCI-SOILMOISTURE-L3S-SSMV-COMBINED-20191108000000-fv08.1.nc,ESA_CCI_COMBINED,1.55,Downloaded
20191109,ESACCI-SOILMOISTURE-L3S-SSMV-COMBINED-20191109000000-fv08.1.nc,ESA_CCI_COMBINED,1.53,Downloaded
20191110,ESACCI-SOILMOISTURE-L3S-SSMV-COMBINED-20191110000000-fv08.1.nc,ESA_CCI_COMBINED,1.54,Downloaded
20191111,ESACCI-SOILMOISTURE-L3S-SSMV-COMBINED-20191111000000-fv08.1.nc,ESA_CCI_COMBINED,1.55,Downloaded
20191112,ESACCI-SOILMOISTURE-L3S-SSMV-COMBINED-20191112000000-fv08.1.nc,ESA_CCI_COMBINED,1.53,Downloaded
20191113,ESACCI-SOILMOISTURE-L3S-SSMV-COMBINED-20191113000000-fv08.1.nc,ESA_CCI_COMBINED,1.53,Downloaded
20191114,ESACCI-SOILMOISTURE-L3S-SSMV-COMBINED-20191114000000-fv08.1.nc,ESA_CCI_COMBINED,1.49,Downloaded
20191115,ESACCI-SOILMOISTURE-L3S-SSMV-COMBINED-20191115000000-fv08.1.nc,ESA_CCI_COMBINED,1.5,Downloaded
20191116,ESACCI-SOILMOISTURE-L3S-SSMV-COMBINED-20191116000000-fv08.1.nc,ESA_CCI_COMBINED,1.5,Downloaded
20191117,ESACCI-SOILMOISTURE-L3S-SSMV-COMBINED-20191117000000-fv08.1.nc,ESA_CCI_COMBINED,1.49,Downloaded
20191118,ESACCI-SOILMOISTURE-L3S-SSMV-COMBINED-20191118000000-fv08.1.nc,ESA_CCI_COMBINED,1.49,Downloaded
20191119,ESACCI-SOILMOISTURE-L3S-SSMV-COMBINED-20191119000000-fv08.1.nc,ESA_CCI_COMBINED,1.5,Downloaded
20191120,ESACCI-SOILMOISTURE-L3S-SSMV-COMBINED-20191120000000-fv08.1.nc,ESA_CCI_COMBINED,1.51,Downloaded
20191121,ESACCI-SOILMOISTURE-L3S-SSMV-COMBINED-20191121000000-fv08.1.nc,ESA_CCI_COMBINED,1.5,Downloaded
20191122,ESACCI-SOILMOISTURE-L3S-SSMV-COMBINED-20191122000000-fv08.1.nc,ESA_CCI_COMBINED,1.5,Downloaded
20191123,ESACCI-SOILMOISTURE-L3S-SSMV-COMBINED-20191123000000-fv08.1.nc,ESA_CCI_COMBINED,1.47,Downloaded
20191124,ESACCI-SOILMOISTURE-L3S-SSMV-COMBINED-20191124000000-fv08.1.nc,ESA_CCI_COMBINED,1.48,Downloaded
20191125,ESACCI-SOILMOISTURE-L3S-SSMV-COMBINED-20191125000000-fv08.1.nc,ESA_CCI_COMBINED,1.46,Downloaded
20191126,ESACCI-SOILMOISTURE-L3S-SSMV-COMBINED-20191126000000-fv08.1.nc,ESA_CCI_COMBINED,1.45,Downloaded
20191127,ESACCI-SOILMOISTURE-L3S-SSMV-COMBINED-20191127000000-fv08.1.nc,ESA_CCI_COMBINED,1.45,Downloaded
20191128,ESACCI-SOILMOISTURE-L3S-SSMV-COMBINED-20191128000000-fv08.1.nc,ESA_CCI_COMBINED,1.47,Downloaded
20191129,ESACCI-SOILMOISTURE-L3S-SSMV-COMBINED-20191129000000-fv08.1.nc,ESA_CCI_COMBINED,1.48,Downloaded
20191130,ESACCI-SOILMOISTURE-L3S-SSMV-COMBINED-20191130000000-fv08.1.nc,ESA_CCI_COMBINED,1.48,Downloaded
20191201,ESACCI-SOILMOISTURE-L3S-SSMV-COMBINED-20191201000000-fv08.1.nc,ESA_CCI_COMBINED,1.45,Downloaded
20191202,ESACCI-SOILMOISTURE-L3S-SSMV-COMBINED-20191202000000-fv08.1.nc,ESA_CCI_COMBINED,1.45,Downloaded
20191203,ESACCI-SOILMOISTURE-L3S-SSMV-COMBINED-20191203000000-fv08.1.nc,ESA_CCI_COMBINED,1.42,Downloaded
20191204,ESACCI-SOILMOISTURE-L3S-SSMV-COMBINED-20191204000000-fv08.1.nc,ESA_CCI_COMBINED,1.43,Downloaded
20191205,ESACCI-SOILMOISTURE-L3S-SSMV-COMBINED-20191205000000-fv08.1.nc,ESA_CCI_COMBINED,1.44,Downloaded
20191206,ESACCI-SOILMOISTURE-L3S-SSMV-COMBINED-20191206000000-fv08.1.nc,ESA_CCI_COMBINED,1.46,Downloaded
20191207,ESACCI-SOILMOISTURE-L3S-SSMV-COMBINED-20191207000000-fv08.1.nc,ESA_CCI_COMBINED,1.43,Downloaded
20191208,ESACCI-SOILMOISTURE-L3S-SSMV-COMBINED-20191208000000-fv08.1.nc,ESA_CCI_COMBINED,1.44,Downloaded
20191209,ESACCI-SOILMOISTURE-L3S-SSMV-COMBINED-20191209000000-fv08.1.nc,ESA_CCI_COMBINED,1.47,Downloaded
20191210,ESACCI-SOILMOISTURE-L3S-SSMV-COMBINED-20191210000000-fv08.1.nc,ESA_CCI_COMBINED,1.49,Downloaded
20191211,ESACCI-SOILMOISTURE-L3S-SSMV-COMBINED-20191211000000-fv08.1.nc,ESA_CCI_COMBINED,1.45,Downloaded
20191212,ESACCI-SOILMOISTURE-L3S-SSMV-COMBINED-20191212000000-fv08.1.nc,ESA_CCI_COMBINED,1.43,Downloaded
20191213,ESACCI-SOILMOISTURE-L3S-SSMV-COMBINED-20191213000000-fv08.1.nc,ESA_CCI_COMBINED,1.45,Downloaded
20191214,ESACCI-SOILMOISTURE-L3S-SSMV-COMBINED-20191214000000-fv08.1.nc,ESA_CCI_COMBINED,1.48,Downloaded
20191215,ESACCI-SOILMOISTURE-L3S-SSMV-COMBINED-20191215000000-fv08.1.nc,ESA_CCI_COMBINED,1.47,Downloaded
20191216,ESACCI-SOILMOISTURE-L3S-SSMV-COMBINED-20191216000000-fv08.1.nc,ESA_CCI_COMBINED,1.45,Downloaded
20191217,ESACCI-SOILMOISTURE-L3S-SSMV-COMBINED-20191217000000-fv08.1.nc,ESA_CCI_COMBINED,1.45,Downloaded
20191218,ESACCI-SOILMOISTURE-L3S-SSMV-COMBINED-20191218000000-fv08.1.nc,ESA_CCI_COMBINED,1.45,Downloaded
20191219,ESACCI-SOILMOISTURE-L3S-SSMV-COMBINED-20191219000000-fv08.1.nc,ESA_CCI_COMBINED,1.41,Downloaded
20191220,ESACCI-SOILMOISTURE-L3S-SSMV-COMBINED-20191220000000-fv08.1.nc,ESA_CCI_COMBINED,1.41,Downloaded
20191221,ESACCI-SOILMOISTURE-L3S-SSMV-COMBINED-20191221000000-fv08.1.nc,ESA_CCI_COMBINED,1.41,Downloaded
20191222,ESACCI-SOILMOISTURE-L3S-SSMV-COMBINED-20191222000000-fv08.1.nc,ESA_CCI_COMBINED,1.4,Downloaded
20191223,ESACCI-SOILMOISTURE-L3S-SSMV-COMBINED-20191223000000-fv08.1.nc,ESA_CCI_COMBINED,1.4,Downloaded
20191224,ESACCI-SOILMOISTURE-L3S-SSMV-COMBINED-20191224000000-fv08.1.nc,ESA_CCI_COMBINED,1.41,Downloaded
20191225,ESACCI-SOILMOISTURE-L3S-SSMV-COMBINED-20191225000000-fv08.1.nc,ESA_CCI_COMBINED,1.42,Downloaded
20191226,ESACCI-SOILMOISTURE-L3S-SSMV-COMBINED-20191226000000-fv08.1.nc,ESA_CCI_COMBINED,1.43,Downloaded
20191227,ESACCI-SOILMOISTURE-L3S-SSMV-COMBINED-20191227000000-fv08.1.nc,ESA_CCI_COMBINED,1.41,Downloaded
20191228,ESACCI-SOILMOISTURE-L3S-SSMV-COMBINED-20191228000000-fv08.1.nc,ESA_CCI_COMBINED,1.42,Downloaded
20191229,ESACCI-SOILMOISTURE-L3S-SSMV-COMBINED-20191229000000-fv08.1.nc,ESA_CCI_COMBINED,1.41,Downloaded
20191230,ESACCI-SOILMOISTURE-L3S-SSMV-COMBINED-20191230000000-fv08.1.nc,ESA_CCI_COMBINED,1.41,Downloaded
20191231,ESACCI-SOILMOISTURE-L3S-SSMV-COMBINED-20191231000000-fv08.1.nc,ESA_CCI_COMBINED,1.39,Downloaded
20200101,ESACCI-SOILMOISTURE-L3S-SSMV-COMBINED-20200101000000-fv08.1.nc,ESA_CCI_COMBINED,1.39,Downloaded
20200102,ESACCI-SOILMOISTURE-L3S-SSMV-COMBINED-20200102000000-fv08.1.nc,ESA_CCI_COMBINED,1.39,Downloaded
20200103,ESACCI-SOILMOISTURE-L3S-SSMV-COMBINED-20200103000000-fv08.1.nc,ESA_CCI_COMBINED,1.42,Downloaded
20200104,ESACCI-SOILMOISTURE-L3S-SSMV-COMBINED-20200104000000-fv08.1.nc,ESA_CCI_COMBINED,1.4,Downloaded
20200105,ESACCI-SOILMOISTURE-L3S-SSMV-COMBINED-20200105000000-fv08.1.nc,ESA_CCI_COMBINED,1.41,Downloaded
20200106,ESACCI-SOILMOISTURE-L3S-SSMV-COMBINED-20200106000000-fv08.1.nc,ESA_CCI_COMBINED,1.4,Downloaded
20200107,ESACCI-SOILMOISTURE-L3S-SSMV-COMBINED-20200107000000-fv08.1.nc,ESA_CCI_COMBINED,1.43,Downloaded
20200108,ESACCI-SOILMOISTURE-L3S-SSMV-COMBINED-20200108000000-fv08.1.nc,ESA_CCI_COMBINED,1.41,Downloaded
20200109,ESACCI-SOILMOISTURE-L3S-SSMV-COMBINED-20200109000000-fv08.1.nc,ESA_CCI_COMBINED,1.4,Downloaded
20200110,ESACCI-SOILMOISTURE-L3S-SSMV-COMBINED-20200110000000-fv08.1.nc,ESA_CCI_COMBINED,1.42,Downloaded
20200111,ESACCI-SOILMOISTURE-L3S-SSMV-COMBINED-20200111000000-fv08.1.nc,ESA_CCI_COMBINED,1.44,Downloaded
20200112,ESACCI-SOILMOISTURE-L3S-SSMV-COMBINED-20200112000000-fv08.1.nc,ESA_CCI_COMBINED,1.43,Downloaded
20200113,ESACCI-SOILMOISTURE-L3S-SSMV-COMBINED-20200113000000-fv08.1.nc,ESA_CCI_COMBINED,1.42,Downloaded
20200114,ESACCI-SOILMOISTURE-L3S-SSMV-COMBINED-20200114000000-fv08.1.nc,ESA_CCI_COMBINED,1.43,Downloaded
20200115,ESACCI-SOILMOISTURE-L3S-SSMV-COMBINED-20200115000000-fv08.1.nc,ESA_CCI_COMBINED,1.44,Downloaded
20200116,ESACCI-SOILMOISTURE-L3S-SSMV-COMBINED-20200116000000-fv08.1.nc,ESA_CCI_COMBINED,1.45,Downloaded
20200117,ESACCI-SOILMOISTURE-L3S-SSMV-COMBINED-20200117000000-fv08.1.nc,ESA_CCI_COMBINED,1.42,Downloaded
20200118,ESACCI-SOILMOISTURE-L3S-SSMV-COMBINED-20200118000000-fv08.1.nc,ESA_CCI_COMBINED,1.42,Downloaded
20200119,ESACCI-SOILMOISTURE-L3S-SSMV-COMBINED-20200119000000-fv08.1.nc,ESA_CCI_COMBINED,1.43,Downloaded
20200120,ESACCI-SOILMOISTURE-L3S-SSMV-COMBINED-20200120000000-fv08.1.nc,ESA_CCI_COMBINED,1.41,Downloaded
20200121,ESACCI-SOILMOISTURE-L3S-SSMV-COMBINED-20200121000000-fv08.1.nc,ESA_CCI_COMBINED,1.41,Downloaded
20200122,ESACCI-SOILMOISTURE-L3S-SSMV-COMBINED-20200122000000-fv08.1.nc,ESA_CCI_COMBINED,1.4,Downloaded
20200123,ESACCI-SOILMOISTURE-L3S-SSMV-COMBINED-20200123000000-fv08.1.nc,ESA_CCI_COMBINED,1.42,Downloaded
20200124,ESACCI-SOILMOISTURE-L3S-SSMV-COMBINED-20200124000000-fv08.1.nc,ESA_CCI_COMBINED,1.42,Downloaded
20200125,ESACCI-SOILMOISTURE-L3S-SSMV-COMBINED-20200125000000-fv08.1.nc,ESA_CCI_COMBINED,1.42,Downloaded
20200126,ESACCI-SOILMOISTURE-L3S-SSMV-COMBINED-20200126000000-fv08.1.nc,ESA_CCI_COMBINED,1.42,Downloaded
20200127,ESACCI-SOILMOISTURE-L3S-SSMV-COMBINED-20200127000000-fv08.1.nc,ESA_CCI_COMBINED,1.43,Downloaded
20200128,ESACCI-SOILMOISTURE-L3S-SSMV-COMBINED-20200128000000-fv08.1.nc,ESA_CCI_COMBINED,1.43,Downloaded
20200129,ESACCI-SOILMOISTURE-L3S-SSMV-COMBINED-20200129000000-fv08.1.nc,ESA_CCI_COMBINED,1.43,Downloaded
20200130,ESACCI-SOILMOISTURE-L3S-SSMV-COMBINED-20200130000000-fv08.1.nc,ESA_CCI_COMBINED,1.42,Downloaded
20200131,ESACCI-SOILMOISTURE-L3S-SSMV-COMBINED-20200131000000-fv08.1.nc,ESA_CCI_COMBINED,1.45,Downloaded
20200201,ESACCI-SOILMOISTURE-L3S-SSMV-COMBINED-20200201000000-fv08.1.nc,ESA_CCI_COMBINED,1.45,Downloaded
20200202,ESACCI-SOILMOISTURE-L3S-SSMV-COMBINED-20200202000000-fv08.1.nc,ESA_CCI_COMBINED,1.45,Downloaded
20200203,ESACCI-SOILMOISTURE-L3S-SSMV-COMBINED-20200203000000-fv08.1.nc,ESA_CCI_COMBINED,1.46,Downloaded
20200204,ESACCI-SOILMOISTURE-L3S-SSMV-COMBINED-20200204000000-fv08.1.nc,ESA_CCI_COMBINED,1.47,Downloaded
20200205,ESACCI-SOILMOISTURE-L3S-SSMV-COMBINED-20200205000000-fv08.1.nc,ESA_CCI_COMBINED,1.46,Downloaded
20200206,ESACCI-SOILMOISTURE-L3S-SSMV-COMBINED-20200206000000-fv08.1.nc,ESA_CCI_COMBINED,1.44,Downloaded
20200207,ESACCI-SOILMOISTURE-L3S-SSMV-COMBINED-20200207000000-fv08.1.nc,ESA_CCI_COMBINED,1.46,Downloaded
20200208,ESACCI-SOILMOISTURE-L3S-SSMV-COMBINED-20200208000000-fv08.1.nc,ESA_CCI_COMBINED,1.46,Downloaded
20200209,ESACCI-SOILMOISTURE-L3S-SSMV-COMBINED-20200209000000-fv08.1.nc,ESA_CCI_COMBINED,1.45,Downloaded
20200210,ESACCI-SOILMOISTURE-L3S-SSMV-COMBINED-20200210000000-fv08.1.nc,ESA_CCI_COMBINED,1.46,Downloaded
20200211,ESACCI-SOILMOISTURE-L3S-SSMV-COMBINED-20200211000000-fv08.1.nc,ESA_CCI_COMBINED,1.48,Downloaded
20200212,ESACCI-SOILMOISTURE-L3S-SSMV-COMBINED-20200212000000-fv08.1.nc,ESA_CCI_COMBINED,1.5,Downloaded
20200213,ESACCI-SOILMOISTURE-L3S-SSMV-COMBINED-20200213000000-fv08.1.nc,ESA_CCI_COMBINED,1.49,Downloaded
20200214,ESACCI-SOILMOISTURE-L3S-SSMV-COMBINED-20200214000000-fv08.1.nc,ESA_CCI_COMBINED,1.49,Downloaded
20200215,ESACCI-SOILMOISTURE-L3S-SSMV-COMBINED-20200215000000-fv08.1.nc,ESA_CCI_COMBINED,1.48,Downloaded
20200216,ESACCI-SOILMOISTURE-L3S-SSMV-COMBINED-20200216000000-fv08.1.nc,ESA_CCI_COMBINED,1.5,Downloaded
20200217,ESACCI-SOILMOISTURE-L3S-SSMV-COMBINED-20200217000000-fv08.1.nc,ESA_CCI_COMBINED,1.51,Downloaded
20200218,ESACCI-SOILMOISTURE-L3S-SSMV-COMBINED-20200218000000-fv08.1.nc,ESA_CCI_COMBINED,1.5,Downloaded
20200219,ESACCI-SOILMOISTURE-L3S-SSMV-COMBINED-20200219000000-fv08.1.nc,ESA_CCI_COMBINED,1.49,Downloaded
20200220,ESACCI-SOILMOISTURE-L3S-SSMV-COMBINED-20200220000000-fv08.1.nc,ESA_CCI_COMBINED,1.52,Downloaded
20200221,ESACCI-SOILMOISTURE-L3S-SSMV-COMBINED-20200221000000-fv08.1.nc,ESA_CCI_COMBINED,1.51,Downloaded
20200222,ESACCI-SOILMOISTURE-L3S-SSMV-COMBINED-20200222000000-fv08.1.nc,ESA_CCI_COMBINED,1.51,Downloaded
20200223,ESACCI-SOILMOISTURE-L3S-SSMV-COMBINED-20200223000000-fv08.1.nc,ESA_CCI_COMBINED,1.53,Downloaded
20200224,ESACCI-SOILMOISTURE-L3S-SSMV-COMBINED-20200224000000-fv08.1.nc,ESA_CCI_COMBINED,1.55,Downloaded
20200225,ESACCI-SOILMOISTURE-L3S-SSMV-COMBINED-20200225000000-fv08.1.nc,ESA_CCI_COMBINED,1.54,Downloaded
20200226,ESACCI-SOILMOISTURE-L3S-SSMV-COMBINED-20200226000000-fv08.1.nc,ESA_CCI_COMBINED,1.51,Downloaded
20200227,ESACCI-SOILMOISTURE-L3S-SSMV-COMBINED-20200227000000-fv08.1.nc,ESA_CCI_COMBINED,1.52,Downloaded
20200228,ESACCI-SOILMOISTURE-L3S-SSMV-COMBINED-20200228000000-fv08.1.nc,ESA_CCI_COMBINED,1.54,Downloaded
20200229,ESACCI-SOILMOISTURE-L3S-SSMV-COMBINED-20200229000000-fv08.1.nc,ESA_CCI_COMBINED,1.53,Downloaded
20200301,ESACCI-SOILMOISTURE-L3S-SSMV-COMBINED-20200301000000-fv08.1.nc,ESA_CCI_COMBINED,1.52,Downloaded
20200302,ESACCI-SOILMOISTURE-L3S-SSMV-COMBINED-20200302000000-fv08.1.nc,ESA_CCI_COMBINED,1.54,Downloaded
20200303,ESACCI-SOILMOISTURE-L3S-SSMV-COMBINED-20200303000000-fv08.1.nc,ESA_CCI_COMBINED,1.56,Downloaded
20200304,ESACCI-SOILMOISTURE-L3S-SSMV-COMBINED-20200304000000-fv08.1.nc,ESA_CCI_COMBINED,1.55,Downloaded
20200305,ESACCI-SOILMOISTURE-L3S-SSMV-COMBINED-20200305000000-fv08.1.nc,ESA_CCI_COMBINED,1.55,Downloaded
20200306,ESACCI-SOILMOISTURE-L3S-SSMV-COMBINED-20200306000000-fv08.1.nc,ESA_CCI_COMBINED,1.54,Downloaded
20200307,ESACCI-SOILMOISTURE-L3S-SSMV-COMBINED-20200307000000-fv08.1.nc,ESA_CCI_COMBINED,1.56,Downloaded
20200308,ESACCI-SOILMOISTURE-L3S-SSMV-COMBINED-20200308000000-fv08.1.nc,ESA_CCI_COMBINED,1.56,Downloaded
20200309,ESACCI-SOILMOISTURE-L3S-SSMV-COMBINED-20200309000000-fv08.1.nc,ESA_CCI_COMBINED,1.56,Downloaded
20200310,ESACCI-SOILMOISTURE-L3S-SSMV-COMBINED-20200310000000-fv08.1.nc,ESA_CCI_COMBINED,1.56,Downloaded
20200311,ESACCI-SOILMOISTURE-L3S-SSMV-COMBINED-20200311000000-fv08.1.nc,ESA_CCI_COMBINED,1.58,Downloaded
20200312,ESACCI-SOILMOISTURE-L3S-SSMV-COMBINED-20200312000000-fv08.1.nc,ESA_CCI_COMBINED,1.58,Downloaded
20200313,ESACCI-SOILMOISTURE-L3S-SSMV-COMBINED-20200313000000-fv08.1.nc,ESA_CCI_COMBINED,1.58,Downloaded
20200314,ESACCI-SOILMOISTURE-L3S-SSMV-COMBINED-20200314000000-fv08.1.nc,ESA_CCI_COMBINED,1.57,Downloaded
20200315,ESACCI-SOILMOISTURE-L3S-SSMV-COMBINED-20200315000000-fv08.1.nc,ESA_CCI_COMBINED,1.57,Downloaded
20200316,ESACCI-SOILMOISTURE-L3S-SSMV-COMBINED-20200316000000-fv08.1.nc,ESA_CCI_COMBINED,1.56,Downloaded
20200317,ESACCI-SOILMOISTURE-L3S-SSMV-COMBINED-20200317000000-fv08.1.nc,ESA_CCI_COMBINED,1.57,Downloaded
20200318,ESACCI-SOILMOISTURE-L3S-SSMV-COMBINED-20200318000000-fv08.1.nc,ESA_CCI_COMBINED,1.58,Downloaded
20200319,ESACCI-SOILMOISTURE-L3S-SSMV-COMBINED-20200319000000-fv08.1.nc,ESA_CCI_COMBINED,1.6,Downloaded
20200320,ESACCI-SOILMOISTURE-L3S-SSMV-COMBINED-20200320000000-fv08.1.nc,ESA_CCI_COMBINED,1.6,Downloaded
20200321,ESACCI-SOILMOISTURE-L3S-SSMV-COMBINED-20200321000000-fv08.1.nc,ESA_CCI_COMBINED,1.6,Downloaded
20200322,ESACCI-SOILMOISTURE-L3S-SSMV-COMBINED-20200322000000-fv08.1.nc,ESA_CCI_COMBINED,1.58,Downloaded
20200323,ESACCI-SOILMOISTURE-L3S-SSMV-COMBINED-20200323000000-fv08.1.nc,ESA_CCI_COMBINED,1.59,Downloaded
20200324,ESACCI-SOILMOISTURE-L3S-SSMV-COMBINED-20200324000000-fv08.1.nc,ESA_CCI_COMBINED,1.58,Downloaded
20200325,ESACCI-SOILMOISTURE-L3S-SSMV-COMBINED-20200325000000-fv08.1.nc,ESA_CCI_COMBINED,1.59,Downloaded
20200326,ESACCI-SOILMOISTURE-L3S-SSMV-COMBINED-20200326000000-fv08.1.nc,ESA_CCI_COMBINED,1.6,Downloaded
20200327,ESACCI-SOILMOISTURE-L3S-SSMV-COMBINED-20200327000000-fv08.1.nc,ESA_CCI_COMBINED,1.61,Downloaded
20200328,ESACCI-SOILMOISTURE-L3S-SSMV-COMBINED-20200328000000-fv08.1.nc,ESA_CCI_COMBINED,1.6,Downloaded
20200329,ESACCI-SOILMOISTURE-L3S-SSMV-COMBINED-20200329000000-fv08.1.nc,ESA_CCI_COMBINED,1.61,Downloaded
20200330,ESACCI-SOILMOISTURE-L3S-SSMV-COMBINED-20200330000000-fv08.1.nc,ESA_CCI_COMBINED,1.62,Downloaded
20200331,ESACCI-SOILMOISTURE-L3S-SSMV-COMBINED-20200331000000-fv08.1.nc,ESA_CCI_COMBINED,1.62,Downloaded
20200401,ESACCI-SOILMOISTURE-L3S-SSMV-COMBINED-20200401000000-fv08.1.nc,ESA_CCI_COMBINED,1.61,Downloaded
20200402,ESACCI-SOILMOISTURE-L3S-SSMV-COMBINED-20200402000000-fv08.1.nc,ESA_CCI_COMBINED,1.64,Downloaded
20200403,ESACCI-SOILMOISTURE-L3S-SSMV-COMBINED-20200403000000-fv08.1.nc,ESA_CCI_COMBINED,1.65,Downloaded
20200404,ESACCI-SOILMOISTURE-L3S-SSMV-COMBINED-20200404000000-fv08.1.nc,ESA_CCI_COMBINED,1.67,Downloaded
20200405,ESACCI-SOILMOISTURE-L3S-SSMV-COMBINED-20200405000000-fv08.1.nc,ESA_CCI_COMBINED,1.66,Downloaded
20200406,ESACCI-SOILMOISTURE-L3S-SSMV-COMBINED-20200406000000-fv08.1.nc,ESA_CCI_COMBINED,1.67,Downloaded
20200407,ESACCI-SOILMOISTURE-L3S-SSMV-COMBINED-20200407000000-fv08.1.nc,ESA_CCI_COMBINED,1.68,Downloaded
20200408,ESACCI-SOILMOISTURE-L3S-SSMV-COMBINED-20200408000000-fv08.1.nc,ESA_CCI_COMBINED,1.7,Downloaded
20200409,ESACCI-SOILMOISTURE-L3S-SSMV-COMBINED-20200409000000-fv08.1.nc,ESA_CCI_COMBINED,1.69,Downloaded
20200410,ESACCI-SOILMOISTURE-L3S-SSMV-COMBINED-20200410000000-fv08.1.nc,ESA_CCI_COMBINED,1.69,Downloaded
20200411,ESACCI-SOILMOISTURE-L3S-SSMV-COMBINED-20200411000000-fv08.1.nc,ESA_CCI_COMBINED,1.71,Downloaded
20200412,ESACCI-SOILMOISTURE-L3S-SSMV-COMBINED-20200412000000-fv08.1.nc,ESA_CCI_COMBINED,1.72,Downloaded
20200413,ESACCI-SOILMOISTURE-L3S-SSMV-COMBINED-20200413000000-fv08.1.nc,ESA_CCI_COMBINED,1.71,Downloaded
20200414,ESACCI-SOILMOISTURE-L3S-SSMV-COMBINED-20200414000000-fv08.1.nc,ESA_CCI_COMBINED,1.72,Downloaded
20200415,ESACCI-SOILMOISTURE-L3S-SSMV-COMBINED-20200415000000-fv08.1.nc,ESA_CCI_COMBINED,1.75,Downloaded
20200416,ESACCI-SOILMOISTURE-L3S-SSMV-COMBINED-20200416000000-fv08.1.nc,ESA_CCI_COMBINED,1.77,Downloaded
20200417,ESACCI-SOILMOISTURE-L3S-SSMV-COMBINED-20200417000000-fv08.1.nc,ESA_CCI_COMBINED,1.77,Downloaded
20200418,ESACCI-SOILMOISTURE-L3S-SSMV-COMBINED-20200418000000-fv08.1.nc,ESA_CCI_COMBINED,1.8,Downloaded
20200419,ESACCI-SOILMOISTURE-L3S-SSMV-COMBINED-20200419000000-fv08.1.nc,ESA_CCI_COMBINED,1.79,Downloaded
20200420,ESACCI-SOILMOISTURE-L3S-SSMV-COMBINED-20200420000000-fv08.1.nc,ESA_CCI_COMBINED,1.8,Downloaded
20200421,ESACCI-SOILMOISTURE-L3S-SSMV-COMBINED-20200421000000-fv08.1.nc,ESA_CCI_COMBINED,1.77,Downloaded
20200422,ESACCI-SOILMOISTURE-L3S-SSMV-COMBINED-20200422000000-fv08.1.nc,ESA_CCI_COMBINED,1.79,Downloaded
20200423,ESACCI-SOILMOISTURE-L3S-SSMV-COMBINED-20200423000000-fv08.1.nc,ESA_CCI_COMBINED,1.81,Downloaded
20200424,ESACCI-SOILMOISTURE-L3S-SSMV-COMBINED-20200424000000-fv08.1.nc,ESA_CCI_COMBINED,1.84,Downloaded
20200425,ESACCI-SOILMOISTURE-L3S-SSMV-COMBINED-20200425000000-fv08.1.nc,ESA_CCI_COMBINED,1.83,Downloaded
20200426,ESACCI-SOILMOISTURE-L3S-SSMV-COMBINED-20200426000000-fv08.1.nc,ESA_CCI_COMBINED,1.84,Downloaded
20200427,ESACCI-SOILMOISTURE-L3S-SSMV-COMBINED-20200427000000-fv08.1.nc,ESA_CCI_COMBINED,1.85,Downloaded
20200428,ESACCI-SOILMOISTURE-L3S-SSMV-COMBINED-20200428000000-fv08.1.nc,ESA_CCI_COMBINED,1.87,Downloaded
20200429,ESACCI-SOILMOISTURE-L3S-SSMV-COMBINED-20200429000000-fv08.1.nc,ESA_CCI_COMBINED,1.88,Downloaded
20200430,ESACCI-SOILMOISTURE-L3S-SSMV-COMBINED-20200430000000-fv08.1.nc,ESA_CCI_COMBINED,1.89,Downloaded
20200501,ESACCI-SOILMOISTURE-L3S-SSMV-COMBINED-20200501000000-fv08.1.nc,ESA_CCI_COMBINED,1.88,Downloaded
20200502,ESACCI-SOILMOISTURE-L3S-SSMV-COMBINED-20200502000000-fv08.1.nc,ESA_CCI_COMBINED,1.91,Downloaded
20200503,ESACCI-SOILMOISTURE-L3S-SSMV-COMBINED-20200503000000-fv08.1.nc,ESA_CCI_COMBINED,1.89,Downloaded
20200504,ESACCI-SOILMOISTURE-L3S-SSMV-COMBINED-20200504000000-fv08.1.nc,ESA_CCI_COMBINED,1.9,Downloaded
20200505,ESACCI-SOILMOISTURE-L3S-SSMV-COMBINED-20200505000000-fv08.1.nc,ESA_CCI_COMBINED,1.9,Downloaded
20200506,ESACCI-SOILMOISTURE-L3S-SSMV-COMBINED-20200506000000-fv08.1.nc,ESA_CCI_COMBINED,1.92,Downloaded
20200507,ESACCI-SOILMOISTURE-L3S-SSMV-COMBINED-20200507000000-fv08.1.nc,ESA_CCI_COMBINED,1.92,Downloaded
20200508,ESACCI-SOILMOISTURE-L3S-SSMV-COMBINED-20200508000000-fv08.1.nc,ESA_CCI_COMBINED,1.93,Downloaded
20200509,ESACCI-SOILMOISTURE-L3S-SSMV-COMBINED-20200509000000-fv08.1.nc,ESA_CCI_COMBINED,1.92,Downloaded
20200510,ESACCI-SOILMOISTURE-L3S-SSMV-COMBINED-20200510000000-fv08.1.nc,ESA_CCI_COMBINED,1.95,Downloaded
20200511,ESACCI-SOILMOISTURE-L3S-SSMV-COMBINED-20200511000000-fv08.1.nc,ESA_CCI_COMBINED,1.95,Downloaded
20200512,ESACCI-SOILMOISTURE-L3S-SSMV-COMBINED-20200512000000-fv08.1.nc,ESA_CCI_COMBINED,1.97,Downloaded
20200513,ESACCI-SOILMOISTURE-L3S-SSMV-COMBINED-20200513000000-fv08.1.nc,ESA_CCI_COMBINED,1.99,Downloaded
20200514,ESACCI-SOILMOISTURE-L3S-SSMV-COMBINED-20200514000000-fv08.1.nc,ESA_CCI_COMBINED,2.0,Downloaded
20200515,ESACCI-SOILMOISTURE-L3S-SSMV-COMBINED-20200515000000-fv08.1.nc,ESA_CCI_COMBINED,1.99,Downloaded
20200516,ESACCI-SOILMOISTURE-L3S-SSMV-COMBINED-20200516000000-fv08.1.nc,ESA_CCI_COMBINED,2.0,Downloaded
20200517,ESACCI-SOILMOISTURE-L3S-SSMV-COMBINED-20200517000000-fv08.1.nc,ESA_CCI_COMBINED,2.03,Downloaded
20200518,ESACCI-SOILMOISTURE-L3S-SSMV-COMBINED-20200518000000-fv08.1.nc,ESA_CCI_COMBINED,2.09,Downloaded
20200519,ESACCI-SOILMOISTURE-L3S-SSMV-COMBINED-20200519000000-fv08.1.nc,ESA_CCI_COMBINED,2.07,Downloaded
20200520,ESACCI-SOILMOISTURE-L3S-SSMV-COMBINED-20200520000000-fv08.1.nc,ESA_CCI_COMBINED,2.12,Downloaded
20200521,ESACCI-SOILMOISTURE-L3S-SSMV-COMBINED-20200521000000-fv08.1.nc,ESA_CCI_COMBINED,2.14,Downloaded
20200522,ESACCI-SOILMOISTURE-L3S-SSMV-COMBINED-20200522000000-fv08.1.nc,ESA_CCI_COMBINED,2.18,Downloaded
20200523,ESACCI-SOILMOISTURE-L3S-SSMV-COMBINED-20200523000000-fv08.1.nc,ESA_CCI_COMBINED,2.16,Downloaded
20200524,ESACCI-SOILMOISTURE-L3S-SSMV-COMBINED-20200524000000-fv08.1.nc,ESA_CCI_COMBINED,2.18,Downloaded
20200525,ESACCI-SOILMOISTURE-L3S-SSMV-COMBINED-20200525000000-fv08.1.nc,ESA_CCI_COMBINED,2.2,Downloaded
20200526,ESACCI-SOILMOISTURE-L3S-SSMV-COMBINED-20200526000000-fv08.1.nc,ESA_CCI_COMBINED,2.23,Downloaded
20200527,ESACCI-SOILMOISTURE-L3S-SSMV-COMBINED-20200527000000-fv08.1.nc,ESA_CCI_COMBINED,2.22,Downloaded
20200528,ESACCI-SOILMOISTURE-L3S-SSMV-COMBINED-20200528000000-fv08.1.nc,ESA_CCI_COMBINED,2.23,Downloaded
20200529,ESACCI-SOILMOISTURE-L3S-SSMV-COMBINED-20200529000000-fv08.1.nc,ESA_CCI_COMBINED,2.25,Downloaded
20200530,ESACCI-SOILMOISTURE-L3S-SSMV-COMBINED-20200530000000-fv08.1.nc,ESA_CCI_COMBINED,2.29,Downloaded
20200531,ESACCI-SOILMOISTURE-L3S-SSMV-COMBINED-20200531000000-fv08.1.nc,ESA_CCI_COMBINED,2.29,Downloaded
20200601,ESACCI-SOILMOISTURE-L3S-SSMV-COMBINED-20200601000000-fv08.1.nc,ESA_CCI_COMBINED,2.31,Downloaded
20200602,ESACCI-SOILMOISTURE-L3S-SSMV-COMBINED-20200602000000-fv08.1.nc,ESA_CCI_COMBINED,2.32,Downloaded
20200603,ESACCI-SOILMOISTURE-L3S-SSMV-COMBINED-20200603000000-fv08.1.nc,ESA_CCI_COMBINED,2.37,Downloaded
20200604,ESACCI-SOILMOISTURE-L3S-SSMV-COMBINED-20200604000000-fv08.1.nc,ESA_CCI_COMBINED,2.34,Downloaded
20200605,ESACCI-SOILMOISTURE-L3S-SSMV-COMBINED-20200605000000-fv08.1.nc,ESA_CCI_COMBINED,2.35,Downloaded
20200606,ESACCI-SOILMOISTURE-L3S-SSMV-COMBINED-20200606000000-fv08.1.nc,ESA_CCI_COMBINED,2.38,Downloaded
20200607,ESACCI-SOILMOISTURE-L3S-SSMV-COMBINED-20200607000000-fv08.1.nc,ESA_CCI_COMBINED,2.4,Downloaded
20200608,ESACCI-SOILMOISTURE-L3S-SSMV-COMBINED-20200608000000-fv08.1.nc,ESA_CCI_COMBINED,2.38,Downloaded
20200609,ESACCI-SOILMOISTURE-L3S-SSMV-COMBINED-20200609000000-fv08.1.nc,ESA_CCI_COMBINED,2.4,Downloaded
20200610,ESACCI-SOILMOISTURE-L3S-SSMV-COMBINED-20200610000000-fv08.1.nc,ESA_CCI_COMBINED,2.41,Downloaded
20200611,ESACCI-SOILMOISTURE-L3S-SSMV-COMBINED-20200611000000-fv08.1.nc,ESA_CCI_COMBINED,2.44,Downloaded
20200612,ESACCI-SOILMOISTURE-L3S-SSMV-COMBINED-20200612000000-fv08.1.nc,ESA_CCI_COMBINED,2.43,Downloaded
20200613,ESACCI-SOILMOISTURE-L3S-SSMV-COMBINED-20200613000000-fv08.1.nc,ESA_CCI_COMBINED,2.43,Downloaded
20200614,ESACCI-SOILMOISTURE-L3S-SSMV-COMBINED-20200614000000-fv08.1.nc,ESA_CCI_COMBINED,2.45,Downloaded
20200615,ESACCI-SOILMOISTURE-L3S-SSMV-COMBINED-20200615000000-fv08.1.nc,ESA_CCI_COMBINED,2.48,Downloaded
20200616,ESACCI-SOILMOISTURE-L3S-SSMV-COMBINED-20200616000000-fv08.1.nc,ESA_CCI_COMBINED,2.47,Downloaded
20200617,ESACCI-SOILMOISTURE-L3S-SSMV-COMBINED-20200617000000-fv08.1.nc,ESA_CCI_COMBINED,2.48,Downloaded
20200618,ESACCI-SOILMOISTURE-L3S-SSMV-COMBINED-20200618000000-fv08.1.nc,ESA_CCI_COMBINED,2.49,Downloaded
20200619,ESACCI-SOILMOISTURE-L3S-SSMV-COMBINED-20200619000000-fv08.1.nc,ESA_CCI_COMBINED,2.55,Downloaded
20200620,ESACCI-SOILMOISTURE-L3S-SSMV-COMBINED-20200620000000-fv08.1.nc,ESA_CCI_COMBINED,2.52,Downloaded
20200621,ESACCI-SOILMOISTURE-L3S-SSMV-COMBINED-20200621000000-fv08.1.nc,ESA_CCI_COMBINED,2.52,Downloaded
20200622,ESACCI-SOILMOISTURE-L3S-SSMV-COMBINED-20200622000000-fv08.1.nc,ESA_CCI_COMBINED,2.52,Downloaded
20200623,ESACCI-SOILMOISTURE-L3S-SSMV-COMBINED-20200623000000-fv08.1.nc,ESA_CCI_COMBINED,2.54,Downloaded
20200624,ESACCI-SOILMOISTURE-L3S-SSMV-COMBINED-20200624000000-fv08.1.nc,ESA_CCI_COMBINED,2.52,Downloaded
20200625,ESACCI-SOILMOISTURE-L3S-SSMV-COMBINED-20200625000000-fv08.1.nc,ESA_CCI_COMBINED,2.53,Downloaded
20200626,ESACCI-SOILMOISTURE-L3S-SSMV-COMBINED-20200626000000-fv08.1.nc,ESA_CCI_COMBINED,2.53,Downloaded
20200627,ESACCI-SOILMOISTURE-L3S-SSMV-COMBINED-20200627000000-fv08.1.nc,ESA_CCI_COMBINED,2.55,Downloaded
20200628,ESACCI-SOILMOISTURE-L3S-SSMV-COMBINED-20200628000000-fv08.1.nc,ESA_CCI_COMBINED,2.53,Downloaded
20200629,ESACCI-SOILMOISTURE-L3S-SSMV-COMBINED-20200629000000-fv08.1.nc,ESA_CCI_COMBINED,2.52,Downloaded
20200630,ESACCI-SOILMOISTURE-L3S-SSMV-COMBINED-20200630000000-fv08.1.nc,ESA_CCI_COMBINED,2.53,Downloaded
20200701,ESACCI-SOILMOISTURE-L3S-SSMV-COMBINED-20200701000000-fv08.1.nc,ESA_CCI_COMBINED,2.56,Downloaded
20200702,ESACCI-SOILMOISTURE-L3S-SSMV-COMBINED-20200702000000-fv08.1.nc,ESA_CCI_COMBINED,2.54,Downloaded
20200703,ESACCI-SOILMOISTURE-L3S-SSMV-COMBINED-20200703000000-fv08.1.nc,ESA_CCI_COMBINED,2.55,Downloaded
20200704,ESACCI-SOILMOISTURE-L3S-SSMV-COMBINED-20200704000000-fv08.1.nc,ESA_CCI_COMBINED,2.55,Downloaded
20200705,ESACCI-SOILMOISTURE-L3S-SSMV-COMBINED-20200705000000-fv08.1.nc,ESA_CCI_COMBINED,2.57,Downloaded
20200706,ESACCI-SOILMOISTURE-L3S-SSMV-COMBINED-20200706000000-fv08.1.nc,ESA_CCI_COMBINED,2.55,Downloaded
20200707,ESACCI-SOILMOISTURE-L3S-SSMV-COMBINED-20200707000000-fv08.1.nc,ESA_CCI_COMBINED,2.55,Downloaded
20200708,ESACCI-SOILMOISTURE-L3S-SSMV-COMBINED-20200708000000-fv08.1.nc,ESA_CCI_COMBINED,2.56,Downloaded
20200709,ESACCI-SOILMOISTURE-L3S-SSMV-COMBINED-20200709000000-fv08.1.nc,ESA_CCI_COMBINED,2.57,Downloaded
20200710,ESACCI-SOILMOISTURE-L3S-SSMV-COMBINED-20200710000000-fv08.1.nc,ESA_CCI_COMBINED,2.54,Downloaded
20200711,ESACCI-SOILMOISTURE-L3S-SSMV-COMBINED-20200711000000-fv08.1.nc,ESA_CCI_COMBINED,2.55,Downloaded
20200712,ESACCI-SOILMOISTURE-L3S-SSMV-COMBINED-20200712000000-fv08.1.nc,ESA_CCI_COMBINED,2.55,Downloaded
20200713,ESACCI-SOILMOISTURE-L3S-SSMV-COMBINED-20200713000000-fv08.1.nc,ESA_CCI_COMBINED,2.58,Downloaded
20200714,ESACCI-SOILMOISTURE-L3S-SSMV-COMBINED-20200714000000-fv08.1.nc,ESA_CCI_COMBINED,2.55,Downloaded
20200715,ESACCI-SOILMOISTURE-L3S-SSMV-COMBINED-20200715000000-fv08.1.nc,ESA_CCI_COMBINED,2.54,Downloaded
20200716,ESACCI-SOILMOISTURE-L3S-SSMV-COMBINED-20200716000000-fv08.1.nc,ESA_CCI_COMBINED,2.54,Downloaded
20200717,ESACCI-SOILMOISTURE-L3S-SSMV-COMBINED-20200717000000-fv08.1.nc,ESA_CCI_COMBINED,2.57,Downloaded
20200718,ESACCI-SOILMOISTURE-L3S-SSMV-COMBINED-20200718000000-fv08.1.nc,ESA_CCI_COMBINED,2.55,Downloaded
20200719,ESACCI-SOILMOISTURE-L3S-SSMV-COMBINED-20200719000000-fv08.1.nc,ESA_CCI_COMBINED,2.55,Downloaded
20200720,ESACCI-SOILMOISTURE-L3S-SSMV-COMBINED-20200720000000-fv08.1.nc,ESA_CCI_COMBINED,2.55,Downloaded
20200721,ESACCI-SOILMOISTURE-L3S-SSMV-COMBINED-20200721000000-fv08.1.nc,ESA_CCI_COMBINED,2.58,Downloaded
20200722,ESACCI-SOILMOISTURE-L3S-SSMV-COMBINED-20200722000000-fv08.1.nc,ESA_CCI_COMBINED,2.55,Downloaded
20200723,ESACCI-SOILMOISTURE-L3S-SSMV-COMBINED-20200723000000-fv08.1.nc,ESA_CCI_COMBINED,2.56,Downloaded
20200724,ESACCI-SOILMOISTURE-L3S-SSMV-COMBINED-20200724000000-fv08.1.nc,ESA_CCI_COMBINED,2.56,Downloaded
20200725,ESACCI-SOILMOISTURE-L3S-SSMV-COMBINED-20200725000000-fv08.1.nc,ESA_CCI_COMBINED,2.58,Downloaded
20200726,ESACCI-SOILMOISTURE-L3S-SSMV-COMBINED-20200726000000-fv08.1.nc,ESA_CCI_COMBINED,2.55,Downloaded
20200727,ESACCI-SOILMOISTURE-L3S-SSMV-COMBINED-20200727000000-fv08.1.nc,ESA_CCI_COMBINED,2.55,Downloaded
20200728,ESACCI-SOILMOISTURE-L3S-SSMV-COMBINED-20200728000000-fv08.1.nc,ESA_CCI_COMBINED,2.56,Downloaded
20200729,ESACCI-SOILMOISTURE-L3S-SSMV-COMBINED-20200729000000-fv08.1.nc,ESA_CCI_COMBINED,2.58,Downloaded
20200730,ESACCI-SOILMOISTURE-L3S-SSMV-COMBINED-20200730000000-fv08.1.nc,ESA_CCI_COMBINED,2.56,Downloaded
20200731,ESACCI-SOILMOISTURE-L3S-SSMV-COMBINED-20200731000000-fv08.1.nc,ESA_CCI_COMBINED,2.54,Downloaded
20200801,ESACCI-SOILMOISTURE-L3S-SSMV-COMBINED-20200801000000-fv08.1.nc,ESA_CCI_COMBINED,2.55,Downloaded
20200802,ESACCI-SOILMOISTURE-L3S-SSMV-COMBINED-20200802000000-fv08.1.nc,ESA_CCI_COMBINED,2.58,Downloaded
20200803,ESACCI-SOILMOISTURE-L3S-SSMV-COMBINED-20200803000000-fv08.1.nc,ESA_CCI_COMBINED,2.55,Downloaded
20200804,ESACCI-SOILMOISTURE-L3S-SSMV-COMBINED-20200804000000-fv08.1.nc,ESA_CCI_COMBINED,2.55,Downloaded
20200805,ESACCI-SOILMOISTURE-L3S-SSMV-COMBINED-20200805000000-fv08.1.nc,ESA_CCI_COMBINED,2.54,Downloaded
20200806,ESACCI-SOILMOISTURE-L3S-SSMV-COMBINED-20200806000000-fv08.1.nc,ESA_CCI_COMBINED,2.56,Downloaded
20200807,ESACCI-SOILMOISTURE-L3S-SSMV-COMBINED-20200807000000-fv08.1.nc,ESA_CCI_COMBINED,2.55,Downloaded
20200808,ESACCI-SOILMOISTURE-L3S-SSMV-COMBINED-20200808000000-fv08.1.nc,ESA_CCI_COMBINED,2.55,Downloaded
20200809,ESACCI-SOILMOISTURE-L3S-SSMV-COMBINED-20200809000000-fv08.1.nc,ESA_CCI_COMBINED,2.54,Downloaded
20200810,ESACCI-SOILMOISTURE-L3S-SSMV-COMBINED-20200810000000-fv08.1.nc,ESA_CCI_COMBINED,2.57,Downloaded
20200811,ESACCI-SOILMOISTURE-L3S-SSMV-COMBINED-20200811000000-fv08.1.nc,ESA_CCI_COMBINED,2.53,Downloaded
20200812,ESACCI-SOILMOISTURE-L3S-SSMV-COMBINED-20200812000000-fv08.1.nc,ESA_CCI_COMBINED,2.54,Downloaded
20200813,ESACCI-SOILMOISTURE-L3S-SSMV-COMBINED-20200813000000-fv08.1.nc,ESA_CCI_COMBINED,2.54,Downloaded
20200814,ESACCI-SOILMOISTURE-L3S-SSMV-COMBINED-20200814000000-fv08.1.nc,ESA_CCI_COMBINED,2.56,Downloaded
20200815,ESACCI-SOILMOISTURE-L3S-SSMV-COMBINED-20200815000000-fv08.1.nc,ESA_CCI_COMBINED,2.53,Downloaded
20200816,ESACCI-SOILMOISTURE-L3S-SSMV-COMBINED-20200816000000-fv08.1.nc,ESA_CCI_COMBINED,2.52,Downloaded
20200817,ESACCI-SOILMOISTURE-L3S-SSMV-COMBINED-20200817000000-fv08.1.nc,ESA_CCI_COMBINED,2.53,Downloaded
20200818,ESACCI-SOILMOISTURE-L3S-SSMV-COMBINED-20200818000000-fv08.1.nc,ESA_CCI_COMBINED,2.55,Downloaded
20200819,ESACCI-SOILMOISTURE-L3S-SSMV-COMBINED-20200819000000-fv08.1.nc,ESA_CCI_COMBINED,2.52,Downloaded
20200820,ESACCI-SOILMOISTURE-L3S-SSMV-COMBINED-20200820000000-fv08.1.nc,ESA_CCI_COMBINED,2.51,Downloaded
20200821,ESACCI-SOILMOISTURE-L3S-SSMV-COMBINED-20200821000000-fv08.1.nc,ESA_CCI_COMBINED,2.51,Downloaded
20200822,ESACCI-SOILMOISTURE-L3S-SSMV-COMBINED-20200822000000-fv08.1.nc,ESA_CCI_COMBINED,2.53,Downloaded
20200823,ESACCI-SOILMOISTURE-L3S-SSMV-COMBINED-20200823000000-fv08.1.nc,ESA_CCI_COMBINED,2.52,Downloaded
20200824,ESACCI-SOILMOISTURE-L3S-SSMV-COMBINED-20200824000000-fv08.1.nc,ESA_CCI_COMBINED,2.5,Downloaded
20200825,ESACCI-SOILMOISTURE-L3S-SSMV-COMBINED-20200825000000-fv08.1.nc,ESA_CCI_COMBINED,2.5,Downloaded
20200826,ESACCI-SOILMOISTURE-L3S-SSMV-COMBINED-20200826000000-fv08.1.nc,ESA_CCI_COMBINED,2.53,Downloaded
20200827,ESACCI-SOILMOISTURE-L3S-SSMV-COMBINED-20200827000000-fv08.1.nc,ESA_CCI_COMBINED,2.52,Downloaded
20200828,ESACCI-SOILMOISTURE-L3S-SSMV-COMBINED-20200828000000-fv08.1.nc,ESA_CCI_COMBINED,2.52,Downloaded
20200829,ESACCI-SOILMOISTURE-L3S-SSMV-COMBINED-20200829000000-fv08.1.nc,ESA_CCI_COMBINED,2.51,Downloaded
20200830,ESACCI-SOILMOISTURE-L3S-SSMV-COMBINED-20200830000000-fv08.1.nc,ESA_CCI_COMBINED,2.51,Downloaded
20200831,ESACCI-SOILMOISTURE-L3S-SSMV-COMBINED-20200831000000-fv08.1.nc,ESA_CCI_COMBINED,2.5,Downloaded
20200901,ESACCI-SOILMOISTURE-L3S-SSMV-COMBINED-20200901000000-fv08.1.nc,ESA_CCI_COMBINED,2.5,Downloaded
20200902,ESACCI-SOILMOISTURE-L3S-SSMV-COMBINED-20200902000000-fv08.1.nc,ESA_CCI_COMBINED,2.5,Downloaded
20200903,ESACCI-SOILMOISTURE-L3S-SSMV-COMBINED-20200903000000-fv08.1.nc,ESA_CCI_COMBINED,2.52,Downloaded
20200904,ESACCI-SOILMOISTURE-L3S-SSMV-COMBINED-20200904000000-fv08.1.nc,ESA_CCI_COMBINED,2.49,Downloaded
20200905,ESACCI-SOILMOISTURE-L3S-SSMV-COMBINED-20200905000000-fv08.1.nc,ESA_CCI_COMBINED,2.49,Downloaded
20200906,ESACCI-SOILMOISTURE-L3S-SSMV-COMBINED-20200906000000-fv08.1.nc,ESA_CCI_COMBINED,2.48,Downloaded
20200907,ESACCI-SOILMOISTURE-L3S-SSMV-COMBINED-20200907000000-fv08.1.nc,ESA_CCI_COMBINED,2.47,Downloaded
20200908,ESACCI-SOILMOISTURE-L3S-SSMV-COMBINED-20200908000000-fv08.1.nc,ESA_CCI_COMBINED,2.45,Downloaded
20200909,ESACCI-SOILMOISTURE-L3S-SSMV-COMBINED-20200909000000-fv08.1.nc,ESA_CCI_COMBINED,2.45,Downloaded
20200910,ESACCI-SOILMOISTURE-L3S-SSMV-COMBINED-20200910000000-fv08.1.nc,ESA_CCI_COMBINED,2.44,Downloaded
20200911,ESACCI-SOILMOISTURE-L3S-SSMV-COMBINED-20200911000000-fv08.1.nc,ESA_CCI_COMBINED,2.46,Downloaded
20200912,ESACCI-SOILMOISTURE-L3S-SSMV-COMBINED-20200912000000-fv08.1.nc,ESA_CCI_COMBINED,2.44,Downloaded
20200913,ESACCI-SOILMOISTURE-L3S-SSMV-COMBINED-20200913000000-fv08.1.nc,ESA_CCI_COMBINED,2.42,Downloaded
20200914,ESACCI-SOILMOISTURE-L3S-SSMV-COMBINED-20200914000000-fv08.1.nc,ESA_CCI_COMBINED,2.4,Downloaded
20200915,ESACCI-SOILMOISTURE-L3S-SSMV-COMBINED-20200915000000-fv08.1.nc,ESA_CCI_COMBINED,2.4,Downloaded
20200916,ESACCI-SOILMOISTURE-L3S-SSMV-COMBINED-20200916000000-fv08.1.nc,ESA_CCI_COMBINED,2.37,Downloaded
20200917,ESACCI-SOILMOISTURE-L3S-SSMV-COMBINED-20200917000000-fv08.1.nc,ESA_CCI_COMBINED,2.35,Downloaded
20200918,ESACCI-SOILMOISTURE-L3S-SSMV-COMBINED-20200918000000-fv08.1.nc,ESA_CCI_COMBINED,2.36,Downloaded
20200919,ESACCI-SOILMOISTURE-L3S-SSMV-COMBINED-20200919000000-fv08.1.nc,ESA_CCI_COMBINED,2.38,Downloaded
20200920,ESACCI-SOILMOISTURE-L3S-SSMV-COMBINED-20200920000000-fv08.1.nc,ESA_CCI_COMBINED,2.33,Downloaded
20200921,ESACCI-SOILMOISTURE-L3S-SSMV-COMBINED-20200921000000-fv08.1.nc,ESA_CCI_COMBINED,2.33,Downloaded
20200922,ESACCI-SOILMOISTURE-L3S-SSMV-COMBINED-20200922000000-fv08.1.nc,ESA_CCI_COMBINED,2.31,Downloaded
20200923,ESACCI-SOILMOISTURE-L3S-SSMV-COMBINED-20200923000000-fv08.1.nc,ESA_CCI_COMBINED,2.33,Downloaded
20200924,ESACCI-SOILMOISTURE-L3S-SSMV-COMBINED-20200924000000-fv08.1.nc,ESA_CCI_COMBINED,2.31,Downloaded
20200925,ESACCI-SOILMOISTURE-L3S-SSMV-COMBINED-20200925000000-fv08.1.nc,ESA_CCI_COMBINED,2.3,Downloaded
20200926,ESACCI-SOILMOISTURE-L3S-SSMV-COMBINED-20200926000000-fv08.1.nc,ESA_CCI_COMBINED,2.28,Downloaded
20200927,ESACCI-SOILMOISTURE-L3S-SSMV-COMBINED-20200927000000-fv08.1.nc,ESA_CCI_COMBINED,2.26,Downloaded
20200928,ESACCI-SOILMOISTURE-L3S-SSMV-COMBINED-20200928000000-fv08.1.nc,ESA_CCI_COMBINED,2.23,Downloaded
20200929,ESACCI-SOILMOISTURE-L3S-SSMV-COMBINED-20200929000000-fv08.1.nc,ESA_CCI_COMBINED,2.2,Downloaded
20200930,ESACCI-SOILMOISTURE-L3S-SSMV-COMBINED-20200930000000-fv08.1.nc,ESA_CCI_COMBINED,2.15,Downloaded
20201001,ESACCI-SOILMOISTURE-L3S-SSMV-COMBINED-20201001000000-fv08.1.nc,ESA_CCI_COMBINED,2.14,Downloaded
20201002,ESACCI-SOILMOISTURE-L3S-SSMV-COMBINED-20201002000000-fv08.1.nc,ESA_CCI_COMBINED,2.11,Downloaded
20201003,ESACCI-SOILMOISTURE-L3S-SSMV-COMBINED-20201003000000-fv08.1.nc,ESA_CCI_COMBINED,2.09,Downloaded
20201004,ESACCI-SOILMOISTURE-L3S-SSMV-COMBINED-20201004000000-fv08.1.nc,ESA_CCI_COMBINED,2.08,Downloaded
20201005,ESACCI-SOILMOISTURE-L3S-SSMV-COMBINED-20201005000000-fv08.1.nc,ESA_CCI_COMBINED,2.08,Downloaded
20201006,ESACCI-SOILMOISTURE-L3S-SSMV-COMBINED-20201006000000-fv08.1.nc,ESA_CCI_COMBINED,2.02,Downloaded
20201007,ESACCI-SOILMOISTURE-L3S-SSMV-COMBINED-20201007000000-fv08.1.nc,ESA_CCI_COMBINED,2.01,Downloaded
20201008,ESACCI-SOILMOISTURE-L3S-SSMV-COMBINED-20201008000000-fv08.1.nc,ESA_CCI_COMBINED,1.98,Downloaded
20201009,ESACCI-SOILMOISTURE-L3S-SSMV-COMBINED-20201009000000-fv08.1.nc,ESA_CCI_COMBINED,1.99,Downloaded
20201010,ESACCI-SOILMOISTURE-L3S-SSMV-COMBINED-20201010000000-fv08.1.nc,ESA_CCI_COMBINED,1.99,Downloaded
20201011,ESACCI-SOILMOISTURE-L3S-SSMV-COMBINED-20201011000000-fv08.1.nc,ESA_CCI_COMBINED,1.96,Downloaded
20201012,ESACCI-SOILMOISTURE-L3S-SSMV-COMBINED-20201012000000-fv08.1.nc,ESA_CCI_COMBINED,1.93,Downloaded
20201013,ESACCI-SOILMOISTURE-L3S-SSMV-COMBINED-20201013000000-fv08.1.nc,ESA_CCI_COMBINED,1.94,Downloaded
20201014,ESACCI-SOILMOISTURE-L3S-SSMV-COMBINED-20201014000000-fv08.1.nc,ESA_CCI_COMBINED,1.91,Downloaded
20201015,ESACCI-SOILMOISTURE-L3S-SSMV-COMBINED-20201015000000-fv08.1.nc,ESA_CCI_COMBINED,1.88,Downloaded
20201016,ESACCI-SOILMOISTURE-L3S-SSMV-COMBINED-20201016000000-fv08.1.nc,ESA_CCI_COMBINED,1.85,Downloaded
20201017,ESACCI-SOILMOISTURE-L3S-SSMV-COMBINED-20201017000000-fv08.1.nc,ESA_CCI_COMBINED,1.85,Downloaded
20201018,ESACCI-SOILMOISTURE-L3S-SSMV-COMBINED-20201018000000-fv08.1.nc,ESA_CCI_COMBINED,1.82,Downloaded
20201019,ESACCI-SOILMOISTURE-L3S-SSMV-COMBINED-20201019000000-fv08.1.nc,ESA_CCI_COMBINED,1.8,Downloaded
20201020,ESACCI-SOILMOISTURE-L3S-SSMV-COMBINED-20201020000000-fv08.1.nc,ESA_CCI_COMBINED,1.78,Downloaded
20201021,ESACCI-SOILMOISTURE-L3S-SSMV-COMBINED-20201021000000-fv08.1.nc,ESA_CCI_COMBINED,1.79,Downloaded
20201022,ESACCI-SOILMOISTURE-L3S-SSMV-COMBINED-20201022000000-fv08.1.nc,ESA_CCI_COMBINED,1.77,Downloaded
20201023,ESACCI-SOILMOISTURE-L3S-SSMV-COMBINED-20201023000000-fv08.1.nc,ESA_CCI_COMBINED,1.73,Downloaded
20201024,ESACCI-SOILMOISTURE-L3S-SSMV-COMBINED-20201024000000-fv08.1.nc,ESA_CCI_COMBINED,1.73,Downloaded
20201025,ESACCI-SOILMOISTURE-L3S-SSMV-COMBINED-20201025000000-fv08.1.nc,ESA_CCI_COMBINED,1.76,Downloaded
20201026,ESACCI-SOILMOISTURE-L3S-SSMV-COMBINED-20201026000000-fv08.1.nc,ESA_CCI_COMBINED,1.74,Downloaded
20201027,ESACCI-SOILMOISTURE-L3S-SSMV-COMBINED-20201027000000-fv08.1.nc,ESA_CCI_COMBINED,1.73,Downloaded
20201028,ESACCI-SOILMOISTURE-L3S-SSMV-COMBINED-20201028000000-fv08.1.nc,ESA_CCI_COMBINED,1.72,Downloaded
20201029,ESACCI-SOILMOISTURE-L3S-SSMV-COMBINED-20201029000000-fv08.1.nc,ESA_CCI_COMBINED,1.74,Downloaded
20201030,ESACCI-SOILMOISTURE-L3S-SSMV-COMBINED-20201030000000-fv08.1.nc,ESA_CCI_COMBINED,1.74,Downloaded
20201031,ESACCI-SOILMOISTURE-L3S-SSMV-COMBINED-20201031000000-fv08.1.nc,ESA_CCI_COMBINED,1.74,Downloaded
20201101,ESACCI-SOILMOISTURE-L3S-SSMV-COMBINED-20201101000000-fv08.1.nc,ESA_CCI_COMBINED,1.74,Downloaded
20201102,ESACCI-SOILMOISTURE-L3S-SSMV-COMBINED-20201102000000-fv08.1.nc,ESA_CCI_COMBINED,1.74,Downloaded
20201103,ESACCI-SOILMOISTURE-L3S-SSMV-COMBINED-20201103000000-fv08.1.nc,ESA_CCI_COMBINED,1.73,Downloaded
20201104,ESACCI-SOILMOISTURE-L3S-SSMV-COMBINED-20201104000000-fv08.1.nc,ESA_CCI_COMBINED,1.71,Downloaded
20201105,ESACCI-SOILMOISTURE-L3S-SSMV-COMBINED-20201105000000-fv08.1.nc,ESA_CCI_COMBINED,1.73,Downloaded
20201106,ESACCI-SOILMOISTURE-L3S-SSMV-COMBINED-20201106000000-fv08.1.nc,ESA_CCI_COMBINED,1.74,Downloaded
20201107,ESACCI-SOILMOISTURE-L3S-SSMV-COMBINED-20201107000000-fv08.1.nc,ESA_CCI_COMBINED,1.7,Downloaded
20201108,ESACCI-SOILMOISTURE-L3S-SSMV-COMBINED-20201108000000-fv08.1.nc,ESA_CCI_COMBINED,1.68,Downloaded
20201109,ESACCI-SOILMOISTURE-L3S-SSMV-COMBINED-20201109000000-fv08.1.nc,ESA_CCI_COMBINED,1.69,Downloaded
20201110,ESACCI-SOILMOISTURE-L3S-SSMV-COMBINED-20201110000000-fv08.1.nc,ESA_CCI_COMBINED,1.68,Downloaded
20201111,ESACCI-SOILMOISTURE-L3S-SSMV-COMBINED-20201111000000-fv08.1.nc,ESA_CCI_COMBINED,1.64,Downloaded
20201112,ESACCI-SOILMOISTURE-L3S-SSMV-COMBINED-20201112000000-fv08.1.nc,ESA_CCI_COMBINED,1.64,Downloaded
20201113,ESACCI-SOILMOISTURE-L3S-SSMV-COMBINED-20201113000000-fv08.1.nc,ESA_CCI_COMBINED,1.61,Downloaded
20201114,ESACCI-SOILMOISTURE-L3S-SSMV-COMBINED-20201114000000-fv08.1.nc,ESA_CCI_COMBINED,1.62,Downloaded
20201115,ESACCI-SOILMOISTURE-L3S-SSMV-COMBINED-20201115000000-fv08.1.nc,ESA_CCI_COMBINED,1.62,Downloaded
20201116,ESACCI-SOILMOISTURE-L3S-SSMV-COMBINED-20201116000000-fv08.1.nc,ESA_CCI_COMBINED,1.61,Downloaded
20201117,ESACCI-SOILMOISTURE-L3S-SSMV-COMBINED-20201117000000-fv08.1.nc,ESA_CCI_COMBINED,1.6,Downloaded
20201118,ESACCI-SOILMOISTURE-L3S-SSMV-COMBINED-20201118000000-fv08.1.nc,ESA_CCI_COMBINED,1.58,Downloaded
20201119,ESACCI-SOILMOISTURE-L3S-SSMV-COMBINED-20201119000000-fv08.1.nc,ESA_CCI_COMBINED,1.58,Downloaded
20201120,ESACCI-SOILMOISTURE-L3S-SSMV-COMBINED-20201120000000-fv08.1.nc,ESA_CCI_COMBINED,1.58,Downloaded
20201121,ESACCI-SOILMOISTURE-L3S-SSMV-COMBINED-20201121000000-fv08.1.nc,ESA_CCI_COMBINED,1.56,Downloaded
20201122,ESACCI-SOILMOISTURE-L3S-SSMV-COMBINED-20201122000000-fv08.1.nc,ESA_CCI_COMBINED,1.57,Downloaded
20201123,ESACCI-SOILMOISTURE-L3S-SSMV-COMBINED-20201123000000-fv08.1.nc,ESA_CCI_COMBINED,1.55,Downloaded
20201124,ESACCI-SOILMOISTURE-L3S-SSMV-COMBINED-20201124000000-fv08.1.nc,ESA_CCI_COMBINED,1.56,Downloaded
20201125,ESACCI-SOILMOISTURE-L3S-SSMV-COMBINED-20201125000000-fv08.1.nc,ESA_CCI_COMBINED,1.56,Downloaded
20201126,ESACCI-SOILMOISTURE-L3S-SSMV-COMBINED-20201126000000-fv08.1.nc,ESA_CCI_COMBINED,1.56,Downloaded
20201127,ESACCI-SOILMOISTURE-L3S-SSMV-COMBINED-20201127000000-fv08.1.nc,ESA_CCI_COMBINED,1.56,Downloaded
20201128,ESACCI-SOILMOISTURE-L3S-SSMV-COMBINED-20201128000000-fv08.1.nc,ESA_CCI_COMBINED,1.55,Downloaded
20201129,ESACCI-SOILMOISTURE-L3S-SSMV-COMBINED-20201129000000-fv08.1.nc,ESA_CCI_COMBINED,1.55,Downloaded
20201130,ESACCI-SOILMOISTURE-L3S-SSMV-COMBINED-20201130000000-fv08.1.nc,ESA_CCI_COMBINED,1.56,Downloaded
20201201,ESACCI-SOILMOISTURE-L3S-SSMV-COMBINED-20201201000000-fv08.1.nc,ESA_CCI_COMBINED,1.53,Downloaded
20201202,ESACCI-SOILMOISTURE-L3S-SSMV-COMBINED-20201202000000-fv08.1.nc,ESA_CCI_COMBINED,1.5,Downloaded
20201203,ESACCI-SOILMOISTURE-L3S-SSMV-COMBINED-20201203000000-fv08.1.nc,ESA_CCI_COMBINED,1.49,Downloaded
20201204,ESACCI-SOILMOISTURE-L3S-SSMV-COMBINED-20201204000000-fv08.1.nc,ESA_CCI_COMBINED,1.49,Downloaded
20201205,ESACCI-SOILMOISTURE-L3S-SSMV-COMBINED-20201205000000-fv08.1.nc,ESA_CCI_COMBINED,1.51,Downloaded
20201206,ESACCI-SOILMOISTURE-L3S-SSMV-COMBINED-20201206000000-fv08.1.nc,ESA_CCI_COMBINED,1.51,Downloaded
20201207,ESACCI-SOILMOISTURE-L3S-SSMV-COMBINED-20201207000000-fv08.1.nc,ESA_CCI_COMBINED,1.5,Downloaded
20201208,ESACCI-SOILMOISTURE-L3S-SSMV-COMBINED-20201208000000-fv08.1.nc,ESA_CCI_COMBINED,1.5,Downloaded
20201209,ESACCI-SOILMOISTURE-L3S-SSMV-COMBINED-20201209000000-fv08.1.nc,ESA_CCI_COMBINED,1.48,Downloaded
20201210,ESACCI-SOILMOISTURE-L3S-SSMV-COMBINED-20201210000000-fv08.1.nc,ESA_CCI_COMBINED,1.48,Downloaded
20201211,ESACCI-SOILMOISTURE-L3S-SSMV-COMBINED-20201211000000-fv08.1.nc,ESA_CCI_COMBINED,1.48,Downloaded
20201212,ESACCI-SOILMOISTURE-L3S-SSMV-COMBINED-20201212000000-fv08.1.nc,ESA_CCI_COMBINED,1.51,Downloaded
20201213,ESACCI-SOILMOISTURE-L3S-SSMV-COMBINED-20201213000000-fv08.1.nc,ESA_CCI_COMBINED,1.49,Downloaded
20201214,ESACCI-SOILMOISTURE-L3S-SSMV-COMBINED-20201214000000-fv08.1.nc,ESA_CCI_COMBINED,1.48,Downloaded
20201215,ESACCI-SOILMOISTURE-L3S-SSMV-COMBINED-20201215000000-fv08.1.nc,ESA_CCI_COMBINED,1.47,Downloaded
20201216,ESACCI-SOILMOISTURE-L3S-SSMV-COMBINED-20201216000000-fv08.1.nc,ESA_CCI_COMBINED,1.49,Downloaded
20201217,ESACCI-SOILMOISTURE-L3S-SSMV-COMBINED-20201217000000-fv08.1.nc,ESA_CCI_COMBINED,1.49,Downloaded
20201218,ESACCI-SOILMOISTURE-L3S-SSMV-COMBINED-20201218000000-fv08.1.nc,ESA_CCI_COMBINED,1.48,Downloaded
20201219,ESACCI-SOILMOISTURE-L3S-SSMV-COMBINED-20201219000000-fv08.1.nc,ESA_CCI_COMBINED,1.49,Downloaded
20201220,ESACCI-SOILMOISTURE-L3S-SSMV-COMBINED-20201220000000-fv08.1.nc,ESA_CCI_COMBINED,1.49,Downloaded
20201221,ESACCI-SOILMOISTURE-L3S-SSMV-COMBINED-20201221000000-fv08.1.nc,ESA_CCI_COMBINED,1.49,Downloaded
20201222,ESACCI-SOILMOISTURE-L3S-SSMV-COMBINED-20201222000000-fv08.1.nc,ESA_CCI_COMBINED,1.48,Downloaded
20201223,ESACCI-SOILMOISTURE-L3S-SSMV-COMBINED-20201223000000-fv08.1.nc,ESA_CCI_COMBINED,1.46,Downloaded
20201224,ESACCI-SOILMOISTURE-L3S-SSMV-COMBINED-20201224000000-fv08.1.nc,ESA_CCI_COMBINED,1.48,Downloaded
20201225,ESACCI-SOILMOISTURE-L3S-SSMV-COMBINED-20201225000000-fv08.1.nc,ESA_CCI_COMBINED,1.45,Downloaded
20201226,ESACCI-SOILMOISTURE-L3S-SSMV-COMBINED-20201226000000-fv08.1.nc,ESA_CCI_COMBINED,1.44,Downloaded
20201227,ESACCI-SOILMOISTURE-L3S-SSMV-COMBINED-20201227000000-fv08.1.nc,ESA_CCI_COMBINED,1.44,Downloaded
20201228,ESACCI-SOILMOISTURE-L3S-SSMV-COMBINED-20201228000000-fv08.1.nc,ESA_CCI_COMBINED,1.45,Downloaded
20201229,ESACCI-SOILMOISTURE-L3S-SSMV-COMBINED-20201229000000-fv08.1.nc,ESA_CCI_COMBINED,1.45,Downloaded
20201230,ESACCI-SOILMOISTURE-L3S-SSMV-COMBINED-20201230000000-fv08.1.nc,ESA_CCI_COMBINED,1.44,Downloaded
20201231,ESACCI-SOILMOISTURE-L3S-SSMV-COMBINED-20201231000000-fv08.1.nc,ESA_CCI_COMBINED,1.45,Downloaded
